gu,bjd,apt_name_raw,apt_name_clean,matched_name,matched_addr,matched_road,lat,lng,match_level,query
종로구,사직동,광화문스페이스본(101동~105동),광화문스페이스본,광화문스페이스본1단지아파트,서울 종로구 사직동 9,서울 종로구 사직로8길 4,37.57441742229257,126.9688830179272,3,광화문스페이스본 종로구 사직동
종로구,평창동,벽산블루밍평창힐스,벽산블루밍평창힐스,벽산평창힐스아파트,서울 종로구 평창동 45,서울 종로구 평창문화로 118,37.60814454207827,126.9737479184749,3,벽산블루밍평창힐스 종로구 평창동
종로구,창신동,동대문,동대문,동대문 문구완구시장,서울 종로구 창신동 390-29,서울 종로구 종로52길 36,37.57123111690101,127.01444849541852,3,동대문 종로구 창신동
종로구,평창동,롯데낙천대,롯데낙천대,롯데낙천대아파트,서울 종로구 평창동 72,서울 종로구 평창문화로 140,37.60913604488284,126.97568195953431,3,롯데낙천대 종로구 평창동
종로구,평창동,삼성,삼성,삼성아파트,서울 종로구 평창동 596,서울 종로구 평창문화로 172,37.610927789698835,126.97867137084032,3,삼성 종로구 평창동
종로구,숭인동,익성씨티하임,익성씨티하임,익성씨티하임,서울 종로구 숭인동 1392,서울 종로구 난계로29가길 17,37.57371565995977,127.02272057226163,3,익성씨티하임 종로구 숭인동
종로구,효제동,포레스트힐시티,포레스트힐시티,포레스트힐시티,서울 종로구 효제동 65-2,서울 종로구 대학로 33,37.57421518130064,127.0018316043902,3,포레스트힐시티 종로구 효제동
종로구,견지동,대성스카이렉스,대성스카이렉스,종로1가대성스카이렉스아파트,서울 종로구 견지동 110,서울 종로구 삼봉로 95,37.57230290685728,126.98262623900952,3,대성스카이렉스 종로구 견지동
종로구,숭인동,종로동광모닝스카이,종로동광모닝스카이,종로동광모닝스카이,서울 종로구 숭인동 1421-1,서울 종로구 난계로29가길 24,37.5734481300193,127.02237749319278,3,종로동광모닝스카이 종로구 숭인동
종로구,숭인동,삼전솔하임2차,삼전솔하임2차,삼전솔하임2차,서울 종로구 숭인동 296-19,서울 종로구 종로58가길 27,37.57241021813793,127.01673081547813,3,삼전솔하임2차 종로구 숭인동
종로구,사직동,광화문스페이스본(106동),광화문스페이스본,광화문스페이스본1단지아파트,서울 종로구 사직동 9,서울 종로구 사직로8길 4,37.57441742229257,126.9688830179272,3,광화문스페이스본 종로구 사직동
종로구,명륜2가,명륜동주상복합아남아파트,명륜동주상복합아남아파트,명륜건강원,서울 종로구 명륜2가 237,서울 종로구 혜화로3길 5,37.58523164773757,127.00036569554464,3,명륜동주상복합아남아파트 종로구 명륜2가
종로구,내수동,경희궁의아침4단지,경희궁의아침4단지,경희궁의아침4단지아파트,서울 종로구 내수동 73,서울 종로구 새문안로3길 23,37.572619874520775,126.97224352213118,3,경희궁의아침4단지 종로구 내수동
종로구,명륜3가,한빛,한빛,한빛아파트,서울 종로구 명륜3가 1-30,서울 종로구 명륜4길 8,37.58938151687243,126.9950418894858,3,한빛 종로구 명륜3가
종로구,명륜2가,아남1,아남1,명륜아남1단지아파트,서울 종로구 명륜2가 4,서울 종로구 창경궁로 265,37.5856127665288,126.99934106534968,3,아남1 종로구 명륜2가
종로구,평창동,밀레니엄,밀레니엄,밀레니엄,서울 종로구 평창동 179-5,서울 종로구 평창12길 14-4,37.60686179120663,126.96754220310152,3,밀레니엄 종로구 평창동
종로구,명륜1가,송림아마레스아파트,송림아마레스아파트,송림아마레스아파트,서울 종로구 명륜1가 2-12,서울 종로구 성균관로17길 22,37.590689839829984,126.99771734967608,3,송림아마레스아파트 종로구 명륜1가
종로구,익선동,현대뜨레비앙,현대뜨레비앙,현대뜨레비앙아파트,서울 종로구 익선동 55,서울 종로구 돈화문로11가길 59,37.57511306843629,126.99005623849528,3,현대뜨레비앙 종로구 익선동
종로구,창신동,창신쌍용2,창신쌍용2,창신쌍용2단지아파트,서울 종로구 창신동 703,서울 종로구 낙산길 198,37.58032424937554,127.01178752964915,3,창신쌍용2 종로구 창신동
종로구,평동,경희궁자이(3단지),경희궁자이,경희궁자이3단지아파트,서울 종로구 평동 233,서울 종로구 경교장길 35,37.568979167473906,126.96615957311964,3,경희궁자이 종로구 평동
종로구,연건동,이화에수풀,이화에수풀,이화에수풀,서울 종로구 연건동 195-10,서울 종로구 대학로 47,37.57544323681951,127.00184635093808,3,이화에수풀 종로구 연건동
종로구,창신동,성용,성용,성용아파트,서울 종로구 창신동 640-252,서울 종로구 창신4가길 40-3,37.5750518388024,127.009481885039,3,성용 종로구 창신동
종로구,창신동,MID그린(3동),MID그린,엠아이디그린아파트,서울 종로구 창신동 601,서울 종로구 창신길 140-21,37.57785479424466,127.00994639024098,3,MID그린 종로구 창신동
종로구,명륜1가,아미레스아파트,아미레스아파트,아마레스아파트,서울 종로구 명륜1가 45-5,서울 종로구 혜화로5길 20,37.5869453316933,126.99889043390208,3,아미레스아파트 종로구 명륜1가
종로구,홍파동,경희궁자이(2단지),경희궁자이,경희궁자이2단지아파트,서울 종로구 홍파동 199,서울 종로구 송월길 99,37.57071285406483,126.96370355777285,3,경희궁자이 종로구 홍파동
종로구,숭인동,삼전솔하임4차,삼전솔하임4차,삼전솔하임4차,서울 종로구 숭인동 318-2,서울 종로구 지봉로4길 13,37.57129839835608,127.01667283612234,3,삼전솔하임4차 종로구 숭인동
종로구,숭인동,종로중흥S클래스,종로중흥S클래스,종로중흥S클래스,서울 종로구 숭인동 202-3,서울 종로구 종로66길 28,37.57355097022085,127.02169831948196,3,종로중흥S클래스 종로구 숭인동
종로구,무악동,무악다온채,무악다온채,무악다온채아파트,서울 종로구 무악동 66-1,서울 종로구 통일로14길 35,37.576143934526705,126.95792408761632,3,무악다온채 종로구 무악동
종로구,명륜2가,아남2,아남2,명륜아남2단지아파트,서울 종로구 명륜2가 236,서울 종로구 혜화로3길 33,37.58615245591199,126.99869117877113,3,아남2 종로구 명륜2가
종로구,평창동,롯데캐슬로잔,롯데캐슬로잔,평창동롯데캐슬로잔아파트,서울 종로구 평창동 108,서울 종로구 평창문화로 156,37.60997971216521,126.97739864484936,3,롯데캐슬로잔 종로구 평창동
종로구,평창동,갑을아파트,갑을아파트,갑을아파트,서울 종로구 평창동 595,서울 종로구 평창문화로 19,37.60461004180648,126.96383884619446,3,갑을아파트 종로구 평창동
종로구,숭인동,종로유케이201,종로유케이201,종로UK201,서울 종로구 숭인동 201-11,서울 종로구 난계로29길 33-4,37.57384116147552,127.02130899159646,3,종로유케이201 종로구 숭인동
종로구,창신동,창신쌍용1,창신쌍용1,창신쌍용1단지아파트,서울 종로구 창신동 702,서울 종로구 동망산길 19,37.58051141258221,127.0140155572653,3,창신쌍용1 종로구 창신동
종로구,내수동,경희궁의아침3단지,경희궁의아침3단지,경희궁의아침3단지오피스텔,서울 종로구 내수동 72,서울 종로구 사직로8길 34,37.57358930920335,126.97209147325847,3,경희궁의아침3단지 종로구 내수동
종로구,인의동,효성쥬얼리시티,효성쥬얼리시티,효성주얼리시티아파트,서울 종로구 인의동 48-2,서울 종로구 종로 183,37.57148427221123,126.99866879597536,3,효성쥬얼리시티 종로구 인의동
종로구,무악동,인왕산아이파크,인왕산아이파크,인왕산아이파크1차아파트,서울 종로구 무악동 60,서울 종로구 통일로18길 9,37.57700150932393,126.9574447438466,3,인왕산아이파크 종로구 무악동
종로구,창신동,두산,두산,두산아파트,서울 종로구 창신동 232,서울 종로구 지봉로5길 7,37.574218836071275,127.01428606209691,3,두산 종로구 창신동
종로구,동숭동,동성아파트(1동),동성아파트,동성아파트,서울 종로구 동숭동 4-161,서울 종로구 동숭4라길 29,37.58344210900409,127.00627441545834,3,동성아파트 종로구 동숭동
종로구,창신동,MID그린(6동),MID그린,엠아이디그린아파트,서울 종로구 창신동 601,서울 종로구 창신길 140-21,37.57785479424466,127.00994639024098,3,MID그린 종로구 창신동
종로구,숭인동,종로청계힐스테이트,종로청계힐스테이트,종로청계힐스테이트아파트,서울 종로구 숭인동 766,서울 종로구 숭인동길 21,37.576030606858694,127.02115112917708,3,종로청계힐스테이트 종로구 숭인동
종로구,내수동,경희궁의아침2단지,경희궁의아침2단지,경희궁의아침2단지오피스텔,서울 종로구 내수동 71,서울 종로구 사직로8길 24,37.57396302817167,126.9712830760165,3,경희궁의아침2단지 종로구 내수동
종로구,창신동,MID그린(2동),MID그린,엠아이디그린아파트,서울 종로구 창신동 601,서울 종로구 창신길 140-21,37.57785479424466,127.00994639024098,3,MID그린 종로구 창신동
종로구,숭인동,숭인상가,숭인상가,숭인상가아파트,서울 종로구 숭인동 204-11,서울 종로구 청계천로 391,37.572131204854955,127.02056592158696,3,숭인상가 종로구 숭인동
종로구,창신동,MID그린(4동),MID그린,엠아이디그린아파트,서울 종로구 창신동 601,서울 종로구 창신길 140-21,37.57785479424466,127.00994639024098,3,MID그린 종로구 창신동
종로구,구기동,렉스팰리스,렉스팰리스,렉스팰리스아파트,서울 종로구 구기동 95-1,서울 종로구 진흥로22나길 18,37.60700990383606,126.95732119716598,3,렉스팰리스 종로구 구기동
종로구,교북동,동아,동아,동아아파트,서울 종로구 교북동 101,서울 종로구 송월길 147,37.57144574617705,126.96205617765538,3,동아 종로구 교북동
종로구,무악동,현대,현대,무악현대아파트,서울 종로구 무악동 82,서울 종로구 통일로 246-20,37.57564496877948,126.96109068177408,3,현대 종로구 무악동
종로구,내수동,세종로대우,세종로대우,세종로대우아파트,서울 종로구 내수동 167,서울 종로구 새문안로3길 30,37.57277507975888,126.9732577326904,3,세종로대우 종로구 내수동
종로구,창신동,일우,일우,일우아파트,서울 종로구 창신동 602,서울 종로구 창신길 134,37.5773331391134,127.009699530739,3,일우 종로구 창신동
종로구,창신동,MID그린(8동),MID그린,엠아이디그린아파트,서울 종로구 창신동 601,서울 종로구 창신길 140-21,37.57785479424466,127.00994639024098,3,MID그린 종로구 창신동
종로구,숭인동,종로센트레빌,종로센트레빌,종로센트레빌아파트,서울 종로구 숭인동 2-1,서울 종로구 동망산길 47,37.58097608298953,127.01592666275155,3,종로센트레빌 종로구 숭인동
종로구,청운동,청운현대,청운현대,청운현대아파트,서울 종로구 청운동 56-45,서울 종로구 자하문로33길 43,37.5862650891196,126.96739490483,3,청운현대 종로구 청운동
종로구,숭인동,롯데캐슬천지인,롯데캐슬천지인,롯데캐슬천지인아파트,서울 종로구 숭인동 76,서울 종로구 종로 347,37.5738509859852,127.01617871593044,3,롯데캐슬천지인 종로구 숭인동
종로구,명륜3가,(1-102),,성균관,서울 종로구 명륜3가 53,서울 종로구 성균관로 25-1,37.5858280343867,126.995896931187,3, 종로구 명륜3가
종로구,창신동,미니,미니,미니마트,서울 종로구 창신동 400-4,서울 종로구 청계천로 345,37.5702290031062,127.016051153234,3,미니 종로구 창신동
종로구,평창동,일성빌라트,일성빌라트,일성아파트,서울 종로구 평창동 145-5,서울 종로구 평창문화로 119,37.60912818613508,126.97270563001211,3,일성빌라트 종로구 평창동
종로구,무악동,경희궁롯데캐슬,경희궁롯데캐슬,경희궁롯데캐슬아파트,서울 종로구 무악동 89,서울 종로구 통일로 230,37.573420748306795,126.95941081090396,3,경희궁롯데캐슬 종로구 무악동
종로구,내수동,경희궁파크팰리스,경희궁파크팰리스,바버케이,서울 종로구 내수동 95,서울 종로구 사직로8길 20,37.5743052996042,126.970848249339,3,경희궁파크팰리스 종로구 내수동
종로구,무악동,인왕산2차아이파크,인왕산2차아이파크,인왕산2차아이파크아파트,서울 종로구 무악동 88,서울 종로구 통일로18길 34,37.57568954013651,126.95966542048158,3,인왕산2차아이파크 종로구 무악동
종로구,숭인동,종로아인스빌,종로아인스빌,종로아인스빌,서울 종로구 숭인동 1392-1,서울 종로구 난계로29가길 19,37.57356609329916,127.02272845087616,3,종로아인스빌 종로구 숭인동
종로구,옥인동,세종아파트,세종아파트,세종아파트,서울 종로구 옥인동 56,서울 종로구 필운대로 69,37.58213773026452,126.96772615690158,3,세종아파트 종로구 옥인동
종로구,행촌동,대성아파트,대성아파트,대성맨션,서울 종로구 행촌동 41-1,서울 종로구 사직로 21,37.57271812580705,126.96260341762112,3,대성아파트 종로구 행촌동
종로구,교북동,경희궁자이(4단지),경희궁자이,경희궁자이4단지아파트,서울 종로구 교북동 126,서울 종로구 송월길 155,37.57164374593414,126.9613802860048,3,경희궁자이 종로구 교북동
종로구,창신동,창신이수,창신이수,창신이수아파트,서울 종로구 창신동 23-816,서울 종로구 지봉로 87,37.577924593934966,127.01455167531444,3,창신이수 종로구 창신동
종로구,창신동,브라운스톤창신,브라운스톤창신,창신브라운스톤아파트,서울 종로구 창신동 23-76,서울 종로구 지봉로 81,37.57737943257717,127.01502930083834,3,브라운스톤창신 종로구 창신동
종로구,창신동,MID그린(5동),MID그린,엠아이디그린아파트,서울 종로구 창신동 601,서울 종로구 창신길 140-21,37.57785479424466,127.00994639024098,3,MID그린 종로구 창신동
종로구,창신동,MID그린(1동),MID그린,엠아이디그린아파트,서울 종로구 창신동 601,서울 종로구 창신길 140-21,37.57785479424466,127.00994639024098,3,MID그린 종로구 창신동
종로구,숭인동,버넷하임1,버넷하임1,버넷하임1,서울 종로구 숭인동 1421,서울 종로구 난계로29가길 16,37.57374545980495,127.0223696580868,3,버넷하임1 종로구 숭인동
종로구,창신동,동대문맨션,동대문맨션,동대문맨션,서울 종로구 창신동 578-5,서울 종로구 창신길 20,37.57239917632008,127.01102105519522,3,동대문맨션 종로구 창신동
종로구,창신동,흥인,흥인,흥인탑이비인후과의원,서울 종로구 창신동 693-3,서울 종로구 창신길 1,37.57182171134985,127.01021047148012,3,흥인 종로구 창신동
종로구,이화동,송림아마레스아파트,송림아마레스아파트,송림아마레스아파트,서울 종로구 이화동 9-1,서울 종로구 율곡로19길 41-6,37.5769621100252,127.007172726641,3,송림아마레스아파트 종로구 이화동
종로구,숭인동,"동문(비동,씨동)(494-0)",동문,동문타운,서울 종로구 숭인동 181-82,서울 종로구 숭인동1길 42-3,37.57690665869511,127.01949404366,3,동문 종로구 숭인동
종로구,연건동,(60-1),,구대한의원 본관,서울 종로구 연건동 28-21,서울 종로구 대학로 101,37.5784868058251,126.998985654337,3, 종로구 연건동
종로구,평창동,형우럭스빌(33-1),형우럭스빌,형우럭스빌아파트,서울 종로구 평창동 33-1,서울 종로구 평창문화로 102-15,37.60759033956297,126.97332907969655,3,형우럭스빌 종로구 평창동
종로구,숭인동,탑스빌,탑스빌,탑스빌아파트,서울 종로구 숭인동 178-76,서울 종로구 종로65길 12-4,37.5750144655077,127.020118430754,3,탑스빌 종로구 숭인동
종로구,명륜1가,방산아파트,방산아파트,방산아파트,서울 종로구 명륜1가 5-102,서울 종로구 성균관로17길 35,37.590588912689,126.997001760965,3,방산아파트 종로구 명륜1가
종로구,숭인동,(204-11),,동관왕묘,서울 종로구 숭인동 238-1,서울 종로구 난계로27길 84,37.5731262830049,127.018256913085,3, 종로구 숭인동
종로구,명륜1가,건양하늘터,건양하늘터,건양하늘터아파트,서울 종로구 명륜1가 23,서울 종로구 혜화로9길 28,37.58792920122349,126.9978397143058,3,건양하늘터 종로구 명륜1가
종로구,신문로1가,신문로맨션,신문로맨션,커먼맨션,서울 종로구 신문로2가 1-102,서울 종로구 경희궁길 36,37.5727427657281,126.97001457793,2,신문로맨션 종로구
종로구,창신동,그린,그린,삼성그린수족관,서울 종로구 창신동 436-64,서울 종로구 청계천로 331,37.57006435671558,127.01421169149482,3,그린 종로구 창신동
종로구,부암동,별빛고운,별빛고운,별빛고운아파트,서울 종로구 부암동 235-2,서울 종로구 창의문로10길 29,37.59334782574599,126.96440025922452,3,별빛고운 종로구 부암동
종로구,명륜1가,리치캐슬아파트,리치캐슬아파트,리치케슬아파트,서울 종로구 명륜1가 33-85,서울 종로구 성균관로14길 19,37.58855629184222,126.99782610936543,3,리치캐슬아파트 종로구 명륜1가
종로구,평창동,엘리시아,엘리시아,엘리시아아파트,서울 종로구 평창동 66-1,서울 종로구 평창문화로 142,37.60968749956977,126.97592188163308,3,엘리시아 종로구 평창동
종로구,창신동,덕산,덕산,덕산파출소,서울 종로구 창신동 640-137,서울 종로구 낙산성곽동길 20-1,37.57438511410594,127.00933916596948,3,덕산 종로구 창신동
종로구,내수동,킹스매너,킹스매너,킹스매너아파트,서울 종로구 내수동 110-15,서울 종로구 경희궁2길 5-5,37.57332673584112,126.9705124255782,3,킹스매너 종로구 내수동
종로구,평창동,크래스빌,크래스빌,크래스빌아파트,서울 종로구 평창동 46-1,서울 종로구 평창24길 6,37.608519469418354,126.97427328397067,3,크래스빌 종로구 평창동
종로구,필운동,신동아블루아광화문의꿈,신동아블루아광화문의꿈,신동아블루아광화문의꿈아파트,서울 종로구 필운동 254,서울 종로구 사직로 102,37.57579081937997,126.96996920615166,3,신동아블루아광화문의꿈 종로구 필운동
종로구,충신동,CS타워,CS타워,CS타워,서울 종로구 충신동 62-2,서울 종로구 율곡로20길 24,37.57513774483256,127.00404361655896,3,CS타워 종로구 충신동
종로구,구기동,마운틴뷰,마운틴뷰,마운틴뷰아파트,서울 종로구 구기동 125-5,서울 종로구 비봉길 7,37.6090367429995,126.956263374539,3,마운틴뷰 종로구 구기동
종로구,익선동,운현신화타워,운현신화타워,운현신화타워아파트,서울 종로구 익선동 30-6,서울 종로구 삼일대로32길 36,37.57510217549475,126.98913703079737,3,운현신화타워 종로구 익선동
종로구,명륜1가,렉스빌,렉스빌,렉스빌아파트,서울 종로구 명륜1가 19,서울 종로구 혜화로3가길 30,37.587460687961816,126.99800729612647,3,렉스빌 종로구 명륜1가
종로구,창신동,창림,창림,창림아파트,서울 종로구 창신동 639-20,서울 종로구 창신7길 22,37.57601861446401,127.00937559540677,3,창림 종로구 창신동
종로구,숭인동,오성,오성,오성아파트,서울 종로구 숭인동 888,서울 종로구 숭인동1나길 11-7,37.57733904439314,127.02004094368934,3,오성 종로구 숭인동
종로구,숭인동,숭인모범105동,숭인모범,숭인동아파트,서울 종로구 숭인동 569,서울 종로구 숭인동2길 53,37.577497794329275,127.01898250338334,3,숭인모범 종로구 숭인동
종로구,창신동,유성,유성,유성아파트,서울 종로구 창신동 640-76,서울 종로구 창신7가길 14-6,37.57535638822942,127.00931551453546,3,유성 종로구 창신동
종로구,사직동,사직아파트,사직아파트,사직아파트,서울 종로구 사직동 1-8,서울 종로구 사직로9길 14,37.576948990964596,126.96803744856894,3,사직아파트 종로구 사직동
종로구,숭인동,블루빌,블루빌,블루빌,서울 종로구 숭인동 243,서울 종로구 종로58가길 9,37.57260562127636,127.01750853849911,3,블루빌 종로구 숭인동
종로구,숭인동,동문타운,동문타운,동문타운,서울 종로구 숭인동 181-82,서울 종로구 숭인동1길 42-3,37.57690665869511,127.01949404366,3,동문타운 종로구 숭인동
종로구,부암동,부암스카이뷰,부암스카이뷰,부암스카이뷰,서울 종로구 부암동 218-1,서울 종로구 창의문로 166,37.59463432150491,126.96400333201404,3,부암스카이뷰 종로구 부암동
종로구,신교동,신현(102동),신현,신현아파트,서울 종로구 신교동 6-13,서울 종로구 필운대로10길 16,37.58358206052924,126.96786478898574,3,신현 종로구 신교동
종로구,당주동,세종,세종,세종빌딩,서울 종로구 당주동 100,서울 종로구 세종대로23길 54,37.5718236341982,126.973280712519,3,세종 종로구 당주동
종로구,연지동,아르젠종로,아르젠종로,아르젠종로,서울 종로구 연지동 163-3,서울 종로구 종로31길 54,37.573240311930775,126.99870046079684,3,아르젠종로 종로구 연지동
종로구,혜화동,혜화훼미리,혜화훼미리,혜화훼미리아파트,서울 종로구 혜화동 20-12,서울 종로구 혜화로8길 25,37.5881778900436,127.001077881983,3,혜화훼미리 종로구 혜화동
종로구,숭인동,할리우드파크아파트,할리우드파크아파트,할리우드파크아파트,서울 종로구 숭인동 56-135,서울 종로구 동망산길 120,37.57879806493759,127.01811678699308,3,할리우드파크아파트 종로구 숭인동
종로구,신문로2가,디팰리스,디팰리스,디팰리스오피스텔,서울 종로구 신문로2가 171,서울 종로구 새문안로2길 10,37.568701442085654,126.9722268652952,3,디팰리스 종로구 신문로2가
종로구,창신동,MID그린(9동),MID그린,엠아이디그린아파트,서울 종로구 창신동 601,서울 종로구 창신길 140-21,37.57785479424466,127.00994639024098,3,MID그린 종로구 창신동
종로구,숭인동,도시그린빌라,도시그린빌라,도시그린빌라,서울 종로구 숭인동 181-121,서울 종로구 숭인동1길 31,37.57653715426549,127.02007129419934,3,도시그린빌라 종로구 숭인동
종로구,평창동,르트랑시망,르트랑시망,르트랑시망아파트,서울 종로구 평창동 102,서울 종로구 평창25길 4,37.610145876970925,126.97483787213235,3,르트랑시망 종로구 평창동
종로구,평창동,노블레스빌,노블레스빌,노블레스빌아파트,서울 종로구 평창동 155-1,서울 종로구 평창문화로 81-6,37.607343600426645,126.97011960785012,3,노블레스빌 종로구 평창동
종로구,수송동,로얄팰리스스위트,로얄팰리스스위트,로얄팰리스스위트아파트,서울 종로구 수송동 85,서울 종로구 율곡로2길 7,37.57509757854117,126.98122639958028,3,로얄팰리스스위트 종로구 수송동
종로구,숭인동,동문A,동문A,동문타운,서울 종로구 숭인동 181-82,서울 종로구 숭인동1길 42-3,37.57690665869511,127.01949404366,3,동문A 종로구 숭인동
종로구,통인동,효자,효자,효자베이커리,서울 종로구 통인동 43-1,서울 종로구 필운대로 54,37.5809405633518,126.968667464836,3,효자 종로구 통인동
종로구,숭인동,숭인모범102동,숭인모범,숭인동아파트,서울 종로구 숭인동 569,서울 종로구 숭인동2길 53,37.577497794329275,127.01898250338334,3,숭인모범 종로구 숭인동
종로구,신교동,신현(101동),신현,신현아파트,서울 종로구 신교동 6-13,서울 종로구 필운대로10길 16,37.58358206052924,126.96786478898574,3,신현 종로구 신교동
종로구,효제동,이지마루종로,이지마루종로,이지마루종로아파트,서울 종로구 효제동 126-2,서울 종로구 김상옥로 55,37.5737249913324,127.003856758501,3,이지마루종로 종로구 효제동
종로구,창신동,삼흥,삼흥,삼흥아파트,서울 종로구 창신동 638-45,서울 종로구 창신7길 21-5,37.57588436933466,127.00933708912014,3,삼흥 종로구 창신동
종로구,숭인동,주숭보아파트,주숭보아파트,주숭보아파트,서울 종로구 숭인동 535,서울 종로구 보문로9길 51,37.5784634071544,127.020495209859,3,주숭보아파트 종로구 숭인동
종로구,동숭동,동성아파트(2동),동성아파트,동성아파트,서울 종로구 동숭동 4-161,서울 종로구 동숭4라길 29,37.58344210900409,127.00627441545834,3,동성아파트 종로구 동숭동
종로구,구기동,포시즌,포시즌,포시즌오피스텔,서울 종로구 구기동 95-15,서울 종로구 진흥로 450-5,37.606849758977894,126.957965687914,3,포시즌 종로구 구기동
종로구,충신동,힐스테이트창경궁,힐스테이트창경궁,힐스테이트창경궁아파트,서울 종로구 충신동 60,서울 종로구 율곡로 236,37.5752458345237,127.004832649507,3,힐스테이트창경궁 종로구 충신동
종로구,창신동,동문상가,동문상가,동문상가,서울 종로구 창신동 437-2,서울 종로구 종로44길 14,37.57051068022941,127.01112944521908,3,동문상가 종로구 창신동
중구,황학동,롯데캐슬,롯데캐슬,롯데캐슬베네치아아파트,서울 중구 황학동 2545,서울 중구 청계천로 400,37.57114893748801,127.02158895337772,3,롯데캐슬 중구 황학동
중구,신당동,남산타운,남산타운,남산타운아파트,서울 중구 신당동 844,서울 중구 다산로 32,37.5465805104561,127.00703402265,3,남산타운 중구 신당동
중구,신당동,글로리안(A),글로리안,글로리안아파트,서울 중구 신당동 432-986,서울 중구 동호로11바길 17,37.5507251374094,127.00645613275653,3,글로리안 중구 신당동
중구,회현동1가,남산롯데캐슬아이리스,남산롯데캐슬아이리스,남산롯데캐슬아이리스아파트,서울 중구 회현동1가 208,서울 중구 소공로 35,37.558259875641106,126.9819232717916,3,남산롯데캐슬아이리스 중구 회현동1가
중구,황학동,황학아크로타워,황학아크로타워,황학아크로타워아파트,서울 중구 황학동 2523,서울 중구 퇴계로 447,37.5660798324391,127.0221489099916,3,황학아크로타워 중구 황학동
중구,신당동,약수하이츠,약수하이츠,약수하이츠아파트,서울 중구 신당동 842,서울 중구 동호로10길 30,37.55506002671394,127.01449516875203,3,약수하이츠 중구 신당동
중구,흥인동,청계천두산위브더제니스,청계천두산위브더제니스,청계천두산위브더제니스오피스텔,서울 중구 흥인동 13-1,서울 중구 다산로46길 17,37.566879855130615,127.01709971190802,3,청계천두산위브더제니스 중구 흥인동
중구,신당동,신당푸르지오,신당푸르지오,신당푸르지오아파트,서울 중구 신당동 850,서울 중구 다산로36길 110,37.55920028966219,127.01950301121796,3,신당푸르지오 중구 신당동
중구,신당동,래미안하이베르,래미안하이베르,래미안신당하이베르아파트,서울 중구 신당동 851,서울 중구 퇴계로90길 74,37.56136577190546,127.02240104277752,3,래미안하이베르 중구 신당동
중구,중림동,삼성사이버빌리지,삼성사이버빌리지,중림삼성사이버빌리지아파트,서울 중구 중림동 200,서울 중구 중림로 10,37.55811560607746,126.965304338522,3,삼성사이버빌리지 중구 중림동
중구,황학동,DUO302,DUO302,DUO302,서울 중구 황학동 819,서울 중구 난계로 169,37.56658238286129,127.02321757428464,3,DUO302 중구 황학동
중구,황학동,한양I-Class,한양I-Class,한양아이클래스,서울 중구 황학동 787,서울 중구 난계로 173,37.5671067463774,127.023299234551,3,한양I-Class 중구 황학동
중구,신당동,현대,현대,신당현대아파트,서울 중구 신당동 840,서울 중구 다산로36길 109,37.55997114911229,127.02175776171067,3,현대 중구 신당동
중구,신당동,신당아르브,신당아르브,신당아르브,서울 중구 신당동 160-5,서울 중구 난계로 151,37.56496958375984,127.02329970079998,3,신당아르브 중구 신당동
중구,남창동,경서,경서,경서아파트,서울 중구 남창동 205-44,서울 중구 퇴계로2길 15-6,37.55678692304148,126.9776953953013,3,경서 중구 남창동
중구,신당동,노블레스하우스,노블레스하우스,노블레스하우스아파트,서울 중구 신당동 290-67,서울 중구 다산로34길 26,37.5613604760142,127.016219023913,3,노블레스하우스 중구 신당동
중구,신당동,남산정은스카이,남산정은스카이,남산정은스카이아파트,서울 중구 신당동 366-126,서울 중구 다산로 56,37.548854572860215,127.00795764960311,3,남산정은스카이 중구 신당동
중구,중림동,브라운스톤서울,브라운스톤서울,브라운스톤서울오피스텔,서울 중구 중림동 355,서울 중구 청파로 464,37.56072846238842,126.96838845031336,3,브라운스톤서울 중구 중림동
중구,회현동1가,평화,평화,평화아파트,서울 중구 회현동1가 97-2,서울 중구 퇴계로8길 23,37.55824873265742,126.97987702358172,3,평화 중구 회현동1가
중구,신당동,신당역솔하임,신당역솔하임,신당역솔하임,서울 중구 신당동 140-23,서울 중구 퇴계로 448,37.565425891395414,127.02115605365864,3,신당역솔하임 중구 신당동
중구,충무로4가,진양상가,진양상가,진양상가아파트,서울 중구 충무로4가 120-3,서울 중구 퇴계로 217,37.562402171337425,126.9959389624403,3,진양상가 중구 충무로4가
중구,황학동,중구리버빌,중구리버빌,중구리버빌아파트,서울 중구 황학동 981,서울 중구 난계로13길 17,37.56719339309214,127.02252050659712,3,중구리버빌 중구 황학동
중구,오장동,이지마루오장,이지마루오장,이지마루오장오피스텔,서울 중구 오장동 206-34,서울 중구 마른내로 126-1,37.56440964487026,127.00196492485456,3,이지마루오장 중구 오장동
중구,황학동,황학동코아루,황학동코아루,황학코아루아파트,서울 중구 황학동 882,서울 중구 난계로11길 30,37.5667428995018,127.02249773288362,3,황학동코아루 중구 황학동
중구,회현동2가,쌍용남산플래티넘,쌍용남산플래티넘,쌍용남산플래티넘아파트,서울 중구 회현동2가 87,서울 중구 소공로 46,37.559402531080366,126.98321776738877,3,쌍용남산플래티넘 중구 회현동2가
중구,남대문로5가,남산트라팰리스,남산트라팰리스,남산트라팰리스아파트,서울 중구 남대문로5가 827,서울 중구 소월로2길 30,37.553784458801026,126.97596251286036,3,남산트라팰리스 중구 남대문로5가
중구,황학동,청계리버팰리스A,청계리버팰리스A,청계리버팰리스A오피스텔,서울 중구 황학동 2033,서울 중구 난계로17길 48,37.5697525575125,127.020679594491,3,청계리버팰리스A 중구 황학동
중구,신당동,(372-66),,신당동떡볶이타운,서울 중구 신당동 302-30,서울 중구 다산로33길 10-18,37.5630320348009,127.014609897994,3, 중구 신당동
중구,회현동1가,SK리더스뷰남산,SK리더스뷰남산,SK리더스뷰남산아파트,서울 중구 회현동1가 206,서울 중구 퇴계로 72,37.55912823299902,126.9806373494296,3,SK리더스뷰남산 중구 회현동1가
중구,신당동,신신(2차),신신,신신2차아파트,서울 중구 신당동 432-1957,서울 중구 동호로11자길 22,37.55099459776517,127.00520340145324,3,신신 중구 신당동
중구,필동3가,미주,미주,미주아파트,서울 중구 필동3가 62-16,서울 중구 필동로5길 2,37.556311434278335,126.99602643748725,3,미주 중구 필동3가
중구,신당동,청구e편한세상,청구e편한세상,청구e편한세상아파트,서울 중구 신당동 852,서울 중구 청구로 64,37.56044769457753,127.01673266742893,3,청구e편한세상 중구 신당동
중구,순화동,덕수궁롯데캐슬,덕수궁롯데캐슬,덕수궁롯데캐슬아파트,서울 중구 순화동 217,서울 중구 서소문로9길 28,37.56361935920111,126.9703136497192,3,덕수궁롯데캐슬 중구 순화동
중구,충무로4가,남산센트럴자이,남산센트럴자이,남산센트럴자이아파트,서울 중구 충무로4가 306,서울 중구 퇴계로 235,37.5625139447558,126.99782686628636,3,남산센트럴자이 중구 충무로4가
중구,신당동,신당동파라다이스,신당동파라다이스,신당동파라다이스아파트,서울 중구 신당동 846,서울 중구 다산로42나길 46,37.56239737250963,127.01728091339308,3,신당동파라다이스 중구 신당동
중구,흥인동,동대문와이즈캐슬,동대문와이즈캐슬,동대문와이즈캐슬,서울 중구 흥인동 119,서울 중구 퇴계로75길 7,37.56584032663228,127.0155001125993,3,동대문와이즈캐슬 중구 흥인동
중구,신당동,삼성,삼성,신당동삼성아파트,서울 중구 신당동 843,서울 중구 청구로1길 23,37.55813917046209,127.01788995629173,3,삼성 중구 신당동
중구,만리동1가,LIG서울역리가,LIG서울역리가,LIG서울역리가아파트,서울 중구 만리동1가 231,서울 중구 만리재로33길 21,37.555892417585085,126.96695318312356,3,LIG서울역리가 중구 만리동1가
중구,신당동,약수(372-13),약수,SK약수주유소,서울 중구 신당동 336-5,서울 중구 다산로 173,37.558993985065825,127.01272807915872,3,약수 중구 신당동
중구,회현동1가,삼풍,삼풍,삼풍아파트,서울 중구 회현동1가 146-1,서울 중구 소공로3길 29-8,37.5562273156464,126.98252132434324,3,삼풍 중구 회현동1가
중구,신당동,태원팰리스5차(432-1132),태원팰리스5차,태원팰리스5차아파트,서울 중구 신당동 432-1132,서울 중구 동호로15길 91-8,37.553139759689735,127.00735943660118,3,태원팰리스5차 중구 신당동
중구,충무로5가,충무로헤센스마트,충무로헤센스마트,충무로헤센스마트,서울 중구 충무로5가 90,서울 중구 서애로1길 11,37.561401224326005,126.99849693820232,3,충무로헤센스마트 중구 충무로5가
중구,순화동,바비엥3,바비엥3,바비엥3아파트,서울 중구 순화동 215,서울 중구 통일로 86,37.563151574063546,126.96965283488883,3,바비엥3 중구 순화동
중구,정동,정동,정동,국립정동극장,서울 중구 정동 8-11,서울 중구 정동길 43,37.5658589281598,126.972775755916,3,정동 중구 정동
중구,장충동2가,장충,장충,스카이라이프 장충동2가점,서울 중구 장충동2가 83-6,서울 중구 장충단로7길 9-1,37.5623192079416,127.0057814261,3,장충 중구 장충동2가
중구,신당동,동평화패션타운,동평화패션타운,신세계물산 새피앙,서울 중구 신당동 217-92,서울 중구 청계천로 318,37.569504051622,127.01323018765,3,동평화패션타운 중구 신당동
중구,신당동,한진해모로,한진해모로,한진해모로아파트,서울 성동구 하왕십리동 1050,서울 성동구 왕십리로31길 20,37.56313810282958,127.02641737685506,1,한진해모로 중구 신당동
중구,묵정동,충무,충무,충무아파트,서울 중구 묵정동 11-2,서울 중구 퇴계로50길 42,37.56078044510535,127.00068814306536,3,충무 중구 묵정동
중구,순화동,순화동더샵,순화동더샵,순화더샵오피스텔,서울 중구 순화동 151,서울 중구 칠패로 27,37.56017888093015,126.972067049122,3,순화동더샵 중구 순화동
중구,신당동,명경,명경,명경아트빌,서울 중구 신당동 432-1979,서울 중구 동호로11마길 46,37.55063509067905,127.00539802212177,3,명경 중구 신당동
중구,신당동,노블레스2,노블레스2,노블레스II아파트,서울 중구 신당동 432-1653,서울 중구 동호로17길 229,37.54964219662042,127.00525988972798,3,노블레스2 중구 신당동
중구,산림동,대림상가,대림상가,대림상가아파트,서울 중구 산림동 207-2,서울 중구 을지로 157,37.5675234147816,126.995422530606,3,대림상가 중구 산림동
중구,만리동1가,서울역디오빌,서울역디오빌,서울역디오빌오피스텔,서울 중구 만리동1가 62-7,서울 중구 만리재로 193,37.55501582241664,126.96722405297606,3,서울역디오빌 중구 만리동1가
중구,묵정동,묵정,묵정,묵정,서울 중구 묵정동 28-14,서울 중구 퇴계로48길 17,37.5618075822526,127.000520641703,3,묵정 중구 묵정동
중구,만리동2가,서울역센트럴자이,서울역센트럴자이,서울역센트럴자이아파트,서울 중구 만리동2가,,37.553819454427,126.964645412301,3,서울역센트럴자이 중구 만리동2가
중구,중림동,성요셉,성요셉,성요셉아파트,서울 중구 중림동 149,서울 중구 서소문로6길 34,37.559554148223,126.967232251279,3,성요셉 중구 중림동
중구,신당동,신신(1차),신신,신신2차아파트,서울 중구 신당동 432-1957,서울 중구 동호로11자길 22,37.55099459776517,127.00520340145324,3,신신 중구 신당동
중구,장충동1가,장충레지던스,장충레지던스,장충레지던스아파트,서울 중구 장충동1가 106-1,서울 중구 동호로20나길 23,37.55949360046965,127.0072570681682,3,장충레지던스 중구 장충동1가
중구,을지로5가,삼성파크빌,삼성파크빌,삼성파크빌아파트,서울 중구 을지로5가 39-1,서울 중구 을지로 221,37.5672711922817,127.002766394035,3,삼성파크빌 중구 을지로5가
중구,신당동,프라임2,프라임2,남산프라임아파트 2동,서울 중구 신당동 432-1632,서울 중구 동호로17길 256-4,37.54882403632673,127.00634959523912,3,프라임2 중구 신당동
중구,신당동,진달래,진달래,진달래아파트,서울 중구 신당동 333-42,서울 중구 청구로3길 72,37.55656294858217,127.01401559767366,3,진달래 중구 신당동
중구,황학동,신당블루카운티,신당블루카운티,신당블루카운티아파트,서울 중구 황학동 846,서울 중구 난계로11길 22,37.56633023042799,127.02256552266532,3,신당블루카운티 중구 황학동
중구,신당동,그린빌,그린빌,약수그린빌,서울 중구 신당동 372-435,서울 중구 동호로7길 47-5,37.55174292325577,127.01106780664372,3,그린빌 중구 신당동
중구,만리동1가,SY파크힐,SY파크힐,SY파크힐아파트,서울 중구 만리동1가 56-11,서울 중구 만리재로37길 49,37.5569552341806,126.96568967369254,3,SY파크힐 중구 만리동1가
중구,신당동,신당KCC스위첸,신당KCC스위첸,신당KCC스위첸아파트,서울 중구 신당동 856,서울 중구 난계로 130,37.56321050881835,127.02491656801656,3,신당KCC스위첸 중구 신당동
중구,신당동,프라임1,프라임1,남산프라임아파트 1동,서울 중구 신당동 432-1632,서울 중구 동호로17길 256-4,37.54888442444027,127.00594221199452,3,프라임1 중구 신당동
중구,신당동,벨레어카운티,벨레어카운티,벨레어카운티,서울 중구 신당동 407-17,서울 중구 동호로20길 16,37.5588015341127,127.00874190207,3,벨레어카운티 중구 신당동
중구,신당동,동산,동산,동산초등학교,서울 중구 신당동 333-579,서울 중구 매봉18길 109,37.55620580056,127.016727191921,3,동산 중구 신당동
중구,황학동,(1546-0),,서울중앙시장 쌈밥골목,서울 중구 황학동 409,서울 중구 퇴계로85길 22,37.5667938401715,127.019790230942,3, 중구 황학동
중구,신당동,유정,유정,유정식당,서울 중구 신당동 217-112,서울 중구 마장로1길 28-5,37.5693428417992,127.01260532616,3,유정 중구 신당동
중구,산림동,청계상가,청계상가,청계상가,서울 중구 산림동 207-1,서울 중구 청계천로 160,37.5678117334289,126.995422512963,3,청계상가 중구 산림동
중구,신당동,삼성홈타운,삼성홈타운,삼성홈타운아파트,서울 중구 신당동 849,서울 중구 다산로42가길 43,37.56273981012215,127.01687352869214,3,삼성홈타운 중구 신당동
중구,오장동,정석그라시아,정석그라시아,정석그라시아,서울 중구 오장동 90-8,서울 중구 마른내로 106,37.5642618972034,126.999615165247,3,정석그라시아 중구 오장동
중구,신당동,푸른마을(B),푸른마을,푸른마을아파트,서울 중구 신당동 432-921,서울 중구 동호로11마길 34,37.55087112765005,127.00591181477772,3,푸른마을 중구 신당동
중구,예장동,예장동삼익,예장동삼익,예장삼익아파트,서울 중구 예장동 9,서울 중구 퇴계로30길 24,37.559817889201625,126.99167900867153,3,예장동삼익 중구 예장동
중구,흥인동,동대문솔하임,동대문솔하임,동대문솔하임,서울 중구 흥인동 8,서울 중구 마장로 58,37.56771878852585,127.0163494412467,3,동대문솔하임 중구 흥인동
중구,장충동1가,장충동라임카운티,장충동라임카운티,장충라임카운티아파트,서울 중구 장충동1가 105-1,서울 중구 동호로20가길 38,37.559936919767274,127.00677270012736,3,장충동라임카운티 중구 장충동1가
중구,신당동,다오아트빌,다오아트빌,다오아트빌,서울 중구 신당동 432-498,서울 중구 동호로11마길 24,37.55105852398191,127.00613363635486,3,다오아트빌 중구 신당동
중구,만리동2가,서울역한라비발디센트럴,서울역한라비발디센트럴,서울역한라비발디센트럴아파트,서울 중구 만리동2가 288,서울 중구 만리재로 177,37.555319943980145,126.96575945907352,3,서울역한라비발디센트럴 중구 만리동2가
중구,신당동,란스미어,란스미어,란스미어아파트,서울 중구 신당동 404-2,서울 중구 청구로17길 24-5,37.56016359151764,127.01163948178969,3,란스미어 중구 신당동
중구,신당동,타워,타워,서울시니어스타워,서울 중구 신당동 366-144,서울 중구 다산로 72,37.55089622868272,127.0080574531617,3,타워 중구 신당동
중구,신당동,삼성V아파트A동,삼성V아파트A동,삼성V아파트 A동,서울 중구 신당동 290-42,서울 중구 청구로4길 40,37.56154881151928,127.01601986338784,3,삼성V아파트A동 중구 신당동
중구,남산동2가,남산퍼시픽,남산퍼시픽,남산퍼시픽아파트,서울 중구 남산동2가 42,서울 중구 퇴계로20나길 12,37.55862074889199,126.9853456920868,3,남산퍼시픽 중구 남산동2가
중구,신당동,푸른마을(432-921),푸른마을,푸른마을아파트,서울 중구 신당동 432-921,서울 중구 동호로11마길 34,37.55087112765005,127.00591181477772,3,푸른마을 중구 신당동
중구,신당동,글로리안(B),글로리안,글로리안아파트,서울 중구 신당동 432-986,서울 중구 동호로11바길 17,37.5507251374094,127.00645613275653,3,글로리안 중구 신당동
중구,황학동,그랜드힐오피스텔,그랜드힐오피스텔,그랜드힐,서울 중구 황학동 19,서울 중구 마장로9길 49-15,37.570152056316225,127.01852446065944,3,그랜드힐오피스텔 중구 황학동
중구,신당동,우석,우석,우석캐스빌,서울 중구 신당동 432-2062,서울 중구 동호로11바길 45,37.55019360249002,127.00537535719938,3,우석 중구 신당동
중구,흥인동,우일타운,우일타운,우일타운 주차장,서울 중구 흥인동 3-4,서울 중구 다산로 274,37.56743335368474,127.01654426220664,3,우일타운 중구 흥인동
중구,오장동,오렌지카운티을지로,오렌지카운티을지로,오렌지카운티을지로,서울 중구 오장동 145-1,서울 중구 동호로33길 15,37.5652394703753,127.001404665204,3,오렌지카운티을지로 중구 오장동
중구,신당동,대성드림,대성드림,대성드림아파트,서울 중구 신당동 290-52,서울 중구 청구로4길 37,37.5613884901875,127.015601054388,3,대성드림 중구 신당동
중구,신당동,동산빌라(2차),동산빌라,동산빌라,서울 중구 신당동 432-550,서울 중구 동호로11라길 25,37.551932529232374,127.00537548208628,3,동산빌라 중구 신당동
중구,신당동,청구파크뷰,청구파크뷰,청구파크뷰아파트,서울 중구 신당동 292-35,서울 중구 청구로6길 52,37.562134487101,127.015813994872,3,청구파크뷰 중구 신당동
중구,충무로5가,이지마루충무로,이지마루충무로,이지마루충무로오피스텔,서울 중구 충무로5가 36-19,서울 중구 퇴계로49길 26,37.5633221574196,126.99946802923,3,이지마루충무로 중구 충무로5가
중구,만리동2가,서울역센트럴자이(임대),서울역센트럴자이,서울역센트럴자이아파트,서울 중구 만리동2가,,37.553819454427,126.964645412301,3,서울역센트럴자이 중구 만리동2가
중구,필동1가,하니맨션,하니맨션,하니맨션,서울 중구 필동1가 51-11,서울 중구 퇴계로 195,37.5613533065348,126.99358030041248,3,하니맨션 중구 필동1가
중구,신당동,성지,성지,광희문성지 순교자현양관,서울 중구 신당동 228-17,서울 중구 퇴계로 348,37.56438397210298,127.01043583002128,3,성지 중구 신당동
중구,황학동,청계리버팰리스B,청계리버팰리스B,청계리버팰리스B오피스텔,서울 중구 황학동 2015,서울 중구 난계로17길 58-8,37.5698931112063,127.020688688968,3,청계리버팰리스B 중구 황학동
중구,신당동,도현블랑빌,도현블랑빌,남산도현블랑빌,서울 중구 신당동 432-1645,서울 중구 동호로17길 252-29,37.54840959589988,127.00598630776062,3,도현블랑빌 중구 신당동
중구,신당동,청구드림,청구드림,청구드림아파트,서울 중구 신당동 290-90,서울 중구 청구로4길 30,37.5610424870036,127.015754909518,3,청구드림 중구 신당동
중구,정동,삼정아트테라스정동,삼정아트테라스정동,삼정아트테라스정동,서울 중구 정동 37,서울 중구 서소문로 89-20,37.56315116585178,126.97163470454028,3,삼정아트테라스정동 중구 정동
중구,신당동,스위스빌라,스위스빌라,스위스빌라,서울 중구 신당동 349-230,서울 중구 동호로8다길 6,37.55292293832009,127.01384063489428,3,스위스빌라 중구 신당동
중구,오장동,오장동오팰리오,오장동오팰리오,오장동오팰리오,서울 중구 오장동 139-7,서울 중구 마른내로 127,37.5648141914018,127.002011342366,3,오장동오팰리오 중구 오장동
중구,회현동1가,이지-빌,이지-빌,이지빌아파트,서울 중구 회현동1가 100-12,서울 중구 퇴계로8길 65-3,37.556868481130174,126.98033009677658,3,이지-빌 중구 회현동1가
중구,신당동,토토타워(5차),토토타워,토토타워아파트,서울 중구 신당동 432-1061,서울 중구 동호로11바길 22,37.550589101666795,127.0061754693115,3,토토타워 중구 신당동
중구,신당동,약수역더시티,약수역더시티,나이스파크 약수역더시티 주차장,서울 중구 신당동 857,서울 중구 동호로7길 14,37.5532043743123,127.010719459267,3,약수역더시티 중구 신당동
중구,회현동1가,별장,별장,별장아파트,서울 중구 회현동1가 147-20,서울 중구 퇴계로12길 88,37.55571184328598,126.98184692914468,3,별장 중구 회현동1가
중구,흥인동,위더스하임,위더스하임,위더스하임,서울 중구 흥인동 142-1,서울 중구 퇴계로73길 20,37.56608555854136,127.01422112262324,3,위더스하임 중구 흥인동
중구,신당동,다다아파트,다다아파트,다다아파트,서울 중구 신당동 432-1982,서울 중구 동호로11마길 40,37.5507035595319,127.005549669748,3,다다아파트 중구 신당동
중구,신당동,(432-904),,신당동떡볶이타운,서울 중구 신당동 302-30,서울 중구 다산로33길 10-18,37.5630320348009,127.014609897994,3, 중구 신당동
중구,신당동,하이1(113-5),하이1,라이프워크 메가스토어명동점,서울 중구 충무로2가 65-9,서울 중구 퇴계로 123,37.5612516652554,126.985388186019,2,하이1 중구 신당동
중구,황학동,위너빌(Winnervill),위너빌,위너빌아파트,서울 중구 황학동 1200,서울 중구 마장로14길 11,37.5676576223373,127.021355902451,3,위너빌 중구 황학동
중구,신당동,초원,초원,초원빌라2차,서울 중구 신당동 349-144,서울 중구 동호로8가길 13,37.553571707760184,127.01339938983872,3,초원 중구 신당동
중구,신당동,인성아트빌,인성아트빌,인성아트빌,서울 중구 신당동 432-502,서울 중구 동호로11마길 20-7,37.55106754719881,127.0058733536016,3,인성아트빌 중구 신당동
중구,신당동,탑힐,탑힐,탑힐아파트,서울 중구 신당동 313-8,서울 중구 청구로1길 6,37.5592619464137,127.016985923509,3,탑힐 중구 신당동
중구,장충동1가,상지리츠빌장충동카일룸,상지리츠빌장충동카일룸,상지리츠빌카일룸아파트,서울 중구 장충동1가 104,서울 중구 동호로20나길 30,37.56003780541802,127.00721184882948,3,상지리츠빌장충동카일룸 중구
중구,황학동,청계랜드힐아파트,청계랜드힐아파트,청계랜드힐아파트,서울 중구 황학동 1531,서울 중구 난계로17길 40-16,37.5698876138536,127.02120372562,3,청계랜드힐아파트 중구 황학동
중구,입정동,힐스테이트세운센트럴2단지,힐스테이트세운센트럴2단지,힐스테이트세운센트럴2단지아파트,서울 중구 입정동 280,서울 중구 을지로15길 32,37.5679702646771,126.994401508688,3,힐스테이트세운센트럴2단지 중구 입정동
중구,인현동2가,세운푸르지오헤리시티,세운푸르지오헤리시티,세운푸르지오헤리시티,서울 중구 인현동2가 240,서울 중구 마른내로 79,37.56463756453485,126.99660777780556,3,세운푸르지오헤리시티 중구 인현동2가
중구,입정동,힐스테이트세운센트럴1단지,힐스테이트세운센트럴1단지,힐스테이트세운센트럴1단지아파트,서울 중구 입정동 277,서울 중구 을지로15길 31,37.56792512083483,126.99268212202188,3,힐스테이트세운센트럴1단지 중구 입정동
중구,신당동,태원팰리스,태원팰리스,태원팰리스,서울 중구 신당동 414-2,서울 중구 다산로21길 27-5,37.558257178177335,127.0106160596644,3,태원팰리스 중구 신당동
중구,황학동,동광팰리스,동광팰리스,동광팰리스아파트,서울 중구 황학동 1572,서울 중구 난계로17길 16,37.56954137139703,127.02260610953296,3,동광팰리스 중구 황학동
중구,신당동,하이,하이,바이하이,서울 중구 신당동 349-194,서울 중구 동호로8길 17,37.5537997596252,127.012492932027,3,하이 중구 신당동
중구,신당동,청구103동,청구,청구역 6호선,서울 중구 신당동 295-2,서울 중구 청구로 지하 77,37.5609165488093,127.014165812912,3,청구 중구 신당동
중구,묵정동,힐스테이트남산,힐스테이트남산,힐스테이트남산,서울 중구 묵정동 35,서울 중구 퇴계로46길 26,37.56153728298224,126.99942163706676,3,힐스테이트남산 중구 묵정동
중구,신당동,명경아트빌,명경아트빌,명경아트빌,서울 중구 신당동 432-1979,서울 중구 동호로11마길 46,37.55063509067905,127.00539802212177,3,명경아트빌 중구 신당동
중구,신당동,마이스터빌,마이스터빌,마이스터빌아파트,서울 중구 신당동 407-7,서울 중구 동호로20다길 10,37.55869879359264,127.00909726985392,3,마이스터빌 중구 신당동
용산구,한남동,한남더힐,한남더힐,한남더힐아파트,서울 용산구 한남동 810,서울 용산구 독서당로 111,37.537020736325246,127.0094295463928,3,한남더힐 용산구 한남동
용산구,이촌동,한강맨숀,한강맨숀,한강맨션,서울 용산구 이촌동 300-153,서울 용산구 이촌로 248,37.51888997661975,126.97347266910258,3,한강맨숀 용산구 이촌동
용산구,이태원동,청화1,청화1,청화아파트 1동,서울 용산구 이태원동 22-2,서울 용산구 장문로 27,37.529108352200105,126.9936780970827,3,청화1 용산구 이태원동
용산구,서빙고동,신동아,신동아,신동아아파트,서울 용산구 서빙고동 241-21,서울 용산구 이촌로 347,37.51809760951357,126.9875028418853,3,신동아 용산구 서빙고동
용산구,이촌동,대림,대림,대림아파트,서울 용산구 이촌동 395,서울 용산구 이촌로2가길 122,37.52504906352256,126.95505221372792,3,대림 용산구 이촌동
용산구,이촌동,동아그린,동아그린,동아그린아파트,서울 용산구 이촌동 411,서울 용산구 이촌로 100-8,37.52393652211728,126.95803487553847,3,동아그린 용산구 이촌동
용산구,원효로4가,산호,산호,산호아파트,서울 용산구 원효로4가 118-16,서울 용산구 원효로 66,37.53279603451371,126.95092477569295,3,산호 용산구 원효로4가
용산구,동자동,센트레빌아스테리움서울,센트레빌아스테리움서울,센트레빌아스테리움서울아파트,서울 용산구 동자동 45,서울 용산구 한강대로 372,37.5512665707525,126.973623027251,3,센트레빌아스테리움서울 용산구 동자동
용산구,후암동,명남아띠팰리스,명남아띠팰리스,명남아띠팰리스,서울 용산구 후암동 244-90,서울 용산구 후암로16나길 20,37.54920073021665,126.97883834826698,3,명남아띠팰리스 용산구 후암동
용산구,한남동,한남동동원베네스트,한남동동원베네스트,동원베네스트아파트,서울 용산구 한남동 522-1,서울 용산구 독서당로 22,37.530297589964405,127.00773845785234,3,한남동동원베네스트 용산구 한남동
용산구,용산동2가,한신,한신,한신아파트,서울 용산구 용산동2가 47-17,서울 용산구 녹사평대로 245,37.5398405211698,126.98693799104768,3,한신 용산구 용산동2가
용산구,도원동,삼성래미안,삼성래미안,도원삼성래미안아파트,서울 용산구 도원동 23,서울 용산구 새창로 70,37.53829748535028,126.9553158164153,3,삼성래미안 용산구 도원동
용산구,후암동,후암미주,후암미주,라이프미주아파트,서울 용산구 후암동 423-1,서울 용산구 후암로 71-1,37.55184367403397,126.97579112096253,3,후암미주 용산구 후암동
용산구,이촌동,한가람,한가람,한가람아파트,서울 용산구 이촌동 404,서울 용산구 이촌로 201,37.521534188765074,126.97246042129262,3,한가람 용산구 이촌동
용산구,이촌동,우성,우성,이촌우성아파트,서울 용산구 이촌동 399-1,서울 용산구 이촌로 193,37.52167642145599,126.96836194713828,3,우성 용산구 이촌동
용산구,한강로3가,시티파크(2단지),시티파크,용산시티파크1단지아파트,서울 용산구 한강로3가 63-389,서울 용산구 서빙고로 35,37.5249633771114,126.968731616612,3,시티파크 용산구 한강로3가
용산구,이촌동,왕궁,왕궁,왕궁아파트,서울 용산구 이촌동 300-11,서울 용산구 이촌로88길 15,37.517159222883194,126.9782411004492,3,왕궁 용산구 이촌동
용산구,이촌동,래미안첼리투스,래미안첼리투스,래미안첼리투스아파트,서울 용산구 이촌동 436,서울 용산구 이촌로 310,37.51730009092861,126.9800034024905,3,래미안첼리투스 용산구 이촌동
용산구,효창동,화이트타운,화이트타운,화이트타운,서울 용산구 효창동 5-45,서울 용산구 효창원로70길 26,37.54164666034378,126.96365541911872,3,화이트타운 용산구 효창동
용산구,한강로2가,한강로대우아이빌,한강로대우아이빌,한강로대우아이빌오피스텔,서울 용산구 한강로2가 2-11,서울 용산구 한강대로43길 13,37.531558801382566,126.9690784575512,3,한강로대우아이빌 용산구 한강로2가
용산구,이촌동,LG한강자이,LG한강자이,LG한강자이아파트,서울 용산구 이촌동 430,서울 용산구 이촌로64길 15,37.51994719982742,126.9711092239615,3,LG한강자이 용산구 이촌동
용산구,이촌동,점보,점보,점보아파트,서울 용산구 이촌동 300-10,서울 용산구 이촌로88길 3,37.518029674831034,126.9786944461646,3,점보 용산구 이촌동
용산구,서빙고동,금호베스트빌1,금호베스트빌1,서울용산금호베스트빌1 전기차충전소,서울 용산구 서빙고동 296,서울 용산구 서빙고로51길 68-14,37.523075123428704,126.99175662192776,3,금호베스트빌1 용산구 서빙고동
용산구,이촌동,이촌코오롱(A),이촌코오롱,이촌코오롱아파트,서울 용산구 이촌동 412,서울 용산구 이촌로87길 21,37.52007481304202,126.97793709247838,3,이촌코오롱 용산구 이촌동
용산구,이태원동,준아트빌,준아트빌,준아트빌아파트,서울 용산구 이태원동 124-1,서울 용산구 이태원로27나길 40,37.53499382059201,126.99689537136818,3,준아트빌 용산구 이태원동
용산구,한남동,한남동리첸시아,한남동리첸시아,한남리첸시아아파트,서울 용산구 한남동 72-1,서울 용산구 한남대로 60,37.534471016572,127.0079018130421,3,한남동리첸시아 용산구 한남동
용산구,문배동,프라임펠리스,프라임펠리스,프라임펠리스,서울 용산구 문배동 24-8,서울 용산구 백범로90길 38,37.536705437202286,126.96953570136375,3,프라임펠리스 용산구 문배동
용산구,도원동,제일1,제일1,이태원제일교회,서울 용산구 이태원동 191-1,서울 용산구 녹사평대로40다길 43,37.5361539370119,126.990120248855,2,제일1 용산구
용산구,이촌동,북한강(성원),북한강,북한강성원아파트,서울 용산구 이촌동 422,서울 용산구 이촌로2가길 66,37.52730829065722,126.95379284343512,3,북한강 용산구 이촌동
용산구,한강로1가,대우월드마크용산,대우월드마크용산,대우월드마크용산오피스텔,서울 용산구 한강로1가 64,서울 용산구 한강대로 211,37.5370919810556,126.973320264741,3,대우월드마크용산 용산구 한강로1가
용산구,한남동,리버티하우스,리버티하우스,현대리버티하우스아파트,서울 용산구 한남동 258,서울 용산구 독서당로 70,37.53357716901765,127.00868012401594,3,리버티하우스 용산구 한남동
용산구,이촌동,강촌,강촌,강촌아파트,서울 용산구 이촌동 402,서울 용산구 이촌로87길 13,37.51926962166178,126.97963750353468,3,강촌 용산구 이촌동
용산구,산천동,리버힐삼성,리버힐삼성,리버힐삼성아파트,서울 용산구 산천동 193,서울 용산구 효창원로 17,37.53500154625099,126.9505929545464,3,리버힐삼성 용산구 산천동
용산구,문배동,용산큐브,용산큐브,용산큐브,서울 용산구 문배동 24-4,서울 용산구 백범로90길 12,37.53713220255386,126.96836107570346,3,용산큐브 용산구 문배동
용산구,신창동,세방리버하이빌,세방리버하이빌,세방리버하이빌아파트,서울 용산구 신창동 102,서울 용산구 효창원로15길 16,37.53618144366459,126.95403176062072,3,세방리버하이빌 용산구 신창동
용산구,문배동,이안용산1차(102동),이안용산1차,이안용산1차아파트,서울 용산구 문배동 11-14,서울 용산구 백범로90길 74,37.5378624216399,126.969925587047,3,이안용산1차 용산구 문배동
용산구,한강로1가,용산파크자이,용산파크자이,용산파크자이오피스텔,서울 용산구 한강로1가 50-1,서울 용산구 한강대로 205,37.537089880602366,126.9720304055769,3,용산파크자이 용산구 한강로1가
용산구,한남동,한남힐스테이트,한남힐스테이트,한남힐스테이트아파트,서울 용산구 한남동 807,서울 용산구 장문로 141,37.52844171748857,127.00384650655676,3,한남힐스테이트 용산구 한남동
용산구,후암동,프리마베라빌,프리마베라빌,프리마베라빌,서울 용산구 이태원동 150-8,서울 용산구 이태원로19길 51,37.536291001535,126.9915707420098,2,프리마베라빌 용산구 후암동
용산구,이태원동,마운틴뷰,마운틴뷰,마운틴뷰,서울 용산구 이태원동 198-16,서울 용산구 녹사평대로46길 84,37.537453190237166,126.99024680113986,3,마운틴뷰 용산구 이태원동
용산구,보광동,리버빌(삼성),리버빌,리버빌아파트,서울 용산구 보광동 151,서울 용산구 보광로5길 40,37.524289959350185,127.00085975969894,3,리버빌 용산구 보광동
용산구,한강로3가,시티하우스,시티하우스,시티하우스용산,서울 용산구 한강로3가 65-7,서울 용산구 한강대로14길 37,37.5243950706156,126.966278141531,3,시티하우스 용산구 한강로3가
용산구,효창동,임선웰빙아파트,임선웰빙아파트,임선웰빙아파트,서울 용산구 효창동 5-72,서울 용산구 효창원로66길 33,37.5411727776547,126.963795957345,3,임선웰빙아파트 용산구 효창동
용산구,한남동,시범,시범,시범아파트,서울 용산구 한남동 1-349,서울 용산구 독서당로34길 22,37.53911077173956,127.01250179577472,3,시범 용산구 한남동
용산구,원효로1가,용산파크뷰(46-3),용산파크뷰,용산파크뷰오피스텔,서울 용산구 원효로1가 46-3,서울 용산구 원효로 251,37.5401920541081,126.9685668478566,3,용산파크뷰 용산구 원효로1가
용산구,효창동,아인하우스,아인하우스,아인하우스아파트,서울 용산구 효창동 5-42,서울 용산구 효창원로70길 19,37.5418537444347,126.963184602938,3,아인하우스 용산구 효창동
용산구,한남동,현대하이페리온,현대하이페리온,웰페리온 SPA&FITNESS,서울 용산구 한남동 805,서울 용산구 서빙고로 413,37.527473107420946,127.00475489941628,3,현대하이페리온 용산구 한남동
용산구,원효로1가,용산더프라임,용산더프라임,용산더프라임아파트,서울 용산구 원효로1가 41,서울 용산구 원효로90길 11,37.54039598047992,126.96971637235517,3,용산더프라임 용산구 원효로1가
용산구,이촌동,현대한강,현대한강,현대한강아파트,서울 용산구 이촌동 400,서울 용산구 이촌로34길 29,37.52317892558407,126.95844933588144,3,현대한강 용산구 이촌동
용산구,한남동,한남해피트리,한남해피트리,한남해피트리아파트,서울 용산구 한남동 827,서울 용산구 한남대로27길 60,37.53946277773685,127.00328924710232,3,한남해피트리 용산구 한남동
용산구,산천동,한강타운,한강타운,한강타운아파트,서울 용산구 산천동 204,서울 용산구 새창로8길 157,37.53567151223463,126.94969641638124,3,한강타운 용산구 산천동
용산구,용산동5가,용산파크타워(24-0),용산파크타워,스카이라이프 용산동5가점,서울 용산구 용산동5가 24-1,서울 용산구 서빙고로 69,37.5233209599797,126.972818370183,3,용산파크타워 용산구 용산동5가
용산구,이촌동,한강(대우),한강,이촌한강공원,서울 용산구 이촌동 302-17,서울 용산구 이촌로72길 62,37.5172404421072,126.970526590861,3,한강 용산구 이촌동
용산구,이태원동,남산대림,남산대림,남산대림아파트,서울 용산구 이태원동 729,서울 용산구 녹사평대로 254,37.54070927879944,126.98882519947776,3,남산대림 용산구 이태원동
용산구,한강로1가,삼각아파트,삼각아파트,삼각아파트,서울 용산구 한강로1가 231-24,서울 용산구 한강대로62길 32,37.533329384708985,126.97324353858492,3,삼각아파트 용산구 한강로1가
용산구,청파동3가,한울글로리A,한울글로리A,한울글로리 A동,서울 용산구 청파동3가 132-50,서울 용산구 효창원로76길 7,37.5429852291605,126.962640904903,3,한울글로리A 용산구 청파동3가
용산구,후암동,브라운스톤남산,브라운스톤남산,브라운스톤남산아파트,서울 용산구 후암동 458,서울 용산구 후암로 65,37.55132839685076,126.97625300950996,3,브라운스톤남산 용산구 후암동
용산구,한남동,리버탑,리버탑,리버탑아파트,서울 용산구 한남동 802,서울 용산구 독서당로6길 16,37.52972090865422,127.00833122293722,3,리버탑 용산구 한남동
용산구,후암동,후암맨션,후암맨션,후암맨션,서울 용산구 후암동 1-20,서울 용산구 후암로44길 8,37.552247578640355,126.9770811114208,3,후암맨션 용산구 후암동
용산구,동빙고동,파인힐빌,파인힐빌,파인힐빌,서울 용산구 동빙고동 1-72,서울 용산구 장문로9길 34,37.527614577594456,126.99557656630296,3,파인힐빌 용산구 동빙고동
용산구,효창동,용산케이씨씨스위첸,용산케이씨씨스위첸,용산KCC스위첸아파트,서울 용산구 효창동 286,서울 용산구 백범로 275,37.54042471647393,126.96027393955514,3,용산케이씨씨스위첸 용산구 효창동
용산구,도원동,도원,도원,도원삼성래미안아파트,서울 용산구 도원동 23,서울 용산구 새창로 70,37.53829748535028,126.9553158164153,3,도원 용산구 도원동
용산구,이촌동,동부센트레빌,동부센트레빌,이촌동부센트레빌아파트,서울 용산구 이촌동 418,서울 용산구 이촌로 174,37.5209370491325,126.966371326054,3,동부센트레빌 용산구 이촌동
용산구,이촌동,이촌코오롱(B),이촌코오롱,이촌코오롱아파트,서울 용산구 이촌동 412,서울 용산구 이촌로87길 21,37.52007481304202,126.97793709247838,3,이촌코오롱 용산구 이촌동
용산구,한강로2가,용산푸르지오써밋(420),용산푸르지오써밋,용산푸르지오써밋오피스텔,서울 용산구 한강로2가 420,서울 용산구 한강대로 69,37.52740685478443,126.9653592935778,3,용산푸르지오써밋 용산구 한강로2가
용산구,이촌동,삼익,삼익,삼익아파트,서울 용산구 이촌동 300-301,서울 용산구 이촌로 260,37.5185868873447,126.97604054734992,3,삼익 용산구 이촌동
용산구,한강로2가,아스테리움용산,아스테리움용산,아스테리움용산오피스텔,서울 용산구 한강로2가 419,서울 용산구 한강대로30길 25,37.52761415838989,126.96885721723764,3,아스테리움용산 용산구 한강로2가
용산구,이촌동,동원베네스트,동원베네스트,동원베네스트아파트,서울 용산구 이촌동 434,서울 용산구 이촌로14길 7,37.526933961163195,126.95505560802246,3,동원베네스트 용산구 이촌동
용산구,한남동,한남하우스,한남하우스,한남하우스98,서울 용산구 한남동 98,서울 용산구 독서당로14길 32,37.5316995250691,127.008082540591,3,한남하우스 용산구 한남동
용산구,용산동5가,용산파크타워(24-1),용산파크타워,스카이라이프 용산동5가점,서울 용산구 용산동5가 24-1,서울 용산구 서빙고로 69,37.5233209599797,126.972818370183,3,용산파크타워 용산구 용산동5가
용산구,신계동,용산e편한세상,용산e편한세상,용산e편한세상아파트,서울 용산구 신계동 48,서울 용산구 원효로 216,37.536187439882006,126.9664968577566,3,용산e편한세상 용산구 신계동
용산구,한남동,태성1,태성1,태성,서울 용산구 한남동 644-2,서울 용산구 대사관로24길 8,37.53287913748983,127.00420086028662,3,태성1 용산구 한남동
용산구,보광동,신동아1,신동아1,신동아아파트 1동,서울 용산구 서빙고동 241-21,서울 용산구 이촌로 347,37.518879547532954,126.98630479072654,2,신동아1 용산구
용산구,한남동,한남파라곤,한남파라곤,한남파라곤아파트,서울 용산구 한남동 825,서울 용산구 한남대로27길 52,37.53913841779035,127.00328583839294,3,한남파라곤 용산구 한남동
용산구,한강로3가,용산시티파크(1단지),용산시티파크,용산시티파크1단지아파트,서울 용산구 한강로3가 63-389,서울 용산구 서빙고로 35,37.5249633771114,126.968731616612,3,용산시티파크 용산구 한강로3가
용산구,문배동,리첸시아용산B,리첸시아용산B,리첸시아용산B오피스텔,서울 용산구 문배동 40-31,서울 용산구 백범로 341,37.53796283855628,126.96804051895798,3,리첸시아용산B 용산구 문배동
용산구,이촌동,현대맨숀,현대맨숀,김가네 이촌점,서울 용산구 이촌동 300-23,서울 용산구 이촌로 248,37.51934086463772,126.9752529994149,3,현대맨숀 용산구 이촌동
용산구,용문동,브라운스톤,브라운스톤,용산브라운스톤아파트,서울 용산구 용문동 90,서울 용산구 효창원로 88,37.536266234425,126.95920014279174,3,브라운스톤 용산구 용문동
용산구,이태원동,이태원(이테크빌),이태원,이태원거리,서울 용산구 이태원동 119-23,,37.5345613066561,126.99580922812,3,이태원 용산구 이태원동
용산구,한강로3가,한강대우트럼프월드3,한강대우트럼프월드3,한강대우트럼프월드3아파트,서울 용산구 한강로3가 65-230,서울 용산구 한강대로 26,37.52274338561389,126.96278674905024,3,한강대우트럼프월드3 용산구
용산구,동자동,동자,동자,동자아트홀,서울 용산구 동자동 45,서울 용산구 한강대로 372,37.5516087600095,126.972785466779,3,동자 용산구 동자동
용산구,이촌동,강변,강변,강변교회,서울 용산구 이촌동 300-18,서울 용산구 이촌로84길 9-7,37.51833397666929,126.9774172655328,3,강변 용산구 이촌동
용산구,이촌동,미주A,미주A,미주아파트(A동),서울 용산구 이촌동 302-54,서울 용산구 이촌로62길 18,37.52048364632649,126.96893710304032,3,미주A 용산구 이촌동
용산구,한남동,현대안성타워,현대안성타워,현대안성타워아파트,서울 용산구 한남동 737-28,서울 용산구 이태원로 217,37.535087546971496,126.9979091250392,3,현대안성타워 용산구 한남동
용산구,서빙고동,한강르네상스,한강르네상스,한강르네상스아파트,서울 용산구 서빙고동 241-47,서울 용산구 서빙고로62길 27,37.51943782846458,126.99256469138676,3,한강르네상스 용산구 서빙고동
용산구,문배동,지오베르크,지오베르크,지오베르크아파트,서울 용산구 문배동 17-1,서울 용산구 백범로 346,37.537440073378605,126.96736412818537,3,지오베르크 용산구 문배동
용산구,이촌동,반도,반도,반도아파트,서울 용산구 이촌동 301-170,서울 용산구 이촌로 324-10,37.517022910741254,126.98205086344709,3,반도 용산구 이촌동
용산구,이촌동,이촌동삼성리버스위트,이촌동삼성리버스위트,이촌삼성리버스위트아파트,서울 용산구 이촌동 426,서울 용산구 이촌로88길 30,37.51723463512375,126.9768112970844,3,이촌동삼성리버스위트 용산구 이촌동
용산구,문배동,이안용산1차(101동),이안용산1차,이안용산1차아파트,서울 용산구 문배동 11-14,서울 용산구 백범로90길 74,37.5378624216399,126.969925587047,3,이안용산1차 용산구 문배동
용산구,청암동,SK청암대(64-29),SK청암대,SK청암대아파트(1동),서울 용산구 청암동 64-1,서울 용산구 삼개로 58,37.5353247700633,126.947947459574,3,SK청암대 용산구 청암동
용산구,문배동,아크로타워,아크로타워,용산아크로타워아파트,서울 용산구 문배동 24-21,서울 용산구 백범로90길 26,37.53675563488441,126.9685501871188,3,아크로타워 용산구 문배동
용산구,한강로3가,쌍용스윗닷홈,쌍용스윗닷홈,한강로쌍용스윗닷홈아파트,서울 용산구 한강로3가 89,서울 용산구 한강대로10길 14,37.523451935576645,126.9639538471721,3,쌍용스윗닷홈 용산구 한강로3가
용산구,갈월동,두리파크빌,두리파크빌,두리파크빌아파트,서울 용산구 갈월동 6-48,,37.5486770960767,126.9736001755,3,두리파크빌 용산구 갈월동
용산구,이촌동,정우,정우,정우아파트,서울 용산구 이촌동 302-69,서울 용산구 이촌로54길 16,37.52083275938613,126.9671767947458,3,정우 용산구 이촌동
용산구,한강로2가,래미안용산더센트럴,래미안용산더센트럴,래미안용산더센트럴아파트,서울 용산구 한강로2가 422,서울 용산구 한강대로 95,37.52904713331983,126.96694806009046,3,래미안용산더센트럴 용산구 한강로2가
용산구,효창동,효창파크푸르지오,효창파크푸르지오,효창파크푸르지오아파트,서울 용산구 효창동 274,서울 용산구 백범로 260,37.54011856402765,126.95820684822075,3,효창파크푸르지오 용산구 효창동
용산구,한강로3가,한강자이에클라트,한강자이에클라트,한강자이 에클라트,서울 용산구 한강로3가 16-85,서울 용산구 이촌로 1,37.5315030934686,126.95546016021396,3,한강자이에클라트 용산구 한강로3가
용산구,원효로4가,강변삼성스위트,강변삼성스위트,강변삼성스위트아파트,서울 용산구 원효로4가 178,서울 용산구 원효로 40,37.53399609214343,126.94862835999471,3,강변삼성스위트 용산구 원효로4가
용산구,문배동,이안용산1차(103동),이안용산1차,이안용산1차아파트,서울 용산구 문배동 11-14,서울 용산구 백범로90길 74,37.5378624216399,126.969925587047,3,이안용산1차 용산구 문배동
용산구,청파동1가,목화,목화,목화아파트,서울 용산구 청파동1가 84-3,서울 용산구 청파로47나길 45-37,37.54789178635755,126.967794113783,3,목화 용산구 청파동1가
용산구,문배동,용산KCC웰츠타워,용산KCC웰츠타워,용산KCC웰츠타워아파트,서울 용산구 문배동 11-10,서울 용산구 백범로90길 90,37.5377756583176,126.968893724521,3,용산KCC웰츠타워 용산구 문배동
용산구,효창동,세양청마루,세양청마루,세양청마루아파트,서울 용산구 효창동 268,서울 용산구 백범로 250,37.540748816752334,126.9569618340003,3,세양청마루 용산구 효창동
용산구,문배동,CJ나인파크,CJ나인파크,용산CJ나인파크아파트,서울 용산구 문배동 24-6,서울 용산구 백범로90다길 12,37.53608545406469,126.96917049816952,3,CJ나인파크 용산구 문배동
용산구,한강로2가,벽산메가트리움,벽산메가트리움,한강로벽산메가트리움아파트,서울 용산구 한강로2가 2-8,서울 용산구 한강대로43길 8,37.53217885144189,126.96970046159248,3,벽산메가트리움 용산구 한강로2가
용산구,문배동,이안용산프리미어,이안용산프리미어,이안용산프리미어아파트,서울 용산구 문배동 3-3,서울 용산구 청파로 213,37.53861576080277,126.9703326169677,3,이안용산프리미어 용산구 문배동
용산구,한남동,힐탑트레져1동,힐탑트레져,힐탑트레져아파트,서울 용산구 한남동 1-44,서울 용산구 유엔빌리지길 200-16,37.538467322585014,127.0137180260168,3,힐탑트레져 용산구 한남동
용산구,효창동,효창맨션,효창맨션,효창맨션,서울 용산구 효창동 5-495,서울 용산구 효창원로 157,37.542015488826,126.96181310848344,3,효창맨션 용산구 효창동
용산구,한남동,효성빌리지,효성빌리지,효성빌리지아파트,서울 용산구 한남동 799,서울 용산구 유엔빌리지3길 2,37.53300742276082,127.01222358529392,3,효성빌리지 용산구 한남동
용산구,한강로2가,용산아이피아대주피오레,용산아이피아대주피오레,용산아이피아대주피오레아파트,서울 용산구 한강로2가 2-185,서울 용산구 청파로20길 9,37.5333711610795,126.96738852930471,3,용산아이피아대주피오레 용산구 한강로2가
용산구,한강로3가,전자타운한신(A),전자타운한신,가온음향,서울 용산구 한강로2가 413,서울 용산구 청파로 113-12,37.53410098589186,126.96432095659642,2,전자타운한신 용산구 한강로3가
용산구,한남동,아일랜드캐슬,아일랜드캐슬,아일랜드캐슬아파트,서울 용산구 한남동 684-85,서울 용산구 대사관로7길 5,37.53441181316671,127.00063472417182,3,아일랜드캐슬 용산구 한남동
용산구,원효로2가,원효,원효,원효아파트,서울 용산구 원효로2가 94-2,서울 용산구 원효로 166,37.53502362570552,126.96149987497348,3,원효 용산구 원효로2가
용산구,원효로3가,금성아파트,금성아파트,금성아파트,서울 용산구 원효로3가 124-1,서울 용산구 원효로 129,37.53388698475042,126.95747717373878,3,금성아파트 용산구 원효로3가
용산구,이태원동,퍼시픽맨션골드,퍼시픽맨션골드,퍼시픽맨션골드아파트,서울 용산구 이태원동 352,서울 용산구 녹사평대로42길 27,37.5367700384438,126.988133339163,3,퍼시픽맨션골드 용산구 이태원동
용산구,후암동,뉴후암,뉴후암,뉴후암아파트,서울 용산구 후암동 426,서울 용산구 후암로 71,37.55126331100274,126.97521189348892,3,뉴후암 용산구 후암동
용산구,한강로3가,우림필유,우림필유,한강로우림필유아파트,서울 용산구 한강로3가 91,서울 용산구 이촌로29길 21-7,37.525432807212,126.95982145971078,3,우림필유 용산구 한강로3가
용산구,이촌동,제일,제일,SC제일은행 이촌동지점,서울 용산구 이촌동 301-87,서울 용산구 이촌로 223-13,37.52131155237832,126.97208267639114,3,제일 용산구 이촌동
용산구,효창동,효창드림빌,효창드림빌,효창드림빌,서울 용산구 효창동 5-47,서울 용산구 효창원로70길 18,37.54156544430675,126.96324811002236,3,효창드림빌 용산구 효창동
용산구,원효로1가,리첸시아용산A,리첸시아용산A,리첸시아용산 공인중개사사무소,서울 용산구 원효로1가 133-3,서울 용산구 백범로 341,37.5383410910573,126.967427098095,3,리첸시아용산A 용산구 원효로1가
용산구,청파동3가,베르체,베르체,베르체아파트,서울 용산구 청파동3가 132-15,서울 용산구 효창원로72길 29,37.54260167375615,126.9635055923368,3,베르체 용산구 청파동3가
용산구,원효로4가,한강수,한강수,한성한강수아파트,서울 용산구 원효로4가 128-1,서울 용산구 효창원로8길 16,37.53363236155221,126.95140394288116,3,한강수 용산구 원효로4가
용산구,이태원동,용산동아파트,용산동아파트,용산아파트,서울 용산구 이태원동 669,서울 용산구 녹사평대로 250-1,37.53992712680416,126.9879699029924,3,용산동아파트 용산구 이태원동
용산구,한남동,뉴캐슬하우스,뉴캐슬하우스,뉴캐슬하우스아파트,서울 용산구 한남동 684-82,서울 용산구 대사관로7길 8,37.5344280297575,127.00085987607,3,뉴캐슬하우스 용산구 한남동
용산구,한남동,대림아르빌,대림아르빌,대림아르빌아파트,서울 용산구 한남동 808,서울 용산구 대사관로11길 21,37.534983041587346,127.00135770911896,3,대림아르빌 용산구 한남동
용산구,이촌동,리버뷰,리버뷰,리버뷰맨션,서울 용산구 이촌동 300-27,서울 용산구 이촌로 224,37.520128476828674,126.97183538440048,3,리버뷰 용산구 이촌동
용산구,서빙고동,그린파크(코오롱하늘채),그린파크,서빙고그린파크아파트,서울 용산구 서빙고동 293,서울 용산구 서빙고로51길 64,37.52315798113136,126.9912758334031,3,그린파크 용산구 서빙고동
용산구,한남동,신성미소시티,신성미소시티,한남동신성미소시티아파트,서울 용산구 한남동 96-3,서울 용산구 독서당로 39,37.53156534481443,127.00700319661831,3,신성미소시티 용산구 한남동
용산구,후암동,화인,화인,화인힐빌라,서울 용산구 후암동 244-99,서울 용산구 후암로16길 27,37.548597109524714,126.97911011011288,3,화인 용산구 후암동
용산구,후암동,힐튼빌리지2차,힐튼빌리지2차,힐튼빌리지2차,서울 용산구 후암동 244-88,서울 용산구 후암로16나길 23,37.54938985998666,126.97839695442704,3,힐튼빌리지2차 용산구 후암동
용산구,이촌동,로얄맨숀,로얄맨숀,로얄맨숀,서울 용산구 이촌동 301-10,서울 용산구 이촌로75길 6,37.520056108361096,126.97453445195448,3,로얄맨숀 용산구 이촌동
용산구,이촌동,강서,강서,강서맨션,서울 용산구 이촌동 193-5,서울 용산구 이촌로34길 10,37.52323792658771,126.95970724960424,3,강서 용산구 이촌동
용산구,용문동,대성2차,대성2차,대성2차아파트,서울 용산구 용문동 38-235,서울 용산구 효창원로25나길 21,37.537292170559155,126.95585159643724,3,대성2차 용산구 용문동
용산구,효창동,아이딜,아이딜,아이딜아파트,서울 용산구 효창동 130-2,서울 용산구 백범로51길 23,37.54083999064533,126.96001686584552,3,아이딜 용산구 효창동
용산구,이촌동,보람더하임,보람더하임,보람더하임아파트,서울 용산구 이촌동 435,서울 용산구 이촌로58길 19,37.520270965498405,126.96876977330632,3,보람더하임 용산구 이촌동
용산구,한강로3가,원효전자상가,원효전자상가,원효전자상가,서울 용산구 한강로3가 16-20,서울 용산구 청파로 77,37.53365382047815,126.96063844920576,3,원효전자상가 용산구 한강로3가
용산구,효창동,효창아트빌2차,효창아트빌2차,아트빌2차아파트,서울 용산구 효창동 5-158,서울 용산구 효창원로69길 31,37.5421592003235,126.960450669897,3,효창아트빌2차 용산구 효창동
용산구,청암동,GS자이,GS자이,GS25 용산파크자이점,서울 용산구 한강로1가 50-1,서울 용산구 한강대로 205,37.53631162456734,126.97292453724953,2,GS자이 용산구 청암동
용산구,한강로2가,용산파크e-편한세상,용산파크e-편한세상,용산파크e편한세상아파트,서울 용산구 한강로2가 417,서울 용산구 한강대로53길 16,37.5339667470082,126.97093184254668,3,용산파크e-편한세상 용산구 한강로2가
용산구,효창동,효창한신,효창한신,효창한신아파트,서울 용산구 효창동 5-145,서울 용산구 백범로45길 9-11,37.54153462470402,126.9573370480064,3,효창한신 용산구 효창동
용산구,효창동,효창베네스,효창베네스,효창베네스아파트,서울 용산구 효창동 272,서울 용산구 효창원로69길 57,37.542270483617855,126.95915613586438,3,효창베네스 용산구 효창동
용산구,이촌동,빌라맨션,빌라맨션,빌라,서울 용산구 이촌동 302-86,서울 용산구 이촌로 156,37.52119142535238,126.96430108674522,3,빌라맨션 용산구 이촌동
용산구,이태원동,창덕아파트,창덕아파트,창덕아파트,서울 용산구 이태원동 252-1,서울 용산구 회나무로21길 7,37.54014722332869,126.9907759933078,3,창덕아파트 용산구 이태원동
용산구,용산동2가,용암한신,용암한신,한신용암아파트,서울 용산구 용산동2가 47-5,서울 용산구 신흥로2길 58,37.542428293015085,126.98787897818066,3,용암한신 용산구 용산동2가
용산구,후암동,신후암,신후암,신후암아파트,서울 용산구 후암동 244-86,서울 용산구 후암로28길 10,37.549822234809305,126.97783326867896,3,신후암 용산구 후암동
용산구,청암동,SK청암대(64-1),SK청암대,SK청암대아파트(1동),서울 용산구 청암동 64-1,서울 용산구 삼개로 58,37.5353247700633,126.947947459574,3,SK청암대 용산구 청암동
용산구,용문동,삼성하이츠,삼성하이츠,삼성하이츠아파트,서울 용산구 용문동 38-76,서울 용산구 효창원로25다길 17-3,37.537207773304736,126.95665271831052,3,삼성하이츠 용산구 용문동
용산구,이촌동,한강동부,한강동부,한강동부아파트,서울 용산구 이촌동 302-63,서울 용산구 이촌로58길 16,37.520505053382806,126.96812262615398,3,한강동부 용산구 이촌동
용산구,이촌동,월드메르디앙,월드메르디앙,월드메르디앙아파트,서울 용산구 이촌동 302-53,서울 용산구 이촌로62길 14,37.5207395501517,126.969009394336,3,월드메르디앙 용산구 이촌동
용산구,이촌동,장미,장미,장미아파트,서울 용산구 이촌동 302-64,서울 용산구 이촌로64길 61,37.52017697122948,126.9676917782926,3,장미 용산구 이촌동
용산구,후암동,후암,후암,후암시장,서울 용산구 후암동 102-2,,37.55029311763281,126.97609377452645,3,후암 용산구 후암동
용산구,후암동,신주에지앙,신주에지앙,신주에지앙아파트,서울 용산구 후암동 302,서울 용산구 후암로28마길 2,37.5494316244421,126.98021436040226,3,신주에지앙 용산구 후암동
용산구,이촌동,코스모스,코스모스,코스모스맨숀,서울 용산구 이촌동 302-62,서울 용산구 이촌로54길 5,37.52085822570341,126.9680455535623,3,코스모스 용산구 이촌동
용산구,효창동,세인트힐,세인트힐,세인트힐아파트,서울 용산구 효창동 5-17,서울 용산구 효창원로72길 42,37.54231886123186,126.96383500688904,3,세인트힐 용산구 효창동
용산구,문배동,G&P용산파크,G&P용산파크,G&P용산파크오피스텔,서울 용산구 문배동 11-34,서울 용산구 청파로 201-17,37.53779742530299,126.96944134538336,3,G&P용산파크 용산구 문배동
용산구,이촌동,타워맨션,타워맨션,타워맨션,서울 용산구 이촌동 302-28,서울 용산구 이촌로46길 2,37.52097268287285,126.96497313125867,3,타워맨션 용산구 이촌동
용산구,이태원동,메이(124-12),메이,메이아파트,서울 용산구 이태원동 124-12,서울 용산구 이태원로27나길 36,37.53508030960208,126.9966374027152,3,메이 용산구 이태원동
용산구,후암동,제일,제일,후암제일교회,서울 용산구 후암동 1-14,서울 용산구 후암로44길 3,37.552431373447,126.97703578762,3,제일 용산구 후암동
용산구,문배동,이안용산3차,이안용산3차,이안용산3차아파트,서울 용산구 문배동 40-39,서울 용산구 청파로 205-26,37.538846282603394,126.96980299178136,3,이안용산3차 용산구 문배동
용산구,후암동,미소가,미소가,미소가아파트,서울 용산구 후암동 55-24,서울 용산구 후암로28다길 7-5,37.550020683186865,126.97908707978507,3,미소가 용산구 후암동
용산구,이태원동,다원,다원,다원아파트,서울 용산구 이태원동 254-10,서울 용산구 회나무로13가길 6,37.54051477328308,126.99006083507172,3,다원 용산구 이태원동
용산구,한강로3가,철우,철우,한양철우아파트,서울 용산구 한강로3가 65-500,서울 용산구 서빙고로 48,37.52355070554999,126.96911230671644,3,철우 용산구 한강로3가
용산구,효창동,용산롯데캐슬센터포레,용산롯데캐슬센터포레,용산롯데캐슬센터포레아파트,서울 용산구 효창동 287,서울 용산구 백범로 313,37.53957881430627,126.96348896177466,3,용산롯데캐슬센터포레 용산구 효창동
용산구,효창동,예빌리지,예빌리지,예빌리지아파트,서울 용산구 효창동 5-262,서울 용산구 백범로45길 9-10,37.541588840855,126.95777152233,3,예빌리지 용산구 효창동
용산구,한남동,오페라하우스3차,오페라하우스3차,오페라하우스3차아파트,서울 용산구 한남동 657-33,서울 용산구 대사관로 23,37.533958607505085,127.00096169747104,3,오페라하우스3차 용산구 한남동
용산구,보광동,한강빌라,한강빌라,한강빌라,서울 용산구 보광동 208-1,서울 용산구 보광로7길 55,37.52566847883415,126.99798631523208,3,한강빌라 용산구 보광동
용산구,이촌동,두산위브트레지움,두산위브트레지움,이촌두산위브트레지움아파트,서울 용산구 이촌동 301-155,서울 용산구 이촌로 177,37.521820244520065,126.96712658824391,3,두산위브트레지움 용산구 이촌동
용산구,동빙고동,노블캐슬,노블캐슬,노블캐슬아파트,서울 용산구 동빙고동 310-10,서울 용산구 장문로 30,37.52781000365009,126.99358543875042,3,노블캐슬 용산구 동빙고동
용산구,동빙고동,현대플라티앙2,현대플라티앙2,플레띠앙II아파트,서울 용산구 동빙고동 1-14,서울 용산구 장문로9길 65,37.526560441412606,126.99667851187031,3,현대플라티앙2 용산구 동빙고동
용산구,효창동,로얄카운티,로얄카운티,로얄카운티아파트,서울 용산구 효창동 5-606,서울 용산구 효창원로70길 34,37.541800020863086,126.9642799476962,3,로얄카운티 용산구 효창동
용산구,보광동,카사빌라,카사빌라,아미고까사,서울 용산구 청파동1가 1-25,서울 용산구 청파로71가길 23-8,37.549837771732385,126.96717086970968,2,카사빌라 용산구
용산구,한강로3가,센트럴파크,센트럴파크,용산센트럴파크아파트,서울 용산구 한강로3가 98,서울 용산구 서빙고로 17,37.525925365358376,126.96768364295748,3,센트럴파크 용산구 한강로3가
용산구,효창동,대성효창,대성효창,대성효창아파트,서울 용산구 효창동 5-258,서울 용산구 백범로45길 21-26,37.54183402880599,126.95809726402187,3,대성효창 용산구 효창동
용산구,후암동,남산애지앙,남산애지앙,남산애지앙아파트,서울 용산구 후암동 1-10,서울 용산구 후암로34길 31-17,37.5524640499156,126.978307795417,3,남산애지앙 용산구 후암동
용산구,이촌동,중앙하이츠(A),중앙하이츠,중앙하이츠빌라,서울 용산구 한남동 1-233,서울 용산구 유엔빌리지길 193,37.53673202765112,127.0134416341645,2,중앙하이츠 용산구
용산구,한강로1가,삼각아파트C동,삼각아파트C동,삼각아파트 C동,서울 용산구 한강로1가 231-24,서울 용산구 한강대로62길 32,37.53375647935137,126.97333276705412,3,삼각아파트C동 용산구 한강로1가
용산구,효창동,효삼골드빌,효삼골드빌,효삼골드빌아파트,서울 용산구 효창동 3-3,서울 용산구 효창원로93길 14,37.54863364003428,126.96279198775156,3,효삼골드빌 용산구 효창동
용산구,한남동,대성이태리하우스,대성이태리하우스,이태리하우스아파트,서울 용산구 한남동 809,서울 용산구 한남대로27길 42,37.53877080742741,127.0033672889294,3,대성이태리하우스 용산구 한남동
용산구,후암동,예빌리지,예빌리지,예빌리지,서울 용산구 후암동 244-87,서울 용산구 후암로22길 7,37.549488909324275,126.97806874923332,3,예빌리지 용산구 후암동
용산구,이촌동,노들,노들,노들서가,서울 용산구 이촌동 302-146,,37.51827998357702,126.95791474572007,3,노들 용산구 이촌동
용산구,원효로1가,로얄카운티-2,로얄카운티-2,로얄카운티아파트 2동,서울 용산구 원효로1가 17-5,서울 용산구 백범로79다길 27,37.54155920974087,126.96652161079024,3,로얄카운티-2 용산구 원효로1가
용산구,이태원동,남산힐레지던스,남산힐레지던스,남산힐아파트,서울 용산구 이태원동 102-12,서울 용산구 이태원로27다길 11,37.536095657382255,126.99450459069978,3,남산힐레지던스 용산구 이태원동
용산구,원효로1가,로얄카운티-3,로얄카운티-3,로얄카운티아파트 3동,서울 용산구 원효로1가 17-5,서울 용산구 백범로79다길 27,37.5415593235728,126.96692556465896,3,로얄카운티-3 용산구 원효로1가
용산구,보광동,주미,주미,주미아파트,서울 용산구 보광동 260-6,서울 용산구 보광로 40,37.5280056947379,126.99965155378712,3,주미 용산구 보광동
용산구,한남동,로얄튼빌라,로얄튼빌라,로얄튼빌라,서울 용산구 한남동 1-297,서울 용산구 유엔빌리지길 53,37.53241658776953,127.00985097349502,3,로얄튼빌라 용산구 한남동
용산구,한남동,나인원한남,나인원한남,나인원한남아파트,서울 용산구 한남동 829,서울 용산구 한남대로 91,37.53635611620867,127.0037077452984,3,나인원한남 용산구 한남동
용산구,원효로4가,풍전,풍전,풍전아파트,서울 용산구 원효로4가 109-4,서울 용산구 원효로25길 14,37.5326060107892,126.953364173278,3,풍전 용산구 원효로4가
용산구,효창동,효창로즈,효창로즈,효창로즈아파트,서울 용산구 효창동 3-4,서울 용산구 효창원로93길 16,37.54858220584414,126.96254758129788,3,효창로즈 용산구 효창동
용산구,한강로1가,센트럴파크,센트럴파크,센트럴파크,서울 용산구 한강로1가 216-11,서울 용산구 한강대로62길 45-25,37.53263039440595,126.9740798845402,3,센트럴파크 용산구 한강로1가
용산구,한남동,르가든더메인한남,르가든더메인한남,르가든더메인한남,서울 용산구 한남동 386,서울 용산구 한남대로10길 16,37.53155342434216,127.00990177173009,3,르가든더메인한남 용산구 한남동
용산구,이촌동,장미(203-14),장미,장미아파트,서울 용산구 이촌동 302-64,서울 용산구 이촌로64길 61,37.52017697122948,126.9676917782926,3,장미 용산구 이촌동
용산구,한남동,파르크한남,파르크한남,파르크한남아파트,서울 용산구 한남동 410,서울 용산구 유엔빌리지길 80-36,37.5314073146311,127.011527531456,3,파르크한남 용산구 한남동
용산구,용문동,대호드림빌(38-213),대호드림빌,대호드림빌,서울 용산구 용문동 38-64,서울 용산구 효창원로 75-12,37.53695014569316,126.95681240243806,3,대호드림빌 용산구 용문동
용산구,이촌동,퀸스리버빌,퀸스리버빌,퀸스리버빌아파트,서울 용산구 이촌동 302-140,서울 용산구 이촌로46길 26,37.520601610993495,126.96545293649744,3,퀸스리버빌 용산구 이촌동
용산구,후암동,몬테피오레,몬테피오레,몬테피오레아파트,서울 용산구 후암동 41-1,서울 용산구 두텁바위로69길 29,37.5509613819496,126.97940821002,3,몬테피오레 용산구 후암동
용산구,한남동,유엔맨숀,유엔맨숀,유엔맨숀,서울 용산구 한남동 1-35,서울 용산구 독서당로 108,37.5358798683988,127.011680963981,3,유엔맨숀 용산구 한남동
용산구,동빙고동,힐하우스,힐하우스,허브힐하우스,서울 용산구 이태원동 212-48,서울 용산구 회나무로12나길 15,37.53842633161232,126.99101607826604,2,힐하우스 용산구 동빙고동
용산구,효창동,용산데시앙포레,용산데시앙포레,용산데시앙포레아파트,서울 용산구 효창동 288,서울 용산구 효창원로 227,37.547484848639016,126.9627348465004,3,용산데시앙포레 용산구 효창동
용산구,효창동,태원팰리스,태원팰리스,태원팰리스아파트,서울 용산구 효창동 5-1,서울 용산구 효창원로70길 49,37.542495599323885,126.96430224659966,3,태원팰리스 용산구 효창동
용산구,후암동,행남그랜드,행남그랜드,행남그랜드아파트,서울 용산구 후암동 244-5,서울 용산구 후암로16가길 4,37.548006773766595,126.97810765859342,3,행남그랜드 용산구 후암동
용산구,원효로1가,시온캐슬용산,시온캐슬용산,시온캐슬용산아파트,서울 용산구 원효로1가 28-7,서울 용산구 원효로81길 3,37.5392240611122,126.967390506378,3,시온캐슬용산 용산구 원효로1가
용산구,효창동,울트라멤버스,울트라멤버스,울트라멤버스아파트,서울 용산구 효창동 5-127,서울 용산구 임정로 9,37.54246027811329,126.96088275806098,3,울트라멤버스 용산구 효창동
용산구,주성동,PRIMAVERAVILL,PRIMAVERAVILL,PRIMAVERAVILL,서울 용산구 주성동 43-21,서울 용산구 서빙고로91가길 29-7,37.522803298723446,126.99849545038164,3,PRIMAVERAVILL 용산구 주성동
용산구,서빙고동,아페르한강,아페르한강,아페르한강아파트,서울 용산구 서빙고동 4-18,,37.52266794898834,126.99297501034144,3,아페르한강 용산구 서빙고동
용산구,원효로3가,용산소미글로벌리버파크,용산소미글로벌리버파크,용산소미글로벌리버파크오피스텔,서울 용산구 원효로3가 277-8,서울 용산구 원효로 111,37.5329511865471,126.955951455234,3,용산소미글로벌리버파크 용산구 원효로3가
용산구,이촌동,이촌시범,이촌시범,중산1차시범아파트,서울 용산구 이촌동 211-2,서울 용산구 이촌로2가길 36,37.52974079522804,126.95328450037452,3,이촌시범 용산구 이촌동
용산구,이촌동,시범(중산1차),시범,시범아파트,서울 용산구 이촌동 206-27,서울 용산구 이촌로14길 11-6,37.52768694397232,126.9543910749591,3,시범 용산구 이촌동
용산구,서계동,어반허브서울스테이션(UrbanHubSeoulStation),어반허브서울스테이션,어반허브서울스테이션아파트,서울 용산구 서계동 100-1,,37.5510111591035,126.968221673196,3,어반허브서울스테이션 용산구 서계동
용산구,갈월동,용산남영역롯데캐슬헤리티지,용산남영역롯데캐슬헤리티지,용산남영역롯데캐슬헤리티지아파트,서울 용산구 갈월동 98-6,,37.5413587369863,126.971685960262,3,용산남영역롯데캐슬헤리티지 용산구 갈월동
성동구,옥수동,옥수파크힐스101동~116동,옥수파크힐스,e편한세상옥수파크힐스아파트,서울 성동구 옥수동 528,서울 성동구 매봉길 50,37.547390888751856,127.0131323546349,3,옥수파크힐스 성동구 옥수동
성동구,성수동1가,갤러리아포레,갤러리아포레,갤러리아포레아파트,서울 성동구 성수동1가 685-696,서울 성동구 서울숲2길 32-14,37.54578380383026,127.04247979310723,3,갤러리아포레 성동구 성수동1가
성동구,홍익동,홍익한신,홍익한신,홍익한신가로주택정비사업아파트 (예정),서울 성동구 홍익동 119-1,,37.5665824772273,127.033985357991,3,홍익한신 성동구 홍익동
성동구,마장동,세림,세림,마장세림아파트,서울 성동구 마장동 784,서울 성동구 마장로42길 16,37.565294802882086,127.04518475011572,3,세림 성동구 마장동
성동구,응봉동,대림(2차),대림,대림1차아파트,서울 성동구 응봉동 100,서울 성동구 독서당로62길 43,37.551931570555105,127.033262350571,3,대림 성동구 응봉동
성동구,행당동,행당한진타운,행당한진타운,행당한진타운아파트,서울 성동구 행당동 346,서울 성동구 행당로 82,37.5559331868365,127.028746219483,3,행당한진타운 성동구 행당동
성동구,송정동,건영,건영,송정건영아파트,서울 성동구 송정동 90,서울 성동구 동일로 263,37.55599829276669,127.07089683623153,3,건영 성동구 송정동
성동구,옥수동,레미테지,레미테지,레미테지,서울 성동구 옥수동 220-2,서울 성동구 독서당로 154,37.53960638020452,127.01193726295828,3,레미테지 성동구 옥수동
성동구,응봉동,서울숲리버그린동아아파트,서울숲리버그린동아아파트,서울숲리버그린동아아파트,서울 성동구 응봉동 276,서울 성동구 고산자로4길 34,37.55306563712833,127.03725095663398,3,서울숲리버그린동아아파트 성동구 응봉동
성동구,하왕십리동,센트라스,센트라스,센트라스아파트,서울 성동구 하왕십리동 1070,서울 성동구 왕십리로 410,37.56553911024445,127.02706905928386,3,센트라스 성동구 하왕십리동
성동구,행당동,서울숲 한신 더 휴,서울숲 한신 더 휴,서울숲한신더휴아파트,서울 성동구 행당동 349,서울 성동구 고산자로 164,37.55559257829403,127.0354867067092,3,서울숲 한신 더 휴 성동구 행당동
성동구,금호동4가,대우,대우,금호대우아파트,서울 성동구 금호동4가 800,서울 성동구 독서당로 272,37.546119503704226,127.0200767150496,3,대우 성동구 금호동4가
성동구,하왕십리동,왕십리자이,왕십리자이,왕십리자이아파트,서울 성동구 하왕십리동 1071,서울 성동구 난계로 100,37.56074812779818,127.0247131533248,3,왕십리자이 성동구 하왕십리동
성동구,행당동,신동아,신동아,신동아아파트,서울 성동구 행당동 344,서울 성동구 독서당로 441,37.55437159182884,127.03283790932718,3,신동아 성동구 행당동
성동구,마장동,왕십리금호어울림,왕십리금호어울림,왕십리금호어울림아파트,서울 성동구 마장동 820,서울 성동구 마조로 57,37.56291318497271,127.04102943528832,3,왕십리금호어울림 성동구 마장동
성동구,성수동1가,중앙하이츠빌,중앙하이츠빌,중앙하이츠빌아파트,서울 성동구 성수동1가 715,서울 성동구 상원길 47,37.54788290144932,127.04779506768926,3,중앙하이츠빌 성동구 성수동1가
성동구,옥수동,옥수하이츠,옥수하이츠,옥수하이츠아파트,서울 성동구 옥수동 100,서울 성동구 한림말길 50,37.540023930362445,127.01624382013225,3,옥수하이츠 성동구 옥수동
성동구,옥수동,예건네스빌,예건네스빌,예건네스빌아파트,서울 성동구 옥수동 365-11,서울 성동구 한림말1길 10,37.54219979149384,127.01662788197596,3,예건네스빌 성동구 옥수동
성동구,금호동2가,래미안하이리버,래미안하이리버,래미안하이리버아파트,서울 성동구 금호동2가 1217,서울 성동구 금호로 107,37.55126336183034,127.0245447974146,3,래미안하이리버 성동구 금호동2가
성동구,금호동3가,두산,두산,두산아파트,서울 성동구 금호동3가 1331,서울 성동구 동호로 100,37.54998535285399,127.0164247825434,3,두산 성동구 금호동3가
성동구,옥수동,옥수삼성,옥수삼성,옥수삼성아파트,서울 성동구 옥수동 250,서울 성동구 독서당로 218,37.542363208463854,127.0140400959574,3,옥수삼성 성동구 옥수동
성동구,사근동,중앙하이츠,중앙하이츠,하이츠아파트,서울 성동구 사근동 199,서울 성동구 사근동길 65,37.56153628348303,127.04861983447952,3,중앙하이츠 성동구 사근동
성동구,하왕십리동,왕십리풍림아이원,왕십리풍림아이원,왕십리풍림아이원아파트,서울 성동구 하왕십리동 1061,서울 성동구 난계로 84,37.5586154697619,127.02470452648248,3,왕십리풍림아이원 성동구 하왕십리동
성동구,하왕십리동,왕십리KCC스위첸,왕십리KCC스위첸,왕십리KCC스위첸아파트,서울 성동구 하왕십리동 1002,서울 성동구 무학봉길 35,37.560619703150174,127.02692240752256,3,왕십리KCC스위첸 성동구 하왕십리동
성동구,금호동4가,서울숲2차푸르지오,서울숲2차푸르지오,서울숲2차푸르지오아파트,서울 성동구 금호동4가 235,서울 성동구 금호로 17,37.54644313089131,127.02400118172234,3,서울숲2차푸르지오 성동구 금호동4가
성동구,하왕십리동,무학현대,무학현대,무학현대아파트,서울 성동구 하왕십리동 992,서울 성동구 무학봉길 49,37.56115917822313,127.02787898949596,3,무학현대 성동구 하왕십리동
성동구,성수동2가,롯데캐슬파크,롯데캐슬파크,성수롯데캐슬파크아파트,서울 성동구 성수동2가 835,서울 성동구 성수일로8길 47,37.54604848490114,127.05595945975698,3,롯데캐슬파크 성동구 성수동2가
성동구,금호동2가,신금호파크자이,신금호파크자이,신금호파크자이아파트,서울 성동구 금호동2가 1,서울 성동구 금호로 173,37.55540086629908,127.01899726814244,3,신금호파크자이 성동구 금호동2가
성동구,송정동,양지쉐르빌아파트,양지쉐르빌아파트,양지쉐르빌아파트,서울 성동구 송정동 97,서울 성동구 동일로 291,37.557620093178045,127.07237306415244,3,양지쉐르빌아파트 성동구 송정동
성동구,금호동4가,삼산금호,삼산금호,삼산아파트,서울 성동구 금호동4가 180,서울 성동구 금호로3길 10,37.54750974107745,127.02483552288577,3,삼산금호 성동구
성동구,행당동,대림e-편한세상,대림e-편한세상,행당대림아파트,서울 성동구 행당동 347,서울 성동구 행당로 79,37.55790135050871,127.02711722579186,3,대림e-편한세상 성동구 행당동
성동구,옥수동,극동,극동,옥수극동아파트,서울 성동구 옥수동 428,서울 성동구 독서당로 191,37.543277993087,127.01154746373398,3,극동 성동구 옥수동
성동구,성수동1가,서울숲한양현대,서울숲한양현대,한양현대아파트,서울 성동구 성수동1가 707,서울 성동구 상원1길 17,37.5455113940141,127.0479881859078,3,서울숲한양현대 성동구
성동구,성수동2가,성수우방2차아파트,성수우방2차아파트,성수우방2차아파트,서울 성동구 성수동2가 286,서울 성동구 성수일로10길 3,37.54836235311854,127.05178322508117,3,성수우방2차아파트 성동구 성수동2가
성동구,옥수동,옥수파크힐스117동~125동,옥수파크힐스,e편한세상옥수파크힐스아파트,서울 성동구 옥수동 528,서울 성동구 매봉길 50,37.547390888751856,127.0131323546349,3,옥수파크힐스 성동구 옥수동
성동구,옥수동,래미안 옥수 리버젠,래미안 옥수 리버젠,래미안옥수리버젠아파트,서울 성동구 옥수동 561,서울 성동구 매봉길 15,37.5449806355556,127.01383916640964,3,래미안 옥수 리버젠 성동구 옥수동
성동구,성수동2가,청구강변1,청구강변1,서울성동 대림강변타운 1 전기차충전소,서울 성동구 응봉동 15,서울 성동구 고산자로 160,37.5543692053774,127.034876131018,2,청구강변1 성동구
성동구,응봉동,대림(1차),대림,대림1차아파트,서울 성동구 응봉동 100,서울 성동구 독서당로62길 43,37.551931570555105,127.033262350571,3,대림 성동구 응봉동
성동구,하왕십리동,극동미라주,극동미라주,하왕십리극동미라주아파트,서울 성동구 하왕십리동 1058,서울 성동구 난계로 73,37.5587851192291,127.023418875819,3,극동미라주 성동구 하왕십리동
성동구,응봉동,대림강변타운,대림강변타운,대림강변타운아파트,서울 성동구 응봉동 15,서울 성동구 고산자로 160,37.553430107559,127.0357391828018,3,대림강변타운 성동구 응봉동
성동구,하왕십리동,상리제나우스,상리제나우스,상리제나우스,서울 성동구 하왕십리동 966-18,서울 성동구 무학봉28길 5,37.56231026048785,127.03290024891626,3,상리제나우스 성동구 하왕십리동
성동구,금호동1가,벽산,벽산,벽산아파트,서울 성동구 금호동1가 633,서울 성동구 금호로 100,37.55252428724624,127.02671918618384,3,벽산 성동구 금호동1가
성동구,금호동1가,이편한세상금호파크힐스,이편한세상금호파크힐스,e편한세상금호파크힐스아파트,서울 성동구 금호동1가 1823,서울 성동구 금호로 140,37.55460192482107,127.0227192949941,3,이편한세상금호파크힐스 성동구 금호동1가
성동구,용답동,중앙하이츠,중앙하이츠,중앙하이츠아파트,서울 성동구 용답동 15,서울 성동구 용답중앙27길 10,37.563191015465875,127.05564404277904,3,중앙하이츠 성동구 용답동
성동구,성수동1가,대우2,대우2,성수대우2차아파트 104동,서울 성동구 성수동1가 709,서울 성동구 상원6길 16,37.54812870008523,127.05038098277942,3,대우2 성동구 성수동1가
성동구,금호동2가,금호자이1차,금호자이1차,금호센트럴자이아파트,서울 성동구 금호동2가 1215,서울 성동구 금호로 117,37.55283872292237,127.02245281162593,3,금호자이1차 성동구 금호동2가
성동구,성수동2가,성수1차대우아파트,성수1차대우아파트,성수1차대우아파트,서울 성동구 성수동2가 279-50,서울 성동구 동일로 143,37.54538055051584,127.06530582137648,3,성수1차대우아파트 성동구 성수동2가
성동구,금호동4가,서울숲푸르지오,서울숲푸르지오,서울숲1차푸르지오아파트,서울 성동구 금호동4가 340,서울 성동구 금호로 15,37.544733216499736,127.02308858683004,3,서울숲푸르지오 성동구 금호동4가
성동구,성수동1가,쌍용,쌍용,쌍용아파트,서울 성동구 성수동1가 706,서울 성동구 상원길 63,37.54950857809543,127.04711032963864,3,쌍용 성동구 성수동1가
성동구,하왕십리동,벽산,벽산,청계벽산아파트,서울 성동구 하왕십리동 258,서울 성동구 무학로 50,37.56887789578605,127.03189797765464,3,벽산 성동구 하왕십리동
성동구,행당동,서울숲행당푸르지오,서울숲행당푸르지오,서울숲행당푸르지오아파트,서울 성동구 행당동 376,서울 성동구 고산자로 177,37.555200612275385,127.0324670657178,3,서울숲행당푸르지오 성동구 행당동
성동구,금호동4가,롯데,롯데,금호롯데아파트,서울 성동구 금호동4가 1250,서울 성동구 동호로 84,37.5470623781366,127.01736790125612,3,롯데 성동구 금호동4가
성동구,금호동3가,금호한신,금호한신,금호한신휴플러스아파트,서울 성동구 금호동3가 1662,서울 성동구 금호산길 27,37.55015812009477,127.0179661326552,3,금호한신 성동구 금호동3가
성동구,성수동2가,서울숲금강아미움,서울숲금강아미움,서울숲금강아미움아파트,서울 성동구 성수동2가 836,서울 성동구 아차산로9길 34,37.546619672957455,127.05973037782698,3,서울숲금강아미움 성동구 성수동2가
성동구,옥수동,현대,현대,옥수현대아파트,서울 성동구 옥수동 4,서울 성동구 독서당로40길 25,37.54360591337897,127.0188788562674,3,현대 성동구 옥수동
성동구,금호동4가,브라운스톤금호,브라운스톤금호,브라운스톤금호1차아파트,서울 성동구 금호동4가 1507,서울 성동구 매봉길 24,37.546745465179946,127.01566137190224,3,브라운스톤금호 성동구 금호동4가
성동구,마장동,삼성,삼성,왕십리삼성아파트,서울 성동구 마장동 817,서울 성동구 마장로 271,37.56616158609928,127.04012796420665,3,삼성 성동구 마장동
성동구,도선동,삼성쉐르빌,삼성쉐르빌,성동삼성쉐르빌아파트,서울 성동구 도선동 69,서울 성동구 무학로6길 50,37.56439367955835,127.03493852908689,3,삼성쉐르빌 성동구 도선동
성동구,성수동1가,동아,동아,동아아파트,서울 성동구 성수동1가 656-320,서울 성동구 왕십리로 80,37.54437694551638,127.0459506397113,3,동아 성동구 성수동1가
성동구,상왕십리동,텐즈힐(2단지),텐즈힐,텐즈힐2단지아파트,서울 성동구 상왕십리동 811,서울 성동구 마장로 137,37.57046537873107,127.02467334916216,3,텐즈힐 성동구 상왕십리동
성동구,마장동,마장동중앙하이츠,마장동중앙하이츠,왕십리중앙하이츠아파트,서울 성동구 마장동 819,서울 성동구 마장로 262,37.56542311435469,127.03909981702712,3,마장동중앙하이츠 성동구 마장동
성동구,하왕십리동,텐즈힐(1단지),텐즈힐,텐즈힐1단지아파트,서울 성동구 하왕십리동 1066,서울 성동구 무학로 33,37.5688608776878,127.02794524824768,3,텐즈힐 성동구 하왕십리동
성동구,금호동3가,금호자이2차,금호자이2차,금호자이2차아파트,서울 성동구 금호동3가 700,서울 성동구 금호산8길 14,37.550353859612535,127.02197563880478,3,금호자이2차 성동구 금호동3가
성동구,마장동,한건토파즈빌,한건토파즈빌,한건토파즈빌오피스텔,서울 성동구 마장동 512-2,서울 성동구 마장로31길 28-21,37.568836249405344,127.03860468117242,3,한건토파즈빌 성동구 마장동
성동구,행당동,서울숲더샵,서울숲더샵,서울숲더샵아파트,서울 성동구 행당동 377,서울 성동구 왕십리로 241,37.5568092147101,127.040204434832,3,서울숲더샵 성동구 행당동
성동구,성수동1가,서울숲대림,서울숲대림,서울숲대림아파트,서울 성동구 성수동1가 656-234,서울 성동구 뚝섬로 311,37.54212831368749,127.04527034034896,3,서울숲대림 성동구 성수동1가
성동구,성수동2가,강변금호타운,강변금호타운,강변금호타운아파트,서울 성동구 성수동2가 830,서울 성동구 둘레19길 7,37.53534028354174,127.05745852149556,3,강변금호타운 성동구 성수동2가
성동구,하왕십리동,블루빌,블루빌,블루빌아파트,서울 성동구 하왕십리동 890-446,서울 성동구 왕십리로31길 15,37.56344055669503,127.02764441388996,3,블루빌 성동구 하왕십리동
성동구,마장동,현대,현대,청계현대아파트,서울 성동구 마장동 818,서울 성동구 살곶이길 50,37.56944936052056,127.04258265353872,3,현대 성동구 마장동
성동구,성수동2가,강변임광,강변임광,강변임광아파트,서울 성동구 성수동2가 609-2,서울 성동구 둘레19길 5,37.53525040284422,127.05700588127252,3,강변임광 성동구 성수동2가
성동구,성수동2가,서울숲힐스테이트,서울숲힐스테이트,서울숲힐스테이트아파트,서울 성동구 성수동2가 843,서울 성동구 성수일로4길 26,37.54123529245703,127.0521403815294,3,서울숲힐스테이트 성동구 성수동2가
성동구,하왕십리동,한신무학,한신무학,한신무학아파트,서울 성동구 하왕십리동 990,서울 성동구 왕십리로31나길 22,37.56235197903795,127.02837744267914,3,한신무학 성동구 하왕십리동
성동구,금호동3가,금호1차푸르지오,금호1차푸르지오,금호1차푸르지오아파트,서울 성동구 금호동3가 917,서울 성동구 금호산8길 5,37.549606289457095,127.0205393615038,3,금호1차푸르지오 성동구 금호동3가
성동구,응봉동,금호현대,금호현대,금호현대아파트,서울 성동구 응봉동 98,서울 성동구 독서당로 377,37.55104561618209,127.0309533562011,3,금호현대 성동구 응봉동
성동구,행당동,두산,두산,두산아파트,서울 성동구 행당동 345,서울 성동구 고산자로14길 40,37.56471009997542,127.0373246665036,3,두산 성동구 행당동
성동구,마장동,대성유니드,대성유니드,왕십리대성유니드아파트,서울 성동구 마장동 825,서울 성동구 마장로37길 7,37.56682882133314,127.03863420662242,3,대성유니드 성동구 마장동
성동구,옥수동,옥수,옥수,옥수하이웨이스테이션,서울 성동구 옥수동 450-1,서울 성동구 독서당로 168,37.5409723504373,127.011387564559,3,옥수 성동구 옥수동
성동구,마장동,마장동해맑은아파트,마장동해맑은아파트,해맑은아파트,서울 성동구 마장동 797-3,서울 성동구 마조로15가길 11,37.56429263093543,127.0409702028486,3,마장동해맑은아파트 성동구 마장동
성동구,마장동,삼성홈타운,삼성홈타운,왕십리삼성홈타운,서울 성동구 마장동 834,서울 성동구 마조로15길 23,37.563379687848304,127.03900027779736,3,삼성홈타운 성동구 마장동
성동구,하왕십리동,금호베스트빌,금호베스트빌,왕십리금호베스트빌아파트,서울 성동구 하왕십리동 1052,서울 성동구 난계로 114-31,37.561390297348694,127.02583952976624,3,금호베스트빌 성동구 하왕십리동
성동구,금호동1가,금호삼성래미안,금호삼성래미안,금호삼성래미안아파트,서울 성동구 금호동1가 1500,서울 성동구 독서당로 343,37.54910034615845,127.02736299736137,3,금호삼성래미안 성동구 금호동1가
성동구,성수동2가,현대I-PARK,현대I-PARK,그린어스 삼성 현대아이파크점,서울 강남구 삼성동 87,서울 강남구 영동대로 640,37.51833915306356,127.0595313656522,1,현대I-PARK 성동구 성수동2가
성동구,옥수동,한남하이츠,한남하이츠,한남하이츠,서울 성동구 옥수동 466,서울 성동구 독서당로39길 22,37.540075049725814,127.01035323599812,3,한남하이츠 성동구 옥수동
성동구,사근동,벽산,벽산,사근동벽산아파트,서울 성동구 사근동 314,서울 성동구 살곶이길 176,37.5605267578531,127.04960385344012,3,벽산 성동구 사근동
성동구,성수동1가,서울숲성수현대,서울숲성수현대,현대자동차블루핸즈 서울숲현대서비스,서울 성동구 성수동1가 5-1,서울 성동구 왕십리로16길 26,37.5512096851055,127.047054816861,3,서울숲성수현대 성동구
성동구,송정동,서울숲아이파크,서울숲아이파크,서울숲아이파크아파트,서울 성동구 송정동 104,서울 성동구 동일로 237,37.552672831662136,127.06917351503958,3,서울숲아이파크 성동구 송정동
성동구,성수동1가,트리마제,트리마제,트리마제아파트,서울 성동구 성수동1가 718,서울 성동구 왕십리로 16,37.53874253560364,127.04479986022127,3,트리마제 성동구 성수동1가
성동구,홍익동,청계대주파크빌,청계대주파크빌,청계대주파크빌아파트,서울 성동구 홍익동 53,서울 성동구 무학로12길 11,37.56747247983817,127.03138575255244,3,청계대주파크빌 성동구 홍익동
성동구,성수동1가,한진타운,한진타운,한진타운아파트,서울 성동구 성수동1가 704,서울 성동구 뚝섬로 310,37.54111197586196,127.04529688224926,3,한진타운 성동구 성수동1가
성동구,금호동2가,상기,상기,상기아파트,서울 성동구 금호동2가 500-7,서울 성동구 금호산9가길 52,37.5525618283525,127.018958070036,3,상기 성동구 금호동2가
성동구,옥수동,동인샤인빌,동인샤인빌,동인샤인빌아파트,서울 성동구 옥수동 12,서울 성동구 독서당로 242,37.5449215621088,127.01765256134864,3,동인샤인빌 성동구 옥수동
성동구,성수동1가,현대그린,현대그린,현대그린아파트,서울 성동구 성수동1가 33-2,서울 성동구 뚝섬로3길 6,37.540411788398025,127.05003520658796,3,현대그린 성동구 성수동1가
성동구,송정동,성동리버뷰,성동리버뷰,성동리버뷰아파트,서울 성동구 송정동 72-25,서울 성동구 동일로43길 15-22,37.55525744574529,127.06976553560897,3,성동리버뷰 성동구 송정동
성동구,성수동2가,E-아름다운세상,E-아름다운세상,E-아름다운세상아파트,서울 성동구 성수동2가 846,서울 성동구 광나루로6길 7-1,37.54776878074889,127.06084027970644,3,E-아름다운세상 성동구 성수동2가
성동구,옥수동,풍림아이원,풍림아이원,옥수강변풍림아이원아파트,서울 성동구 옥수동 60,서울 성동구 뚝섬로 51,37.54217143555568,127.01941257807164,3,풍림아이원 성동구 옥수동
성동구,행당동,행당두산위브,행당두산위브,행당두산위브아파트,서울 성동구 행당동 375,서울 성동구 행당로8길 8,37.55660455987939,127.03175580342338,3,행당두산위브 성동구 행당동
성동구,성수동1가,금호,금호,성수금호베스트빌3차아파트,서울 성동구 성수동1가 714,서울 성동구 뚝섬로5길 17,37.541956840802015,127.0504164330124,3,금호 성동구 성수동1가
성동구,성수동2가,한신한강,한신한강,한강한신아파트,서울 성동구 성수동2가 442,서울 성동구 성수이로 3,37.53579306773156,127.0525552236748,3,한신한강 성동구 성수동2가
성동구,성수동1가,강변건영아파트,강변건영아파트,강변건영아파트,서울 성동구 성수동1가 710,서울 성동구 왕십리로 36,37.540369624943715,127.0451063402216,3,강변건영아파트 성동구 성수동1가
성동구,금호동1가,신금호두산위브,신금호두산위브,신금호두산위브아파트,서울 성동구 금호동1가 1818,서울 성동구 행당로 27,37.555967012809646,127.02231794121602,3,신금호두산위브 성동구 금호동1가
성동구,성수동1가,강변동양,강변동양,성수동양아파트,서울 성동구 성수동1가 479-1,서울 성동구 둘레길 21,37.537691385581645,127.04631313164651,3,강변동양 성동구 성수동1가
성동구,옥수동,극동그린,극동그린,극동그린아파트,서울 성동구 옥수동 436,서울 성동구 독서당로 175,37.54195636877131,127.00998914359856,3,극동그린 성동구 옥수동
성동구,용답동,YM프라젠,YM프라젠,와이엠프라젠아파트,서울 성동구 용답동 226-4,서울 성동구 자동차시장1길 14,37.561320879767166,127.05867819926976,3,YM프라젠 성동구 용답동
성동구,성수동1가,동아그린,동아그린,성수동아그린아파트,서울 성동구 성수동1가 708,서울 성동구 상원길 76,37.55101907466686,127.0482927402086,3,동아그린 성동구 성수동1가
성동구,마장동,신성미소지움,신성미소지움,마장신성미소지움아파트입주자대표회의 전기차충전소,서울 성동구 마장동 822,서울 성동구 마장로39길 43,37.568337274147865,127.04329173961052,3,신성미소지움 성동구 마장동
성동구,응봉동,신동아,신동아,신동아아파트,서울 성동구 응봉동 275,서울 성동구 독서당로 375,37.550253109685286,127.02949998343615,3,신동아 성동구 응봉동
성동구,성수동1가,뚝섬현대,뚝섬현대,뚝섬현대아파트,서울 성동구 성수동1가 13-157,서울 성동구 상원길 42,37.5477563281847,127.04885418056892,3,뚝섬현대 성동구 성수동1가
성동구,하왕십리동,한진해모로,한진해모로,한진해모로아파트,서울 성동구 하왕십리동 1050,서울 성동구 왕십리로31길 20,37.56313810282958,127.02641737685506,3,한진해모로 성동구 하왕십리동
성동구,마장동,신명스카이뷰,신명스카이뷰,신명스카이뷰아파트,서울 성동구 마장동 830,서울 성동구 마장로 258,37.565531525883415,127.03820794747236,3,신명스카이뷰 성동구 마장동
성동구,금호동4가,브라운스톤2차,브라운스톤2차,브라운스톤금호2차아파트,서울 성동구 금호동4가 1550,서울 성동구 동호로 93,37.54758523832312,127.0153401690201,3,브라운스톤2차 성동구 금호동4가
성동구,옥수동,극동옥정,극동옥정,극동옥정아파트,서울 성동구 옥수동 557,서울 성동구 한림말길 24,37.54051439103745,127.01375008327052,3,극동옥정 성동구 옥수동
성동구,옥수동,옥수어울림,옥수어울림,옥수어울림아파트,서울 성동구 옥수동 560,서울 성동구 독서당로40길 37,37.542308582071065,127.01819055589412,3,옥수어울림 성동구 옥수동
성동구,성수동1가,서울숲해오름(717-0),서울숲해오름,서울숲해오름아파트,서울 성동구 성수동1가 717,서울 성동구 상원6나길 16,37.547939847107955,127.04953779880093,3,서울숲해오름 성동구 성수동1가
성동구,행당동,행당브라운스톤,행당브라운스톤,행당브라운스톤아파트,서울 성동구 행당동 364,서울 성동구 행당로 99,37.55854941333123,127.02983373377296,3,행당브라운스톤 성동구 행당동
성동구,행당동,서울숲리버뷰자이,서울숲리버뷰자이,서울숲리버뷰자이아파트,서울 성동구 행당동 380,서울 성동구 고산자로2길 65,37.55555294967707,127.03832055267158,3,서울숲리버뷰자이 성동구 행당동
성동구,성수동1가,우방,우방,성수동우방아파트,서울 성동구 성수동1가 705,서울 성동구 상원길 75,37.55066900131292,127.04726722926078,3,우방 성동구 성수동1가
성동구,성수동2가,강변현대,강변현대,강변현대아파트,서울 성동구 성수동2가 400,서울 성동구 둘레11길 1,37.53637049236016,127.05076228840773,3,강변현대 성동구 성수동2가
성동구,용답동,덕현해밀,덕현해밀,덕현해밀아파트,서울 성동구 용답동 252,서울 성동구 용답29길 29,37.564631957390155,127.0531482040464,3,덕현해밀 성동구 용답동
성동구,하왕십리동,상왕아파트,상왕아파트,상왕아파트,서울 성동구 하왕십리동 890-103,서울 성동구 왕십리로31나길 33,37.56354843003911,127.02867670650512,3,상왕아파트 성동구 하왕십리동
성동구,성수동2가,대명루첸,대명루첸,대명루첸아파트,서울 성동구 성수동2가 840,서울 성동구 뚝섬로 436,37.537235176998294,127.059102852618,3,대명루첸 성동구 성수동2가
성동구,홍익동,주암해븐,주암해븐,주함해븐아파트,서울 성동구 홍익동 366,서울 성동구 무학로10길 4,37.56606517662591,127.0311882125138,3,주암해븐 성동구 홍익동
성동구,성수동1가,우성,우성,우성아파트,서울 성동구 성수동1가 716,서울 성동구 성수일로11길 9,37.54883686209204,127.0504346461879,3,우성 성동구 성수동1가
성동구,금호동4가,힐스테이트서울숲리버,힐스테이트서울숲리버,힐스테이트서울숲리버아파트,서울 성동구 금호동4가 1553,서울 성동구 독서당로 344,37.54667682397977,127.02664354487428,3,힐스테이트서울숲리버 성동구 금호동4가
성동구,행당동,서울숲삼부아파트,서울숲삼부아파트,서울숲삼부아파트,서울 성동구 행당동 147,서울 성동구 왕십리로 280,37.559999650673866,127.03744907849064,3,서울숲삼부아파트 성동구 행당동
성동구,옥수동,옥수이테크빌,옥수이테크빌,옥수이테크빌아파트,서울 성동구 옥수동 558,서울 성동구 독서당로40길 27,37.54262224327723,127.01743928975142,3,옥수이테크빌 성동구 옥수동
성동구,마장동,장원,장원,장원아파트,서울 성동구 마장동 767-1,서울 성동구 마장로35길 104,37.569176503606435,127.04463017983248,3,장원 성동구 마장동
성동구,성수동2가,성동상가,성동상가,성동안심상가,서울 성동구 성수동2가 284-22,서울 성동구 성수일로12길 20,37.548187803574024,127.05325987325968,3,성동상가 성동구 성수동2가
성동구,성수동2가,성수동두산위브,성수동두산위브,성수두산위브아파트,서울 성동구 성수동2가 838,서울 성동구 뚝섬로 434,37.5371670455294,127.05841034709536,3,성수동두산위브 성동구 성수동2가
성동구,성수동2가,우성2차,우성2차,성수우성2차아파트,서울 성동구 성수동2가 837,서울 성동구 성수이로16길 13,37.540915300331605,127.05821865064028,3,우성2차 성동구 성수동2가
성동구,송정동,금호베스트빌,금호베스트빌,금호베스트빌아파트,서울 성동구 송정동 103,서울 성동구 광나루로 249,37.54934623053744,127.0576446755144,3,금호베스트빌 성동구 송정동
성동구,성수동1가,성수파크빌,성수파크빌,성수파크빌아파트,서울 성동구 성수동1가 685-191,서울 성동구 서울숲길 17,37.548246319190426,127.03964307595244,3,성수파크빌 성동구 성수동1가
성동구,마장동,아트리움,아트리움,안민아파트(아트리움),서울 성동구 마장동 768-1,서울 성동구 마장로39길 34,37.56811367967141,127.043692311695,3,아트리움 성동구 마장동
성동구,옥수동,벽산빌라트,벽산빌라트,강변벽산빌라트,서울 성동구 옥수동 191-3,서울 성동구 한림말길 56,37.54095090433947,127.01733366962657,3,벽산빌라트 성동구 옥수동
성동구,하왕십리동,왕십리지웰,왕십리지웰,하왕십리신영지웰아파트,서울 성동구 하왕십리동 1064,서울 성동구 무학봉길 76,37.56084482504286,127.03110680927836,3,왕십리지웰 성동구 하왕십리동
성동구,옥수동,옥수힐,옥수힐,옥수힐아파트,서울 성동구 옥수동 559,서울 성동구 독서당로 184,37.5420480858275,127.011977255828,3,옥수힐 성동구 옥수동
성동구,사근동,한양마이라움,한양마이라움,한양마이라움,서울 성동구 사근동 315,서울 성동구 살곶이길 146,37.56342315381293,127.04817171459896,3,한양마이라움 성동구 사근동
성동구,상왕십리동,센트럴큐브,센트럴큐브,센트럴큐브,서울 성동구 상왕십리동 12-47,서울 성동구 난계로24길 19,37.57063458535271,127.02552237747308,3,센트럴큐브 성동구 상왕십리동
성동구,금호동1가,신금호,신금호,신금호두산위브아파트,서울 성동구 금호동1가 1818,서울 성동구 행당로 27,37.555967012809646,127.02231794121602,3,신금호 성동구 금호동1가
성동구,마장동,삼웅아파트1동,삼웅아파트,"삼웅1,2차아파트",서울 성동구 마장동 778-1,서울 성동구 마장로46길 14,37.56657748670044,127.04605029790896,3,삼웅아파트 성동구 마장동
성동구,사근동,드림시드,드림시드,드림시드아파트,서울 성동구 사근동 198-1,서울 성동구 사근동10길 7,37.56110378094977,127.04867840801816,3,드림시드 성동구 사근동
성동구,마장동,태성,태성,태성축산유통,서울 성동구 마장동 514-8,서울 성동구 마장로31길 18,37.56777511683656,127.03786272591591,3,태성 성동구 마장동
성동구,마장동,우성에비뉴,우성에비뉴,우성에비뉴아파트,서울 성동구 마장동 835,서울 성동구 고산자로26길 11,37.57079849466969,127.03897811069436,3,우성에비뉴 성동구 마장동
성동구,하왕십리동,왕십리지음재,왕십리지음재,왕십리지음재,서울 성동구 하왕십리동 966-19,서울 성동구 무학봉28길 3-1,37.5623941163332,127.03267278623,3,왕십리지음재 성동구 하왕십리동
성동구,성수동2가,이화101동,이화,이화아파트,서울 성동구 성수동2가 320-2,서울 성동구 성수이로7가길 20,37.541770717029934,127.05558512166073,3,이화 성동구 성수동2가
성동구,성수동2가,삼익,삼익,삼익아파트,서울 성동구 성수동2가 223-6,서울 성동구 둘레19길 12,37.53557786210677,127.058042523257,3,삼익 성동구 성수동2가
성동구,하왕십리동,뉴타운,뉴타운,뉴타운아파트,서울 성동구 하왕십리동 887-2,서울 성동구 왕십리로 391,37.56458141672645,127.02678234920842,3,뉴타운 성동구 하왕십리동
성동구,금호동1가,푸른마을(8차),푸른마을,푸른마을8차아파트,서울 성동구 금호동1가 128-4,서울 성동구 행당로 31-35,37.5564282588445,127.022657603296,3,푸른마을 성동구 금호동1가
성동구,마장동,삼웅아파트2동,삼웅아파트,"삼웅1,2차아파트",서울 성동구 마장동 778-1,서울 성동구 마장로46길 14,37.56657748670044,127.04605029790896,3,삼웅아파트 성동구 마장동
성동구,금호동4가,리버마이다스빌,리버마이다스빌,리버마이다스빌아파트,서울 성동구 금호동4가 97-1,서울 성동구 독서당로 336,37.54771033210054,127.0263655350475,3,리버마이다스빌 성동구 금호동4가
성동구,마장동,행복드림,행복드림,행복드림아파트,서울 성동구 마장동 768-17,서울 성동구 마장로39가길 61,37.5677927720827,127.044104143225,3,행복드림 성동구 마장동
성동구,성수동1가,아크로서울포레스트,아크로서울포레스트,아크로서울포레스트아파트,서울 성동구 성수동1가 685-700,서울 성동구 왕십리로 83-21,37.54443721087189,127.04384822514264,3,아크로서울포레스트 성동구 성수동1가
성동구,옥수동,모닝빌아파트,모닝빌아파트,모닝빌한남아파트,서울 성동구 옥수동 478-1,,37.5396037409701,127.011288916432,3,모닝빌아파트 성동구 옥수동
성동구,성수동2가,이화102동,이화,이화아파트,서울 성동구 성수동2가 320-2,서울 성동구 성수이로7가길 20,37.541770717029934,127.05558512166073,3,이화 성동구 성수동2가
성동구,옥수동,화이트캐슬,화이트캐슬,화이트캐슬아파트,서울 성동구 옥수동 436-6,서울 성동구 독서당로39길 33,37.54091843520797,127.00977175444784,3,화이트캐슬 성동구 옥수동
성동구,금호동4가,서울숲르씨엘,서울숲르씨엘,서울숲르씨엘아파트,서울 성동구 금호동4가 1555,서울 성동구 독서당로46길 34,37.54723173301,127.022851719469,3,서울숲르씨엘 성동구 금호동4가
성동구,송정동,히페리온리버팰리스,히페리온리버팰리스,히페리온리버팰리스아파트,서울 성동구 송정동 67-5,서울 성동구 송정길 32,37.548660324558995,127.06339848992891,3,히페리온리버팰리스 성동구 송정동
성동구,하왕십리동,드림,드림,동인드림힐스,서울 성동구 하왕십리동 890-181,서울 성동구 왕십리로 373,37.56428187005693,127.02855700972265,3,드림 성동구 하왕십리동
성동구,성수동1가,서울숲아이파크리버포레1차,서울숲아이파크리버포레1차,서울숲아이파크리버포레1차아파트,서울 성동구 성수동1가 721,서울 성동구 왕십리로 137,37.55059041726989,127.04307211580792,3,서울숲아이파크리버포레1차 성동구 성수동1가
성동구,행당동,라체르보푸르지오써밋,라체르보푸르지오써밋,라체르보푸르지오써밋아파트,서울 성동구 행당동 128-7,서울 성동구 고산자로2길 71,37.55716165220632,127.03699721790632,3,라체르보푸르지오써밋 성동구 행당동
성동구,용답동,청계SKVIEW,청계SKVIEW,청계SKVIEW아파트,서울 성동구 용답동 253,서울 성동구 천호대로 244,37.56911284144121,127.04841987772085,3,청계SKVIEW 성동구 용답동
성동구,마장동,한영스테이,한영스테이,한영스테이 전기차충전소,서울 성동구 마장동 783-5,서울 성동구 마장로42길 6,37.56628976232529,127.04450055309351,3,한영스테이 성동구 마장동
성동구,행당동,(1-10),,왕십리광장,서울 성동구 행당동 192-3,,37.561762068795,127.037232649446,3, 성동구 행당동
성동구,마장동,라봄성동,라봄성동,성동구청년지원센터,서울 성동구 마장동 836,서울 성동구 마조로 66,37.563505632414,127.04218764827252,3,라봄성동 성동구 마장동
광진구,광장동,극동2,극동2,광장극동1차아파트 2동,서울 광진구 광장동 218-1,서울 광진구 아차산로 552,37.54243965866805,127.10322670574622,3,극동2 광진구 광장동
광진구,자양동,자양,자양,유니스에너지 자양주유소,서울 광진구 자양동 227-4,서울 광진구 아차산로 298,37.5381265764852,127.075899119939,3,자양 광진구 자양동
광진구,군자동,광진동양파라곤2단지,광진동양파라곤2단지,광진동양파라곤2단지아파트,서울 광진구 군자동 358-9,서울 광진구 광나루로 361,37.5484774587652,127.069726398846,3,광진동양파라곤2단지 광진구 군자동
광진구,자양동,우성1,우성1,서울광진 자양7차우성아파트1 전기차충전소,서울 광진구 자양동 783-1,서울 광진구 아차산로36길 39,37.5363129421299,127.0743585177812,3,우성1 광진구 자양동
광진구,자양동,광진하우스토리한강,광진하우스토리한강,광진하우스토리한강아파트,서울 광진구 자양동 813,서울 광진구 구의강변로1길 44,37.53001863575139,127.08979291966492,3,광진하우스토리한강 광진구 자양동
광진구,구의동,구의현대6단지,구의현대6단지,구의현대6단지아파트 노인정,서울 광진구 구의동 610,서울 광진구 구의강변로 94,37.5390714668605,127.094940719206,3,구의현대6단지 광진구 구의동
광진구,자양동,자양우성7,자양우성7,자양7차우성아파트 관리사무소,서울 광진구 자양동 783-1,서울 광진구 아차산로36길 39,37.53660603841935,127.0739265954675,3,자양우성7 광진구 자양동
광진구,구의동,삼성쉐르빌,삼성쉐르빌,구의삼성쉐르빌아파트,서울 광진구 구의동 199-18,서울 광진구 구의강변로 106,37.53990048398437,127.09481956854312,3,삼성쉐르빌 광진구 구의동
광진구,중곡동,성원,성원,성원아파트,서울 광진구 중곡동 681,서울 광진구 동일로 459,37.57118352927509,127.07961835202246,3,성원 광진구 중곡동
광진구,광장동,현대3,현대3,광장현대3단지아파트,서울 광진구 광장동 484,서울 광진구 아차산로70길 62,37.540621788130174,127.09860424821754,3,현대3 광진구 광장동
광진구,구의동,성원쌍떼빌,성원쌍떼빌,성원쌍떼빌아파트,서울 광진구 구의동 29-1,서울 광진구 천호대로129길 56,37.553858053651425,127.0922931673121,3,성원쌍떼빌 광진구 구의동
광진구,중곡동,삼성로얄3,삼성로얄3,삼성로얄3아파트,서울 광진구 중곡동 109-2,서울 광진구 영화사로 58,37.5551597021272,127.092667111364,3,삼성로얄3 광진구 중곡동
광진구,광장동,워커힐푸르지오,워커힐푸르지오,워커힐푸르지오아파트,서울 광진구 광장동 148-4,서울 광진구 아차산로78길 10,37.54953788473015,127.10906445923118,3,워커힐푸르지오 광진구 광장동
광진구,군자동,광진동양파라곤1단지,광진동양파라곤1단지,광진동양파라곤1단지아파트,서울 광진구 군자동 360-20,서울 광진구 광나루로 361,37.54856726618985,127.0702198728942,3,광진동양파라곤1단지 광진구 군자동
광진구,자양동,자양현대6,자양현대6,서울시 광진구 자양현대6차아파트 전기차충전소,서울 광진구 자양동 786,서울 광진구 자양번영로3길 66,37.5331559825594,127.071196524538,3,자양현대6 광진구 자양동
광진구,중곡동,중곡2단지,중곡2단지,정익제이타워2차오피스텔,서울 광진구 중곡동 639-6,서울 광진구 천호대로 537,37.558106639187,127.07801995299924,3,중곡2단지 광진구 중곡동
광진구,중곡동,진흥아르미,진흥아르미,진흥아르미아파트,서울 광진구 중곡동 252-8,서울 광진구 동일로 354,37.56237432696571,127.0757652543436,3,진흥아르미 광진구 중곡동
광진구,자양동,자양동현대,자양동현대,HD현대오일뱅크직영 장호셀프주유소,서울 광진구 자양동 677-5,서울 광진구 자양로 37,37.53131900744206,127.0858527904594,3,자양동현대 광진구 자양동
광진구,구의동,아차산인앤인W클래스101동,아차산인앤인W클래스,아차산인앤인W클래스아파트,서울 광진구 구의동 58-26,서울 광진구 천호대로137길 16-8,37.54946294381604,127.09349181565644,3,아차산인앤인W클래스 광진구 구의동
광진구,광장동,현대파크빌,현대파크빌,광장현대파크빌10차아파트,서울 광진구 광장동 577,서울 광진구 아차산로 549,37.54414401948922,127.10152831767476,3,현대파크빌 광진구 광장동
광진구,화양동,광진코지웰,광진코지웰,광진코지웰,서울 광진구 화양동 113-1,서울 광진구 능동로19길 35,37.547067031240296,127.07183779471497,3,광진코지웰 광진구 화양동
광진구,구의동,해성아파트,해성아파트,해성아파트,서울 광진구 구의동 47-23,서울 광진구 자양로46길 9,37.551194552684635,127.09248679326068,3,해성아파트 광진구 구의동
광진구,구의동,아차산인앤인W클래스102동,아차산인앤인W클래스,아차산인앤인W클래스아파트,서울 광진구 구의동 58-26,서울 광진구 천호대로137길 16-8,37.54946294381604,127.09349181565644,3,아차산인앤인W클래스 광진구 구의동
광진구,자양동,한강아남,한강아남,한강아남아파트,서울 광진구 자양동 830,서울 광진구 능동로3다길 13,37.53337935686145,127.06507812659667,3,한강아남 광진구 자양동
광진구,중곡동,에스케이,에스케이,SK아파트,서울 광진구 중곡동 292,서울 광진구 용마산로 174,37.56886493681501,127.08649352870772,3,에스케이 광진구 중곡동
광진구,구의동,구의현대2단지,구의현대2단지,구의현대2단지아파트,서울 광진구 구의동 611,서울 광진구 광나루로56길 32,37.53862742213737,127.09587249483558,3,구의현대2단지 광진구 구의동
광진구,중곡동,중곡1단지,중곡1단지,중곡동고향마을1차,서울 광진구 중곡동 343-4,서울 광진구 능동로44길 27-7,37.56079615030475,127.08324494812796,3,중곡1단지 광진구 중곡동
광진구,군자동,일성파크,일성파크,일성파크아파트,서울 광진구 군자동 99,서울 광진구 군자로12길 46,37.55126880566098,127.0726260748026,3,일성파크 광진구 군자동
광진구,구의동,래미안파크스위트,래미안파크스위트,래미안파크스위트아파트,서울 광진구 구의동 668,서울 광진구 광나루로 545,37.54602806146173,127.09037451947734,3,래미안파크스위트 광진구 구의동
광진구,자양동,테라팰리스건대2차,테라팰리스건대2차,테라팰리스건대2차,서울 광진구 자양동 860,서울 광진구 아차산로 311,37.5382523997667,127.07777070447,3,테라팰리스건대2차 광진구 자양동
광진구,구의동,광진해모로리버뷰,광진해모로리버뷰,광진해모로리버뷰아파트,서울 광진구 구의동 547-7,서울 광진구 강변역로4길 56,37.53335775626535,127.09211855426976,3,광진해모로리버뷰 광진구 구의동
광진구,구의동,현대프라임,현대프라임,현대프라임아파트,서울 광진구 구의동 631-1,서울 광진구 광나루로56길 29,37.537397024523806,127.09762242014035,3,현대프라임 광진구 구의동
광진구,자양동,광진트라팰리스,광진트라팰리스,광진트라팰리스아파트,서울 광진구 자양동 854,서울 광진구 뚝섬로34길 67,37.531892892068,127.06794600807532,3,광진트라팰리스 광진구 자양동
광진구,구의동,아차산한라아파트,아차산한라아파트,구의동아차산한라아파트,서울 광진구 구의동 662,서울 광진구 영화사로16길 43,37.55402271039631,127.0970691935077,3,아차산한라아파트 광진구 구의동
광진구,자양동,청정(B),청정,청정팰리스,서울 광진구 자양동 548,서울 광진구 능동로7길 20,37.5374628654583,127.067968033574,3,청정 광진구 자양동
광진구,자양동,더샵스타시티,더샵스타시티,더샵스타시티아파트,서울 광진구 자양동 227-7,서울 광진구 아차산로 262,37.53780427161658,127.07263111759444,3,더샵스타시티 광진구 자양동
광진구,중곡동,대영2동,대영,대영아파트,서울 광진구 중곡동 133-7,서울 광진구 용마산로1길 78,37.55616942986416,127.0846544813258,3,대영 광진구 중곡동
광진구,자양동,구의현대홈시티,구의현대홈시티,구의현대홈시티아파트,서울 광진구 자양동 779-8,서울 광진구 자양로 109,37.53742617971422,127.08306734627304,3,구의현대홈시티 광진구 자양동
광진구,화양동,아스하임(111-102),아스하임,아스하임,서울 광진구 화양동 17-16,서울 광진구 군자로 43,37.54711497345685,127.07002274248524,3,아스하임 광진구 화양동
광진구,자양동,대원캐슬빌,대원캐슬빌,대원캐슬빌아파트,서울 광진구 자양동 624-45,서울 광진구 자양로13가길 2,37.53451412285564,127.0818105063346,3,대원캐슬빌 광진구 자양동
광진구,자양동,이튼타워리버5차,이튼타워리버5차,이튼타워리버5차아파트,서울 광진구 자양동 856,서울 광진구 능동로4길 40,37.532184186373826,127.06903239883214,3,이튼타워리버5차 광진구 자양동
광진구,자양동,현대강변,현대강변,현대강변아파트,서울 광진구 자양동 673,서울 광진구 자양로3가길 43,37.52843576292776,127.08590831477062,3,현대강변 광진구 자양동
광진구,화양동,화양현대,화양현대,화양현대아파트,서울 광진구 화양동 234,서울 광진구 동일로24길 5,37.54450808469902,127.0658436866776,3,화양현대 광진구 화양동
광진구,광장동,광장11현대홈타운,광장11현대홈타운,광장현대홈타운11차 1108동,서울 광진구 광장동 579,서울 광진구 아차산로69길 29,37.54330105036125,127.0978937690402,3,광장11현대홈타운 광진구 광장동
광진구,구의동,우신,우신,우신아파트,서울 광진구 구의동 208-52,서울 광진구 광나루로46길 52,37.5415027858071,127.092133100469,3,우신 광진구 구의동
광진구,구의동,강변에스케이뷰,강변에스케이뷰,강변SK뷰아파트,서울 광진구 구의동 667,서울 광진구 아차산로 431,37.5386544201374,127.09019476603169,3,강변에스케이뷰 광진구 구의동
광진구,구의동,광남캐스빌(198-4),광남캐스빌,광남캐스빌아파트(198-4번지),서울 광진구 구의동 198-4,서울 광진구 광나루로54길 13,37.54010517773367,127.09572955476024,3,광남캐스빌 광진구 구의동
광진구,광장동,금호베스트빌,금호베스트빌,광장금호베스트빌아파트,서울 광진구 광장동 578,서울 광진구 광나루로 579,37.54375380495941,127.09400972796632,3,금호베스트빌 광진구 광장동
광진구,자양동,현대3,현대3,광장현대3단지아파트,서울 광진구 광장동 484,서울 광진구 아차산로70길 62,37.540621788130174,127.09860424821754,2,현대3 광진구 자양동
광진구,구의동,명성,명성,명성파크빌,서울 광진구 구의동 204-32,서울 광진구 구의로16길 36,37.5431081936303,127.092354596087,3,명성 광진구 구의동
광진구,구의동,아차산포레안,아차산포레안,아차산포레안아파트,서울 광진구 구의동 663,서울 광진구 천호대로 716,37.54775862834431,127.09301893435982,3,아차산포레안 광진구 구의동
광진구,자양동,대동,대동,대동아파트,서울 광진구 자양동 784-1,서울 광진구 뚝섬로31길 20,37.536430136229406,127.06828503255436,3,대동 광진구 자양동
광진구,광장동,청구,청구,광장청구아파트,서울 광진구 광장동 566,서울 광진구 아차산로 503-23,37.54242388706682,127.09629941905636,3,청구 광진구 광장동
광진구,광장동,광장힐스테이트,광장힐스테이트,광장힐스테이트아파트,서울 광진구 광장동 582,서울 광진구 아차산로 537-17,37.54317982217169,127.09956264336908,3,광장힐스테이트 광진구 광장동
광진구,중곡동,삼민,삼민,삼민아파트,서울 광진구 중곡동 609,서울 광진구 긴고랑로15길 32,37.56309335158837,127.08372514436228,3,삼민 광진구 중곡동
광진구,자양동,우성2,우성2,광진 자양2차우성아파트 전기차충전소,서울 광진구 자양동 520-2,서울 광진구 뚝섬로 576,37.5337900006338,127.073139751365,3,우성2 광진구 자양동
광진구,구의동,그레이스홈타운(101동),그레이스홈타운,그레이스홈타운아파트,서울 광진구 구의동 205-6,서울 광진구 구의로16길 58,37.54245086494897,127.09299197196351,3,그레이스홈타운 광진구 구의동
광진구,구의동,강변현대하이엘,강변현대하이엘,강변현대하이엘아파트,서울 광진구 구의동 547,서울 광진구 강변역로4길 34,37.53415056191368,127.09221456796054,3,강변현대하이엘 광진구 구의동
광진구,중곡동,주성AURA,주성AURA,주성아우라아파트,서울 광진구 중곡동 130-5,서울 광진구 용마산로1길 48,37.55563506167045,127.08600743321485,3,주성AURA 광진구 중곡동
광진구,자양동,우성3,우성3,자양우성3차아파트 상가동,서울 광진구 자양동 516-3,서울 광진구 뚝섬로37길 11,37.5350080828326,127.071786625932,3,우성3 광진구 자양동
광진구,광장동,워커힐,워커힐,그랜드워커힐서울,서울 광진구 광장동 22-1,서울 광진구 워커힐로 177,37.55522778434594,127.11089257243468,3,워커힐 광진구 광장동
광진구,자양동,한솔리베르,한솔리베르,한솔리베르아파트,서울 광진구 자양동 672,서울 광진구 뚝섬로56가길 28,37.528141123600946,127.08467710006524,3,한솔리베르 광진구 자양동
광진구,자양동,자양7차현대홈타운,자양7차현대홈타운,자양7차현대홈타운아파트,서울 광진구 자양동 788,서울 광진구 능동로4길 41,37.53297663597097,127.069766272373,3,자양7차현대홈타운 광진구 자양동
광진구,자양동,경남,경남,경남아너스빌아파트,서울 광진구 자양동 666-28,서울 광진구 자양로3길 55,37.529478744920574,127.08392740185867,3,경남 광진구 자양동
광진구,자양동,구의현대하이엘,구의현대하이엘,구의현대하이엘아파트,서울 광진구 자양동 779-11,서울 광진구 자양로 113,37.5378875518727,127.08298186651167,3,구의현대하이엘 광진구 자양동
광진구,자양동,자양힐101동,자양힐,자양힐아파트,서울 광진구 자양동 810,서울 광진구 자양로21길 16-14,37.54011209228791,127.08173062816005,3,자양힐 광진구 자양동
광진구,자양동,자양9차현대홈타운,자양9차현대홈타운,자양9차현대홈타운아파트,서울 광진구 자양동 790,서울 광진구 뚝섬로34길 32,37.53374101976562,127.06919675614836,3,자양9차현대홈타운 광진구 자양동
광진구,중곡동,욱현하이브Ⅲ,욱현하이브Ⅲ,하이브III(욱현하이브3),서울 광진구 중곡동 699,서울 광진구 용마산로1길 7,37.55456959025796,127.0878995762279,3,욱현하이브Ⅲ 광진구 중곡동
광진구,자양동,자양2현대,자양2현대,자양2차현대아파트,서울 광진구 자양동 761,서울 광진구 뚝섬로34길 9,37.534142935156304,127.0706023403944,3,자양2현대 광진구 자양동
광진구,광장동,"현대8(801동,802동)",현대8,광장현대8단지아파트,서울 광진구 광장동 565,서울 광진구 아차산로 522,37.54193995694093,127.0996696213885,3,현대8 광진구 광장동
광진구,광장동,현대5,현대5,광장현대5단지아파트,서울 광진구 광장동 554-7,서울 광진구 아차산로70길 61,37.54003668445265,127.10009705794116,3,현대5 광진구 광장동
광진구,중곡동,중곡동광덕,중곡동광덕,광덕아파트,서울 광진구 중곡동 683,서울 광진구 동일로76가길 17,37.5684590832682,127.079375482804,3,중곡동광덕 광진구 중곡동
광진구,자양동,한영해시안,한영해시안,한영해시안아파트,서울 광진구 자양동 858,서울 광진구 동일로18길 10,37.53976299226152,127.06333324956698,3,한영해시안 광진구 자양동
광진구,자양동,한강극동,한강극동,극동아파트,서울 광진구 자양동 57-103,서울 광진구 능동로3길 53,37.53376893401568,127.0644494035224,3,한강극동 광진구 자양동
광진구,자양동,이튼타워리버3차,이튼타워리버3차,이튼타워리버3차아파트,서울 광진구 자양동 855,서울 광진구 능동로 18,37.53298844356287,127.06806014133952,3,이튼타워리버3차 광진구 자양동
광진구,화양동,아스하임,아스하임,아스하임,서울 광진구 화양동 17-16,서울 광진구 군자로 43,37.54711497345685,127.07002274248524,3,아스하임 광진구 화양동
광진구,광장동,삼성광장1,삼성광장1,광장삼성1차아파트 1동,서울 광진구 광장동 561,서울 광진구 아차산로70길 17-21,37.54126733918219,127.10336313476468,3,삼성광장1 광진구 광장동
광진구,광장동,광나루현대,광나루현대,광나루현대아파트,서울 광진구 광장동 567,서울 광진구 아차산로76길 31,37.54711198437122,127.10853472744712,3,광나루현대 광진구 광장동
광진구,중곡동,대영(68-6),대영,대영아파트,서울 광진구 중곡동 133-7,서울 광진구 용마산로1길 78,37.55616942986416,127.0846544813258,3,대영 광진구 중곡동
광진구,화양동,화양타워,화양타워,화양타워,서울 광진구 화양동 110-37,서울 광진구 능동로19길 47,37.54703139287493,127.0711746393324,3,화양타워 광진구 화양동
광진구,능동,그린,그린,그린리뉴얼,서울 광진구 능동 221-10,서울 광진구 천호대로110길 34,37.555812664231,127.079425444427,3,그린 광진구 능동
광진구,자양동,로얄동아,로얄동아,로얄동아아파트,서울 광진구 자양동 644,서울 광진구 뚝섬로52마길 56,37.52820109126529,127.08140086074654,3,로얄동아 광진구 자양동
광진구,자양동,한양,한양,자양한양아파트,서울 광진구 자양동 695,서울 광진구 구의강변로 11,37.5319927348152,127.090962869109,3,한양 광진구 자양동
광진구,자양동,한강성원,한강성원,성원아파트,서울 광진구 자양동 831-1,서울 광진구 능동로3길 17,37.53325990991661,127.06600576920133,3,한강성원 광진구 자양동
광진구,자양동,래미안프리미어팰리스,래미안프리미어팰리스,래미안프리미어팰리스아파트,서울 광진구 자양동 859,서울 광진구 아차산로 345,37.53774260268263,127.08152777251904,3,래미안프리미어팰리스 광진구 자양동
광진구,구의동,세양,세양,세양아파트,서울 광진구 구의동 658,서울 광진구 구의강변로 84,37.53758024474672,127.09389788248752,3,세양 광진구 구의동
광진구,광장동,극동1,극동1,광장극동1차아파트 3동,서울 광진구 광장동 218-1,서울 광진구 아차산로 552,37.54277064945493,127.10388458768608,3,극동1 광진구 광장동
광진구,자양동,금성,금성,금성연립,서울 광진구 자양동 582-15,서울 광진구 자양번영로3길 24,37.53203348260133,127.07389040341488,3,금성 광진구 자양동
광진구,자양동,자양삼성,자양삼성,자양삼성아파트,서울 광진구 자양동 787,서울 광진구 자양번영로3길 65,37.53222862607768,127.0715712619737,3,자양삼성 광진구 자양동
광진구,자양동,우방리버파크,우방리버파크,우방리버파크아파트,서울 광진구 자양동 793,서울 광진구 능동로4길 78,37.53114173376379,127.07054746851767,3,우방리버파크 광진구 자양동
광진구,광장동,유진스웰,유진스웰,유진스웰아파트,서울 광진구 광장동 121,서울 광진구 아차산로78길 7,37.55040081891306,127.10930449619468,3,유진스웰 광진구 광장동
광진구,자양동,자양현대5,자양현대5,광장현대5단지아파트,서울 광진구 광장동 554-7,서울 광진구 아차산로70길 61,37.54003668445265,127.10009705794116,2,자양현대5 광진구
광진구,자양동,신호빌라트,신호빌라트,신호빌라트,서울 광진구 자양동 591-12,서울 광진구 자양강변길 297,37.5297370441449,127.074981017081,3,신호빌라트 광진구 자양동
광진구,광장동,현대홈타운12차,현대홈타운12차,광장12차현대홈타운아파트,서울 광진구 광장동 580,서울 광진구 천호대로 808,37.544950035674795,127.10300498379408,3,현대홈타운12차 광진구 광장동
광진구,군자동,서원힐탑,서원힐탑,서원힐탑아파트,서울 광진구 군자동 100-109,서울 광진구 군자로 100-3,37.55216305222373,127.07188003129932,3,서원힐탑 광진구 군자동
광진구,광장동,현대8(803동),현대8,광장현대8단지아파트,서울 광진구 광장동 565,서울 광진구 아차산로 522,37.54193995694093,127.0996696213885,3,현대8 광진구 광장동
광진구,중곡동,그린트리,그린트리,그린트리아파트,서울 광진구 중곡동 130-1,서울 광진구 천호대로117길 25,37.556209574987335,127.08521021343336,3,그린트리 광진구 중곡동
광진구,자양동,현대빌라트(643-23),현대빌라트,현대빌라트,서울 광진구 자양동 643-23,서울 광진구 뚝섬로52마길 42-18,37.52810380469718,127.08005109019544,3,현대빌라트 광진구 자양동
광진구,광장동,신동아파밀리에,신동아파밀리에,광장신동아파밀리에아파트,서울 광진구 광장동 250,서울 광진구 아차산로 599,37.546937833092,127.1048318652958,3,신동아파밀리에 광진구 광장동
광진구,광장동,광장자이,광장자이,광장자이아파트,서울 광진구 광장동 581,서울 광진구 광나루로 595,37.542574305367815,127.09524841320214,3,광장자이 광진구 광장동
광진구,광장동,워커힐 팰리스,워커힐 팰리스,워커힐팰리스아파트,서울 광진구 광장동 125,서울 광진구 아차산로78길 18,37.55014801888619,127.10986542687392,3,워커힐 팰리스 광진구 광장동
광진구,자양동,한라아파트,한라아파트,자양한라아파트,서울 광진구 자양동 762,서울 광진구 뚝섬로33길 20,37.5353081186462,127.070284375886,3,한라아파트 광진구 자양동
광진구,구의동,구의강변우성아파트,구의강변우성아파트,강변우성아파트,서울 광진구 구의동 546-7,서울 광진구 구의강변로 42,37.53513301515523,127.09290142191074,3,구의강변우성아파트 광진구 구의동
광진구,구의동,강변아파트,강변아파트,강변아파트,서울 광진구 구의동 198-5,서울 광진구 광나루로54길 23,37.539874730904984,127.0954712786472,3,강변아파트 광진구 구의동
광진구,구의동,세림리오빌,세림리오빌,세림리오빌아파트,서울 광진구 구의동 659,서울 광진구 아차산로 451,37.53930445816525,127.09199009087084,3,세림리오빌 광진구 구의동
광진구,구의동,현대13차폴라트리움,현대13차폴라트리움,현대13차폴라트리움아파트,서울 광진구 구의동 199-23,서울 광진구 구의강변로 102,37.53941771559873,127.09461076288794,3,현대13차폴라트리움 광진구 구의동
광진구,자양동,한강우성,한강우성,한강우성아파트,서울 광진구 자양동 87-1,서울 광진구 능동로1길 15,37.53257530854749,127.06572005617048,3,한강우성 광진구 자양동
광진구,자양동,자양10차현대홈타운,자양10차현대홈타운,자양10차현대홈타운아파트,서울 광진구 자양동 792,서울 광진구 뚝섬로34길 25-19,37.53344832477781,127.07049985951512,3,자양10차현대홈타운 광진구 자양동
광진구,구의동,새한,새한,구의동새한아파트,서울 광진구 구의동 656,서울 광진구 자양로26길 71,37.5410301326187,127.08810432449611,3,새한 광진구 구의동
광진구,자양동,한강현대,한강현대,한강현대아파트,서울 광진구 자양동 829,서울 광진구 능동로 19,37.53309006116953,127.06682474983468,3,한강현대 광진구 자양동
광진구,구의동,아크로리버,아크로리버,구의아크로리버아파트,서울 광진구 구의동 589-10,서울 광진구 구의강변로 64,37.536052987246464,127.09283693963567,3,아크로리버 광진구 구의동
광진구,자양동,자양강변I-Park,자양강변I-Park,강변아이파크아파트,서울 광진구 자양동 809,서울 광진구 뚝섬로36길 75,37.53130804974916,127.06965158129071,3,자양강변I-Park 광진구 자양동
광진구,자양동,우성5,우성5,"우성1,2,3차아파트 5동",서울 송파구 잠실동 101-1,서울 송파구 올림픽로4길 42,37.507997029931424,127.0716125886695,1,우성5 광진구 자양동
광진구,광장동,광장현대9단지,광장현대9단지,광장현대9단지아파트,서울 광진구 광장동 576,서울 광진구 아차산로69길 19,37.542510995816386,127.09774676768,3,광장현대9단지 광진구 광장동
광진구,자양동,대보아파트(798-4),대보아파트,대보아파트,서울 광진구 자양동 798-3,서울 광진구 아차산로40길 16-9,37.536880085723645,127.07790844794376,3,대보아파트 광진구 자양동
광진구,화양동,테라팰리스건대1차,테라팰리스건대1차,테라팰리스건대1차아파트,서울 광진구 화양동 531,서울 광진구 아차산로25길 60,37.543845434723515,127.0681639293128,3,테라팰리스건대1차 광진구 화양동
광진구,광장동,동북아스위트힐아파트,동북아스위트힐아파트,동북아스위트힐아파트(107),서울 광진구 광장동 107,서울 광진구 아차산로78길 53,37.55165094871849,127.1097952057334,3,동북아스위트힐아파트 광진구 광장동
광진구,중곡동,예다움,예다움,예다움아파트,서울 광진구 중곡동 110-33,서울 광진구 자양로53길 33,37.5546500615515,127.092253402082,3,예다움 광진구 중곡동
광진구,광장동,현대리버빌,현대리버빌,현대리버빌아파트,서울 광진구 광장동 135-1,서울 광진구 아차산로78가길 17,37.5490130697988,127.109533323387,3,현대리버빌 광진구 광장동
광진구,구의동,신원빌라트,신원빌라트,신원빌라트,서울 광진구 구의동 590,서울 광진구 구의강변로3길 53,37.53627172836086,127.0895990199027,3,신원빌라트 광진구 구의동
광진구,화양동,브라운스톤,브라운스톤,화양브라운스톤아파트,서울 광진구 화양동 21-2,서울 광진구 광나루로 346,37.547995210246185,127.0685535905972,3,브라운스톤 광진구 화양동
광진구,자양동,자양8차현대홈타운,자양8차현대홈타운,자양8차현대홈타운아파트,서울 광진구 자양동 789,서울 광진구 뚝섬로36길 19,37.53348704296825,127.0720340763108,3,자양8차현대홈타운 광진구 자양동
광진구,중곡동,대광그린,대광그린,대광그린아파트,서울 광진구 중곡동 120-18,서울 광진구 천호대로119길 16,37.55554114662471,127.08629704935602,3,대광그린 광진구 중곡동
광진구,구의동,주성힐스톤,주성힐스톤,주성힐스톤아파트,서울 광진구 구의동 664,서울 광진구 광나루로44길 20,37.5433812288707,127.09115322595132,3,주성힐스톤 광진구 구의동
광진구,자양동,우성6,우성6,"우성1,2,3차아파트 6동",서울 송파구 잠실동 101-1,서울 송파구 올림픽로4길 42,37.50783718172675,127.0722209216084,1,우성6 광진구 자양동
광진구,중곡동,삼성로얄,삼성로얄,삼성로얄1아파트,서울 광진구 중곡동 109-9,서울 광진구 자양로53길 36,37.5549959415884,127.092385108717,3,삼성로얄 광진구 중곡동
광진구,자양동,이튼타워리버1차,이튼타워리버1차,이튼타워리버1차아파트,서울 광진구 자양동 510-5,서울 광진구 능동로 68,37.5369122579029,127.06967942251944,3,이튼타워리버1차 광진구 자양동
광진구,구의동,AZ0213,AZ0213,AZ0213아파트,서울 광진구 구의동 252-9,서울 광진구 자양로22길 16,37.539477922479065,127.0841060688862,3,AZ0213 광진구 구의동
광진구,중곡동,삼성베스트빌(31차),삼성베스트빌,삼성베스트빌,서울 광진구 중곡동 73-103,서울 광진구 긴고랑로46가길 24,37.559075226573086,127.09519471588672,3,삼성베스트빌 광진구 중곡동
광진구,화양동,씨즈건대힐스,씨즈건대힐스,씨즈건대힐스,서울 광진구 화양동 530,서울 광진구 광나루로20길 17,37.54619581081525,127.07466933712192,3,씨즈건대힐스 광진구 화양동
광진구,자양동,한강로얄,한강로얄,한강로얄아파트,서울 광진구 자양동 498-2,서울 광진구 뚝섬로36길 38,37.53271841236003,127.07067001231528,3,한강로얄 광진구 자양동
광진구,자양동,한강이레,한강이레,한강이레아파트,서울 광진구 자양동 591-13,서울 광진구 자양강변길 301,37.52971163765532,127.07526156505575,3,한강이레 광진구 자양동
광진구,군자동,에피소드1,에피소드1,에피소드1(Episode1),서울 광진구 군자동 355-5,서울 광진구 동일로 190,37.548744176121545,127.0681457573592,3,에피소드1 광진구 군자동
광진구,자양동,이튼타워리버2차,이튼타워리버2차,이튼타워리버2차아파트,서울 광진구 자양동 507-6,서울 광진구 능동로 50,37.53550339731193,127.06916217870244,3,이튼타워리버2차 광진구 자양동
광진구,광장동,동북아스위트힐(리버리치빌),동북아스위트힐,동북아스위트힐아파트(107),서울 광진구 광장동 107,서울 광진구 아차산로78길 53,37.55165094871849,127.1097952057334,3,동북아스위트힐 광진구 광장동
광진구,자양동,한화꿈에그린,한화꿈에그린,광진한화꿈에그린아파트,서울 광진구 자양동 853,서울 광진구 뚝섬로24길 74,37.53363697741534,127.06184706134006,3,한화꿈에그린 광진구 자양동
광진구,구의동,구의청정,구의청정,구의청정아파트,서울 광진구 구의동 226-12,서울 광진구 광나루로40길 31,37.543343791664185,127.08944567106256,3,구의청정 광진구 구의동
광진구,자양동,대종리버빌,대종리버빌,대종리버빌아파트,서울 광진구 자양동 553-314,서울 광진구 능동로4길 51,37.532268241891735,127.0701163412541,3,대종리버빌 광진구 자양동
광진구,구의동,하늘애,하늘애,하늘애아파트,서울 광진구 구의동 224-1,서울 광진구 광나루로44길 40,37.5425316825085,127.091028853999,3,하늘애 광진구 구의동
광진구,구의동,솔렌시아2,솔렌시아2,솔렌시아2,서울 광진구 구의동 236-25,서울 광진구 자양로 172,37.54294636938779,127.0846678164124,3,솔렌시아2 광진구 구의동
광진구,광장동,상록타워아파트,상록타워아파트,상록타워아파트,서울 광진구 광장동 570,서울 광진구 아차산로 540,37.54235873987955,127.10094428758536,3,상록타워아파트 광진구 광장동
광진구,구의동,대영(1동),대영,대영세탁,서울 광진구 구의동 231-9,서울 광진구 광나루로40길 34,37.5433395117168,127.089148068252,3,대영 광진구 구의동
광진구,광장동,연세리버빌6차,연세리버빌6차,연세리버빌6차아파트,서울 광진구 광장동 184-1,서울 광진구 아차산로78가길 31,37.54846392557394,127.1090312088608,3,연세리버빌6차 광진구 광장동
광진구,자양동,와이엠프라젠스파,와이엠프라젠스파,YM프라젠스파아파트,서울 광진구 자양동 663-21,서울 광진구 자양로5길 33,37.530905768754074,127.08415527327772,3,와이엠프라젠스파 광진구 자양동
광진구,중곡동,두리,두리,두리아파트,서울 광진구 중곡동 135-13,서울 광진구 용마산로5길 66,37.557441152325254,127.08407306182778,3,두리 광진구 중곡동
광진구,광장동,워커힐현대빌,워커힐현대빌,워커힐현대빌아파트,서울 광진구 광장동 105,서울 광진구 아차산로78길 63,37.551715267573265,127.11038829863102,3,워커힐현대빌 광진구 광장동
광진구,자양동,대원리버빌,대원리버빌,대원리버빌아파트,서울 광진구 자양동 587-6,서울 광진구 자양번영로1길 57,37.53063283040304,127.07177338162607,3,대원리버빌 광진구 자양동
광진구,능동,(246-11),,서울 어린이 대공원 놀이 동산,서울 광진구 능동 18,서울 광진구 능동로 216,37.55147044344215,127.08378909469192,3, 광진구 능동
광진구,자양동,금강KCC,금강KCC,금강KCC아파트,서울 광진구 자양동 791,서울 광진구 아차산로36길 13,37.53764102140177,127.07435078481144,3,금강KCC 광진구 자양동
광진구,구의동,그레이스홈타운(102동),그레이스홈타운,그레이스홈타운아파트,서울 광진구 구의동 205-6,서울 광진구 구의로16길 58,37.54245086494897,127.09299197196351,3,그레이스홈타운 광진구 구의동
광진구,구의동,한솔아파트,한솔아파트,한솔아파트,서울 광진구 구의동 56-6,서울 광진구 자양로44길 15,37.55076836862136,127.09250210991424,3,한솔아파트 광진구 구의동
광진구,구의동,신덕하이빌,신덕하이빌,신덕하이빌아파트,서울 광진구 구의동 224-7,서울 광진구 구의로 52,37.542419585161745,127.09034187519607,3,신덕하이빌 광진구 구의동
광진구,자양동,경남아너스빌,경남아너스빌,경남아너스빌아파트,서울 광진구 자양동 666-28,서울 광진구 자양로3길 55,37.529478744920574,127.08392740185867,3,경남아너스빌 광진구 자양동
광진구,중곡동,삼보드림,삼보드림,삼보드림아파트,서울 광진구 중곡동 107-4,서울 광진구 영화사로7길 4,37.55592937038762,127.0923907880142,3,삼보드림 광진구 중곡동
광진구,자양동,자양동명진센트라임,자양동명진센트라임,자양동명진센트라임,서울 광진구 자양동 219-11,서울 광진구 아차산로46가길 15,37.5364187964024,127.081870290781,3,자양동명진센트라임 광진구 자양동
광진구,중곡동,신성그랜드타워,신성그랜드타워,신성그랜드타워아파트,서울 광진구 중곡동 231-1,서울 광진구 면목로 127,37.56506610140318,127.08045848623767,3,신성그랜드타워 광진구 중곡동
광진구,자양동,명성,명성,명성주차장,서울 광진구 자양동 24-19,,37.54010353059202,127.06340708519768,3,명성 광진구 자양동
광진구,자양동,진넥스빌,진넥스빌,진넥스빌아파트,서울 광진구 자양동 588-20,서울 광진구 자양강변길 251,37.53047370353736,127.07267378845565,3,진넥스빌 광진구 자양동
광진구,자양동,자양훼밀리,자양훼밀리,자양훼미리아파트,서울 광진구 자양동 678-8,서울 광진구 자양로3길 14-17,37.531052822439094,127.08514651386533,3,자양훼밀리 광진구 자양동
광진구,중곡동,욱현,욱현,하이브III(욱현하이브3),서울 광진구 중곡동 699,서울 광진구 용마산로1길 7,37.55456959025796,127.0878995762279,3,욱현 광진구 중곡동
광진구,중곡동,대영1동,대영,대영아파트,서울 광진구 중곡동 133-7,서울 광진구 용마산로1길 78,37.55616942986416,127.0846544813258,3,대영 광진구 중곡동
광진구,구의동,한영해시안아파트,한영해시안아파트,한영해시안아파트,서울 광진구 구의동 71-6,,37.548976425097,127.089986533251,3,한영해시안아파트 광진구 구의동
광진구,중곡동,테라팰리스중곡1,테라팰리스중곡1,다니케이크,서울 광진구 중곡동 624-19,서울 광진구 동일로64길 39,37.5603499775218,127.076865584917,3,테라팰리스중곡1 광진구 중곡동
광진구,중곡동,그랑,그랑,그랑아파트,서울 광진구 중곡동 51-31,서울 광진구 능동로42길 49,37.558850627969,127.08362759048204,3,그랑 광진구 중곡동
광진구,중곡동,웰빙,웰빙,웰빙아파트,서울 광진구 중곡동 35-10,서울 광진구 능동로48길 49,37.5620469609107,127.085448887009,3,웰빙 광진구 중곡동
광진구,화양동,캠퍼스프라자,캠퍼스프라자,캠퍼스프라자아파트,서울 광진구 화양동 9-91,서울 광진구 동일로22길 81,37.54151154254091,127.06868796255908,3,캠퍼스프라자 광진구 화양동
광진구,구의동,구의동현진에버빌,구의동현진에버빌,구의동현진에버빌아파트,서울 광진구 구의동 660,서울 광진구 광나루로46길 21,37.542734873450165,127.09274564877336,3,구의동현진에버빌 광진구 구의동
광진구,자양동,기산빌라트,기산빌라트,기산빌라트,서울 광진구 자양동 643-19,서울 광진구 뚝섬로52마길 42-15,37.5280260148759,127.08049787802848,3,기산빌라트 광진구 자양동
광진구,구의동,우남위시빌,우남위시빌,우남위시빌아파트,서울 광진구 구의동 591-29,서울 광진구 아차산로58길 55,37.535415706653176,127.08969303589556,3,우남위시빌 광진구 구의동
광진구,자양동,그린,그린,그린플레이트 건대점,서울 광진구 자양동 227-7,서울 광진구 아차산로 272,37.5384898361403,127.072787926378,3,그린 광진구 자양동
광진구,중곡동,한영해시안아파트,한영해시안아파트,한영해시안아파트,서울 광진구 중곡동 238-6,서울 광진구 동일로 380,37.564468387887565,127.07693320094164,3,한영해시안아파트 광진구 중곡동
광진구,구의동,데쟈뷰아파트,데쟈뷰아파트,데쟈뷰아파트,서울 광진구 구의동 45-11,서울 광진구 자양로44가길 4,37.550204663391,127.094375432159,3,데쟈뷰아파트 광진구 구의동
광진구,자양동,태원강변,태원강변,태원강변아파트,서울 광진구 자양동 588,서울 광진구 자양번영로1길 43,37.53058929817026,127.07223945926916,3,태원강변 광진구 자양동
광진구,구의동,나크빌라트,나크빌라트,나크빌라트,서울 광진구 구의동 590-7,서울 광진구 아차산로58가길 11,37.53602277552309,127.08996304560053,3,나크빌라트 광진구 구의동
광진구,구의동,강변힐하우스,강변힐하우스,힐하우스,서울 광진구 구의동 596-1,서울 광진구 뚝섬로66길 7,37.5336456429673,127.090347130187,3,강변힐하우스 광진구 구의동
광진구,구의동,솔렌시아,솔렌시아,솔렌시아,서울 광진구 구의동 251-177,서울 광진구 자양로 154,37.541242187987166,127.08395416412888,3,솔렌시아 광진구 구의동
광진구,구의동,파크타운,파크타운,파크타운아파트,서울 광진구 구의동 665,서울 광진구 천호대로 671,37.5513393076597,127.090556341244,3,파크타운 광진구 구의동
광진구,구의동,파르네빌,파르네빌,파르네빌아파트,서울 광진구 구의동 587-58,서울 광진구 구의강변로3길 16,37.53605686188816,127.09133439197456,3,파르네빌 광진구 구의동
광진구,구의동,욱현(208-1),욱현,욱현아파트,서울 광진구 구의동 208-1,서울 광진구 아차산로65길 57,37.5422595291804,127.092256237329,3,욱현 광진구 구의동
광진구,구의동,광진파크프라이빗,광진파크프라이빗,광진파크프라이빗아파트,서울 광진구 구의동 670,서울 광진구 구의로16길 28-1,37.5432472088561,127.09201982913608,3,광진파크프라이빗 광진구 구의동
광진구,중곡동,호동,호동,호동아파트,서울 광진구 중곡동 254-12,서울 광진구 긴고랑로4길 53,37.561492580988336,127.07665058022911,3,호동 광진구 중곡동
광진구,중곡동,광남캐스빌3차,광남캐스빌3차,광남캐스빌3차아파트,서울 광진구 중곡동 646-10,서울 광진구 천호대로107길 26,37.55889251482435,127.07906427856751,3,광남캐스빌3차 광진구 중곡동
광진구,자양동,파라다이스리버빌,파라다이스리버빌,파라다이스리버빌아파트,서울 광진구 자양동 690-58,서울 광진구 자양로4나길 44,37.53016375581663,127.0885214549831,3,파라다이스리버빌 광진구 자양동
광진구,중곡동,삼보글로벌102동,삼보글로벌,삼보글로벌아파트,서울 광진구 중곡동 647-1,서울 광진구 긴고랑로14길 63,37.5597332096143,127.080303354049,3,삼보글로벌 광진구 중곡동
광진구,구의동,삼성로얄아파트,삼성로얄아파트,삼성로얄아파트,서울 광진구 구의동 16-26,서울 광진구 영화사로 87,37.5549104546627,127.095644371399,3,삼성로얄아파트 광진구 구의동
광진구,광장동,한강현대아파트,한강현대아파트,한강현대아파트,서울 광진구 광장동 457-24,서울 광진구 아차산로70길 30,37.54189471512436,127.10095610878471,3,한강현대아파트 광진구 광장동
광진구,자양동,태천해오름주상복합,태천해오름주상복합,태천해오름아파트,서울 광진구 자양동 219-31,서울 광진구 아차산로46가길 23,37.5363275273303,127.0822560135,3,태천해오름주상복합 광진구 자양동
광진구,자양동,삼성홈타운,삼성홈타운,삼성홈타운7차,서울 광진구 자양동 795-5,서울 광진구 아차산로 316-11,37.53744582905115,127.07803689164574,3,삼성홈타운 광진구 자양동
광진구,구의동,대성빌라트(552-6),대성빌라트,대성빌라트,서울 광진구 구의동 552-6,서울 광진구 영화사로15길 27,37.5554170636084,127.0953371875715,3,대성빌라트 광진구 구의동
광진구,자양동,유림,유림,카페유림,서울 광진구 자양동 594,서울 광진구 뚝섬로52길 66,37.5292154294545,127.077668551376,3,유림 광진구 자양동
광진구,자양동,광진하나플러스,광진하나플러스,광진하나플러스아파트,서울 광진구 자양동 811,서울 광진구 뚝섬로46길 74,37.52954915955134,127.07572751467993,3,광진하나플러스 광진구 자양동
광진구,중곡동,에이탑,에이탑,에이탑아파트,서울 광진구 중곡동 168-1,서울 광진구 능동로 437,37.56803335609798,127.0852021741646,3,에이탑 광진구 중곡동
광진구,중곡동,삼보글로벌101동,삼보글로벌,삼보글로벌아파트,서울 광진구 중곡동 647-1,서울 광진구 긴고랑로14길 63,37.5597332096143,127.080303354049,3,삼보글로벌 광진구 중곡동
광진구,구의동,삼성로얄,삼성로얄,삼성로얄아파트,서울 광진구 구의동 16-26,서울 광진구 영화사로 87,37.5549104546627,127.095644371399,3,삼성로얄 광진구 구의동
광진구,광장동,워커힐리버빌,워커힐리버빌,워커힐리버빌아파트,서울 광진구 광장동 124,서울 광진구 아차산로78가길 3,37.5497445364326,127.10968829774,3,워커힐리버빌 광진구 광장동
광진구,구의동,욱현아파트,욱현아파트,욱현아파트,서울 광진구 구의동 208-1,서울 광진구 아차산로65길 57,37.5422595291804,127.092256237329,3,욱현아파트 광진구 구의동
광진구,자양동,자양호반써밋,자양호반써밋,자양호반써밋아파트,서울 광진구 자양동 861,서울 광진구 능동로 69,37.53746505457385,127.06885510142054,3,자양호반써밋 광진구 자양동
광진구,중곡동,엘림퍼스트중곡동,엘림퍼스트중곡동,엘림퍼스트중곡아파트,서울 광진구 중곡동 190-29,,37.5663849830627,127.078036509507,3,엘림퍼스트중곡동 광진구 중곡동
광진구,구의동,광남캐스빌,광남캐스빌,광남캐스빌아파트(198-4번지),서울 광진구 구의동 198-4,서울 광진구 광나루로54길 13,37.54010517773367,127.09572955476024,3,광남캐스빌 광진구 구의동
광진구,중곡동,삼성로얄2,삼성로얄2,삼성로얄2아파트,서울 광진구 중곡동 109-13,서울 광진구 자양로53길 40,37.555102377740326,127.09223358856116,3,삼성로얄2 광진구 중곡동
광진구,구의동,구의자이르네,구의자이르네,구의자이르네아파트,서울 광진구 구의동 671,서울 광진구 광나루로39길 11,37.54537341157353,127.0886899367665,3,구의자이르네 광진구 구의동
광진구,구의동,동우아파트,동우아파트,동우아파트,서울 광진구 구의동 31-9,서울 광진구 자양로 304,37.5524835008096,127.092970485289,3,동우아파트 광진구 구의동
광진구,화양동,위너스힐(111-89),위너스힐,위너스힐오피스텔,서울 광진구 화양동 111-89,서울 광진구 광나루로20길 34,37.5456006931764,127.073966029579,3,위너스힐 광진구 화양동
광진구,자양동,자양동삼성,자양동삼성,삼성스토어 롯데스타시티,서울 광진구 자양동 227-342,서울 광진구 능동로 92,37.53902695250809,127.07111158751718,3,자양동삼성 광진구 자양동
광진구,구의동,e편한세상광진그랜드파크,e편한세상광진그랜드파크,e편한세상광진그랜드파크아파트,서울 광진구 구의동 680,서울 광진구 광나루로 458,37.544255591275835,127.08070769118956,3,e편한세상광진그랜드파크 광진구 구의동
광진구,군자동,호동,호동,호동아파트,서울 광진구 군자동 343-12,서울 광진구 동일로38길 17-2,37.55137455130681,127.07059822159314,3,호동 광진구 군자동
광진구,화양동,(20-3),,건대맛의거리,서울 광진구 화양동 6-4,,37.5406780333481,127.070361832869,3, 광진구 화양동
광진구,자양동,청정(A),청정,청정팰리스,서울 광진구 자양동 548,서울 광진구 능동로7길 20,37.5374628654583,127.067968033574,3,청정 광진구 자양동
광진구,화양동,더메종건대,더메종건대,더메종건대,서울 광진구 화양동 23-5,서울 광진구 동일로 174,37.54749402195762,127.067393228153,3,더메종건대 광진구 화양동
광진구,광장동,흥화빌라트,흥화빌라트,흥화빌라트,서울 광진구 광장동 188-27,서울 광진구 구천면로 29,37.546440102777616,127.1092262906057,3,흥화빌라트 광진구 광장동
광진구,구의동,스타파크,스타파크,스타파크아파트,서울 광진구 구의동 80-37,,37.545675767255,127.085541092495,3,스타파크 광진구 구의동
광진구,화양동,광진스위트엠아파트,광진스위트엠아파트,광진스위트엠아파트,서울 광진구 화양동 532,서울 광진구 광나루로20길 23,37.54583369956362,127.07452639585242,3,광진스위트엠아파트 광진구 화양동
광진구,구의동,도성,도성,도성아파트,서울 광진구 구의동 235-30,서울 광진구 자양로32길 16,37.54418426333386,127.08602369724387,3,도성 광진구 구의동
광진구,자양동,자양하늘채베르,자양하늘채베르,자양하늘채베르아파트,서울 광진구 자양동 862,서울 광진구 자양로 55,37.53256876241428,127.08451126606997,3,자양하늘채베르 광진구 자양동
광진구,자양동,그랜드아파트,그랜드아파트,그랜드아파트,서울 광진구 자양동 636-11,,37.5315341950294,127.079639542863,3,그랜드아파트 광진구 자양동
광진구,자양동,롯데캐슬리버파크시그니쳐,롯데캐슬리버파크시그니쳐,롯데캐슬리버파크시그니처아파트,서울 광진구 자양동 236,서울 광진구 뚝섬로 467,37.53760809589768,127.06277927270288,3,롯데캐슬리버파크시그니쳐 광진구 자양동
광진구,구의동,광진파크하우스,광진파크하우스,광진파크하우스,서울 광진구 구의동 682,서울 광진구 자양로 227,37.547372724094174,127.08748713959028,3,광진파크하우스 광진구 구의동
광진구,구의동,스타파크아파트,스타파크아파트,스타파크아파트,서울 광진구 구의동 80-37,,37.545675767255,127.085541092495,3,스타파크아파트 광진구 구의동
광진구,화양동,광진청년생활,광진청년생활,광진청년생활,서울 광진구 화양동 18-12,서울 광진구 동일로30길 31,37.5476777489112,127.069085159338,3,광진청년생활 광진구 화양동
광진구,구의동,현대팰리스,현대팰리스,현대팰리스,서울 광진구 구의동 231-18,,37.543262397278,127.088654621057,3,현대팰리스 광진구 구의동
광진구,자양동,대보아파트(798-3),대보아파트,대보아파트,서울 광진구 자양동 798-3,서울 광진구 아차산로40길 16-9,37.536880085723645,127.07790844794376,3,대보아파트 광진구 자양동
광진구,구의동,옥산그린타워,옥산그린타워,옥산그린타워,서울 광진구 구의동 587-64,서울 광진구 구의강변로 53,37.5357374735897,127.091894062915,3,옥산그린타워 광진구 구의동
광진구,광장동,광장르엣지29,광장르엣지29,광장르엣지29아파트,서울 광진구 광장동 530-1,서울 광진구 광나루로 589,37.5429813144828,127.094428561072,3,광장르엣지29 광진구 광장동
광진구,화양동,화양동동도센트리움캠퍼스파크,화양동동도센트리움캠퍼스파크,화양동동도센트리움캠퍼스파크,서울 광진구 화양동 116-2,서울 광진구 광나루로 370,37.547676632219165,127.07096816712613,3,화양동동도센트리움캠퍼스파크 광진구 화양동
광진구,자양동,이스트폴,이스트폴,풀만 앰배서더 서울 이스트폴,서울 광진구 자양동 870,서울 광진구 아차산로 410,37.5370875241688,127.087880183304,3,이스트폴 광진구 자양동
광진구,구의동,선화아파트,선화아파트,선화아파트,서울 광진구 구의동 47-3,서울 광진구 자양로48길 16,37.551288817090786,127.09292033947472,3,선화아파트 광진구 구의동
광진구,중곡동,랜드,랜드,스마일 게임랜드,서울 광진구 중곡동 124-65,서울 광진구 용마산로 47,37.5578016656595,127.087632879958,3,랜드 광진구 중곡동
광진구,중곡동,백악관타워,백악관타워,백악관타워아파트,서울 광진구 중곡동 93-13,,37.5537064363598,127.08909930348,3,백악관타워 광진구 중곡동
동대문구,답십리동,동아,동아,동아아파트,서울 동대문구 답십리동 10,서울 동대문구 한천로11길 10-1,37.569341802916576,127.06170904439826,3,동아 동대문구 답십리동
동대문구,장안동,태솔아파트3차,태솔아파트3차,태솔3차아파트,서울 동대문구 장안동 346-1,서울 동대문구 장한로26가길 53,37.569292433504465,127.07099772663608,3,태솔아파트3차 동대문구 장안동
동대문구,제기동,공성,공성,공성아파트,서울 동대문구 제기동 892-65,,37.58096449957048,127.0358700808638,3,공성 동대문구 제기동
동대문구,청량리동,광남캐스빌,광남캐스빌,광남캐스빌아파트,서울 동대문구 청량리동 425,서울 동대문구 홍릉로12길 29,37.58609451069109,127.04452592667022,3,광남캐스빌 동대문구 청량리동
동대문구,청량리동,미주,미주,미주아파트,서울 동대문구 청량리동 235-11,서울 동대문구 약령시로 154,37.5834583679649,127.046441099047,3,미주 동대문구 청량리동
동대문구,제기동,한신아파트,한신아파트,한신아파트,서울 동대문구 제기동 1212,서울 동대문구 고산자로 534,37.58892463122479,127.03915286827284,3,한신아파트 동대문구 제기동
동대문구,휘경동,현대,현대,현대자동차 휘경대리점,서울 동대문구 휘경동 308-144,서울 동대문구 망우로 56,37.5891466717479,127.05971905621,3,현대 동대문구 휘경동
동대문구,휘경동,휘경센트레빌,휘경센트레빌,휘경센트레빌아파트,서울 동대문구 휘경동 367,서울 동대문구 외대역동로 14,37.591026839756054,127.06839376161754,3,휘경센트레빌 동대문구 휘경동
동대문구,전농동,전농SK,전농SK,전농SK1차아파트,서울 동대문구 전농동 10,서울 동대문구 사가정로 148,37.57664050461763,127.06046527927865,3,전농SK 동대문구 전농동
동대문구,장안동,장안현대홈타운(336),장안현대홈타운,장안현대홈타운1차아파트,서울 동대문구 장안동 336,서울 동대문구 장안벚꽃로 107,37.5700227869319,127.074496157311,3,장안현대홈타운 동대문구 장안동
동대문구,용두동,동대문푸르지오시티(도시형생활주택),동대문푸르지오시티,동대문푸르지오시티,서울 동대문구 용두동 104-3,서울 동대문구 왕산로 86,37.577724500763665,127.03285948285392,3,동대문푸르지오시티 동대문구 용두동
동대문구,이문동,쌍용,쌍용,쌍용아파트,서울 동대문구 이문동 64,서울 동대문구 한천로58길 47,37.59978440549867,127.06851501787186,3,쌍용 동대문구 이문동
동대문구,장안동,서희스타힐스,서희스타힐스,서희스타힐스아파트,서울 동대문구 장안동 365-4,서울 동대문구 장한로20길 7,37.5689982133184,127.070320548224,3,서희스타힐스 동대문구 장안동
동대문구,답십리동,신답극동,신답극동,신답극동아파트,서울 동대문구 답십리동 464-1,서울 동대문구 서울시립대로 5,37.572694178734075,127.04412514541286,3,신답극동 동대문구 답십리동
동대문구,답십리동,센시티16,센시티16,센시티16,서울 동대문구 답십리동 488-18,서울 동대문구 전농로 16,37.5662801723375,127.05640018416,3,센시티16 동대문구 답십리동
동대문구,휘경동,동양1차,동양1차,동양1차아파트,서울 동대문구 휘경동 115,서울 동대문구 망우로 135,37.59258415766906,127.06769316355307,3,동양1차 동대문구 휘경동
동대문구,휘경동,주공2,주공2,주공2단지아파트,서울 동대문구 휘경동 57,서울 동대문구 한천로 248,37.58352387615069,127.06907751347816,3,주공2 동대문구 휘경동
동대문구,휘경동,휘경동일하이빌,휘경동일하이빌,휘경동일하이빌아파트,서울 동대문구 휘경동 365,서울 동대문구 장안벚꽃로5길 10,37.582345533896465,127.07329930847096,3,휘경동일하이빌 동대문구 휘경동
동대문구,휘경동,롯데낙천대,롯데낙천대,휘경롯데낙천대아파트,서울 동대문구 휘경동 109,서울 동대문구 외대역동로1길 24,37.591728514798696,127.06392415215949,3,롯데낙천대 동대문구 휘경동
동대문구,답십리동,답십리대우,답십리대우,답십리대우아파트,서울 동대문구 답십리동 111,서울 동대문구 답십리로41길 33,37.57339671382149,127.05343064143318,3,답십리대우 동대문구 답십리동
동대문구,전농동,전농동삼성래미안,전농동삼성래미안,삼성레미안세탁소,서울 동대문구 전농동 688-3,서울 동대문구 사가정로17길 15,37.57866439756654,127.0599552135712,3,전농동삼성래미안 동대문구 전농동
동대문구,용두동,롯데캐슬피렌체,롯데캐슬피렌체,롯데캐슬피렌체아파트,서울 동대문구 용두동 790,서울 동대문구 정릉천동로 58,37.57718397330088,127.03572336328868,3,롯데캐슬피렌체 동대문구 용두동
동대문구,장안동,다우하임,다우하임,다우하임아파트,서울 동대문구 장안동 344-2,서울 동대문구 장한로26가길 11,37.57119202870594,127.07199453280565,3,다우하임 동대문구 장안동
동대문구,이문동,민족통일MJ캠퍼스외대2차,민족통일MJ캠퍼스외대2차,민족통일MJ캠퍼스외대2차아파트,서울 동대문구 이문동 327-4,서울 동대문구 이문로 94,37.5951455037683,127.059663836144,3,민족통일MJ캠퍼스외대2차 동대문구 이문동
동대문구,장안동,래미안장안2차,래미안장안2차,래미안장안2차아파트,서울 동대문구 장안동 329-3,서울 동대문구 장안벚꽃로 167,37.57396497479295,127.07538758267157,3,래미안장안2차 동대문구 장안동
동대문구,용두동,신동아,신동아,신동아아파트,서울 동대문구 용두동 779,서울 동대문구 무학로26길 30,37.572698001958706,127.03231618087726,3,신동아 동대문구 용두동
동대문구,전농동,동아,동아,동아아파트,서울 동대문구 전농동 645-2,서울 동대문구 서울시립대로 31,37.574881194025224,127.04570221814836,3,동아 동대문구 전농동
동대문구,회기동,베라체캠퍼스,베라체캠퍼스,회기역한일베라체캠퍼스아파트,서울 동대문구 회기동 346-18,서울 동대문구 이문로 37,37.590817105663,127.056056369056,3,베라체캠퍼스 동대문구 회기동
동대문구,장안동,엘림하우스2차,엘림하우스2차,엘림하우스2차,서울 동대문구 장안동 426-3,서울 동대문구 장한로9길 25,37.5658275649113,127.065706246137,3,엘림하우스2차 동대문구 장안동
동대문구,답십리동,현대썬앤빌청계,현대썬앤빌청계,현대썬앤빌청계,서울 동대문구 답십리동 530-15,서울 동대문구 고미술로 71,37.56616183021804,127.0551527460643,3,현대썬앤빌청계 동대문구 답십리동
동대문구,장안동,장안현대,장안현대,장안현대홈타운1차아파트,서울 동대문구 장안동 336,서울 동대문구 장안벚꽃로 107,37.5700227869319,127.074496157311,3,장안현대 동대문구 장안동
동대문구,휘경동,브라운스톤휘경,브라운스톤휘경,브라운스톤휘경아파트,서울 동대문구 휘경동 368,서울 동대문구 망우로20길 86,37.59047291580242,127.0664910519866,3,브라운스톤휘경 동대문구 휘경동
동대문구,답십리동,답십리청솔우성,답십리청솔우성,답십리청솔우성1차아파트,서울 동대문구 답십리동 80,서울 동대문구 전농로10길 20,37.5746549056229,127.060087841828,3,답십리청솔우성 동대문구 답십리동
동대문구,용두동,래미안 허브리츠,래미안 허브리츠,래미안허브리츠아파트,서울 동대문구 용두동 792,서울 동대문구 정릉천동로 36,37.57534945259667,127.0360394566192,3,래미안 허브리츠 동대문구 용두동
동대문구,장안동,르메이에르7차(313-8),르메이에르7차,르메이에르장안타운7차오피스텔,서울 동대문구 장안동 313-8,서울 동대문구 장한로28가길 115,37.57814361024619,127.07279707543545,3,르메이에르7차 동대문구 장안동
동대문구,답십리동,동답한신,동답한신,동답한신아파트,서울 동대문구 답십리동 42,서울 동대문구 답십리로 210-30,37.57081176893789,127.06257960696196,3,동답한신 동대문구 답십리동
동대문구,휘경동,동일스위트리버,동일스위트리버,동일스위트리버아파트,서울 동대문구 휘경동 366,서울 동대문구 한천로 300,37.58741188431912,127.06869388806656,3,동일스위트리버 동대문구 휘경동
동대문구,장안동,스타파크아파트,스타파크아파트,스타파크아파트,서울 동대문구 장안동 456-8,서울 동대문구 천호대로97길 26,37.56193948826837,127.07086058791158,3,스타파크아파트 동대문구 장안동
동대문구,이문동,대림e-편한세상,대림e-편한세상,이문e편한세상아파트,서울 동대문구 이문동 225,서울 동대문구 한천로63길 10,37.60452201412,127.0649724465962,3,대림e-편한세상 동대문구 이문동
동대문구,이문동,투니온,투니온,투니온,서울 동대문구 이문동 256-2,서울 동대문구 이문로 190,37.60350719141346,127.06219929924704,3,투니온 동대문구 이문동
동대문구,답십리동,두산위브,두산위브,답십리두산위브아파트,서울 동대문구 답십리동 998,서울 동대문구 황물로15길 25,37.56618674409904,127.05769500262784,3,두산위브 동대문구 답십리동
동대문구,장안동,금성아파트,금성아파트,금성아파트,서울 동대문구 장안동 93-128,서울 동대문구 사가정로23가길 23,37.580497806549545,127.071487249219,3,금성아파트 동대문구 장안동
동대문구,장안동,가우디트윈캐슬2,가우디트윈캐슬2,가우디트윈캐슬2아파트,서울 동대문구 장안동 374-8,서울 동대문구 한천로24길 74-9,37.56828481741423,127.06846012054324,3,가우디트윈캐슬2 동대문구 장안동
동대문구,장안동,JS아파트,JS아파트,제이에스아파트,서울 동대문구 장안동 455-10,서울 동대문구 천호대로95길 16,37.56242445644224,127.07047282649188,3,JS아파트 동대문구 장안동
동대문구,답십리동,우성그린,우성그린,우성그린아파트,서울 동대문구 답십리동 989-1,서울 동대문구 답십리로59길 33,37.57486436940351,127.0660243607457,3,우성그린 동대문구 답십리동
동대문구,장안동,장안푸르미에,장안푸르미에,장안푸르미에,서울 동대문구 장안동 466-5,서울 동대문구 천호대로97길 9,37.56135981897649,127.06990025318008,3,장안푸르미에 동대문구 장안동
동대문구,회기동,회기힐스테이트,회기힐스테이트,회기힐스테이트아파트,서울 동대문구 회기동 351,서울 동대문구 회기로26길 15,37.59041128283582,127.0529695166354,3,회기힐스테이트 동대문구 회기동
동대문구,답십리동,청계푸르지오시티,청계푸르지오시티,청계푸르지오시티,서울 동대문구 답십리동 497-23,서울 동대문구 천호대로 257,37.56913985802194,127.0506000128467,3,청계푸르지오시티 동대문구 답십리동
동대문구,답십리동,청계지웰에스테이트,청계지웰에스테이트,청계지웰에스테이트,서울 동대문구 답십리동 498-7,서울 동대문구 사가정로 6,37.570171056727695,127.04951516443592,3,청계지웰에스테이트 동대문구 답십리동
동대문구,장안동,장안뉴시티,장안뉴시티,장안뉴시티,서울 동대문구 장안동 372-5,서울 동대문구 장한로 105,37.57009134327664,127.06994576690624,3,장안뉴시티 동대문구 장안동
동대문구,장안동,유엔팰리스(131-1),유엔팰리스,유엔팰리스아파트,서울 동대문구 장안동 131-1,서울 동대문구 한천로32길 37,37.57461381334187,127.06930700732693,3,유엔팰리스 동대문구 장안동
동대문구,용두동,용두두산위브,용두두산위브,용두두산위브아파트,서울 동대문구 용두동 791,서울 동대문구 정릉천동로 16,37.57342847813521,127.03621512375923,3,용두두산위브 동대문구 용두동
동대문구,장안동,일성트루엘,일성트루엘,일성트루엘아파트,서울 동대문구 장안동 581,서울 동대문구 천호대로83길 71-7,37.5652961572814,127.0653820610274,3,일성트루엘 동대문구 장안동
동대문구,장안동,U-포그니,U-포그니,U-포그니아파트,서울 동대문구 장안동 319-6,서울 동대문구 장한로28가길 114,37.57800283061204,127.07316033434024,3,U-포그니 동대문구 장안동
동대문구,제기동,현대,현대,현대모비스 대흥케이,서울 동대문구 제기동 136-206,서울 동대문구 고산자로60길 9,37.5889396670132,127.037237125311,3,현대 동대문구 제기동
동대문구,장안동,르메이에르장안타운3차,르메이에르장안타운3차,장안타운르메이에르3차아파트,서울 동대문구 장안동 337-3,서울 동대문구 장한로26다길 13,37.5708459911796,127.07354612553492,3,르메이에르장안타운3차 동대문구 장안동
동대문구,이문동,중앙하이츠빌,중앙하이츠빌,중앙하이츠빌아파트,서울 동대문구 이문동 84,서울 동대문구 외대역동로 101,37.59658267778021,127.06462130646808,3,중앙하이츠빌 동대문구 이문동
동대문구,장안동,(아이엔에스새터),,장안평제방길,서울 동대문구 장안동,,37.5726339014378,127.077251765966,3, 동대문구 장안동
동대문구,제기동,이수브라운스톤,이수브라운스톤,이수브라운스톤아파트,서울 동대문구 제기동 252,서울 동대문구 왕산로23길 89,37.58225153913395,127.03445778868216,3,이수브라운스톤 동대문구 제기동
동대문구,장안동,태솔에버빌2차,태솔에버빌2차,태솔에버빌2차아파트,서울 동대문구 장안동 383-10,서울 동대문구 장한로23길 11-12,37.570397133080185,127.06934837823188,3,태솔에버빌2차 동대문구 장안동
동대문구,장안동,화성(311-6),화성,화성로얄빌,서울 동대문구 장안동 392-5,서울 동대문구 한천로24길 46,37.569663051541006,127.0673962185082,3,화성 동대문구 장안동
동대문구,장안동,청명에버아트3차,청명에버아트3차,청명에버아트3차아파트,서울 동대문구 장안동 372-8,서울 동대문구 장한로23길 11-5,37.57074091615438,127.07002108404129,3,청명에버아트3차 동대문구 장안동
동대문구,답십리동,답십리한화,답십리한화,답십리한화아파트,서울 동대문구 답십리동 994,서울 동대문구 고미술로 57,37.56693452848863,127.05397386843508,3,답십리한화 동대문구 답십리동
동대문구,휘경동,효자워너빌,효자워너빌,효자워너빌아파트,서울 동대문구 휘경동 264-2,서울 동대문구 망우로 67,37.589946141589664,127.0609153568931,3,효자워너빌 동대문구 휘경동
동대문구,이문동,삼익,삼익,이문삼익아파트,서울 동대문구 이문동 73,서울 동대문구 한천로55길 9,37.595921509068496,127.06755577578586,3,삼익 동대문구 이문동
동대문구,답십리동,대림,대림,대림아파트,서울 동대문구 답십리동 808,서울 동대문구 답십리로60길 38,37.57091928039726,127.0637161922687,3,대림 동대문구 답십리동
동대문구,제기동,어진재,어진재,어진재,서울 동대문구 제기동 1213,서울 동대문구 회기로 14,37.59096938828023,127.03791070564128,3,어진재 동대문구 제기동
동대문구,전농동,전농우성,전농우성,전농우성아파트,서울 동대문구 전농동 6,서울 동대문구 사가정로 190,37.577272417963314,127.06495781882036,3,전농우성 동대문구 전농동
동대문구,장안동,청솔아파트(B동),청솔아파트,청솔아파트,서울 동대문구 장안동 372-9,서울 동대문구 장한로23길 7,37.57105435067633,127.07020928441096,3,청솔아파트 동대문구 장안동
동대문구,장안동,청원파크빌,청원파크빌,청원파크빌아파트,서울 동대문구 장안동 570,서울 동대문구 한천로14길 8,37.56707783604393,127.06297038754391,3,청원파크빌 동대문구 장안동
동대문구,전농동,래미안크레시티,래미안크레시티,래미안크레시티아파트,서울 동대문구 전농동 690,서울 동대문구 사가정로 65,37.57633347573597,127.05249313864849,3,래미안크레시티 동대문구 전농동
동대문구,장안동,장안위더스빌,장안위더스빌,장안위더스빌아파트,서울 동대문구 장안동 580,서울 동대문구 한천로 42,37.5662745657214,127.06218191091033,3,장안위더스빌 동대문구 장안동
동대문구,답십리동,래미안엘파인아파트,래미안엘파인아파트,래미안엘파인아파트,서울 동대문구 답십리동 1000,서울 동대문구 한천로37길 33,37.575881093623536,127.06530075116864,3,래미안엘파인아파트 동대문구 답십리동
동대문구,휘경동,롯데,롯데,휘경동롯데아파트,서울 동대문구 휘경동 78,서울 동대문구 망우로 95,37.59107649970664,127.06336198722678,3,롯데 동대문구 휘경동
동대문구,장안동,장안삼성쉐르빌,장안삼성쉐르빌,장안삼성쉐르빌아파트,서울 동대문구 장안동 371-1,서울 동대문구 장한로 119,37.5714705643541,127.070286649473,3,장안삼성쉐르빌 동대문구 장안동
동대문구,전농동,다스하우스,다스하우스,다스하우스,서울 동대문구 전농동 100-1,서울 동대문구 왕산로 294,37.5863282417652,127.052393729615,3,다스하우스 동대문구 전농동
동대문구,장안동,태솔에버빌,태솔에버빌,태솔에버빌아파트,서울 동대문구 장안동 312-8,서울 동대문구 장한로28가길 91,37.577133651625026,127.07270665934524,3,태솔에버빌 동대문구 장안동
동대문구,청량리동,한신,한신,한신아파트,서울 동대문구 청량리동 60,서울 동대문구 제기로 131,37.5883476091168,127.049750252449,3,한신 동대문구 청량리동
동대문구,답십리동,한일노벨리아,한일노벨리아,한일노벨리아,서울 동대문구 답십리동 494-1,서울 동대문구 천호대로 289,37.56689790131512,127.05328337893488,3,한일노벨리아 동대문구 답십리동
동대문구,이문동,래미안이문2차,래미안이문2차,래미안이문2차아파트,서울 동대문구 이문동 311,서울 동대문구 이문로12길 3-10,37.59351808326114,127.06011659303655,3,래미안이문2차 동대문구 이문동
동대문구,답십리동,래미안위브,래미안위브,래미안위브아파트,서울 동대문구 답십리동 1003,서울 동대문구 답십리로 130,37.57159835155525,127.05337841766884,3,래미안위브 동대문구 답십리동
동대문구,휘경동,주공1,주공1,주공1단지아파트,서울 동대문구 휘경동 57,서울 동대문구 한천로 248,37.58288733293944,127.07133556183088,3,주공1 동대문구 휘경동
동대문구,회기동,신현대,신현대,신현대아파트,서울 동대문구 회기동 65,서울 동대문구 이문로1길 21,37.58960450366104,127.05182084290634,3,신현대 동대문구 회기동
동대문구,장안동,태솔타운3차,태솔타운3차,태솔타운3차아파트,서울 동대문구 장안동 367-11,서울 동대문구 장한로26가길 10,37.57130843405214,127.071703727713,3,태솔타운3차 동대문구 장안동
동대문구,장안동,방원예뜨랑,방원예뜨랑,방원예뜨랑아파트,서울 동대문구 장안동 556,서울 동대문구 사가정로23가길 35,37.580598429557746,127.07196170117491,3,방원예뜨랑 동대문구 장안동
동대문구,휘경동,월드아파트,월드아파트,휘경아파트(월드),서울 동대문구 휘경동 108-4,서울 동대문구 외대역동로 37,37.59214540279181,127.06605321184738,3,월드아파트 동대문구 휘경동
동대문구,휘경동,휘경베스트빌현대,휘경베스트빌현대,휘경베스트빌현대아파트,서울 동대문구 휘경동 52,서울 동대문구 장안벚꽃로5길 19,37.58166382598228,127.07419075861614,3,휘경베스트빌현대 동대문구 휘경동
동대문구,장안동,선경이노블,선경이노블,선경이노블아파트,서울 동대문구 장안동 346-11,서울 동대문구 장한로22길 20-16,37.568806923695064,127.07078672580182,3,선경이노블 동대문구 장안동
동대문구,장안동,태솔아파트2차,태솔아파트2차,태솔2차아파트,서울 동대문구 장안동 346-2,서울 동대문구 장한로26가길 63,37.56899789862671,127.07084689926592,3,태솔아파트2차 동대문구 장안동
동대문구,장안동,신일해피트리2차(567),신일해피트리2차,신일해피트리2차아파트,서울 동대문구 장안동 567,서울 동대문구 천호대로77가길 27,37.56373290301636,127.06378251028548,3,신일해피트리2차 동대문구 장안동
동대문구,장안동,태솔에버빌3차,태솔에버빌3차,태솔에버빌3차아파트,서울 동대문구 장안동 383-11,서울 동대문구 장한로23길 11-10,37.57054306960911,127.06939039612656,3,태솔에버빌3차 동대문구 장안동
동대문구,이문동,신이문금호어울림,신이문금호어울림,신이문금호어울림아파트,서울 동대문구 이문동 428,서울 동대문구 신이문로 9,37.60370497903845,127.06301030821096,3,신이문금호어울림 동대문구 이문동
동대문구,장안동,공감대6차(384-1),공감대6차,공감대6차아파트,서울 동대문구 장안동 384-1,서울 동대문구 답십리로68길 31,37.5711933883014,127.06972945897346,3,공감대6차 동대문구 장안동
동대문구,장안동,장안힐스테이트,장안힐스테이트,장안힐스테이트아파트,서울 동대문구 장안동 329-2,서울 동대문구 장안벚꽃로1길 7,37.57596520721928,127.07534884553698,3,장안힐스테이트 동대문구 장안동
동대문구,장안동,형인허브빌(450-4),형인허브빌,형인허브빌아파트,서울 동대문구 장안동 566,서울 동대문구 천호대로89길 33,37.56331219810597,127.0684997122362,3,형인허브빌 동대문구 장안동
동대문구,장안동,신부파스카(563),신부파스카,신부파스카아파트,서울 동대문구 장안동 563,서울 동대문구 장한로12길 35,37.565516977833845,127.06996412735776,3,신부파스카 동대문구 장안동
동대문구,청량리동,현대,현대,청량리현대코아,서울 동대문구 청량리동 774,서울 동대문구 왕산로37길 27,37.5815057510316,127.044528854349,3,현대 동대문구 청량리동
동대문구,전농동,래미안아름숲,래미안아름숲,래미안아름숲아파트,서울 동대문구 전농동 688,서울 동대문구 전농로16길 51,37.5809433375079,127.06107557482017,3,래미안아름숲 동대문구 전농동
동대문구,장안동,비젼(437-2),비젼,비젼아파트,서울 동대문구 장안동 455-1,서울 동대문구 장한로8길 80,37.56270907103041,127.07064060737844,3,비젼 동대문구 장안동
동대문구,장안동,장안동우성4차,장안동우성4차,장안우성4차아파트,서울 동대문구 장안동 463-10,서울 동대문구 천호대로85길 26-4,37.56278706100501,127.06667469824944,3,장안동우성4차 동대문구 장안동
동대문구,장안동,대명이룸아파트(565-0),대명이룸아파트,대명이룸아파트,서울 동대문구 장안동 565,서울 동대문구 천호대로77길 63,37.56490136970089,127.06233017718044,3,대명이룸아파트 동대문구 장안동
동대문구,제기동,동성네스트빌2,동성네스트빌2,동성네스트빌-2,서울 동대문구 휘경동 293-223,서울 동대문구 망우로14가길 25,37.587957232449185,127.05997398885675,2,동성네스트빌2 동대문구 제기동
동대문구,제기동,동성네스트빌,동성네스트빌,동성네스트빌아파트,서울 동대문구 제기동 274-21,서울 동대문구 왕산로19라길 36,37.5802768927294,127.033302127173,3,동성네스트빌 동대문구 제기동
동대문구,이문동,대우,대우,이문대우아파트,서울 동대문구 이문동 45,서울 동대문구 한천로58길 139,37.6025659167959,127.06979043891364,3,대우 동대문구 이문동
동대문구,장안동,현대썬앤빌601,현대썬앤빌601,현대썬앤빌601,서울 동대문구 장안동 373-3,서울 동대문구 장한로 91,37.56917985785712,127.0694004508656,3,현대썬앤빌601 동대문구 장안동
동대문구,용두동,한양아이클래스,한양아이클래스,동대문한양아이클래스,서울 동대문구 용두동 112-8,서울 동대문구 왕산로 72,37.577716796510146,127.03137193881932,3,한양아이클래스 동대문구 용두동
동대문구,장안동,양우내안애애플,양우내안애애플,양우내안애애플,서울 동대문구 장안동 373-1,서울 동대문구 장한로 99,37.56975539812217,127.06973264617984,3,양우내안애애플 동대문구 장안동
동대문구,답십리동,두산,두산,두산1단지아파트,서울 동대문구 답십리동 990,서울 동대문구 답십리로56길 21,37.56931015249881,127.06018768670344,3,두산 동대문구 답십리동
동대문구,이문동,이문삼성래미안아파트,이문삼성래미안아파트,이문삼성래미안1차아파트,서울 동대문구 이문동 425,서울 동대문구 천장산로11길 22,37.6000357871039,127.056606840929,3,이문삼성래미안아파트 동대문구 이문동
동대문구,장안동,장안SM드림빌(360-2),장안SM드림빌,SM드림빌아파트,서울 동대문구 장안동 360-2,서울 동대문구 장한로12길 25-3,37.5658841359155,127.06919591658637,3,장안SM드림빌 동대문구 장안동
동대문구,용두동,용두롯데캐슬리치,용두롯데캐슬리치,용두롯데캐슬리치아파트,서울 동대문구 용두동 794,서울 동대문구 한빛로 73,37.57909811364989,127.03101930584651,3,용두롯데캐슬리치 동대문구 용두동
동대문구,장안동,래미안장안,래미안장안,래미안장안2차아파트,서울 동대문구 장안동 329-3,서울 동대문구 장안벚꽃로 167,37.57396497479295,127.07538758267157,3,래미안장안 동대문구 장안동
동대문구,장안동,U포그니2차,U포그니2차,장안동U포그니2차아파트,서울 동대문구 장안동 586,서울 동대문구 답십리로68길 32,37.57111014766231,127.06878871401992,3,U포그니2차 동대문구 장안동
동대문구,답십리동,클래식타워,클래식타워,클래식타워아파트,서울 동대문구 답십리동 493-5,서울 동대문구 천호대로 307,37.56584940062225,127.05468844049028,3,클래식타워 동대문구 답십리동
동대문구,회기동,동일스카이씨티,동일스카이씨티,동일스카이씨티아파트,서울 동대문구 회기동 65-81,서울 동대문구 이문로3길 16-2,37.5895062614253,127.053908641896,3,동일스카이씨티 동대문구 회기동
동대문구,답십리동,동서울한양,동서울한양,동서울한양아파트,서울 동대문구 답십리동 41,서울 동대문구 답십리로 184,37.57141116846576,127.0603931329071,3,동서울한양 동대문구 답십리동
동대문구,장안동,비젼아파트103동,비젼아파트,비젼아파트,서울 동대문구 장안동 455-1,서울 동대문구 장한로8길 80,37.56270907103041,127.07064060737844,3,비젼아파트 동대문구 장안동
동대문구,제기동,안암골벽산,안암골벽산,안암골벽산아파트,서울 동대문구 제기동 153,서울 동대문구 약령시로 25,37.58345237893246,127.03190872379965,3,안암골벽산 동대문구 제기동
동대문구,휘경동,휘경미소지움,휘경미소지움,휘경미소지움아파트,서울 동대문구 휘경동 106,서울 동대문구 망우로 105,37.59159106506084,127.064838917236,3,휘경미소지움 동대문구 휘경동
동대문구,장안동,아인리베(310-14),아인리베,장안아인리베아파트,서울 동대문구 장안동 310-5,서울 동대문구 장한로28가길 31,37.57434878907066,127.0725262247278,3,아인리베 동대문구 장안동
동대문구,장안동,정은스카이빌201동,정은스카이빌,정은스카이빌아파트(201동),서울 동대문구 장안동 347-8,서울 동대문구 장한로18길 31,37.567873566126146,127.07066359502863,3,정은스카이빌 동대문구 장안동
동대문구,장안동,우성2차아파트(334-6),우성2차아파트,우성2차아파트,서울 동대문구 장안동 334-6,서울 동대문구 장한로26길 67,37.571597352455775,127.0750863540164,3,우성2차아파트 동대문구 장안동
동대문구,용두동,청계한양아이클래스,청계한양아이클래스,청계한양아이클래스,서울 동대문구 용두동 255-49,서울 동대문구 청계천로 461,37.57072131930045,127.0284225004566,3,청계한양아이클래스 동대문구 용두동
동대문구,용두동,리채,리채,리채아파트,서울 동대문구 용두동 29-1,서울 동대문구 왕산로28길 55,37.57567281237286,127.03917309792692,3,리채 동대문구 용두동
동대문구,장안동,선일크라시아,선일크라시아,선일크라시아아파트,서울 동대문구 장안동 344-5,서울 동대문구 장한로26나길 16,37.57093063039178,127.07217426403724,3,선일크라시아 동대문구 장안동
동대문구,장안동,르메이에르1차(344-1),르메이에르1차,르메이에르장안타운1차오피스텔,서울 동대문구 장안동 344-1,서울 동대문구 장한로26가길 7,37.57125046476262,127.07220513592942,3,르메이에르1차 동대문구 장안동
동대문구,장안동,르메이에르장안타운6차,르메이에르장안타운6차,르메이에르장안타운6차아파트,서울 동대문구 장안동 342-3,서울 동대문구 장한로26나길 13,37.57086718967807,127.07277867300267,3,르메이에르장안타운6차 동대문구 장안동
동대문구,이문동,현대,현대,이문현대아파트,서울 동대문구 이문동 54,서울 동대문구 한천로58길 107,37.60135114339153,127.07019244863042,3,현대 동대문구 이문동
동대문구,장안동,광남캐스빌,광남캐스빌,광남캐스빌아파트,서울 동대문구 장안동 342-13,서울 동대문구 장한로26다길 12,37.571044508703494,127.07306523378284,3,광남캐스빌 동대문구 장안동
동대문구,장안동,가야써니빌(373-7),가야써니빌,가야써니빌아파트,서울 동대문구 장안동 373-7,서울 동대문구 장한로21길 11-9,37.569600688275585,127.0692887785294,3,가야써니빌 동대문구 장안동
동대문구,답십리동,청계한신휴플러스,청계한신휴플러스,청계한신휴플러스아파트,서울 동대문구 답십리동 1002,서울 동대문구 서울시립대로 14,37.57265375756036,127.04615818246718,3,청계한신휴플러스 동대문구 답십리동
동대문구,답십리동,한신휴플러스그린파크,한신휴플러스그린파크,한신휴플러스그린파크아파트,서울 동대문구 답십리동 1001,서울 동대문구 답십리로38길 14,37.5739028775882,127.04975422581028,3,한신휴플러스그린파크 동대문구 답십리동
동대문구,답십리동,삼희,삼희,삼희아파트,서울 동대문구 답십리동 530-5,서울 동대문구 고미술로 11,37.56920272198354,127.05107773471448,3,삼희 동대문구 답십리동
동대문구,답십리동,보광타워,보광타워,보광타워,서울 동대문구 답십리동 530-4,서울 동대문구 황물로 90,37.570351004507216,127.05011069397028,3,보광타워 동대문구 답십리동
동대문구,장안동,신일해피트리3차(568),신일해피트리3차,장안동신일해피트리아파트,서울 동대문구 장안동 568,서울 동대문구 장한로5길 28,37.56491071623713,127.0650466887015,3,신일해피트리3차 동대문구 장안동
동대문구,답십리동,청계벽산메가트리움,청계벽산메가트리움,청계벽산메가트리움아파트,서울 동대문구 답십리동 999,서울 동대문구 천호대로 241,37.56986283983394,127.0496972045974,3,청계벽산메가트리움 동대문구 답십리동
동대문구,휘경동,휘경제이스카이아파트,휘경제이스카이아파트,휘경제이스카이시티아파트,서울 동대문구 휘경동 192-1,서울 동대문구 망우로21나길 6,37.5904255660887,127.060727791998,3,휘경제이스카이아파트 동대문구 휘경동
동대문구,장안동,한강훼미리주상복합아파트,한강훼미리주상복합아파트,한강훼미리주상복합아파트 관리사무소,서울 동대문구 장안동 381-3,서울 동대문구 한천로24길 74-8,37.5685238225632,127.068042656677,3,한강훼미리주상복합아파트 동대문구 장안동
동대문구,신설동,포레스트힐시티,포레스트힐시티,포레스트힐시티,서울 동대문구 신설동 100-26,서울 동대문구 청계천로 443,37.5712848652142,127.02660363374504,3,포레스트힐시티 동대문구 신설동
동대문구,휘경동,휘경,휘경,휘경자이디센시아아파트,서울 동대문구 휘경동 172,서울 동대문구 외대역동로 63-27,37.59296807126167,127.06263212425122,3,휘경 동대문구 휘경동
동대문구,장안동,신부파스카(313-7),신부파스카,신부파스카아파트,서울 동대문구 장안동 563,서울 동대문구 장한로12길 35,37.565516977833845,127.06996412735776,3,신부파스카 동대문구 장안동
동대문구,장안동,한신아파트,한신아파트,한신아파트,서울 동대문구 장안동 555-1,서울 동대문구 사가정로 245-3,37.57952807727213,127.07191538710477,3,한신아파트 동대문구 장안동
동대문구,답십리동,우창프라자,우창프라자,우창프라자아파트,서울 동대문구 답십리동 494-2,서울 동대문구 천호대로 295,37.56647687858674,127.05385129299611,3,우창프라자 동대문구 답십리동
동대문구,장안동,태솔타워,태솔타워,태솔타워,서울 동대문구 장안동 364-9,서울 동대문구 장한로26가길 86,37.56825605157929,127.06988519048824,3,태솔타워 동대문구 장안동
동대문구,장안동,현대홈타운2차,현대홈타운2차,장안동현대2차홈타운아파트,서울 동대문구 장안동 569,서울 동대문구 장한로26다길 84,37.56852895872344,127.07154712055647,3,현대홈타운2차 동대문구 장안동
동대문구,답십리동,힐스테이트청계,힐스테이트청계,힐스테이트청계아파트,서울 동대문구 답십리동 1009,서울 동대문구 천호대로55길 11,37.57152873927553,127.04760981436472,3,힐스테이트청계 동대문구 답십리동
동대문구,용두동,두산베어스타워,두산베어스타워,두산베어스타워아파트,서울 동대문구 용두동 138-41,서울 동대문구 왕산로 81,37.5785292117472,127.03241379586,3,두산베어스타워 동대문구 용두동
동대문구,휘경동,서울가든,서울가든,서울가든아파트,서울 동대문구 휘경동 49-5,서울 동대문구 겸재로 24,37.584163286748456,127.0710910989154,3,서울가든 동대문구 휘경동
동대문구,장안동,청솔브레싱(A동)(400-1),청솔브레싱,청솔브레싱아파트,서울 동대문구 장안동 400-1,서울 동대문구 천호대로77다길 11-18,37.5661866106047,127.06489386028284,3,청솔브레싱 동대문구 장안동
동대문구,장안동,천강(332-6),천강,천강아파트,서울 동대문구 장안동 332-6,서울 동대문구 답십리로 319,37.5723140111023,127.075920217058,3,천강 동대문구 장안동
동대문구,장안동,르메이에르장안타운II(342-11),르메이에르장안타운II,르메이에르장안타운II아파트,서울 동대문구 장안동 342-11,서울 동대문구 장한로26다길 24,37.5706580569388,127.072943736172,3,르메이에르장안타운II 동대문구 장안동
동대문구,이문동,이문동웰츠타워,이문동웰츠타워,KCC이문웰츠타워아파트,서울 동대문구 이문동 292-10,서울 동대문구 이문로 136,37.59848703149206,127.0618961703657,3,이문동웰츠타워 동대문구 이문동
동대문구,제기동,어반넥서스,어반넥서스,어반넥서스,서울 동대문구 제기동 1158-40,서울 동대문구 왕산로19라길 3,37.578810860778866,127.03370676138944,3,어반넥서스 동대문구 제기동
동대문구,전농동,전농동신성미소지움,전농동신성미소지움,전농동신성미소지움아파트,서울 동대문구 전농동 687,서울 동대문구 서울시립대로 75,37.578311053676536,127.04852545642233,3,전농동신성미소지움 동대문구 전농동
동대문구,청량리동,샹그레빌아파트,샹그레빌아파트,늘푸른창,서울 동대문구 청량리동 949,서울 동대문구 회기로5길 100,37.5951192479449,127.040933878121,3,샹그레빌아파트 동대문구 청량리동
동대문구,장안동,장안예원(418-4),장안예원,장안예원아파트,서울 동대문구 장안동 418-4,서울 동대문구 한천로6길 76,37.5628285012952,127.063413889605,3,장안예원 동대문구 장안동
동대문구,장안동,제이드파크(382-2),제이드파크,제이드파크,서울 동대문구 장안동 382-2,서울 동대문구 장한로21길 11-2,37.5699297204337,127.06900043545286,3,제이드파크 동대문구 장안동
동대문구,휘경동,휘경SK뷰,휘경SK뷰,휘경SK뷰아파트,서울 동대문구 휘경동 372,서울 동대문구 휘경로 60,37.59352647073201,127.06632505454822,3,휘경SK뷰 동대문구 휘경동
동대문구,장안동,흥해오크팰리스(576-0),흥해오크팰리스,흥해오크팰리스아파트,서울 동대문구 장안동 576,서울 동대문구 장한로10길 28,37.56459154890275,127.06860954332764,3,흥해오크팰리스 동대문구 장안동
동대문구,장안동,비젼아파트101동,비젼아파트,비젼아파트,서울 동대문구 장안동 455-1,서울 동대문구 장한로8길 80,37.56270907103041,127.07064060737844,3,비젼아파트 동대문구 장안동
동대문구,용두동,가우디캐슬,가우디캐슬,가우디캐슬오피스텔,서울 동대문구 용두동 104-34,서울 동대문구 왕산로22길 16,37.5773108704287,127.033124204149,3,가우디캐슬 동대문구 용두동
동대문구,용두동,청계천대성스카이렉스2,청계천대성스카이렉스2,청계천대성스카이렉스2아파트,서울 동대문구 용두동 255-66,서울 동대문구 청계천로 471,37.57033802972614,127.02990635282453,3,청계천대성스카이렉스2 동대문구 용두동
동대문구,장안동,현대홈타운3차,현대홈타운3차,장안3차현대홈타운아파트,서울 동대문구 장안동 571,서울 동대문구 장한로28가길 44,37.57469803686315,127.073074463349,3,현대홈타운3차 동대문구 장안동
동대문구,장안동,장안평월드메르디앙2차,장안평월드메르디앙2차,장한평월드메르디앙2차아파트,서울 동대문구 장안동 575,서울 동대문구 천호대로97길 61,37.56335746441831,127.07117998163116,3,장안평월드메르디앙2차 동대문구 장안동
동대문구,장안동,한일(424-1),한일,한일빌라,서울 동대문구 장안동 378-14,서울 동대문구 장한로13길 18,37.56714042019581,127.06712228715372,3,한일 동대문구 장안동
동대문구,장안동,우성3차(562),우성3차,우성3차아파트,서울 동대문구 장안동 562,서울 동대문구 장한로12길 40,37.56509198606916,127.06949286811655,3,우성3차 동대문구 장안동
동대문구,답십리동,신답경남,신답경남,신답경남아파트,서울 동대문구 답십리동 645-8,서울 동대문구 천호대로47길 62,37.574755455117895,127.04465614961998,3,신답경남 동대문구 답십리동
동대문구,장안동,가우디캐슬,가우디캐슬,가우디트윈캐슬2아파트,서울 동대문구 장안동 374-8,서울 동대문구 한천로24길 74-9,37.56828481741423,127.06846012054324,3,가우디캐슬 동대문구 장안동
동대문구,장안동,SM이로빌4차B동(455-4),SM이로빌4차B동,SM이로빌4차아파트 B동,서울 동대문구 장안동 455-5,서울 동대문구 천호대로97길 35,37.56253684856035,127.07086115368448,3,SM이로빌4차B동 동대문구 장안동
동대문구,청량리동,홍릉동부,홍릉동부,홍릉동부아파트,서울 동대문구 청량리동 212,서울 동대문구 홍릉로10길 48,37.58615790752363,127.04602159836818,3,홍릉동부 동대문구 청량리동
동대문구,장안동,상록파라브3차,상록파라브3차,장안동상록파라브아파트,서울 동대문구 장안동 440-1,서울 동대문구 장한로12길 90,37.56407047041941,127.0721404805132,3,상록파라브3차 동대문구 장안동
동대문구,신설동,청계천대성스카이렉스1,청계천대성스카이렉스1,청계천대성스카이렉스1아파트,서울 동대문구 신설동 109-13,서울 동대문구 청계천로 417,37.572008040127,127.023907391633,3,청계천대성스카이렉스1 동대문구 신설동
동대문구,휘경동,동양2차,동양2차,동양2차아파트,서울 동대문구 휘경동 117,서울 동대문구 외대역동로 36,37.59232155089183,127.06684597161592,3,동양2차 동대문구 휘경동
동대문구,답십리동,세양청마루,세양청마루,세양청마루아파트,서울 동대문구 답십리동 997,서울 동대문구 답십리로59길 7,37.573682530002536,127.06554787345075,3,세양청마루 동대문구 답십리동
동대문구,장안동,화성(401-1),화성,화성로얄빌,서울 동대문구 장안동 392-5,서울 동대문구 한천로24길 46,37.569663051541006,127.0673962185082,3,화성 동대문구 장안동
동대문구,장안동,정은스카이빌101동,정은스카이빌,정은스카이빌아파트(201동),서울 동대문구 장안동 347-8,서울 동대문구 장한로18길 31,37.567873566126146,127.07066359502863,3,정은스카이빌 동대문구 장안동
동대문구,장안동,(해오름),,장안평제방길,서울 동대문구 장안동,,37.5726339014378,127.077251765966,3, 동대문구 장안동
동대문구,장안동,현대리노빌101동,현대리노빌,현대리노빌아파트,서울 동대문구 장안동 350-7,서울 동대문구 장한로26다길 116-2,37.56718507558448,127.07088027153588,3,현대리노빌 동대문구 장안동
동대문구,답십리동,답십리파크자이,답십리파크자이,답십리파크자이아파트,서울 동대문구 답십리동 1014,서울 동대문구 답십리로56길 105,37.56777513651158,127.05963520656783,3,답십리파크자이 동대문구 답십리동
동대문구,장안동,형인휴아름101동,형인휴아름,형인휴아름아파트,서울 동대문구 장안동 584,서울 동대문구 장한로26나길 42,37.56993441794971,127.07170127853304,3,형인휴아름 동대문구 장안동
동대문구,청량리동,청량리신주,청량리신주,신주아파트,서울 동대문구 청량리동 205-755,서울 동대문구 회기로8길 37,37.5908665113981,127.041092331126,3,청량리신주 동대문구 청량리동
동대문구,장안동,동재(B동),동재,동재아파트,서울 동대문구 장안동 241-13,서울 동대문구 한천로4길 13-3,37.56383238046208,127.05963093169204,3,동재 동대문구 장안동
동대문구,장안동,코지언레지던스,코지언레지던스,코지언레지던스,서울 동대문구 장안동 345-10,서울 동대문구 장한로26가길 31,37.570248075336,127.07151820213592,3,코지언레지던스 동대문구 장안동
동대문구,장안동,글로벌팰리스,글로벌팰리스,글로벌팰리스오피스텔,서울 동대문구 장안동 415-10,서울 동대문구 천호대로 385,37.562234633956,127.061925021809,3,글로벌팰리스 동대문구 장안동
동대문구,장안동,서광아침의빛,서광아침의빛,서광아침의빛아파트,서울 동대문구 장안동 577,서울 동대문구 장한로12길 89,37.56452070460928,127.07257102550273,3,서광아침의빛 동대문구 장안동
동대문구,장안동,태솔아파트4차,태솔아파트4차,태솔4차아파트,서울 동대문구 장안동 335-10,서울 동대문구 답십리로 292-3,37.5717428263343,127.072990073326,3,태솔아파트4차 동대문구 장안동
동대문구,제기동,동성네스트빌(1158-17),동성네스트빌,동성네스트빌아파트,서울 동대문구 제기동 274-21,서울 동대문구 왕산로19라길 36,37.5802768927294,127.033302127173,3,동성네스트빌 동대문구 제기동
동대문구,전농동,동대문롯데캐슬노블레스,동대문롯데캐슬노블레스,동대문롯데캐슬노블레스아파트,서울 동대문구 전농동 695,서울 동대문구 답십리로23길 30,37.57633028797046,127.04944226314667,3,동대문롯데캐슬노블레스 동대문구 전농동
동대문구,장안동,장한평월드메르디앙,장한평월드메르디앙,장한평월드메르디앙아파트,서울 동대문구 장안동 573,서울 동대문구 천호대로93길 56,37.56355961375807,127.07063688304824,3,장한평월드메르디앙 동대문구 장안동
동대문구,제기동,홍파,홍파,서울홍파초등학교,서울 동대문구 제기동 678,서울 동대문구 고산자로 518,37.5861567023354,127.039391444512,3,홍파 동대문구 제기동
동대문구,제기동,효성트럼프,효성트럼프,효성트럼프아파트,서울 동대문구 제기동 134-73,서울 동대문구 제기로2길 51,37.58514527347982,127.03532411028522,3,효성트럼프 동대문구 제기동
동대문구,장안동,형인허브빌아파트301동,형인허브빌아파트,형인허브빌아파트,서울 동대문구 장안동 566,서울 동대문구 천호대로89길 33,37.56331219810597,127.0684997122362,3,형인허브빌아파트 동대문구 장안동
동대문구,장안동,형인허브빌102동(417-11),형인허브빌,형인허브빌아파트,서울 동대문구 장안동 566,서울 동대문구 천호대로89길 33,37.56331219810597,127.0684997122362,3,형인허브빌 동대문구 장안동
동대문구,장안동,삼현팰리체,삼현팰리체,삼현팰리체아파트,서울 동대문구 장안동 333-5,서울 동대문구 장한로26길 79,37.5714994860109,127.075960141381,3,삼현팰리체 동대문구 장안동
동대문구,전농동,리베르떼,리베르떼,리베르떼오피스텔,서울 동대문구 전농동 597-5,서울 동대문구 왕산로 250,37.5831868487105,127.049447929487,3,리베르떼 동대문구 전농동
동대문구,이문동,이문2차푸르지오,이문2차푸르지오,이문2차푸르지오아파트,서울 동대문구 이문동 427,서울 동대문구 한천로58길 181,37.6043242718197,127.07042626672298,3,이문2차푸르지오 동대문구 이문동
동대문구,청량리동,현대코아,현대코아,청량리현대코아,서울 동대문구 청량리동 774,서울 동대문구 왕산로37길 27,37.5815057510316,127.044528854349,3,현대코아 동대문구 청량리동
동대문구,전농동,오크밸리,오크밸리,오크밸리,서울 동대문구 전농동 127-34,서울 동대문구 서울시립대로25길 9,37.58244685287395,127.05219175240092,3,오크밸리 동대문구 전농동
동대문구,신설동,주함해븐아파트,주함해븐아파트,주함해븐아파트,서울 동대문구 신설동 8-1,서울 동대문구 왕산로7길 31,37.57814772089005,127.02669550935688,3,주함해븐아파트 동대문구 신설동
동대문구,장안동,제이슨(360-7),제이슨,제이슨아파트,서울 동대문구 장안동 360-7,서울 동대문구 장한로14길 18,37.56603293063356,127.06897307120036,3,제이슨 동대문구 장안동
동대문구,장안동,동대문더퍼스트데시앙,동대문더퍼스트데시앙,동대문더퍼스트데시앙아파트,서울 동대문구 장안동 587,서울 동대문구 장한로27가길 37,37.57457613428351,127.07055332950117,3,동대문더퍼스트데시앙 동대문구 장안동
동대문구,답십리동,래미안미드카운티,래미안미드카운티,래미안미드카운티아파트,서울 동대문구 답십리동 1013,서울 동대문구 답십리로 141,37.57442433193186,127.05626708717048,3,래미안미드카운티 동대문구 답십리동
동대문구,장안동,경남하이빌,경남하이빌,경남하이빌아파트,서울 동대문구 장안동 578,서울 동대문구 사가정로23길 40,37.580437303441805,127.07021356590874,3,경남하이빌 동대문구 장안동
동대문구,장안동,금강아미움,금강아미움,금강아미움아파트,서울 동대문구 장안동 574,서울 동대문구 답십리로66길 20,37.57177842905515,127.0676743279137,3,금강아미움 동대문구 장안동
동대문구,이문동,대성유니드아파트,대성유니드아파트,이문동대성유니드아파트,서울 동대문구 이문동 429,서울 동대문구 한천로58길 151,37.60318890585934,127.07062450868224,3,대성유니드아파트 동대문구 이문동
동대문구,장안동,푸른마을(284-3),푸른마을,푸른마을아파트,서울 동대문구 장안동 284-3,서울 동대문구 한천로46길 114,37.580973276004165,127.07480707856594,3,푸른마을 동대문구 장안동
동대문구,이문동,주성아우라,주성아우라,주성아우라,서울 동대문구 이문동 254-40,서울 동대문구 이문로 199,37.60427864089625,127.06181490081718,3,주성아우라 동대문구 이문동
동대문구,답십리동,청계와이즈노벨리아,청계와이즈노벨리아,청계와이즈노벨리아아파트,서울 동대문구 답십리동 1008,서울 동대문구 서울시립대로 19,37.57396243376015,127.04504056071768,3,청계와이즈노벨리아 동대문구 답십리동
동대문구,전농동,전농동하우스토리,전농동하우스토리,전농하우스토리오피스텔,서울 동대문구 전농동 32-4,서울 동대문구 사가정로 122,37.57717485574368,127.05855592244028,3,전농동하우스토리 동대문구 전농동
동대문구,장안동,태솔타운2차,태솔타운2차,태솔타운2차아파트,서울 동대문구 장안동 367-4,서울 동대문구 장한로26가길 14,37.57114991672997,127.07160849018528,3,태솔타운2차 동대문구 장안동
동대문구,장안동,장안트윈B동,장안트윈B동,장안트윈아파트 B동,서울 동대문구 장안동 306-8,서울 동대문구 장한로27가길 16,37.57364769633754,127.07124184692049,3,장안트윈B동 동대문구 장안동
동대문구,장안동,태솔아파트1차,태솔아파트1차,태솔1차아파트,서울 동대문구 장안동 382-5,서울 동대문구 장한로21길 11-10,37.569464127794646,127.06861967227958,3,태솔아파트1차 동대문구 장안동
동대문구,장안동,우성5차에비뉴,우성5차에비뉴,우성5차에비뉴아파트,서울 동대문구 장안동 583,서울 동대문구 천호대로85길 71,37.5650029412019,127.067677253213,3,우성5차에비뉴 동대문구 장안동
동대문구,장안동,월튼파크뷰2차,월튼파크뷰2차,월튼파크뷰2차아파트,서울 동대문구 장안동 337-2,서울 동대문구 장한로26다길 7,37.5711368980262,127.073729790847,3,월튼파크뷰2차 동대문구 장안동
동대문구,장안동,아르떼하임,아르떼하임,아르떼하임오피스텔,서울 동대문구 장안동 372-12,서울 동대문구 장한로 107,37.5703029951333,127.070084063725,3,아르떼하임 동대문구 장안동
동대문구,장안동,은하수드림필,은하수드림필,은하수드림필아파트,서울 동대문구 장안동 572,서울 동대문구 천호대로89길 30,37.563041582902315,127.06904275162152,3,은하수드림필 동대문구 장안동
동대문구,장안동,SM이로빌(350-11),SM이로빌,에스엠이로빌아파트,서울 동대문구 장안동 350-11,서울 동대문구 장한로18길 26-3,37.56732229510784,127.07043216400945,3,SM이로빌 동대문구 장안동
동대문구,장안동,SM해그린(362-7),SM해그린,SM해그린아파트(309-6번지),서울 동대문구 장안동 309-6,서울 동대문구 장한로28가길 11,37.57360284656554,127.07239418838856,3,SM해그린 동대문구 장안동
동대문구,장안동,네오빌,네오빌,네오빌아파트,서울 동대문구 장안동 339-7,서울 동대문구 장한로22길 44-22,37.56810706197615,127.0719270437683,3,네오빌 동대문구 장안동
동대문구,장안동,상록파라브2차,상록파라브2차,장안동상록파라브아파트,서울 동대문구 장안동 440-1,서울 동대문구 장한로12길 90,37.56407047041941,127.0721404805132,3,상록파라브2차 동대문구 장안동
동대문구,회기동,회기아파트(347-7),회기아파트,회기아파트,서울 동대문구 회기동 347-7,서울 동대문구 회기로 173-1,37.59064444069744,127.05536668943844,3,회기아파트 동대문구 회기동
동대문구,답십리동,청솔2차우성,청솔2차우성,청솔2차우성아파트,서울 동대문구 답십리동 80-2,서울 동대문구 전농로10길 80,37.5755585084899,127.06201303199616,3,청솔2차우성 동대문구 답십리동
동대문구,장안동,SM이로빌5차,SM이로빌5차,에스엠이로빌5차아파트,서울 동대문구 장안동 312-7,서울 동대문구 장한로28가길 83,37.57676333906023,127.07271309162267,3,SM이로빌5차 동대문구 장안동
동대문구,장안동,비젼아파트102동,비젼아파트,비젼아파트,서울 동대문구 장안동 455-1,서울 동대문구 장한로8길 80,37.56270907103041,127.07064060737844,3,비젼아파트 동대문구 장안동
동대문구,장안동,동재(A동),동재,동재아파트,서울 동대문구 장안동 241-13,서울 동대문구 한천로4길 13-3,37.56383238046208,127.05963093169204,3,동재 동대문구 장안동
동대문구,장안동,대성하이빌(B동),대성하이빌,대성아파트,서울 동대문구 장안동 169-48,서울 동대문구 답십리로64길 39,37.57095619231727,127.06702270232408,3,대성하이빌 동대문구 장안동
동대문구,장안동,성림(390-5),성림,성림아파트,서울 동대문구 장안동 390-5,서울 동대문구 답십리로66길 37,37.57083684361222,127.0677538455472,3,성림 동대문구 장안동
동대문구,장안동,NS파크타운,NS파크타운,엔에스파크타운아파트,서울 동대문구 장안동 346-28,서울 동대문구 장한로22길 20-24,37.56852503494653,127.0705815794888,3,NS파크타운 동대문구 장안동
동대문구,장안동,젬스톤힐즈,젬스톤힐즈,젬스톤힐즈오피스텔(젬스톤빌리지),서울 동대문구 장안동 335-7,서울 동대문구 장한로26길 43,37.57167377179801,127.0739204925404,3,젬스톤힐즈 동대문구 장안동
동대문구,장안동,삼성그린,삼성그린,삼성그린아파트,서울 동대문구 장안동 326-10,서울 동대문구 장한로32길 27,37.57535346725295,127.0738675279882,3,삼성그린 동대문구 장안동
동대문구,이문동,세진빌딩,세진빌딩,세진빌딩,서울 동대문구 이문동 327-7,서울 동대문구 이문로 89,37.5950034790332,127.059003573062,3,세진빌딩 동대문구 이문동
동대문구,장안동,공감대5차(334-5),공감대5차,공감대5차아파트,서울 동대문구 장안동 334-5,서울 동대문구 장한로26길 71,37.571563726807085,127.0755391111226,3,공감대5차 동대문구 장안동
동대문구,장안동,흥해오크팰리스(440-5),흥해오크팰리스,흥해오크팰리스아파트,서울 동대문구 장안동 576,서울 동대문구 장한로10길 28,37.56459154890275,127.06860954332764,3,흥해오크팰리스 동대문구 장안동
동대문구,장안동,공감대(440-12),공감대,공감대오피스텔,서울 동대문구 장안동 295-3,서울 동대문구 장한로27길 25,37.57298067609844,127.07021222476152,3,공감대 동대문구 장안동
동대문구,장안동,상록파라브,상록파라브,장안동상록파라브아파트,서울 동대문구 장안동 440-1,서울 동대문구 장한로12길 90,37.56407047041941,127.0721404805132,3,상록파라브 동대문구 장안동
동대문구,장안동,리치,리치,리치마트,서울 동대문구 장안동 291-10,서울 동대문구 장한로31길 33,37.5753342641521,127.069891804713,3,리치 동대문구 장안동
동대문구,용두동,서안팰리스,서안팰리스,서안팰리스아파트,서울 동대문구 용두동 235-30,서울 동대문구 천호대로13길 20,37.57490150898015,127.03014363951064,3,서안팰리스 동대문구 용두동
동대문구,장안동,형인허브빌101동(417-3),형인허브빌,형인허브빌아파트,서울 동대문구 장안동 566,서울 동대문구 천호대로89길 33,37.56331219810597,127.0684997122362,3,형인허브빌 동대문구 장안동
동대문구,장안동,장안동파크뷰,장안동파크뷰,월튼파크뷰2차아파트,서울 동대문구 장안동 337-2,서울 동대문구 장한로26다길 7,37.5711368980262,127.073729790847,3,장안동파크뷰 동대문구 장안동
동대문구,장안동,에메랄드(351-5),에메랄드,에메랄드2차,서울 동대문구 장안동 349-8,서울 동대문구 답십리로72길 128,37.566822407473,127.071655283116,3,에메랄드 동대문구 장안동
동대문구,이문동,이문스카이뷰,이문스카이뷰,이문스카이뷰오피스텔,서울 동대문구 이문동 291-35,서울 동대문구 이문로 127,37.5980225878615,127.060997809905,3,이문스카이뷰 동대문구 이문동
동대문구,휘경동,동성,동성,동성빌라,서울 동대문구 휘경동 43-181,서울 동대문구 한천로51길 21,37.5855662429419,127.06625572082064,3,동성 동대문구 휘경동
동대문구,장안동,양지쉐르빌아파트(415-1),양지쉐르빌아파트,양지쉐르빌아파트,서울 동대문구 장안동 415-1,서울 동대문구 천호대로77길 10,37.56261332540755,127.06140242433374,3,양지쉐르빌아파트 동대문구 장안동
동대문구,장안동,월튼파크뷰(342-21),월튼파크뷰,월튼파크뷰2차아파트,서울 동대문구 장안동 337-2,서울 동대문구 장한로26다길 7,37.5711368980262,127.073729790847,3,월튼파크뷰 동대문구 장안동
동대문구,장안동,SM이로빌3차(358-18),SM이로빌3차,에스엠이로빌3차아파트,서울 동대문구 장안동 358-18,서울 동대문구 장한로12길 79,37.56458235677073,127.07194289660684,3,SM이로빌3차 동대문구 장안동
동대문구,장안동,신일해피트리아파트101동,신일해피트리아파트,장안동신일해피트리아파트,서울 동대문구 장안동 564,서울 동대문구 천호대로77길 79,37.565416475213894,127.06282863541648,3,신일해피트리아파트 동대문구 장안동
동대문구,회기동,동일스카이시티2차,동일스카이시티2차,동일스카이시티2차아파트,서울 동대문구 회기동 60-230,서울 동대문구 회기로 108-32,37.59093952537701,127.04815321147684,3,동일스카이시티2차 동대문구 회기동
동대문구,장안동,청명에버아트2차,청명에버아트2차,청명에버아트2차아파트,서울 동대문구 장안동 382-4,서울 동대문구 장한로21길 19-15,37.56965686429636,127.068751155106,3,청명에버아트2차 동대문구 장안동
동대문구,용두동,동대문베네스트,동대문베네스트,동대문베네스트,서울 동대문구 용두동 100-5,서울 동대문구 왕산로 92,37.57781709828785,127.03358744585717,3,동대문베네스트 동대문구 용두동
동대문구,장안동,공감대(378-3),공감대,공감대오피스텔,서울 동대문구 장안동 295-3,서울 동대문구 장한로27길 25,37.57298067609844,127.07021222476152,3,공감대 동대문구 장안동
동대문구,장안동,장안동공감대(375-11),장안동공감대,장안동 공감대빌딩,서울 동대문구 장안동 375-8,서울 동대문구 장한로17길 9,37.567583215001,127.067987469049,3,장안동공감대 동대문구 장안동
동대문구,장안동,청솔브레싱(B동)(400-9),청솔브레싱,청솔브레싱아파트,서울 동대문구 장안동 400-1,서울 동대문구 천호대로77다길 11-18,37.5661866106047,127.06489386028284,3,청솔브레싱 동대문구 장안동
동대문구,장안동,신부파스카(319-2),신부파스카,신부파스카아파트,서울 동대문구 장안동 563,서울 동대문구 장한로12길 35,37.565516977833845,127.06996412735776,3,신부파스카 동대문구 장안동
동대문구,장안동,정은101동(332-2),정은,정은아파트,서울 동대문구 장안동 332-2,서울 동대문구 장한로28길 74,37.572555390125984,127.07605630114722,3,정은 동대문구 장안동
동대문구,용두동,청재제일타운,청재제일타운,청재제일타운아파트,서울 동대문구 용두동 785,서울 동대문구 왕산로16길 47,37.57583006991478,127.031538689488,3,청재제일타운 동대문구 용두동
동대문구,장안동,베스트빌(417-10),베스트빌,베스트빌,서울 동대문구 장안동 417-10,서울 동대문구 천호대로81길 20,37.56315059698381,127.06426644560966,3,베스트빌 동대문구 장안동
동대문구,장안동,청솔아파트(A동),청솔아파트,청솔아파트,서울 동대문구 장안동 372-9,서울 동대문구 장한로23길 7,37.57105435067633,127.07020928441096,3,청솔아파트 동대문구 장안동
동대문구,장안동,에스아이팰리스장안센텀,에스아이팰리스장안센텀,에스아이팰리스장안센텀오피스텔,서울 동대문구 장안동 416-1,서울 동대문구 한천로2길 84,37.5623321447767,127.063241429589,3,에스아이팰리스장안센텀 동대문구 장안동
동대문구,이문동,삼보스위트홈,삼보스위트홈,삼보스위트홈아파트,서울 동대문구 이문동 264-368,서울 동대문구 천장산로9길 56,37.59906011790231,127.0544715395798,3,삼보스위트홈 동대문구 이문동
동대문구,제기동,명경아트빌,명경아트빌,명경아트빌,서울 동대문구 제기동 892-114,서울 동대문구 정릉천동로 112-7,37.5823356780042,127.03630774493294,3,명경아트빌 동대문구 제기동
동대문구,회기동,민족통일MJ캠퍼스경희대,민족통일MJ캠퍼스경희대,민족통일MJ캠퍼스경희대아파트,서울 동대문구 회기동 67-3,서울 동대문구 이문로 3,37.58863421714388,127.05365325990137,3,민족통일MJ캠퍼스경희대 동대문구 회기동
동대문구,장안동,새한그린빌(306-10),새한그린빌,그린빌아파트,서울 동대문구 장안동 306-10,서울 동대문구 장한로27가길 24,37.57411619004997,127.07128078175418,3,새한그린빌 동대문구 장안동
동대문구,답십리동,엘림스퀘어3,엘림스퀘어3,엘림스퀘어3,서울 동대문구 답십리동 268-3,서울 동대문구 전농로 45,37.569099187540026,127.05681773167886,3,엘림스퀘어3 동대문구 답십리동
동대문구,장안동,태솔타운(1차),태솔타운,태솔타운3차아파트,서울 동대문구 장안동 367-11,서울 동대문구 장한로26가길 10,37.57130843405214,127.071703727713,3,태솔타운 동대문구 장안동
동대문구,휘경동,휘경해모로프레스티지,휘경해모로프레스티지,휘경해모로프레스티지아파트,서울 동대문구 휘경동 375,서울 동대문구 외대역동로1길 60-3,37.59122670906269,127.06214944806378,3,휘경해모로프레스티지 동대문구 휘경동
동대문구,답십리동,답십리엘림퍼스트,답십리엘림퍼스트,답십리엘림퍼스트아파트,서울 동대문구 답십리동 1015,서울 동대문구 전농로3길 20,37.56892549359739,127.0564044426092,3,답십리엘림퍼스트 동대문구 답십리동
동대문구,제기동,건영스타밸리,건영스타밸리,건영스타밸리,서울 동대문구 제기동 757-12,서울 동대문구 경동시장로 53,37.583749013701535,127.04008985183982,3,건영스타밸리 동대문구 제기동
동대문구,회기동,민족통일MJ캠퍼스경희대2차,민족통일MJ캠퍼스경희대2차,민족통일MJ캠퍼스경희대2차,서울 동대문구 회기동 65-39,서울 동대문구 이문로 7,37.5888638566553,127.053902517372,3,민족통일MJ캠퍼스경희대2차 동대문구 회기동
동대문구,신설동,더나인,더나인,더나인아파트,서울 동대문구 신설동 89-38,,37.5771577663749,127.02562082904,3,더나인 동대문구 신설동
동대문구,장안동,금호(444-9),금호,금호아파트,서울 동대문구 장안동 444-9,서울 동대문구 천호대로91길 49,37.56386563835084,127.06964905759476,3,금호 동대문구 장안동
동대문구,장안동,현대리노빌102동,현대리노빌,현대리노빌아파트,서울 동대문구 장안동 350-7,서울 동대문구 장한로26다길 116-2,37.56718507558448,127.07088027153588,3,현대리노빌 동대문구 장안동
동대문구,제기동,청우,청우,청우아파트,서울 동대문구 제기동 1158-10,서울 동대문구 왕산로19다길 25,37.57970490747003,127.03278110613186,3,청우 동대문구 제기동
동대문구,장안동,신부파스카(319-3),신부파스카,신부파스카아파트,서울 동대문구 장안동 563,서울 동대문구 장한로12길 35,37.565516977833845,127.06996412735776,3,신부파스카 동대문구 장안동
동대문구,장안동,브이티스타일,브이티스타일,브이티스타일아파트,서울 동대문구 장안동 309-7,서울 동대문구 장한로28가길 17,37.57398030196949,127.07249417098484,3,브이티스타일 동대문구 장안동
동대문구,이문동,민족통일MJ캠퍼스외대3차,민족통일MJ캠퍼스외대3차,민족통일MJ캠퍼스외대3차아파트,서울 동대문구 이문동 327-1,,37.5951863264017,127.059111289259,3,민족통일MJ캠퍼스외대3차 동대문구 이문동
동대문구,장안동,공감대(380-1),공감대,공감대오피스텔,서울 동대문구 장안동 295-3,서울 동대문구 장한로27길 25,37.57298067609844,127.07021222476152,3,공감대 동대문구 장안동
동대문구,장안동,대성하이빌(A동),대성하이빌,대성아파트,서울 동대문구 장안동 169-48,서울 동대문구 답십리로64길 39,37.57095619231727,127.06702270232408,3,대성하이빌 동대문구 장안동
동대문구,휘경동,이문휘경지웰에스테이트,이문휘경지웰에스테이트,이문휘경지웰에스테이트,서울 동대문구 휘경동 377,서울 동대문구 외대역동로 63-12,37.59440347761589,127.06407477458528,3,이문휘경지웰에스테이트 동대문구 휘경동
동대문구,용두동,래미안엘리니티,래미안엘리니티,래미안엘리니티아파트,서울 동대문구 용두동 796,서울 동대문구 한빛로 49,37.5800222747363,127.028470187838,3,래미안엘리니티 동대문구 용두동
동대문구,장안동,청명에버아트1차,청명에버아트1차,청명에버아트1차아파트,서울 동대문구 장안동 382-3,서울 동대문구 장한로21길 19-9,37.569815396511835,127.06882487762292,3,청명에버아트1차 동대문구 장안동
동대문구,장안동,스마트트라움,스마트트라움,스마트트라움오피스텔,서울 동대문구 장안동 364-7,서울 동대문구 장한로26가길 90,37.56802908918248,127.06973556451304,3,스마트트라움 동대문구 장안동
동대문구,장안동,상록파라브아파트105동,상록파라브아파트,장안동상록파라브아파트,서울 동대문구 장안동 440-1,서울 동대문구 장한로12길 90,37.56407047041941,127.0721404805132,3,상록파라브아파트 동대문구 장안동
동대문구,용두동,이편한세상청계센트럴포레,이편한세상청계센트럴포레,e편한세상청계센트럴포레아파트,서울 동대문구 용두동 795,서울 동대문구 무학로 91,37.571714921804386,127.02922205568832,3,이편한세상청계센트럴포레 동대문구 용두동
동대문구,전농동,청량리역롯데캐슬 SKY-L65,청량리역롯데캐슬 SKY-L65,청량리역롯데캐슬SKY-L65아파트,서울 동대문구 전농동 620-47,서울 동대문구 답십리로 27,37.5787422414806,127.04495513706124,3,청량리역롯데캐슬 SKY-L65 동대문구 전농동
동대문구,장안동,우정B(344-6),우정B,우정아파트 B동,서울 동대문구 장안동 344-11,서울 동대문구 장한로26나길 14,37.57121424599802,127.07249714971154,3,우정B 동대문구 장안동
동대문구,전농동,세화,세화,세화아파트,서울 동대문구 전농동 103-22,서울 동대문구 전농로38길 30,37.5864106825339,127.053399182847,3,세화 동대문구 전농동
동대문구,장안동,프라하임장안1,프라하임장안1,프라하임장안1,서울 동대문구 장안동 432-11,서울 동대문구 천호대로83길 8,37.562622417523,127.064624785797,3,프라하임장안1 동대문구 장안동
동대문구,장안동,정암(363-11),정암,정암아파트,서울 동대문구 장안동 363-11,서울 동대문구 장한로26가길 106,37.56738600803503,127.06934558658595,3,정암 동대문구 장안동
동대문구,용두동,청량리역한양수자인그라시엘,청량리역한양수자인그라시엘,청량리역한양수자인그라시엘아파트,서울 동대문구 용두동 798,서울 동대문구 고산자로32길 78,37.57724554963043,127.04291199498816,3,청량리역한양수자인그라시엘 동대문구 용두동
동대문구,용두동,용두아파트,용두아파트,용두두산위브아파트,서울 동대문구 용두동 791,서울 동대문구 정릉천동로 16,37.57342847813521,127.03621512375923,3,용두아파트 동대문구 용두동
동대문구,장안동,태솔아파트5차,태솔아파트5차,태솔5차아파트,서울 동대문구 장안동 334-3,서울 동대문구 답십리로 314,37.5718387476188,127.075198662515,3,태솔아파트5차 동대문구 장안동
동대문구,제기동,리스트안암,리스트안암,리스트안암아파트,서울 동대문구 제기동 136-3,서울 동대문구 고산자로 568,37.5900218582933,127.036920632546,3,리스트안암 동대문구 제기동
동대문구,장안동,SM이로빌4차A동(455-5),SM이로빌4차A동,SM이로빌4차아파트 A동,서울 동대문구 장안동 455-5,서울 동대문구 천호대로97길 35,37.5622594314004,127.07071148852958,3,SM이로빌4차A동 동대문구 장안동
동대문구,이문동,래미안라그란데,래미안라그란데,래미안라그란데아파트,서울 동대문구 이문동 257-42,서울 동대문구 이문로35길 12,37.6000844489313,127.060230587332,3,래미안라그란데 동대문구 이문동
동대문구,용두동,청량리역해링턴플레이스,청량리역해링턴플레이스,청량리역해링턴플레이스아파트,서울 동대문구 용두동 797,서울 동대문구 고산자로34길 70,37.578304485181064,127.04216995862816,3,청량리역해링턴플레이스 동대문구 용두동
동대문구,장안동,시온,시온,시온그랜드빌,서울 동대문구 장안동 93-59,,37.5799510569991,127.071233135133,3,시온 동대문구 장안동
동대문구,장안동,장안동하트리움,장안동하트리움,장안동하트리움아파트,서울 동대문구 장안동 465-4,,37.5617108036038,127.067497710003,3,장안동하트리움 동대문구 장안동
동대문구,신설동,신설동역자이르네,신설동역자이르네,신설동역자이르네오피스텔,서울 동대문구 신설동 96-48,서울 동대문구 천호대로 26,37.5738870455013,127.026125718089,3,신설동역자이르네 동대문구 신설동
동대문구,답십리동,이편한세상답십리아르테포레,이편한세상답십리아르테포레,e편한세상답십리아르테포레아파트,서울 동대문구 답십리동 12-123,서울 동대문구 전농로4나길 19,37.56660587267071,127.06095180859906,3,이편한세상답십리아르테포레 동대문구 답십리동
중랑구,망우동,예성그린캐슬,예성그린캐슬,예성그린캐슬아파트,서울 중랑구 망우동 577,서울 중랑구 용마산로112가길 34,37.597039194779256,127.10203497199704,3,예성그린캐슬 중랑구 망우동
중랑구,면목동,동진노블클래스,동진노블클래스,동진노블클래스아파트,서울 중랑구 면목동 353-55,서울 중랑구 면목로35길 9,37.57805956449216,127.0852860501439,3,동진노블클래스 중랑구 면목동
중랑구,묵동,묵동자이(2단지),묵동자이,묵동자이1단지아파트,서울 중랑구 묵동 164-4,서울 중랑구 숙선옹주로 6-9,37.61485753975242,127.0779070476499,3,묵동자이 중랑구 묵동
중랑구,신내동,동성3,동성3,"동성1,2차아파트 3동",서울 중랑구 신내동 397,서울 중랑구 신내로 128,37.60996009522514,127.09692326315698,3,동성3 중랑구 신내동
중랑구,묵동,신내,신내,신내4단지아파트,서울 중랑구 묵동 13,서울 중랑구 숙선옹주로 91,37.61586212598735,127.08447745598107,3,신내 중랑구 묵동
중랑구,상봉동,"엘지,쌍용아파트","엘지,쌍용아파트",상봉13단지LG쌍용아파트,서울 중랑구 상봉동 484,서울 중랑구 봉화산로 130,37.60376261909741,127.09071497738688,3,"엘지,쌍용아파트 중랑구 상봉동"
중랑구,면목동,현대휴온,현대휴온,현대휴온,서울 중랑구 면목동 1535,서울 중랑구 동일로109가길 5,37.5922403610722,127.07869984593565,3,현대휴온 중랑구 면목동
중랑구,상봉동,건영캐스빌,건영캐스빌,상봉15단지건영캐스빌아파트,서울 중랑구 상봉동 499,서울 중랑구 상봉중앙로8길 76,37.6025369072333,127.09118911642904,3,건영캐스빌 중랑구 상봉동
중랑구,중화동,현대휴앤미,현대휴앤미,현대휴앤미아파트,서울 중랑구 중화동 11,서울 중랑구 봉화산로27가길 23,37.603172465949925,127.0846578868982,3,현대휴앤미 중랑구 중화동
중랑구,중화동,강오(A동),강오,강오아파트,서울 중랑구 중화동 307-76,서울 중랑구 동일로 825-1,37.6044452599975,127.078584732386,3,강오 중랑구 중화동
중랑구,중화동,태능에셈빌,태능에셈빌,태능에셈빌아파트,서울 중랑구 중화동 314-1,서울 중랑구 동일로129길 35,37.59929233556607,127.07746503362806,3,태능에셈빌 중랑구 중화동
중랑구,신내동,영풍마드레빌,영풍마드레빌,영풍마드레빌아파트,서울 중랑구 신내동 801,서울 중랑구 용마산로129가길 41,37.60560022572965,127.10013954725068,3,영풍마드레빌 중랑구 신내동
중랑구,면목동,면목동2차미소지움아파트,면목동2차미소지움아파트,면목동2차미소지움아파트,서울 중랑구 면목동 1530,서울 중랑구 용마산로86길 9-14,37.58662118475693,127.0964910607358,3,면목동2차미소지움아파트 중랑구 면목동
중랑구,면목동,두산1,두산1,면목두산1단지아파트,서울 중랑구 면목동 1500,서울 중랑구 사가정로41길 9,37.58161762607821,127.08397683877492,3,두산1 중랑구 면목동
중랑구,신내동,화성.두산아파트,화성.두산아파트,신내8단지두산화성아파트,서울 중랑구 신내동 656,서울 중랑구 신내로 155,37.61363397657145,127.09513963308686,3,화성.두산아파트 중랑구 신내동
중랑구,면목동,두산5,두산5,"면목두산4,5단지아파트",서울 중랑구 면목동 1522,서울 중랑구 면목로35길 63,37.5783649350145,127.081555062578,3,두산5 중랑구 면목동
중랑구,면목동,늘푸른동아,늘푸른동아,면목늘푸른동아아파트,서울 중랑구 면목동 715,서울 중랑구 동일로 476,37.57287671001758,127.08063442383263,3,늘푸른동아 중랑구 면목동
중랑구,중화동,삼익아파트.상가동,삼익아파트.상가동,동대문엽기떡볶이 중화역점,서울 중랑구 중화동 438,서울 중랑구 중랑역로 124,37.60464969460435,127.0773573409544,3,삼익아파트.상가동 중랑구 중화동
중랑구,면목동,킴스아파트,킴스아파트,킴스부동산,서울 중랑구 면목동 126-1,서울 중랑구 면목로 429,37.5901785611514,127.086878245979,3,킴스아파트 중랑구 면목동
중랑구,망우동,예성그린캐슬2차,예성그린캐슬2차,예성그린캐슬2차아파트,서울 중랑구 망우동 401-21,서울 중랑구 용마산로112가길 36,37.597193666331144,127.102610424404,3,예성그린캐슬2차 중랑구 망우동
중랑구,신내동,신내 데시앙포레,신내 데시앙포레,신내데시앙포레아파트,서울 중랑구 신내동 817,서울 중랑구 신내역로 165,37.61529778285628,127.11001784111684,3,신내 데시앙포레 중랑구 신내동
중랑구,면목동,진성그린건설테라스아파트,진성그린건설테라스아파트,진성그린건설테라스아파트,서울 중랑구 면목동 173-21,서울 중랑구 동일로95나길 22,37.583865694722725,127.0772475205775,3,진성그린건설테라스아파트 중랑구 면목동
중랑구,상봉동,건영2차아파트,건영2차아파트,신내건영2차아파트 노인정,서울 중랑구 상봉동 63,서울 중랑구 신내로7나길 24,37.6012226466432,127.094267711685,3,건영2차아파트 중랑구 상봉동
중랑구,중화동,로얄,로얄,로얄스포츠센터,서울 중랑구 중화동 207,서울 중랑구 망우로 247,37.59538320920279,127.07975962696064,3,로얄 중랑구 중화동
중랑구,면목동,면목한신,면목한신,면목한신아파트,서울 중랑구 면목동 193-1,서울 중랑구 중랑천로 20,37.58750505698917,127.0754646406228,3,면목한신 중랑구 면목동
중랑구,상봉동,동부아파트,동부아파트,동부아파트,서울 중랑구 상봉동 495,서울 중랑구 신내로7가길 31,37.60201602210501,127.09363454732272,3,동부아파트 중랑구 상봉동
중랑구,상봉동,금강산아파트,금강산아파트,금강산아파트,서울 중랑구 상봉동 494,서울 중랑구 중랑천로10길 23,37.59203599556366,127.07428257852344,3,금강산아파트 중랑구 상봉동
중랑구,신내동,동성아파트,동성아파트,"동성1,2차아파트",서울 중랑구 신내동 397,서울 중랑구 신내로 128,37.6091161456984,127.0976798411704,3,동성아파트 중랑구 신내동
중랑구,묵동,한국,한국,봉화산,서울 중랑구 묵동 산 46-19,,37.60857753365413,127.08709217385756,3,한국 중랑구 묵동
중랑구,신내동,신내우디안1단지,신내우디안1단지,신내우디안1단지아파트,서울 중랑구 신내동 816,서울 중랑구 신내역로1길 85,37.61681035101259,127.10629361016376,3,신내우디안1단지 중랑구 신내동
중랑구,신내동,신내11대명,신내11대명,신내11단지대명아파트,서울 중랑구 신내동 661,서울 중랑구 봉화산로 193,37.60753699030504,127.09400840491708,3,신내11대명 중랑구 신내동
중랑구,묵동,신도브래뉴,신도브래뉴,묵동신도브래뉴아파트,서울 중랑구 묵동 169-10,서울 중랑구 동일로 946,37.61501039548151,127.07701015986753,3,신도브래뉴 중랑구 묵동
중랑구,면목동,면목삼익아파트,면목삼익아파트,면목삼익아파트,서울 중랑구 면목동 1516,서울 중랑구 동일로 501,37.57525516872301,127.07955250074998,3,면목삼익아파트 중랑구 면목동
중랑구,신내동,건영2차,건영2차,건영2차아파트,서울 중랑구 신내동 785,서울 중랑구 신내로7길 20,37.60109472654917,127.09310681537018,3,건영2차 중랑구 신내동
중랑구,신내동,동성7,동성7,"동성1,2차아파트 7동",서울 중랑구 신내동 397,서울 중랑구 신내로 128,37.61108004088796,127.0969031976264,3,동성7 중랑구 신내동
중랑구,면목동,용마,용마,용마폭포공원,서울 중랑구 면목동 산 1-4,서울 중랑구 용마산로 250-12,37.5736051123377,127.090053515636,3,용마 중랑구 면목동
중랑구,면목동,용마한신2,용마한신2,용마한신2차아파트관리사무소,서울 중랑구 면목동 1073,서울 중랑구 사가정로71길 11,37.5810727183152,127.094450610331,3,용마한신2 중랑구 면목동
중랑구,면목동,용마한신,용마한신,용마한신1차아파트,서울 중랑구 면목동 1077-1,서울 중랑구 사가정로71길 19,37.58132018338221,127.09594985606692,3,용마한신 중랑구 면목동
중랑구,망우동,EGSoulLeader,EGSoulLeader,EG솔리더,서울 중랑구 망우동 506-8,서울 중랑구 상봉로 110,37.59568770473095,127.09332994347344,3,EGSoulLeader 중랑구 망우동
중랑구,망우동,신원,신원,신원아파트,서울 중랑구 망우동 573,서울 중랑구 망우로 504-7,37.599977905190954,127.108457469566,3,신원 중랑구 망우동
중랑구,묵동,장미,장미,서울장미축제,서울 중랑구 묵동 375,,37.615529042826935,127.07327070654952,3,장미 중랑구 묵동
중랑구,상봉동,우정아파트,우정아파트,상봉우정아파트,서울 중랑구 상봉동 496,서울 중랑구 상봉중앙로1다길 21,37.599428596620726,127.08868498551918,3,우정아파트 중랑구 상봉동
중랑구,면목동,동원베네스트,동원베네스트,면목동원베네스트아파트,서울 중랑구 면목동 1508,서울 중랑구 사가정로41길 59,37.58388811428206,127.0839975037893,3,동원베네스트 중랑구 면목동
중랑구,묵동,리치빌,리치빌,리치빌아파트,서울 중랑구 묵동 177-12,서울 중랑구 공릉로2길 8-25,37.61122777968031,127.07877761136284,3,리치빌 중랑구 묵동
중랑구,면목동,일신강변,일신강변,일신강변아파트,서울 중랑구 면목동 1520,서울 중랑구 중랑천로 14,37.58686046792626,127.07464427072188,3,일신강변 중랑구 면목동
중랑구,면목동,신영,신영,신영전기,서울 중랑구 면목동 183-108,서울 중랑구 동일로109길 25,37.5918159957289,127.078697134499,3,신영 중랑구 면목동
중랑구,망우동,금호어울림(580-1),금호어울림,중랑숲금호어울림아파트,서울 중랑구 망우동 580,서울 중랑구 양원역로 18,37.60221881800047,127.1092715506026,3,금호어울림 중랑구 망우동
중랑구,묵동,우성,우성,우성아파트,서울 중랑구 묵동 245-64,서울 중랑구 중랑역로 150,37.6065038292232,127.077513281953,3,우성 중랑구 묵동
중랑구,면목동,면목삼호101,면목삼호101,삼호아파트 101동,서울 중랑구 면목동 1513,서울 중랑구 용마산로 259,37.57656429710027,127.0884393758039,3,면목삼호101 중랑구 면목동
중랑구,상봉동,백운아파트,백운아파트,백운오피스텔,서울 중랑구 상봉동 84-39,서울 중랑구 상봉로 99,37.59475825955117,127.092850940131,3,백운아파트 중랑구 상봉동
중랑구,신내동,성원,성원,성원아파트,서울 중랑구 신내동 783,서울 중랑구 신내로 51,37.60487670314577,127.09471625543198,3,성원 중랑구 신내동
중랑구,묵동,신내두산아파트,신내두산아파트,신내5단지두산대림아파트,서울 중랑구 묵동 20,서울 중랑구 신내로21길 16,37.616572917937,127.0882896578597,3,신내두산아파트 중랑구 묵동
중랑구,면목동,진로,진로,면목8동진로아파트,서울 중랑구 면목동 1517,서울 중랑구 용마산로94길 91,37.58786378059237,127.1017054230425,3,진로 중랑구 면목동
중랑구,면목동,마젤란21,마젤란21,면목마젤란21아파트,서울 중랑구 면목동 1531,서울 중랑구 겸재로30길 42,37.58683246614795,127.08412761959124,3,마젤란21 중랑구 면목동
중랑구,면목동,현대,현대,면목현대아파트,서울 중랑구 면목동 1502,서울 중랑구 용마산로 252,37.57625784429658,127.08978501857524,3,현대 중랑구 면목동
중랑구,망우동,개나리,개나리,개나리아파트,서울 중랑구 망우동 213-3,서울 중랑구 송림길 124,37.60512312667181,127.10584663352722,3,개나리 중랑구 망우동
중랑구,면목동,형진,형진,형진아파트,서울 중랑구 면목동 1512,서울 중랑구 중랑천로 8,37.5864566024313,127.07499258585,3,형진 중랑구 면목동
중랑구,중화동,강오(B동),강오,강오아파트,서울 중랑구 중화동 307-76,서울 중랑구 동일로 825-1,37.6044452599975,127.078584732386,3,강오 중랑구 중화동
중랑구,묵동,브라운스톤태릉,브라운스톤태릉,태릉브라운스톤아파트,서울 중랑구 묵동 387,서울 중랑구 공릉로18길 59,37.61874313258715,127.08242827763225,3,브라운스톤태릉 중랑구 묵동
중랑구,면목동,대원칸타빌,대원칸타빌,대원칸타빌아파트,서울 중랑구 면목동 581,서울 중랑구 용마산로 285,37.578322419455034,127.09044410360676,3,대원칸타빌 중랑구 면목동
중랑구,상봉동,프레미어스엠코,프레미어스엠코,상봉프레미어스엠코아파트,서울 중랑구 상봉동 500,서울 중랑구 망우로 353,37.59810095027223,127.09051333411745,3,프레미어스엠코 중랑구 상봉동
중랑구,상봉동,한일써너스빌,한일써너스빌,한일써너스빌아파트,서울 중랑구 상봉동 81-5,서울 중랑구 망우로 346,37.59710213729319,127.09118248359626,3,한일써너스빌 중랑구 상봉동
중랑구,면목동,경남아너스빌,경남아너스빌,경남아너스빌아파트,서울 중랑구 면목동 1529,서울 중랑구 답십리로75길 73,37.57548611806166,127.08044705526888,3,경남아너스빌 중랑구 면목동
중랑구,면목동,다울101동,다울,다울아파트,서울 중랑구 면목동 178-50,서울 중랑구 겸재로9길 35,37.5880007588079,127.07799679847795,3,다울 중랑구 면목동
중랑구,묵동,현대아이파크,현대아이파크,묵동아이파크아파트,서울 중랑구 묵동 385,서울 중랑구 중랑천로 286,37.61051029520134,127.07365765090093,3,현대아이파크 중랑구 묵동
중랑구,신내동,라이프미성,라이프미성,라이프미성아파트,서울 중랑구 신내동 487,서울 중랑구 용마산로129나길 101,37.60326939560503,127.09903567439154,3,라이프미성 중랑구 신내동
중랑구,상봉동,상봉어반뷰,상봉어반뷰,상봉어반뷰,서울 중랑구 상봉동 113,서울 중랑구 면목로 489,37.59552435118355,127.0853603311045,3,상봉어반뷰 중랑구 상봉동
중랑구,면목동,리치카운티,리치카운티,면목아남리치카운티아파트,서울 중랑구 면목동 1505,서울 중랑구 겸재로29길 27,37.58922128942006,127.08497722710008,3,리치카운티 중랑구 면목동
중랑구,중화동,범양프레체,범양프레체,중화범양프레체,서울 중랑구 중화동 208-4,서울 중랑구 중랑천로14길 58,37.59449016902226,127.0758997124716,3,범양프레체 중랑구 중화동
중랑구,망우동,"염광(5,8,10,11동)",염광,염광아파트,서울 중랑구 망우동 178-1,서울 중랑구 망우로81길 27,37.60275853341827,127.10628720340851,3,염광 중랑구 망우동
중랑구,면목동,용마금호타운,용마금호타운,용마금호타운아파트,서울 중랑구 면목동 494,서울 중랑구 용마산로 348,37.58276673238642,127.09426707839364,3,용마금호타운 중랑구 면목동
중랑구,상봉동,포시티,포시티,포시티,서울 중랑구 상봉동 113-1,서울 중랑구 면목로 487,37.59536751410418,127.0854496066189,3,포시티 중랑구 상봉동
중랑구,묵동,동구햇살,동구햇살,동구햇살아파트,서울 중랑구 묵동 388,서울 중랑구 동일로169길 41,37.61331007488963,127.07444417819184,3,동구햇살 중랑구 묵동
중랑구,신내동,데시앙,데시앙,신내데시앙플렉스,서울 중랑구 신내동 260-4,서울 중랑구 신내역로3길 40-36,37.61748623089158,127.10411644260724,3,데시앙 중랑구 신내동
중랑구,상봉동,태영데시앙1,태영데시앙1,1번지옛날통닭,서울 동대문구 장안동 587,서울 동대문구 장한로27가길 37,37.57525465372542,127.07043510617768,1,태영데시앙1 중랑구 상봉동
중랑구,면목동,신성미소지움,신성미소지움,면목신성미소지움1차아파트,서울 중랑구 면목동 1527,서울 중랑구 용마산로86길 9-27,37.58721616429734,127.09609328944109,3,신성미소지움 중랑구 면목동
중랑구,면목동,면목동금호어울림아파트,면목동금호어울림아파트,면목금호어울림아파트,서울 중랑구 면목동 1528,서울 중랑구 용마산로 271,37.57732864319251,127.08923385689748,3,면목동금호어울림아파트 중랑구 면목동
중랑구,면목동,용마산금호어울림,용마산금호어울림,용마산금호어울림아파트,서울 중랑구 면목동 1525,서울 중랑구 용마산로 290,37.57735555904856,127.09173348792083,3,용마산금호어울림 중랑구 면목동
중랑구,신내동,동성1,동성1,"동성1,2차아파트",서울 중랑구 신내동 397,서울 중랑구 신내로 128,37.6091161456984,127.0976798411704,3,동성1 중랑구 신내동
중랑구,신내동,신내9진흥,신내9진흥,신내9단지진흥아파트,서울 중랑구 신내동 657,서울 중랑구 신내로 127,37.6119873028327,127.09472527275408,3,신내9진흥 중랑구 신내동
중랑구,상봉동,정우아파트,정우아파트,정우아파트,서울 중랑구 상봉동 269-7,서울 중랑구 상봉중앙로1길 72,37.5995480898781,127.087933213152,3,정우아파트 중랑구 상봉동
중랑구,중화동,동양엔파트,동양엔파트,중화동양엔파트1차아파트,서울 중랑구 중화동 208-33,서울 중랑구 망우로 203,37.59410401963847,127.07531277929807,3,동양엔파트 중랑구 중화동
중랑구,묵동,세방,세방,세방아파트,서울 중랑구 묵동 383,서울 중랑구 숙선옹주로9길 25,37.61542668681366,127.08357991114836,3,세방 중랑구 묵동
중랑구,묵동,태창네스트빌,태창네스트빌,태창네스트빌아파트,서울 중랑구 묵동 389,서울 중랑구 중랑역로49길 10,37.61634283182593,127.07720182017772,3,태창네스트빌 중랑구 묵동
중랑구,상봉동,상봉듀오트리스,상봉듀오트리스,상봉듀오트리스아파트,서울 중랑구 상봉동 501,서울 중랑구 상봉로 131,37.59759884760133,127.09200292657756,3,상봉듀오트리스 중랑구 상봉동
중랑구,묵동,위더스빌,위더스빌,위더스빌아파트,서울 중랑구 묵동 169-11,서울 중랑구 동일로 942,37.614566122709746,127.07714108662974,3,위더스빌 중랑구 묵동
중랑구,중화동,중화동건영아파트,중화동건영아파트,중화동건영아파트,서울 중랑구 중화동 42,서울 중랑구 동일로140길 88,37.605692512309425,127.08342405928802,3,중화동건영아파트 중랑구 중화동
중랑구,신내동,벽산,벽산,벽산아파트,서울 중랑구 신내동 437,서울 중랑구 용마산로125길 50,37.60314602448667,127.10002754172623,3,벽산 중랑구 신내동
중랑구,묵동,신안1,신안1,신안1차아파트 상가동,서울 중랑구 묵동 381,서울 중랑구 공릉로2길 47,37.61232391554774,127.0806554769615,3,신안1 중랑구 묵동
중랑구,묵동,신안3,신안3,묵동3차신안아파트 경로당,서울 중랑구 묵동 384,서울 중랑구 공릉로2라길 4,37.6126565180745,127.081764651276,3,신안3 중랑구 묵동
중랑구,중화동,극동,극동,극동아파트,서울 중랑구 중화동 19,서울 중랑구 봉화산로27길 32,37.603645214671396,127.08377510145768,3,극동 중랑구 중화동
중랑구,망우동,경남,경남,경남아파트,서울 중랑구 망우동 226,서울 중랑구 양원역로 37,37.603796092331365,127.10670995662866,3,경남 중랑구 망우동
중랑구,망우동,주함해븐(101동),주함해븐,주함해븐아파트,서울 중랑구 망우동 582,서울 중랑구 용마산로 463,37.5927212204678,127.098287965916,3,주함해븐 중랑구 망우동
중랑구,면목동,남청파인힐(101동),남청파인힐,남청파인힐아파트,서울 중랑구 면목동 1526,서울 중랑구 겸재로48길 13,37.58826571099806,127.09053312536452,3,남청파인힐 중랑구 면목동
중랑구,망우동,한일써너스빌리젠시2단지,한일써너스빌리젠시2단지,한일써너스빌리젠시2단지아파트,서울 중랑구 망우동 495,서울 중랑구 용마산로115길 109,37.59766902745578,127.0944081719406,3,한일써너스빌리젠시2단지 중랑구 망우동
중랑구,묵동,신내대림아파트,신내대림아파트,신내5단지두산대림아파트,서울 중랑구 묵동 20,서울 중랑구 신내로21길 16,37.616572917937,127.0882896578597,3,신내대림아파트 중랑구 묵동
중랑구,신내동,다우훼밀리,다우훼밀리,다우훼밀리아파트,서울 중랑구 신내동 796,서울 중랑구 송림길 18,37.60038493449032,127.09624158391786,3,다우훼밀리 중랑구 신내동
중랑구,묵동,이편한세상화랑대,이편한세상화랑대,e편한세상화랑대아파트,서울 중랑구 묵동 396,서울 중랑구 숙선옹주로 45,37.61647306759768,127.08310763150652,3,이편한세상화랑대 중랑구 묵동
중랑구,망우동,용마프라자,용마프라자,용마프라자아파트,서울 중랑구 망우동 572,서울 중랑구 봉우재로71길 18,37.59632833946503,127.09882718044348,3,용마프라자 중랑구 망우동
중랑구,망우동,중랑숲리가,중랑숲리가,중랑숲리가아파트,서울 중랑구 망우동 583,서울 중랑구 망우로75길 19,37.60235608221786,127.1049548774998,3,중랑숲리가 중랑구 망우동
중랑구,망우동,금호어울림(580),금호어울림,중랑숲금호어울림아파트,서울 중랑구 망우동 580,서울 중랑구 양원역로 18,37.60221881800047,127.1092715506026,3,금호어울림 중랑구 망우동
중랑구,묵동,월등스카이뷰,월등스카이뷰,월등스카이뷰아파트,서울 중랑구 묵동 170-27,서울 중랑구 동일로 938,37.614191370976805,127.07705008966748,3,월등스카이뷰 중랑구 묵동
중랑구,신내동,우남푸르미아,우남푸르미아,우남푸르미아아파트,서울 중랑구 신내동 802,서울 중랑구 봉화산로56길 51,37.60617435424682,127.09883567546936,3,우남푸르미아 중랑구 신내동
중랑구,중화동,동양엔파트2차,동양엔파트2차,중화동양엔파트2차아파트,서울 중랑구 중화동 454,서울 중랑구 중랑천로14길 34,37.59418016019628,127.07459270073028,3,동양엔파트2차 중랑구 중화동
중랑구,망우동,예아아트월드,예아아트월드,예아아트월드아파트,서울 중랑구 망우동 133-15,서울 중랑구 망우로 498,37.60023846645192,127.1072801401582,3,예아아트월드 중랑구 망우동
중랑구,신내동,광남,광남,광남아파트,서울 중랑구 신내동 799,서울 중랑구 용마산로129길 22,37.60753935251021,127.0999065823326,3,광남 중랑구 신내동
중랑구,망우동,한울네세창,한울네세창,한울네세창아파트,서울 중랑구 망우동 579,서울 중랑구 망우로76길 51,37.59841576963084,127.106276496023,3,한울네세창 중랑구 망우동
중랑구,면목동,용마산하늘채,용마산하늘채,용마산하늘채아파트,서울 중랑구 면목동 1537,서울 중랑구 용마산로 210,37.5726234588525,127.08707745573562,3,용마산하늘채 중랑구 면목동
중랑구,신내동,진로아파트,진로아파트,신내7단지진로아파트,서울 중랑구 신내동 654,서울 중랑구 신내로17길 41,37.61451021526786,127.09341349218369,3,진로아파트 중랑구 신내동
중랑구,상봉동,주함해븐타워,주함해븐타워,주함해븐타워,서울 중랑구 상봉동 115-61,서울 중랑구 면목로 491,37.59581000937488,127.08529951082232,3,주함해븐타워 중랑구 상봉동
중랑구,면목동,신성,신성,신성아파트,서울 중랑구 면목동 1519,서울 중랑구 중랑천로 43,37.58890050453657,127.07289926214447,3,신성 중랑구 면목동
중랑구,망우동,한일써너스빌리젠시1단지(101동),한일써너스빌리젠시1단지,한일써너스빌리젠시1단지아파트,서울 중랑구 망우동 479,서울 중랑구 용마산로115길 127,37.59733459825102,127.09347920820429,3,한일써너스빌리젠시1단지 중랑구 망우동
중랑구,면목동,신우,신우,신우아파트,서울 중랑구 면목동 1518,서울 중랑구 동일로 569-55,37.580474825741796,127.07925691231392,3,신우 중랑구 면목동
중랑구,상봉동,상봉베스트원,상봉베스트원,상봉베스트원아파트,서울 중랑구 상봉동 101-19,서울 중랑구 망우로 304,37.596175963282306,127.08633036689756,3,상봉베스트원 중랑구 상봉동
중랑구,묵동,세원,세원,세원아파트,서울 중랑구 묵동 377,서울 중랑구 동일로157길 59,37.60921965064301,127.0743404368408,3,세원 중랑구 묵동
중랑구,중화동,한영(102),한영,한영아파트,서울 중랑구 중화동 274-51,서울 중랑구 동일로144길 74,37.60652231508797,127.08215204853396,3,한영 중랑구 중화동
중랑구,망우동,청광,청광,청광아파트,서울 중랑구 망우동 575,서울 중랑구 용마산로116길 76,37.59957396050151,127.1048014923231,3,청광 중랑구 망우동
중랑구,면목동,용마동아,용마동아,용마동아아파트,서울 중랑구 면목동 1499,서울 중랑구 용마산로62길 43,37.57883793699631,127.09484628199633,3,용마동아 중랑구 면목동
중랑구,묵동,월드메르디앙,월드메르디앙,묵동월드메르디앙아파트,서울 중랑구 묵동 392,서울 중랑구 중랑천로 316,37.613018770830536,127.0734607864566,3,월드메르디앙 중랑구 묵동
중랑구,망우동,백림금호,백림금호,금호아파트,서울 중랑구 망우동 574,서울 중랑구 망우로 504-10,37.599895595221575,127.10782320272418,3,백림금호 중랑구 망우동
중랑구,묵동,묵동자이(1단지),묵동자이,묵동자이1단지아파트,서울 중랑구 묵동 164-4,서울 중랑구 숙선옹주로 6-9,37.61485753975242,127.0779070476499,3,묵동자이 중랑구 묵동
중랑구,묵동,SM해그린,SM해그린,묵동sm해그린아파트,서울 중랑구 묵동 390,서울 중랑구 공릉로2나길 32-12,37.6132809972887,127.0803155952672,3,SM해그린 중랑구 묵동
중랑구,묵동,헤르만스테이트,헤르만스테이트,헤르만스테이트,서울 중랑구 묵동 162-17,서울 중랑구 중랑역로 276,37.61622648156832,127.078751170372,3,헤르만스테이트 중랑구 묵동
중랑구,면목동,두산4,두산4,"면목두산4,5단지아파트",서울 중랑구 면목동 1522,서울 중랑구 면목로35길 63,37.5783649350145,127.081555062578,3,두산4 중랑구 면목동
중랑구,신내동,중앙하이츠,중앙하이츠,중앙하이츠,서울 중랑구 신내동 473-24,서울 중랑구 용마산로129나길 62-13,37.6043292071537,127.09874037139052,3,중앙하이츠 중랑구 신내동
중랑구,망우동,더하이어,더하이어,더하이어,서울 중랑구 망우동 508-6,서울 중랑구 망우로58길 31,37.596828654238266,127.09409344655135,3,더하이어 중랑구 망우동
중랑구,면목동,포인트아파트에이동,포인트아파트에이동,포인트아파트 A동,서울 중랑구 면목동 142-64,서울 중랑구 동일로100길 39,37.58932812578757,127.08168930592484,3,포인트아파트에이동 중랑구 면목동
중랑구,묵동,하늘빛아파트,하늘빛아파트,하늘빛아파트,서울 중랑구 묵동 121-302,서울 중랑구 숙선옹주로 38,37.61430767914851,127.08096682607308,3,하늘빛아파트 중랑구 묵동
중랑구,면목동,두산3,두산3,면목두산3단지아파트,서울 중랑구 면목동 1511,서울 중랑구 면목로37길 57,37.57972979868294,127.0830509242448,3,두산3 중랑구 면목동
중랑구,면목동,한강훼미리(138-28),한강훼미리,한강훼밀리아파트,서울 중랑구 면목동 138-62,서울 중랑구 겸재로27길 37,37.589157037622606,127.08411212002748,3,한강훼미리 중랑구 면목동
중랑구,신내동,새한,새한,새한아파트,서울 중랑구 신내동 795,서울 중랑구 용마산로 616,37.605191849111876,127.10146174385793,3,새한 중랑구 신내동
중랑구,묵동,풍산쉐르빌,풍산쉐르빌,풍산쉐르빌,서울 중랑구 묵동 122-314,서울 중랑구 동일로156길 47-10,37.6109381903448,127.0806619084538,3,풍산쉐르빌 중랑구 묵동
중랑구,면목동,포인트아파트비동,포인트아파트비동,포인트아파트 B동,서울 중랑구 면목동 142-64,서울 중랑구 동일로100길 39,37.58945151459221,127.08175737565824,3,포인트아파트비동 중랑구 면목동
중랑구,중화동,태솔,태솔,태솔아파트,서울 중랑구 중화동 318-81,서울 중랑구 중랑천로30길 50,37.5971786601872,127.07459116446157,3,태솔 중랑구 중화동
중랑구,면목동,솔루테아파트,솔루테아파트,솔루테아파트,서울 중랑구 면목동 1523,서울 중랑구 봉우재로6길 19,37.58926282506051,127.07696550788371,3,솔루테아파트 중랑구 면목동
중랑구,신내동,석탑,석탑,석탑아파트,서울 중랑구 신내동 787,서울 중랑구 용마산로125길 92,37.60370368789794,127.10114263278771,3,석탑 중랑구 신내동
중랑구,면목동,SM해그린,SM해그린,SM해그린아파트,서울 중랑구 면목동 668-1,서울 중랑구 사가정로46길 77,37.5778485982637,127.082944684139,3,SM해그린 중랑구 면목동
중랑구,면목동,아람플러스,아람플러스,아람플러스리빙아파트,서울 중랑구 면목동 472-8,서울 중랑구 면목로44길 28,37.58087445315167,127.08989471709302,3,아람플러스 중랑구 면목동
중랑구,신내동,동광오뜨빌,동광오뜨빌,동광오뜨빌아파트,서울 중랑구 신내동 800,서울 중랑구 용마산로117길 8,37.60065935964013,127.09994720802445,3,동광오뜨빌 중랑구 신내동
중랑구,상봉동,한국프라우드,한국프라우드,한국프라우드아파트,서울 중랑구 상봉동 74,서울 중랑구 망우로55길 32,37.59892722122311,127.09389339118556,3,한국프라우드 중랑구 상봉동
중랑구,망우동,한진해모로,한진해모로,중랑해모로아파트,서울 중랑구 망우동 578,서울 중랑구 양원역로6가길 19,37.60278026882623,127.11009679519864,3,한진해모로 중랑구 망우동
중랑구,신내동,동성5,동성5,동성5차아파트,서울 중랑구 신내동 788,서울 중랑구 봉화산로 233-12,37.60852383161582,127.0991966659834,3,동성5 중랑구 신내동
중랑구,상봉동,더클래스,더클래스,더클래스오피스텔,서울 중랑구 상봉동 85-4,서울 중랑구 상봉로23길 33,37.5941765121974,127.09132045371,3,더클래스 중랑구 상봉동
중랑구,중화동,청광플러스원,청광플러스원,중화역청광플러스원아파트,서울 중랑구 중화동 453,서울 중랑구 동일로136길 15,37.60267831900452,127.08007317582457,3,청광플러스원 중랑구 중화동
중랑구,묵동,금호어울림,금호어울림,금호어울림아파트,서울 중랑구 묵동 386,서울 중랑구 공릉로2길 39,37.6127261733946,127.08004317439124,3,금호어울림 중랑구 묵동
중랑구,중화동,현대휴앤미(102동),현대휴앤미,현대휴앤미아파트,서울 중랑구 중화동 11,서울 중랑구 봉화산로27가길 23,37.603172465949925,127.0846578868982,3,현대휴앤미 중랑구 중화동
중랑구,망우동,가야써니빌,가야써니빌,가야써니빌아파트,서울 중랑구 망우동 576,서울 중랑구 상봉로26길 29,37.59581636776831,127.09468552030246,3,가야써니빌 중랑구 망우동
중랑구,묵동,공감대,공감대,공감대아파트,서울 중랑구 묵동 171-4,서울 중랑구 공릉로 32,37.61361751364711,127.0783089646747,3,공감대 중랑구 묵동
중랑구,묵동,신도,신도,신도1차아파트,서울 중랑구 묵동 167,서울 중랑구 공릉로13길 30,37.61685447994778,127.07737451401304,3,신도 중랑구 묵동
중랑구,묵동,묵동포레시타,묵동포레시타,묵동포레시타,서울 중랑구 묵동 393,서울 중랑구 동일로157길 41,37.6093936960488,127.07551619724256,3,묵동포레시타 중랑구 묵동
중랑구,묵동,백운,백운,백운아파트,서울 중랑구 묵동 122-146,서울 중랑구 동일로154길 23-14,37.609682962910334,127.07955517951908,3,백운 중랑구 묵동
중랑구,신내동,동성타워프라자,동성타워프라자,동성프라자,서울 중랑구 신내동 786,서울 중랑구 봉화산로 221,37.6080353003354,127.097266186943,3,동성타워프라자 중랑구 신내동
중랑구,면목동,동성네스트빌101,동성네스트빌101,동성네스트빌아파트 101동,서울 중랑구 면목동 1339-2,서울 중랑구 용마산로40길 27-9,37.572118490095725,127.087633804654,3,동성네스트빌101 중랑구 면목동
중랑구,면목동,두산2,두산2,면목두산2단지아파트,서울 중랑구 면목동 1510,서울 중랑구 면목로37길 58,37.58055114629927,127.0835590232765,3,두산2 중랑구 면목동
중랑구,신내동,원당,원당,원당아파트,서울 중랑구 신내동 408-2,서울 중랑구 봉화산로 220,37.6074008550596,127.097446563953,3,원당 중랑구 신내동
중랑구,망우동,월드101,월드101,월드아파트 101동,서울 중랑구 망우동 508-50,서울 중랑구 망우로58길 55,37.59583202991143,127.0942541168785,3,월드101 중랑구 망우동
중랑구,면목동,IS아파트,IS아파트,IS아파트,서울 중랑구 면목동 1534,서울 중랑구 봉우재로20가길 21,37.591248891925986,127.08190427301724,3,IS아파트 중랑구 면목동
중랑구,면목동,건원베스트원,건원베스트원,건원베스트원,서울 중랑구 면목동 105-4,서울 중랑구 겸재로 198,37.58863582939011,127.0896006115644,3,건원베스트원 중랑구 면목동
중랑구,신내동,경남아너스빌,경남아너스빌,신내경남아너스빌아파트,서울 중랑구 신내동 804,서울 중랑구 봉화산로56길 112,37.603721794942054,127.09673963695845,3,경남아너스빌 중랑구 신내동
중랑구,면목동,대명미르테,대명미르테,대명미르테아파트,서울 중랑구 면목동 1532,서울 중랑구 봉우재로14길 20-3,37.58965874265639,127.07775735911952,3,대명미르테 중랑구 면목동
중랑구,면목동,두원,두원,두원아파트,서울 중랑구 면목동 1521,서울 중랑구 동일로 483,37.57342508665554,127.07979280314092,3,두원 중랑구 면목동
중랑구,면목동,세모,세모,세모아파트,서울 중랑구 면목동 91-58,서울 중랑구 봉우재로 130-1,37.592722419329135,127.08761266728077,3,세모 중랑구 면목동
중랑구,상봉동,태영데시앙2(1411동),태영데시앙2,서울동대문 동대문더퍼스트데시앙 2 전기차충전소,서울 동대문구 장안동 587,서울 동대문구 장한로27가길 37,37.5750498584217,127.070885461211,1,태영데시앙2 중랑구 상봉동
중랑구,면목동,두산6,두산6,면목두산6단지아파트,서울 중랑구 면목동 1501,서울 중랑구 답십리로77길 139,37.577561889762165,127.08062136275306,3,두산6 중랑구 면목동
중랑구,상봉동,풍산쉐르빌101동,풍산쉐르빌,풍산쉐르빌,서울 중랑구 상봉동 226-31,서울 중랑구 봉화산로44길 16,37.60248144316969,127.088296783291,3,풍산쉐르빌 중랑구 상봉동
중랑구,상봉동,태솔에버빌,태솔에버빌,태솔에버빌아파트,서울 중랑구 상봉동 474-10,서울 중랑구 망우로26길 8,37.592375534569015,127.07158466338818,3,태솔에버빌 중랑구 상봉동
중랑구,면목동,효성,효성,효성아파트,서울 중랑구 면목동 177-56,서울 중랑구 중랑천로2길 48,37.586674749443,127.077614993673,3,효성 중랑구 면목동
중랑구,상봉동,SG타워,SG타워,SG타워아파트,서울 중랑구 상봉동 128-10,서울 중랑구 동일로 709,37.593701060937576,127.07975556698248,3,SG타워 중랑구 상봉동
중랑구,묵동,극동늘푸른,극동늘푸른,극동늘푸른아파트,서울 중랑구 묵동 379,서울 중랑구 동일로 941,37.614613630175675,127.07613083027118,3,극동늘푸른 중랑구 묵동
중랑구,신내동,경원,경원,경원아파트,서울 중랑구 신내동 449-1,서울 중랑구 봉화산로56길 73,37.605536764819654,127.09846337462125,3,경원 중랑구 신내동
중랑구,면목동,세모하이츠(B),세모하이츠,세모하이츠아파트,서울 중랑구 면목동 132-63,서울 중랑구 봉우재로28길 18,37.59187020052613,127.08498476801242,3,세모하이츠 중랑구 면목동
중랑구,면목동,동성네스트빌,동성네스트빌,동성네스트빌아파트,서울 중랑구 면목동 1339-2,서울 중랑구 용마산로40길 27-9,37.57199234168523,127.08764610866206,3,동성네스트빌 중랑구 면목동
중랑구,중화동,한영(101),한영,한영아파트,서울 중랑구 중화동 274-51,서울 중랑구 동일로144길 74,37.60652231508797,127.08215204853396,3,한영 중랑구 중화동
중랑구,면목동,다울(178-9),다울,다울아파트,서울 중랑구 면목동 178-50,서울 중랑구 겸재로9길 35,37.5880007588079,127.07799679847795,3,다울 중랑구 면목동
중랑구,상봉동,동일스카이시티101동,동일스카이시티,동일스카이씨티,서울 중랑구 상봉동 257-9,서울 중랑구 상봉중앙로6나길 30,37.60074137121276,127.08983481662464,3,동일스카이시티 중랑구 상봉동
중랑구,망우동,산솔트윈,산솔트윈,산솔트윈아파트,서울 중랑구 망우동 461-12,서울 중랑구 봉우재로 229,37.59551610117142,127.0982814508352,3,산솔트윈 중랑구 망우동
중랑구,신내동,신천빌리지,신천빌리지,신천빌리지아파트,서울 중랑구 신내동 495-42,서울 중랑구 신내로1길 20,37.59972024300025,127.09594743522392,3,신천빌리지 중랑구 신내동
중랑구,망우동,문수해오름,문수해오름,문수해오름아파트,서울 중랑구 망우동 508-14,서울 중랑구 망우로58길 33-6,37.596616721794405,127.09434343045388,3,문수해오름 중랑구 망우동
중랑구,면목동,풍림,풍림,풍림에너지,서울 중랑구 면목동 169-6,서울 중랑구 동일로 553,37.5795881847249,127.07935106874,3,풍림 중랑구 면목동
중랑구,면목동,동서그랜드맨션,동서그랜드맨션,동서그랜드맨션,서울 중랑구 면목동 174-1,서울 중랑구 겸재로 92,37.5859753677181,127.077935810984,3,동서그랜드맨션 중랑구 면목동
중랑구,상봉동,동일스카이시티102동,동일스카이시티,동일스카이씨티,서울 중랑구 상봉동 257-9,서울 중랑구 상봉중앙로6나길 30,37.60074137121276,127.08983481662464,3,동일스카이시티 중랑구 상봉동
중랑구,상봉동,풍산쉐르빌102동,풍산쉐르빌,풍산쉐르빌,서울 중랑구 상봉동 226-31,서울 중랑구 봉화산로44길 16,37.60248144316969,127.088296783291,3,풍산쉐르빌 중랑구 상봉동
중랑구,면목동,형제,형제,형제종합오토바이,서울 중랑구 면목동 176-70,서울 중랑구 겸재로 99-4,37.5866882853399,127.078941953321,3,형제 중랑구 면목동
중랑구,면목동,성원상떼빌,성원상떼빌,면목 성원상떼빌 전기차충전소,서울 중랑구 면목동 1515,서울 중랑구 용마산로 278,37.5775210800802,127.090907281908,3,성원상떼빌 중랑구 면목동
중랑구,중화동,한솔e(A동),한솔e,한솔e아파트,서울 중랑구 중화동 19-16,서울 중랑구 봉화산로27길 30,37.60322102848337,127.0835209554932,3,한솔e 중랑구 중화동
중랑구,묵동,삼성,삼성,삼성전자서비스 태릉휴대폰센터,서울 중랑구 묵동 244-155,서울 중랑구 동일로 877,37.608709265079,127.077796440545,3,삼성 중랑구 묵동
중랑구,면목동,공감대(390-24),공감대,공감대아파트(390-1번지),서울 중랑구 면목동 390-1,서울 중랑구 답십리로81길 62,37.57395537293836,127.08425802943852,3,공감대 중랑구 면목동
중랑구,면목동,동일,동일,동일교회,서울 중랑구 면목동 665-2,서울 중랑구 면목로35길 21,37.57826989455316,127.08473270360516,3,동일 중랑구 면목동
중랑구,묵동,풀내음(B동),풀내음,풀내음아파트,서울 중랑구 묵동 58-1,서울 중랑구 공릉로12길 26,37.6158756596545,127.08058569100568,3,풀내음 중랑구 묵동
중랑구,망우동,대보,대보,대보아파트,서울 중랑구 망우동 236-7,서울 중랑구 양원역로 49,37.60471185244261,127.10631716205658,3,대보 중랑구 망우동
중랑구,묵동,문수해오름,문수해오름,묵동해오름아파트,서울 중랑구 묵동 174-9,서울 중랑구 공릉로4길 4,37.61299232712294,127.07815880526545,3,문수해오름 중랑구 묵동
중랑구,망우동,예원캐슬,예원캐슬,예원캐슬,서울 중랑구 망우동 508-34,서울 중랑구 망우로58길 47,37.5960978708416,127.09419330537077,3,예원캐슬 중랑구 망우동
중랑구,상봉동,해동훼미리,해동훼미리,해동훼미리아파트,서울 중랑구 상봉동 210-2,서울 중랑구 상봉중앙로 41,37.600838851628595,127.08720092382936,3,해동훼미리 중랑구 상봉동
중랑구,상봉동,매원아파트,매원아파트,매원아파트,서울 중랑구 상봉동 136-100,서울 중랑구 중랑천로12길 13,37.5925806170592,127.073608271771,3,매원아파트 중랑구 상봉동
중랑구,망우동,해오름101동,해오름,해오름사우나,서울 중랑구 망우동 508-14,서울 중랑구 망우로58길 33-6,37.59661309972922,127.09436607300832,3,해오름 중랑구 망우동
중랑구,중화동,한솔e(B동),한솔e,한솔e아파트,서울 중랑구 중화동 19-16,서울 중랑구 봉화산로27길 30,37.60322102848337,127.0835209554932,3,한솔e 중랑구 중화동
중랑구,중화동,미영리치타운,미영리치타운,미영리치타운아파트,서울 중랑구 중화동 207-14,서울 중랑구 망우로 223-8,37.59520661918024,127.0784085626084,3,미영리치타운 중랑구 중화동
중랑구,면목동,한양수자인사가정파크,한양수자인사가정파크,한양수자인사가정파크아파트,서울 중랑구 면목동 1543,서울 중랑구 사가정로72길 26,37.57949000687921,127.0940319992992,3,한양수자인사가정파크 중랑구 면목동
중랑구,면목동,삼일,삼일,삼일아파트,서울 중랑구 면목동 499-42,서울 중랑구 면목로 355,37.58370141549847,127.08797344290188,3,삼일 중랑구 면목동
중랑구,신내동,월드크라운,월드크라운,월드크라운아파트,서울 중랑구 신내동 616-1,서울 중랑구 봉화산로53길 25,37.60881411924274,127.09682324495932,3,월드크라운 중랑구 신내동
중랑구,망우동,주영,주영,주영아파트,서울 중랑구 망우동 184-13,서울 중랑구 용마산로114길 43,37.599346196768465,127.10356912414056,3,주영 중랑구 망우동
중랑구,면목동,킴스타워,킴스타워,킴스타워,서울 중랑구 면목동 637-2,서울 중랑구 사가정로 374,37.580640312697,127.086110909007,3,킴스타워 중랑구 면목동
중랑구,상봉동,솔렌시아5,솔렌시아5,솔렌시아5,서울 중랑구 상봉동 84-11,서울 중랑구 상봉로23길 11,37.5945180381229,127.092413564344,3,솔렌시아5 중랑구 상봉동
중랑구,상봉동,센트럴파크55,센트럴파크55,센트럴파크55아파트,서울 중랑구 상봉동 87-27,서울 중랑구 봉우재로 155,37.5937756870848,127.089996289529,3,센트럴파크55 중랑구 상봉동
중랑구,면목동,영우,영우,영우아파트,서울 중랑구 면목동 157-3,서울 중랑구 동일로96나길 16,37.584000878652354,127.08252128680896,3,영우 중랑구 면목동
중랑구,면목동,삼성제이드아파트,삼성제이드아파트,삼성제이드아파트,서울 중랑구 면목동 194-3,서울 중랑구 겸재로4길 18,37.58493205537677,127.07650138397032,3,삼성제이드아파트 중랑구 면목동
중랑구,면목동,주함해븐,주함해븐,주함해븐타워원,서울 중랑구 면목동 1541,서울 중랑구 봉우재로 130,37.592355029002334,127.0873235021482,3,주함해븐 중랑구 면목동
중랑구,중화동,한영(104),한영,한영아파트,서울 중랑구 중화동 274-51,서울 중랑구 동일로144길 74,37.60652231508797,127.08215204853396,3,한영 중랑구 중화동
중랑구,중화동,청원다미소,청원다미소,청원다미소아파트,서울 중랑구 중화동 286-22,서울 중랑구 동일로136길 10,37.60200443408288,127.07999091800178,3,청원다미소 중랑구 중화동
중랑구,상봉동,e-푸른나동,e-푸른나동,e-푸른아파트 나동,서울 중랑구 상봉동 136-11,서울 중랑구 중랑천로12길 17,37.5926543136681,127.073903873755,3,e-푸른나동 중랑구 상봉동
중랑구,중화동,미영리치타운103,미영리치타운103,미영리치타운아파트 103동,서울 중랑구 중화동 207-14,서울 중랑구 망우로 223-8,37.59520661918024,127.0784085626084,3,미영리치타운103 중랑구 중화동
중랑구,중화동,동구햇살아파트101동,동구햇살아파트,동구햇살아파트,서울 중랑구 중화동 452,서울 중랑구 중랑역로 72,37.59988268761499,127.07852104814556,3,동구햇살아파트 중랑구 중화동
중랑구,망우동,해오름102동,해오름,해오름사우나,서울 중랑구 망우동 508-14,서울 중랑구 망우로58길 33-6,37.59661309972922,127.09436607300832,3,해오름 중랑구 망우동
중랑구,상봉동,문수해오름,문수해오름,문수해오름아파트,서울 중랑구 상봉동 85-18,,37.5939918047468,127.091325889582,3,문수해오름 중랑구 상봉동
중랑구,상봉동,청운명가프라임,청운명가프라임,청운명가프라임,서울 중랑구 상봉동 87-43,서울 중랑구 봉우재로41길 6,37.59376328699585,127.08971546091502,3,청운명가프라임 중랑구 상봉동
중랑구,중화동,한영(103),한영,한영아파트,서울 중랑구 중화동 274-51,서울 중랑구 동일로144길 74,37.60652231508797,127.08215204853396,3,한영 중랑구 중화동
중랑구,묵동,늘봄,늘봄,늘봄아파트,서울 중랑구 묵동 168-4,서울 중랑구 동일로 966,37.61663795170279,127.0764387123864,3,늘봄 중랑구 묵동
중랑구,상봉동,레그노시티,레그노시티,레그노시티아파트,서울 중랑구 상봉동 89-10,서울 중랑구 봉우재로33길 85,37.5958599478481,127.089644375665,3,레그노시티 중랑구 상봉동
중랑구,면목동,공감대(390-1),공감대,공감대아파트(390-1번지),서울 중랑구 면목동 390-1,서울 중랑구 답십리로81길 62,37.57395537293836,127.08425802943852,3,공감대 중랑구 면목동
중랑구,면목동,다울(178-10),다울,다울아파트,서울 중랑구 면목동 178-50,서울 중랑구 겸재로9길 35,37.5880007588079,127.07799679847795,3,다울 중랑구 면목동
중랑구,면목동,그린캐슬APT,그린캐슬APT,그린캐슬아파트,서울 중랑구 면목동 136-2,서울 중랑구 동일로100길 81,37.59078396671406,127.08321153323264,3,그린캐슬APT 중랑구 면목동
중랑구,묵동,풀내음(A동),풀내음,풀내음아파트,서울 중랑구 묵동 58-1,서울 중랑구 공릉로12길 26,37.6158756596545,127.08058569100568,3,풀내음 중랑구 묵동
중랑구,면목동,미래한건아파트101동,미래한건아파트,미래한건아파트,서울 중랑구 면목동 136-77,서울 중랑구 동일로100길 87,37.59092352689479,127.08334416423268,3,미래한건아파트 중랑구 면목동
중랑구,상봉동,리더스,리더스,리더스아파트,서울 중랑구 상봉동 104-10,서울 중랑구 면목로92길 28,37.595156991951,127.087486435432,3,리더스 중랑구 상봉동
중랑구,면목동,미래한건아파트,미래한건아파트,미래한건아파트,서울 중랑구 면목동 136-77,서울 중랑구 동일로100길 87,37.59092352689479,127.08334416423268,3,미래한건아파트 중랑구 면목동
중랑구,중화동,남광타운,남광타운,남광타운,서울 중랑구 중화동 413-8,서울 중랑구 망우로25길 15,37.593583931691,127.071308404767,3,남광타운 중랑구 중화동
중랑구,망우동,다우하임아파트,다우하임아파트,다우하임아파트,서울 중랑구 망우동 133-14,,37.600240051001,127.107519081202,3,다우하임아파트 중랑구 망우동
중랑구,면목동,글로벌파크,글로벌파크,글로벌파크아파트,서울 중랑구 면목동 564-1,서울 중랑구 면목로55길 69,37.58432753368182,127.0843693493917,3,글로벌파크 중랑구 면목동
중랑구,면목동,승일카이저,승일카이저,승일카이저아파트,서울 중랑구 면목동 151-4,서울 중랑구 겸재로18길 20,37.58591591908034,127.08059414153114,3,승일카이저 중랑구 면목동
중랑구,신내동,조호그레이스,조호그레이스,조호그레이스아파트,서울 중랑구 신내동 492-26,서울 중랑구 망우로65길 16,37.60110804273016,127.09995913250096,3,조호그레이스 중랑구 신내동
중랑구,상봉동,그랑아파트,그랑아파트,그랑아파트,서울 중랑구 상봉동 333-1,서울 중랑구 동일로126나길 38,37.59719211641293,127.08406228098552,3,그랑아파트 중랑구 상봉동
중랑구,면목동,아이쉐르빌,아이쉐르빌,아이쉐르빌아파트,서울 중랑구 면목동 126-48,서울 중랑구 면목로73가길 28,37.59013919859779,127.0864954969025,3,아이쉐르빌 중랑구 면목동
중랑구,망우동,망우,망우,망우역사문화공원,서울 중랑구 망우동 산 57-1,서울 중랑구 망우로91길 2,37.59894517013323,127.1143953642082,3,망우 중랑구 망우동
중랑구,면목동,라온프라이빗,라온프라이빗,면목라온프라이빗아파트,서울 중랑구 면목동 1544,서울 중랑구 동일로91길 23,37.5822474142963,127.07875725389412,3,라온프라이빗 중랑구 면목동
중랑구,면목동,동일스카이씨티(37차),동일스카이씨티,동일스카이씨티,서울 중랑구 상봉동 257-9,서울 중랑구 상봉중앙로6나길 30,37.60074137121276,127.08983481662464,2,동일스카이씨티 중랑구 면목동
중랑구,상봉동,동성네스트빌1동,동성네스트빌,동성네스트빌아파트,서울 중랑구 상봉동 32-1,서울 중랑구 신내로7다길 60-16,37.601854708615406,127.09253814726476,3,동성네스트빌 중랑구 상봉동
중랑구,묵동,효산센터빌,효산센터빌,효산센터빌아파트,서울 중랑구 묵동 391,서울 중랑구 동일로151길 5,37.6077867272176,127.077682227088,3,효산센터빌 중랑구 묵동
중랑구,망우동,세움삼익플라주,세움삼익플라주,세움삼익플라주아파트,서울 중랑구 망우동 207-6,서울 중랑구 망우로74길 7,37.5999720209726,127.103983320274,3,세움삼익플라주 중랑구 망우동
중랑구,망우동,천보,천보,천보아파트,서울 중랑구 망우동 494-17,서울 중랑구 용마산로115가길 16,37.5975813163007,127.095916379348,3,천보 중랑구 망우동
중랑구,면목동,사가정센트럴아이파크,사가정센트럴아이파크,사가정센트럴아이파크아파트,서울 중랑구 면목동 1545,서울 중랑구 동일로92길 40,37.58218232147488,127.08173357581516,3,사가정센트럴아이파크 중랑구 면목동
중랑구,신내동,신내아트빌,신내아트빌,신내아트빌아파트,서울 중랑구 신내동 450-1,서울 중랑구 용마산로125가길 42,37.60515934971184,127.0983439661298,3,신내아트빌 중랑구 신내동
중랑구,망우동,월드102,월드102,월드아파트 102동,서울 중랑구 망우동 508-50,서울 중랑구 망우로58길 55,37.59590977865156,127.09392356999494,3,월드102 중랑구 망우동
중랑구,면목동,쌍용더플래티넘용마산,쌍용더플래티넘용마산,쌍용더플래티넘용마산아파트,서울 중랑구 면목동 1548,서울 중랑구 용마산로 209,37.572530037384055,127.08545859882314,3,쌍용더플래티넘용마산 중랑구 면목동
중랑구,묵동,정은스카이빌,정은스카이빌,묵동정은스카이빌아파트,서울 중랑구 묵동 154-18,서울 중랑구 공릉로16길 56,37.6180658838754,127.082006172364,3,정은스카이빌 중랑구 묵동
중랑구,중화동,금강,금강,금강아파트,서울 중랑구 중화동 297-84,서울 중랑구 중랑역로4길 45,37.5957467929025,127.079039844653,3,금강 중랑구 중화동
중랑구,면목동,유진뜨레지움,유진뜨레지움,유진뜨레지움아파트,서울 중랑구 면목동 612-6,서울 중랑구 용마산로51길 42,37.5801196373178,127.089609650815,3,유진뜨레지움 중랑구 면목동
중랑구,망우동,진명,진명,진명아파트,서울 중랑구 망우동 460-26,서울 중랑구 봉우재로 230,37.5950277069356,127.098349880774,3,진명 중랑구 망우동
중랑구,망우동,현대,현대,현대모비스 문화상사,서울 중랑구 망우동 489-6,서울 중랑구 송림길 4,37.59922766725523,127.0956195402402,3,현대 중랑구 망우동
중랑구,상봉동,솔렌시아3(85-1),솔렌시아3,솔렌시아3아파트,서울 중랑구 상봉동 85-1,서울 중랑구 봉우재로49길 9,37.59431475478995,127.09197736915404,3,솔렌시아3 중랑구 상봉동
중랑구,면목동,면목루브루,면목루브루,면목루브루아파트,서울 중랑구 면목동 1542,서울 중랑구 겸재로10길 44,37.58431295544688,127.078057484404,3,면목루브루 중랑구 면목동
중랑구,상봉동,상봉힐스테이,상봉힐스테이,상봉힐스테이,서울 중랑구 상봉동 106,서울 중랑구 봉우재로37길 17,37.5936962860894,127.087754215708,3,상봉힐스테이 중랑구 상봉동
중랑구,상봉동,스마트트라움,스마트트라움,스마트트라움,서울 중랑구 상봉동 128-73,,37.5938297967723,127.078570171281,3,스마트트라움 중랑구 상봉동
중랑구,상봉동,상봉태솔아파트101동,상봉태솔아파트,상봉태솔아파트,서울 중랑구 상봉동 105-97,서울 중랑구 봉우재로41길 21,37.5943648944699,127.088861279782,3,상봉태솔아파트 중랑구 상봉동
중랑구,면목동,용마산모아엘가파크포레,용마산모아엘가파크포레,용마산모아엘가파크포레아파트,서울 중랑구 면목동 1549,서울 중랑구 용마산로84길 9-16,37.58563133567779,127.0960720049311,3,용마산모아엘가파크포레 중랑구 면목동
중랑구,면목동,이니지오,이니지오,이니지오아파트,서울 중랑구 면목동 1554,,37.5879158731181,127.090862179013,3,이니지오 중랑구 면목동
중랑구,묵동,로얄,로얄,로얄덴트,서울 중랑구 묵동 233-107,서울 중랑구 중랑역로 247-1,37.6154751640617,127.075837221571,3,로얄 중랑구 묵동
중랑구,면목동,세모하이츠(A),세모하이츠,세모하이츠아파트,서울 중랑구 면목동 132-63,서울 중랑구 봉우재로28길 18,37.59187020052613,127.08498476801242,3,세모하이츠 중랑구 면목동
중랑구,망우동,신내역금강펜테리움센트럴파크,신내역금강펜테리움센트럴파크,신내역금강펜테리움센트럴파크아파트,서울 중랑구 망우동 610,서울 중랑구 용마산로136길 160,37.60906315114048,127.10979347338036,3,신내역금강펜테리움센트럴파크 중랑구 망우동
중랑구,신내동,망우역신원아침도시,망우역신원아침도시,망우역신원아침도시아파트,서울 중랑구 신내동 838,서울 중랑구 용마산로125길 62-28,37.60258280869783,127.09907439985528,3,망우역신원아침도시 중랑구 신내동
중랑구,망우동,신내역힐데스하임참좋은아파트,신내역힐데스하임참좋은아파트,신내역힐데스하임아파트,서울 중랑구 망우동 598,서울 중랑구 봉화산로 301,37.60996803804768,127.1055205270336,3,신내역힐데스하임참좋은아파트 중랑구 망우동
중랑구,망우동,아스테르아파트,아스테르아파트,아스테르아파트,서울 중랑구 망우동 506-22,서울 중랑구 망우로58길 58,37.5956619873996,127.093947037727,3,아스테르아파트 중랑구 망우동
중랑구,망우동,중랑숲시티프라디움,중랑숲시티프라디움,중랑숲시티프라디움아파트,서울 중랑구 망우동 620,서울 중랑구 양원역로10길 47,37.60762282595948,127.10843346096898,3,중랑숲시티프라디움 중랑구 망우동
중랑구,면목동,포르투나,포르투나,포르투나아파트,서울 중랑구 면목동 727-302,,37.5739873267804,127.079763970665,3,포르투나 중랑구 면목동
중랑구,신내동,월드,월드,천지연불한증막스파월드,서울 중랑구 신내동 387-1,서울 중랑구 용마산로 623,37.6066233595639,127.100598452116,3,월드 중랑구 신내동
중랑구,상봉동,와이센트럴시티상봉,와이센트럴시티상봉,와이센트럴시티상봉아파트,서울 중랑구 상봉동 504,,37.59704050683019,127.08688622355923,3,와이센트럴시티상봉 중랑구 상봉동
중랑구,면목동,우정아파트,우정아파트,우정아파트,서울 중랑구 면목동 138-15,서울 중랑구 봉우재로26길 36,37.59073494513568,127.08499253526514,3,우정아파트 중랑구 면목동
중랑구,망우동,성도아트빌,성도아트빌,성도아트빌아파트,서울 중랑구 망우동 202-16,서울 중랑구 용마산로116길 43,37.59971620361361,127.10288226821532,3,성도아트빌 중랑구 망우동
성북구,정릉동,길음뉴타운경남아너스빌,길음뉴타운경남아너스빌,길음뉴타운경남아너스빌아파트,서울 성북구 정릉동 1015,서울 성북구 정릉로 305,37.604208913614386,127.0169870784423,3,길음뉴타운경남아너스빌 성북구 정릉동
성북구,장위동,삼익아파트,삼익아파트,삼익아파트,서울 성북구 장위동 60-1,서울 성북구 화랑로37길 42,37.613380752483664,127.05762724381133,3,삼익아파트 성북구 장위동
성북구,종암동,극동,극동,극동아파트,서울 성북구 종암동 128,서울 성북구 북악산로29길 67,37.59527650994495,127.0336847462679,3,극동 성북구 종암동
성북구,돈암동,한신,한신,한신한진아파트,서울 성북구 돈암동 609-1,서울 성북구 성북로4길 52,37.59488264035065,127.01016832833304,3,한신 성북구 돈암동
성북구,하월곡동,동신,동신,동신아파트,서울 성북구 하월곡동 219,서울 성북구 오패산로3길 17,37.60440848706269,127.03527885831645,3,동신 성북구 하월곡동
성북구,보문동6가,보문파크뷰자이,보문파크뷰자이,보문파크뷰자이아파트,서울 성북구 보문동6가 458,서울 성북구 보문사길 111,37.58046129585219,127.01814209646494,3,보문파크뷰자이 성북구 보문동6가
성북구,길음동,길음뉴타운4단지(e편한세상),길음뉴타운4단지,e편한세상길음뉴타운4단지아파트,서울 성북구 길음동 1281,서울 성북구 길음로 118,37.6126941142614,127.019072993331,3,길음뉴타운4단지 성북구 길음동
성북구,하월곡동,월곡두산위브,월곡두산위브,월곡두산위브아파트,서울 성북구 하월곡동 222,서울 성북구 오패산로 46,37.6073772806315,127.038075319501,3,월곡두산위브 성북구 하월곡동
성북구,종암동,선경(127),선경,선경종암아파트,서울 성북구 종암동 34-3,서울 성북구 종암로5길 26,37.594429545603575,127.03379759685576,3,선경 성북구 종암동
성북구,돈암동,한진(609-1),한진,한신한진아파트,서울 성북구 돈암동 609-1,서울 성북구 성북로4길 52,37.59488264035065,127.01016832833304,3,한진 성북구 돈암동
성북구,삼선동2가,삼선현대힐스테이트,삼선현대힐스테이트,삼선현대힐스테이트아파트,서울 성북구 삼선동2가 420,서울 성북구 낙산길 243-15,37.58212965891609,127.01348602033976,3,삼선현대힐스테이트 성북구 삼선동2가
성북구,정릉동,청구,청구,청구아파트,서울 성북구 정릉동 1013,서울 성북구 서경로 91,37.61118841307357,127.01364529639676,3,청구 성북구 정릉동
성북구,석관동,석관래미안,석관래미안,래미안석관아파트,서울 성북구 석관동 407,서울 성북구 화랑로 214,37.608365521736864,127.0545202288941,3,석관래미안 성북구 석관동
성북구,돈암동,돈암동삼성,돈암동삼성,돈암동삼성아파트,서울 성북구 돈암동 15-1,서울 성북구 동소문로34길 24,37.5991827739008,127.02447560081,3,돈암동삼성 성북구 돈암동
성북구,종암동,래미안라센트,래미안라센트,래미안라센트아파트,서울 성북구 종암동 134,서울 성북구 종암로24가길 80,37.599480756187695,127.0388300031888,3,래미안라센트 성북구 종암동
성북구,종암동,종암에스케이,종암에스케이,종암SK아파트,서울 성북구 종암동 104-1,서울 성북구 종암로24가길 53,37.6011822462255,127.037533127344,3,종암에스케이 성북구 종암동
성북구,안암동3가,대광,대광,대광아파트,서울 성북구 안암동3가 136-1,서울 성북구 안암로9나길 14,37.58237019387155,127.024788227305,3,대광 성북구 안암동3가
성북구,상월곡동,동아에코빌,동아에코빌,동아에코빌아파트,서울 성북구 상월곡동 101,서울 성북구 장월로1길 28,37.6077424601838,127.044965790157,3,동아에코빌 성북구 상월곡동
성북구,정릉동,정릉우성아파트 101~105동,정릉우성아파트 101~,정릉우성아파트 101동,서울 성북구 정릉동 1020,서울 성북구 북악산로 813,37.600722119686814,127.01671337264938,3,정릉우성아파트 101~ 성북구 정릉동
성북구,삼선동3가,삼선에스케이뷰,삼선에스케이뷰,삼선SK뷰아파트,서울 성북구 삼선동3가 116,서울 성북구 삼선교로16길 35,37.58741779549912,127.0115248415087,3,삼선에스케이뷰 성북구 삼선동3가
성북구,하월곡동,래미안월곡,래미안월곡,래미안월곡아파트,서울 성북구 하월곡동 225,서울 성북구 오패산로 90,37.6104410267885,127.03687183077496,3,래미안월곡 성북구 하월곡동
성북구,종암동,아이파크종암동2차,아이파크종암동2차,종암2차아이파크아파트,서울 성북구 종암동 131,서울 성북구 종암로9길 71,37.5968555901075,127.03172420988044,3,아이파크종암동2차 성북구 종암동
성북구,돈암동,범양,범양,범양아파트,서울 성북구 돈암동 631,서울 성북구 정릉로 402-16,37.603336456204595,127.0280079676535,3,범양 성북구 돈암동
성북구,정릉동,정릉푸르지오,정릉푸르지오,정릉푸르지오아파트,서울 성북구 정릉동 406,서울 성북구 보국문로 19,37.606291000372785,127.0099886805535,3,정릉푸르지오 성북구 정릉동
성북구,정릉동,정릉풍림아이원,정릉풍림아이원,정릉풍림아이원아파트,서울 성북구 정릉동 239,서울 성북구 솔샘로25길 28,37.618584289943925,127.007303584487,3,정릉풍림아이원 성북구 정릉동
성북구,정릉동,중앙하이츠빌2단지,중앙하이츠빌2단지,중앙하이츠빌2단지아파트,서울 성북구 정릉동 435,서울 성북구 정릉로26길 8,37.60377540136136,127.01039150184096,3,중앙하이츠빌2단지 성북구 정릉동
성북구,돈암동,돈암현대아파트,돈암현대아파트,돈암현대아파트,서울 성북구 돈암동 1,서울 성북구 정릉로 402,37.60416441434179,127.02822571253826,3,돈암현대아파트 성북구 돈암동
성북구,돈암동,돈암코오롱하늘채,돈암코오롱하늘채,돈암코오롱하늘채아파트,서울 성북구 돈암동 644,서울 성북구 아리랑로 75,37.599432413814334,127.01257982601214,3,돈암코오롱하늘채 성북구 돈암동
성북구,길음동,길음뉴타운9단지(래미안),길음뉴타운9단지,길음뉴타운9단지래미안아파트,서울 성북구 길음동 1286,서울 성북구 길음로9길 50,37.60370214238333,127.01965844626248,3,길음뉴타운9단지 성북구 길음동
성북구,장위동,꿈의숲코오롱하늘채,꿈의숲코오롱하늘채,꿈의숲코오롱하늘채아파트,서울 성북구 장위동 319,서울 성북구 돌곶이로 220,37.61970543157348,127.0458904865387,3,꿈의숲코오롱하늘채 성북구 장위동
성북구,정릉동,정릉힐스테이트1차,정릉힐스테이트1차,정릉힐스테이트1차아파트,서울 성북구 정릉동 1030,서울 성북구 북악산로 831,37.60020663623411,127.01751840171438,3,정릉힐스테이트1차 성북구 정릉동
성북구,정릉동,정릉스카이쌍용아파트,정릉스카이쌍용아파트,정릉스카이쌍용아파트,서울 성북구 정릉동 1014,서울 성북구 북악산로 828,37.599720248871144,127.0164934621883,3,정릉스카이쌍용아파트 성북구 정릉동
성북구,정릉동,정릉꿈에그린,정릉꿈에그린,정릉꿈에그린아파트,서울 성북구 정릉동 1037,서울 성북구 아리랑로19가길 20,37.6017751076882,127.011419474593,3,정릉꿈에그린 성북구 정릉동
성북구,하월곡동,꿈의숲푸르지오,꿈의숲푸르지오,꿈의숲푸르지오아파트,서울 성북구 하월곡동 228,서울 성북구 오패산로16가길 40,37.61077190927401,127.03899216768632,3,꿈의숲푸르지오 성북구 하월곡동
성북구,정릉동,라온유,라온유,길음뉴타운10단지아파트,서울 성북구 정릉동 1034,서울 성북구 정릉로 307,37.60306894891589,127.01840125503148,3,라온유 성북구 정릉동
성북구,정릉동,길음뉴타운데시앙,길음뉴타운데시앙,길음뉴타운데시앙아파트,서울 성북구 정릉동 1018,서울 성북구 서경로 28,37.60615061582873,127.01650280942704,3,길음뉴타운데시앙 성북구 정릉동
성북구,돈암동,이수브라운스톤돈암,이수브라운스톤돈암,브라운스톤돈암아파트,서울 성북구 돈암동 636,서울 성북구 북악산로 844,37.597871226744985,127.01779188910776,3,이수브라운스톤돈암 성북구 돈암동
성북구,정릉동,대우,대우,정릉대우아파트,서울 성북구 정릉동 1021,서울 성북구 보국문로30길 15,37.61802224972315,127.00342522848165,3,대우 성북구 정릉동
성북구,종암동,래미안크리시엘,래미안크리시엘,래미안크리시엘아파트,서울 성북구 종암동 80,서울 성북구 종암로25길 30,37.60098614423668,127.03015416057758,3,래미안크리시엘 성북구 종암동
성북구,정릉동,대동아파트,대동아파트,대동아파트,서울 성북구 정릉동 1022,서울 성북구 정릉로 185-4,37.607884225781454,127.0058936737404,3,대동아파트 성북구 정릉동
성북구,장위동,꿈의숲대명루첸아파트,꿈의숲대명루첸아파트,꿈의숲대명루첸아파트,서울 성북구 장위동 317,서울 성북구 월계로36길 27,37.62008853992783,127.04768720424262,3,꿈의숲대명루첸아파트 성북구 장위동
성북구,정릉동,정릉중앙하이츠아파트,정릉중앙하이츠아파트,정릉중앙하이츠아파트,서울 성북구 정릉동 809,서울 성북구 보국문로32길 53,37.619561168449806,127.00208417668946,3,정릉중앙하이츠아파트 성북구 정릉동
성북구,길음동,길음동동부센트레빌(1278-0),길음동동부센트레빌,길음동동부센트레빌아파트 상가동,서울 성북구 길음동 1278,서울 성북구 숭인로 16,37.6117814387538,127.023879458188,3,길음동동부센트레빌 성북구 길음동
성북구,장위동,세영아파트,세영아파트,세영아파트,서울 성북구 장위동 233-691,서울 성북구 장월로9길 14,37.6115291053709,127.047799526925,3,세영아파트 성북구 장위동
성북구,종암동,아이파크종암동1차,아이파크종암동1차,종암아이파크1차아파트,서울 성북구 종암동 130,서울 성북구 종암로21길 127,37.60253592149763,127.02986487979474,3,아이파크종암동1차 성북구 종암동
성북구,정릉동,정릉힐스테이트,정릉힐스테이트,정릉힐스테이트아파트,서울 성북구 정릉동 1025,서울 성북구 정릉로 292,37.60283420401172,127.01552363909714,3,정릉힐스테이트 성북구 정릉동
성북구,길음동,삼부컨비니언,삼부컨비니언,돈암삼부아파트,서울 성북구 길음동 1276,서울 성북구 동소문로 248,37.60277156251425,127.02377692236686,3,삼부컨비니언 성북구 길음동
성북구,하월곡동,월곡래미안루나밸리,월곡래미안루나밸리,월곡래미안루나밸리아파트,서울 성북구 하월곡동 226,서울 성북구 월곡로14길 26,37.59908319821899,127.0421024156266,3,월곡래미안루나밸리 성북구 하월곡동
성북구,성북동1가,휴아름스튜디오,휴아름스튜디오,휴아름스튜디오,서울 성북구 성북동1가 35-22,서울 성북구 창경궁로 323,37.58843996031343,127.00539961890505,3,휴아름스튜디오 성북구 성북동1가
성북구,종암동,고려,고려,고려대학교 교우회관,서울 성북구 종암동 29-26,서울 성북구 종암로 13,37.5920395624461,127.035676113136,3,고려 성북구 종암동
성북구,석관동,중앙하이츠,중앙하이츠,중앙하이츠아파트,서울 성북구 석관동 110-2,서울 성북구 한천로76길 73,37.611091070980024,127.06669061595105,3,중앙하이츠 성북구 석관동
성북구,정릉동,우정에쉐르,우정에쉐르,정릉우정에쉐르아파트,서울 성북구 정릉동 1033,서울 성북구 북악산로 742-12,37.5997714045635,127.01033205989468,3,우정에쉐르 성북구 정릉동
성북구,하월곡동,동일하이빌뉴시티,동일하이빌뉴시티,동일하이빌뉴시티아파트,서울 성북구 하월곡동 230,서울 성북구 종암로 167,37.60505119509541,127.03099384004013,3,동일하이빌뉴시티 성북구 하월곡동
성북구,종암동,래미안세레니티,래미안세레니티,래미안세레니티아파트,서울 성북구 종암동 133,서울 성북구 종암로23길 35,37.59924519769332,127.0310503160774,3,래미안세레니티 성북구 종암동
성북구,정릉동,정릉2차e-편한세상,정릉2차e-편한세상,정릉2차e편한세상아파트,서울 성북구 정릉동 1035,서울 성북구 북악산로 851,37.59999370283592,127.01943212129277,3,정릉2차e-편한세상 성북구 정릉동
성북구,안암동1가,안암동삼성래미안,안암동삼성래미안,래미안안암아파트,서울 성북구 안암동1가 361,서울 성북구 고려대로17가길 64,37.58930715224304,127.0237499935912,3,안암동삼성래미안 성북구
성북구,정릉동,정릉힐스테이트3차,정릉힐스테이트3차,정릉힐스테이트3차아파트,서울 성북구 정릉동 1031,서울 성북구 보국문로 116,37.61445774028558,127.00767015212185,3,정릉힐스테이트3차 성북구 정릉동
성북구,종암동,우림카이저팰리스,우림카이저팰리스,종암우림카이저팰리스아파트,서울 성북구 종암동 132,서울 성북구 종암로 132,37.60196552298133,127.03348845289446,3,우림카이저팰리스 성북구 종암동
성북구,장위동,우방아파트,우방아파트,우방아파트,서울 성북구 장위동 312,서울 성북구 화랑로 235,37.6102285314793,127.0550289770676,3,우방아파트 성북구 장위동
성북구,길음동,길음뉴타운8단지(래미안),길음뉴타운8단지,길음뉴타운8단지래미안아파트,서울 성북구 길음동 1284,서울 성북구 길음로 33,37.6076630968992,127.018401254239,3,길음뉴타운8단지 성북구 길음동
성북구,안암동3가,삼익,삼익,삼익아파트,서울 성북구 안암동3가 135,서울 성북구 안암로9길 30,37.581482677088495,127.02496907345449,3,삼익 성북구 안암동3가
성북구,동선동4가,한양수자인,한양수자인,동선한양수자인아파트,서울 성북구 동선동4가 295-1,서울 성북구 동소문로27길 37,37.59589947391977,127.02017840487964,3,한양수자인 성북구 동선동4가
성북구,장위동,참누리아파트,참누리아파트,참누리아파트,서울 성북구 장위동 316-5,서울 성북구 한천로101길 18,37.62319441639996,127.04945629338276,3,참누리아파트 성북구 장위동
성북구,정릉동,정릉e-편한세상,정릉e-편한세상,정릉2차e편한세상아파트,서울 성북구 정릉동 1035,서울 성북구 북악산로 851,37.59999370283592,127.01943212129277,3,정릉e-편한세상 성북구 정릉동
성북구,길음동,길음뉴타운3단지푸르지오,길음뉴타운3단지푸르지오,길음뉴타운3단지아파트,서울 성북구 길음동 1280-1,서울 성북구 길음로13길 39,37.6092489335386,127.017781008464,3,길음뉴타운3단지푸르지오 성북구 길음동
성북구,정릉동,정릉한일유앤아이,정릉한일유앤아이,정릉한일유앤아이아파트,서울 성북구 정릉동 1029,서울 성북구 보국문로37길 14-5,37.61727266948439,126.99864079599344,3,정릉한일유앤아이 성북구 정릉동
성북구,상월곡동,우남푸르미아,우남푸르미아,우남아파트,서울 노원구 월계동 930,서울 노원구 화랑로 355,37.61584785839301,127.06745147307085,1,우남푸르미아 성북구 상월곡동
성북구,정릉동,중앙하이츠빌1단지,중앙하이츠빌1단지,정릉중앙하이츠빌1단지아파트,서울 성북구 정릉동 494,서울 성북구 아리랑로19길 60,37.602784390126565,127.00946275474617,3,중앙하이츠빌1단지 성북구 정릉동
성북구,장위동,그린빌아파트,그린빌아파트,그린빌아파트,서울 성북구 장위동 314,서울 성북구 돌곶이로41가길 54,37.61765408763544,127.04295106497482,3,그린빌아파트 성북구 장위동
성북구,길음동,롯데캐슬골든힐스,롯데캐슬골든힐스,길음뉴타운11단지롯데캐슬골든힐스아파트,서울 성북구 길음동 1287-1,서울 성북구 서경로 60,37.6086040765433,127.01602542023704,3,롯데캐슬골든힐스 성북구 길음동
성북구,안암동4가,안암,안암,안암아파트,서울 성북구 안암동4가 23-3,서울 성북구 안암로9가길 9-16,37.581150945847874,127.0257399381059,3,안암 성북구 안암동4가
성북구,동소문동6가,시티플레이스,시티플레이스,시티플레이스,서울 성북구 동소문동6가 3-1,서울 성북구 동소문로 73,37.592309986157645,127.01339953842054,3,시티플레이스 성북구 동소문동6가
성북구,정릉동,쌍용2,쌍용2,정릉 스카이쌍용아파트2 전기차충전소,서울 성북구 정릉동 1014,서울 성북구 북악산로 828,37.60018886631636,127.01574504199696,3,쌍용2 성북구 정릉동
성북구,성북동,성북,성북,성북구립미술관,서울 성북구 성북동 246,서울 성북구 성북로 134,37.5948451259332,126.994886397801,3,성북 성북구 성북동
성북구,정릉동,정릉푸른마을동아,정릉푸른마을동아,푸른마을동아아파트,서울 성북구 정릉동 210,서울 성북구 서경로 31,37.60749428161639,127.01427883367208,3,정릉푸른마을동아 성북구 정릉동
성북구,길음동,길음뉴타운6단지(래미안),길음뉴타운6단지,길음뉴타운6단지래미안아파트,서울 성북구 길음동 1283,서울 성북구 길음로 16,37.60627118257101,127.02289468382924,3,길음뉴타운6단지 성북구 길음동
성북구,하월곡동,성북힐스테이트(102동),성북힐스테이트,성북힐스테이트아파트,서울 성북구 하월곡동 88-64,서울 성북구 동소문로44길 43,37.6064209916095,127.029861902999,3,성북힐스테이트 성북구 하월곡동
성북구,돈암동,일신건영휴먼빌아파트,일신건영휴먼빌아파트,돈암일신건영휴먼빌아파트,서울 성북구 돈암동 524,서울 성북구 아리랑로 89,37.60073345234299,127.01250643782338,3,일신건영휴먼빌아파트 성북구 돈암동
성북구,동소문동7가,브라운스톤동선,브라운스톤동선,동선브라운스톤아파트,서울 성북구 동소문동7가 120,서울 성북구 아리랑로5길 25,37.5963283605743,127.01382036171545,3,브라운스톤동선 성북구 동소문동7가
성북구,하월곡동,성북힐스테이트(101동),성북힐스테이트,성북힐스테이트아파트,서울 성북구 하월곡동 88-64,서울 성북구 동소문로44길 43,37.6064209916095,127.029861902999,3,성북힐스테이트 성북구 하월곡동
성북구,길음동,길음뉴타운7단지(두산위브),길음뉴타운7단지,길음뉴타운7단지두산위브아파트(1285-5),서울 성북구 길음동 1285,서울 성북구 길음로13길 22,37.6087343098909,127.018804702561,3,길음뉴타운7단지 성북구 길음동
성북구,길음동,길음뉴타운1단지(래미안길음1차),길음뉴타운1단지,길음래미안1단지아파트,서울 성북구 길음동 1279,서울 성북구 길음로9길 40,37.60583919100933,127.02024903938056,3,길음뉴타운1단지 성북구 길음동
성북구,길음동,길음뉴타운2단지푸르지오,길음뉴타운2단지푸르지오,길음뉴타운2단지푸르지오아파트,서울 성북구 길음동 1280,서울 성북구 길음로 119,37.61178635414699,127.01614615726216,3,길음뉴타운2단지푸르지오 성북구 길음동
성북구,석관동,두산,두산,두산아파트,서울 성북구 석관동 10,서울 성북구 화랑로48길 16,37.61269453385915,127.06877829770444,3,두산 성북구 석관동
성북구,하월곡동,광남캐스빌,광남캐스빌,광남캐스빌아파트,서울 성북구 하월곡동 90-723,서울 성북구 종암로 166,37.604708477765534,127.0322666047248,3,광남캐스빌 성북구 하월곡동
성북구,정릉동,동일스카이,동일스카이,동일스카이아파트,서울 성북구 정릉동 800-95,서울 성북구 보국문로30길 34,37.6179933780329,127.004603215332,3,동일스카이 성북구 정릉동
성북구,하월곡동,코업스타클래스,코업스타클래스,코업스타클래스오피스텔,서울 성북구 하월곡동 46-73,서울 성북구 화랑로 76,37.6019886657691,127.040169848552,3,코업스타클래스 성북구 하월곡동
성북구,동선동1가,코아루센타시아,코아루센타시아,코아루센타시아아파트,서울 성북구 동선동1가 121-6,서울 성북구 동소문로20나길 47,37.5930525080143,127.019172151272,3,코아루센타시아 성북구 동선동1가
성북구,하월곡동,삼전솔하임3차,삼전솔하임3차,삼전솔하임3차,서울 성북구 하월곡동 88-510,서울 성북구 동소문로46길 18,37.60685973854665,127.03000024486906,3,삼전솔하임3차 성북구 하월곡동
성북구,석관동,코오롱,코오롱,코오롱아파트,서울 성북구 석관동 405,서울 성북구 한천로 509,37.606262311810895,127.06572141215764,3,코오롱 성북구 석관동
성북구,정릉동,정릉2차대주피오레,정릉2차대주피오레,정릉2차 대주 피오레 아파트 상가,서울 성북구 정릉동 1032,서울 성북구 아리랑로19길 86,37.601317618548,127.008937122341,3,정릉2차대주피오레 성북구 정릉동
성북구,보문동3가,현대I-PARK,현대I-PARK,보문아이파크아파트,서울 성북구 보문동3가 2,서울 성북구 지봉로21길 19,37.58561969439303,127.01671112767173,3,현대I-PARK 성북구 보문동3가
성북구,돈암동,돈암힐스테이트,돈암힐스테이트,돈암힐스테이트아파트,서울 성북구 돈암동 639,서울 성북구 아리랑로 68,37.5986500619914,127.01506981469848,3,돈암힐스테이트 성북구 돈암동
성북구,돈암동,동부센트레빌,동부센트레빌,돈암동부센트레빌아파트,서울 성북구 돈암동 633,서울 성북구 정릉로 388,37.602324102619065,127.02644934614626,3,동부센트레빌 성북구 돈암동
성북구,하월곡동,길음서희스타힐스,길음서희스타힐스,길음서희스타힐스아파트,서울 성북구 하월곡동 229,서울 성북구 동소문로 284,37.60540168365788,127.0273337779585,3,길음서희스타힐스 성북구 하월곡동
성북구,석관동,신동아파밀리에,신동아파밀리에,석관동신동아파밀리에아파트,서울 성북구 석관동 408,서울 성북구 화랑로 210-26,37.60752623749894,127.05356376766436,3,신동아파밀리에 성북구 석관동
성북구,종암동,종암2차SKVIEW,종암2차SKVIEW,종암2차SK뷰아파트,서울 성북구 종암동 135,서울 성북구 종암로24길 35,37.60177053301846,127.03478840073998,3,종암2차SKVIEW 성북구 종암동
성북구,보문동3가,이편한세상보문,이편한세상보문,e편한세상보문1단지아파트,서울 성북구 보문동3가 230,서울 성북구 낙산길 255,37.58294388234168,127.015707444911,3,이편한세상보문 성북구 보문동3가
성북구,돈암동,돈암동더샵아파트,돈암동더샵아파트,돈암동더샵아파트,서울 성북구 돈암동 603,서울 성북구 아리랑로5길 85,37.59758109421354,127.01034534548032,3,돈암동더샵아파트 성북구 돈암동
성북구,하월곡동,월곡갑을명가,월곡갑을명가,월곡갑을명가아파트,서울 성북구 하월곡동 227,서울 성북구 화랑로11길 26,37.60336828266558,127.0421773078642,3,월곡갑을명가 성북구 하월곡동
성북구,길음동,길음뉴타운5단지(래미안),길음뉴타운5단지,길음뉴타운5단지래미안아파트,서울 성북구 길음동 1282,서울 성북구 길음로 74,37.60968453435855,127.02071216425595,3,길음뉴타운5단지 성북구 길음동
성북구,삼선동3가,주승보타운,주승보타운,주숭보타운아파트,서울 성북구 삼선동3가 6-4,서울 성북구 삼선교로18길 13,37.58869259027806,127.0125995307525,3,주승보타운 성북구 삼선동3가
성북구,보문동6가,아남,아남,아남아파트,서울 성북구 보문동6가 36-2,서울 성북구 보문사길 112,37.58121826050253,127.01727620562195,3,아남 성북구 보문동6가
성북구,길음동,길음현대,길음현대,길음현대아파트,서울 성북구 길음동 1277,서울 성북구 길음로13길 11,37.60816380300787,127.0199053798808,3,길음현대 성북구 길음동
성북구,종암동,동진,동진,동진아파트,서울 성북구 종암동 10-178,서울 성북구 종암로 54,37.59500366740134,127.03619500405668,3,동진 성북구 종암동
성북구,삼선동2가,삼선푸르지오,삼선푸르지오,삼선푸르지오아파트,서울 성북구 삼선동2가 425,서울 성북구 보문로29다길 31,37.58349197284173,127.01338210755104,3,삼선푸르지오 성북구 삼선동2가
성북구,성북동1가,스타팰리스,스타팰리스,스타팰리스아파트,서울 성북구 성북동1가 115-5,서울 성북구 성북로9길 11,37.590640266108416,127.00311939358674,3,스타팰리스 성북구 성북동1가
성북구,정릉동,피오레,피오레,피오레1단지아파트,서울 성북구 정릉동 1024,서울 성북구 보국문로 183,37.617168158918965,127.00094238012554,3,피오레 성북구 정릉동
성북구,동소문동7가,한신플러스C,한신플러스C,동소문한신휴플러스2차아파트,서울 성북구 동소문동7가 23,서울 성북구 동소문로13길 47,37.59512549943119,127.01413719283488,3,한신플러스C 성북구 동소문동7가
성북구,정릉동,우방,우방,정릉우방아파트,서울 성북구 정릉동 1016,서울 성북구 북악산로 746,37.60034085229872,127.01008300772418,3,우방 성북구 정릉동
성북구,길음동,래미안길음센터피스,래미안길음센터피스,래미안길음센터피스아파트,서울 성북구 길음동 1288,서울 성북구 숭인로 50,37.61162932175465,127.02733945483716,3,래미안길음센터피스 성북구 길음동
성북구,정릉동,동우,동우,동우아파트,서울 성북구 정릉동 727-19,서울 성북구 솔샘로5길 60,37.6109296926519,127.002401056459,3,동우 성북구 정릉동
성북구,돈암동,돈암동 풍림아파트 101~105동,돈암동 풍림아파트 101~,돈암풍림아파트 101동,서울 성북구 돈암동 632,서울 성북구 북악산로 913,37.59535005077035,127.02402027803596,3,돈암동 풍림아파트 101~ 성북구 돈암동
성북구,돈암동,돈암동해피트리,돈암동해피트리,돈암동해피트리아파트,서울 성북구 돈암동 642,서울 성북구 아리랑로5길 92,37.59799091960447,127.01169066686737,3,돈암동해피트리 성북구 돈암동
성북구,석관동,래미안아트리치,래미안아트리치,래미안아트리치아파트,서울 성북구 석관동 410,서울 성북구 돌곶이로8길 22,37.60627685061643,127.06385619240235,3,래미안아트리치 성북구 석관동
성북구,하월곡동,아남,아남,아남아파트,서울 성북구 하월곡동 218,서울 성북구 종암로36길 52,37.60569167122821,127.03469056727768,3,아남 성북구 하월곡동
성북구,석관동,삼성,삼성,석관동삼성아파트,서울 성북구 석관동 404,서울 성북구 한천로68길 51,37.61024833744051,127.06563431446668,3,삼성 성북구 석관동
성북구,동소문동5가,돈암동일하이빌,돈암동일하이빌,돈암동일하이빌아파트,서울 성북구 동소문동5가 120,서울 성북구 보문로38길 11,37.59161157903507,127.01456679489525,3,돈암동일하이빌 성북구 동소문동5가
성북구,종암동,종암선경,종암선경,선경종암아파트,서울 성북구 종암동 34-3,서울 성북구 종암로5길 26,37.594429545603575,127.03379759685576,3,종암선경 성북구 종암동
성북구,삼선동4가,코오롱,코오롱,코오롱아파트,서울 성북구 삼선동4가 73,서울 성북구 삼선교로23길 23,37.590503575172455,127.0126915494364,3,코오롱 성북구 삼선동4가
성북구,동소문동5가,성신여대역솔하임,성신여대역솔하임,성신여대역솔하임,서울 성북구 동소문동5가 15,서울 성북구 보문로40길 11,37.591845904543064,127.0140086242932,3,성신여대역솔하임 성북구 동소문동5가
성북구,돈암동,길음역금호어울림센터힐,길음역금호어울림센터힐,길음역금호어울림센터힐아파트,서울 성북구 돈암동 643,서울 성북구 동소문로34길 73,37.60064991814712,127.02282275125626,3,길음역금호어울림센터힐 성북구 돈암동
성북구,장위동,신장위아파트,신장위아파트,신장위아파트,서울 성북구 장위동 230-214,서울 성북구 장위로 31,37.61433498448218,127.0399952689065,3,신장위아파트 성북구 장위동
성북구,하월곡동,샹그레빌아파트,샹그레빌아파트,샹그레빌아파트,서울 성북구 하월곡동 224,서울 성북구 회기로5길 100,37.5964345348198,127.04139433434132,3,샹그레빌아파트 성북구 하월곡동
성북구,돈암동,동소문현대,동소문현대,동소문현대아파트,서울 성북구 돈암동 630,서울 성북구 아리랑로5길 50-8,37.59783226446921,127.01247877521284,3,동소문현대 성북구 돈암동
성북구,길음동,길음뉴타운신안파크아파트,길음뉴타운신안파크아파트,길음뉴타운신안파크아파트,서울 성북구 길음동 635-168,서울 성북구 길음로 141,37.614128958270285,127.01590201733444,3,길음뉴타운신안파크아파트 성북구 길음동
성북구,보문동4가,보문하우스토리,보문하우스토리,보문하우스토리아파트,서울 성북구 보문동4가 116,서울 성북구 고려대로2길 37,37.58417022611752,127.0209224695748,3,보문하우스토리 성북구 보문동4가
성북구,돈암동,삼성아지오아파트,삼성아지오아파트,삼성아지오아파트,서울 성북구 돈암동 552-9,서울 성북구 아리랑로7길 28-9,37.59742858057203,127.01285012486858,3,삼성아지오아파트 성북구 돈암동
성북구,안암동3가,동아쉐르빌,동아쉐르빌,동아쉐르빌아파트,서울 성북구 안암동3가 79-4,서울 성북구 고려대로12길 64,37.58339860304531,127.02292956721672,3,동아쉐르빌 성북구 안암동3가
성북구,삼선동4가,공신,공신,삼선동공신아파트,서울 성북구 삼선동4가 44,서울 성북구 삼선교로 67-5,37.58941154887863,127.01290875555604,3,공신 성북구 삼선동4가
성북구,장위동,장위동동원베네스트,장위동동원베네스트,장위동원베네스트아파트,서울 성북구 장위동 50-50,서울 성북구 화랑로 271,37.612198115232,127.05872268114688,3,장위동동원베네스트 성북구 장위동
성북구,삼선동3가,동림푸른,동림푸른,동림푸른아파트,서울 성북구 삼선동3가 26,서울 성북구 삼선교로20길 12,37.5886672808674,127.013342273551,3,동림푸른 성북구 삼선동3가
성북구,동소문동6가,청기와,청기와,청기와아파트,서울 성북구 동소문동6가 24,서울 성북구 동소문로13나길 15-11,37.592512746170435,127.01307120932984,3,청기와 성북구 동소문동6가
성북구,하월곡동,동신주택,동신주택,동신주택,서울 성북구 동선동3가 236-4,서울 성북구 보문로34나길 11,37.59191705751888,127.02036981815718,2,동신주택 성북구 하월곡동
성북구,돈암동,성일우리미,성일우리미,성일우리미아파트,서울 성북구 돈암동 637,서울 성북구 정릉로52길 46,37.602392151408026,127.0282884598249,3,성일우리미 성북구 돈암동
성북구,장위동,석계역한일노벨리아시티,석계역한일노벨리아시티,석계역한일노벨리아시티,서울 성북구 장위동 8-2,서울 성북구 화랑로 299,37.61358268230593,127.06099692592632,3,석계역한일노벨리아시티 성북구 장위동
성북구,길음동,신아,신아,신아맨숀,서울 성북구 길음동 1076-1,서울 성북구 삼양로 14,37.604767871258,127.025154653861,3,신아 성북구 길음동
성북구,성북동,성북좋은,성북좋은,좋은아파트,서울 성북구 성북동 179-96,서울 성북구 성북로6가길 23,37.5905131319758,127.005654528156,3,성북좋은 성북구 성북동
성북구,돈암동,대성유니드(641-0),대성유니드,돈암동대성유니드아파트,서울 성북구 돈암동 641,서울 성북구 동소문로31길 6-1,37.59733371789496,127.02094880220402,3,대성유니드 성북구 돈암동
성북구,동선동3가,태극에버빌,태극에버빌,태극에버빌아트아파트,서울 성북구 동선동3가 257,서울 성북구 동소문로26마길 46,37.59587578064766,127.02168668279472,3,태극에버빌 성북구 동선동3가
성북구,정릉동,정릉동푸른,정릉동푸른,푸른마을동아아파트,서울 성북구 정릉동 210,서울 성북구 서경로 31,37.60749428161639,127.01427883367208,3,정릉동푸른 성북구 정릉동
성북구,삼선동5가,청기와,청기와,청기와빌라,서울 성북구 삼선동5가 73-7,서울 성북구 삼선교로20길 33,37.58780945231231,127.014062214502,3,청기와 성북구 삼선동5가
성북구,돈암동,고명,고명,고명중학교,서울 성북구 돈암동 45-88,서울 성북구 북악산로 870,37.5976114354144,127.019716859455,3,고명 성북구 돈암동
성북구,상월곡동,한솔,한솔,한솔아파트,서울 성북구 상월곡동 24-51,서울 성북구 화랑로18가길 51,37.60441751272379,127.05016864362491,3,한솔 성북구 상월곡동
성북구,성북동,주암,주암,주암아파트,서울 성북구 성북동 286,서울 성북구 성북로31가길 5,37.59518985204365,126.98952929636565,3,주암 성북구 성북동
성북구,하월곡동,수산동양빌,수산동양빌,수산동양빌아파트,서울 성북구 하월곡동 223,서울 성북구 오패산로4길 11,37.604166094586354,127.03825487813624,3,수산동양빌 성북구 하월곡동
성북구,장위동,래미안장위퍼스트하이,래미안장위퍼스트하이,래미안장위퍼스트하이아파트,서울 성북구 장위동 320,서울 성북구 한천로 713,37.61984283215827,127.0513570240982,3,래미안장위퍼스트하이 성북구 장위동
성북구,돈암동,서라벌,서라벌,서라벌아파트,서울 성북구 돈암동 7-15,서울 성북구 정릉로48길 35,37.60258329066295,127.02774382508636,3,서라벌 성북구 돈암동
성북구,보문동2가,광남캐스빌,광남캐스빌,광남캐스빌아파트,서울 성북구 보문동2가 6-5,서울 성북구 보문로27길 12,37.587131440191264,127.01754024563007,3,광남캐스빌 성북구 보문동2가
성북구,정릉동,대창쉐르빌,대창쉐르빌,대창쉐르빌,서울 성북구 정릉동 254-7,서울 성북구 솔샘로24길 29-2,37.614641416775605,127.00940082976584,3,대창쉐르빌 성북구 정릉동
성북구,종암동,중앙드림빌,중앙드림빌,중앙드림빌아파트,서울 성북구 종암동 33-45,서울 성북구 종암로3길 46,37.593070905834864,127.03360222628903,3,중앙드림빌 성북구 종암동
성북구,종암동,센트럴힐,센트럴힐,센트럴힐아파트,서울 성북구 종암동 46-43,서울 성북구 종암로13길 16-11,37.5967792855241,127.033957189913,3,센트럴힐 성북구 종암동
성북구,삼선동3가,성종그린,성종그린,성종그린아파트,서울 성북구 삼선동3가 18-2,서울 성북구 삼선교로18가길 15,37.588090648683334,127.01331499715864,3,성종그린 성북구 삼선동3가
성북구,장위동,경헌그린아파트,경헌그린아파트,경헌그린아파트,서울 성북구 장위동 315,서울 성북구 월계로 154,37.618053885290784,127.04360825038285,3,경헌그린아파트 성북구 장위동
성북구,정릉동,미양산타빌,미양산타빌,미양산타빌아파트,서울 성북구 정릉동 365-4,서울 성북구 솔샘로6길 35-12,37.609819493923375,127.00694597186954,3,미양산타빌 성북구 정릉동
성북구,하월곡동,창방트윈(B동),창방트윈,창방트윈아파트,서울 성북구 하월곡동 90-1213,서울 성북구 오패산로1길 54,37.604106138488774,127.03396957987756,3,창방트윈 성북구 하월곡동
성북구,안암동3가,동관아트빌,동관아트빌,동관아트빌아파트,서울 성북구 안암동3가 42-1,서울 성북구 고려대로12길 38,37.5844492510393,127.022462302237,3,동관아트빌 성북구 안암동3가
성북구,정릉동,장원,장원,장원아파트,서울 성북구 정릉동 508-201,서울 성북구 북악산로 705,37.59907973049533,127.006246286151,3,장원 성북구 정릉동
성북구,하월곡동,창방트윈(A동),창방트윈,창방트윈아파트,서울 성북구 하월곡동 90-1213,서울 성북구 오패산로1길 54,37.604106138488774,127.03396957987756,3,창방트윈 성북구 하월곡동
성북구,정릉동,대원아파트,대원아파트,대원아파트,서울 성북구 정릉동 822-1,서울 성북구 보국문로38길 34,37.619371970555704,126.99855467243655,3,대원아파트 성북구 정릉동
성북구,삼선동3가,유니아테라스,유니아테라스,유니아테라스아파트,서울 성북구 삼선동3가 21-4,서울 성북구 삼선교로20길 36-8,37.58775546607549,127.01343268859868,3,유니아테라스 성북구 삼선동3가
성북구,하월곡동,베로니스,베로니스,베로니스아파트,서울 성북구 하월곡동 90-700,서울 성북구 화랑로1길 7,37.603459408752,127.03333397546488,3,베로니스 성북구 하월곡동
성북구,동소문동7가,샤인힐,샤인힐,샤인힐아파트,서울 성북구 동소문동7가 75-10,서울 성북구 아리랑로5길 39,37.59684561674531,127.01305498182836,3,샤인힐 성북구 동소문동7가
성북구,종암동,해가온팰리스아파트,해가온팰리스아파트,해가온팰리스아파트,서울 성북구 종암동 3-301,서울 성북구 월곡로7길 45,37.5989145917185,127.037092620263,3,해가온팰리스아파트 성북구 종암동
성북구,장위동,래미안포레카운티,래미안포레카운티,래미안장위포레카운티아파트,서울 성북구 장위동 322,서울 성북구 장월로 160,37.61801141391467,127.05274216603736,3,래미안포레카운티 성북구 장위동
성북구,삼선동3가,제일,제일,제일아파트,서울 성북구 삼선동3가 23,서울 성북구 삼선교로20길 26,37.588115845772066,127.01358447191726,3,제일 성북구 삼선동3가
성북구,정릉동,청옥,청옥,청옥아파트,서울 성북구 정릉동 716-117,서울 성북구 솔샘로5가길 17,37.610850384954,127.003261809084,3,청옥 성북구 정릉동
성북구,장위동,꿈의숲아이파크,꿈의숲아이파크,꿈의숲아이파크아파트,서울 성북구 장위동 323,서울 성북구 돌곶이로40길 46,37.61887549275114,127.04846685578345,3,꿈의숲아이파크 성북구 장위동
성북구,길음동,롯데캐슬클라시아,롯데캐슬클라시아,롯데캐슬클라시아아파트,서울 성북구 길음동 1289,서울 성북구 숭인로8길 80,37.60831836870625,127.0265398062998,3,롯데캐슬클라시아 성북구 길음동
성북구,정릉동,갤럭시더정릉,갤럭시더정릉,갤럭시더정릉,서울 성북구 정릉동 150-27,서울 성북구 정릉로 262,37.6036851294751,127.012197769291,3,갤럭시더정릉 성북구 정릉동
성북구,안암동5가,(160-16),,고려대학교 중앙광장,서울 성북구 안암동5가 1-2,서울 성북구 안암로 145,37.5888363125305,127.0333557589,3, 성북구 안암동5가
성북구,장위동,라인캐슬,라인캐슬,라인캐슬,서울 성북구 장위동 65-239,서울 성북구 화랑로 213,37.60935882677767,127.05361491407628,3,라인캐슬 성북구 장위동
성북구,장위동,장위지웰에스테이트,장위지웰에스테이트,장위지웰에스테이트,서울 성북구 장위동 322-22,서울 성북구 한천로 660-16,37.6179143393954,127.056144667008,3,장위지웰에스테이트 성북구 장위동
성북구,동선동5가,트라움하임,트라움하임,트라움하임아파트,서울 성북구 동선동5가 69-1,서울 성북구 아리랑로4길 37,37.59557191603123,127.01766451945502,3,트라움하임 성북구 동선동5가
성북구,보문동1가,보문리슈빌하우트,보문리슈빌하우트,보문리슈빌하우트아파트,서울 성북구 보문동1가 228,서울 성북구 보문로26길 17,37.58711038507221,127.01964955311462,3,보문리슈빌하우트 성북구 보문동1가
성북구,정릉동,풍산쉐르빌(815-1),풍산쉐르빌,풍산쉐르빌아파트,서울 성북구 정릉동 815-1,서울 성북구 보국문로36길 26,37.6186782186908,126.99992977313772,3,풍산쉐르빌 성북구 정릉동
성북구,보문동7가,DH팰리스타워,DH팰리스타워,DH팰리스타워,서울 성북구 보문동7가 139-1,서울 성북구 보문로 29,37.5781503434603,127.022779655633,3,DH팰리스타워 성북구 보문동7가
성북구,안암동3가,해링턴플레이스안암,해링턴플레이스안암,해링턴플레이스안암아파트,서울 성북구 안암동3가 138,서울 성북구 고려대로14길 39,37.58503737887801,127.02359352815606,3,해링턴플레이스안암 성북구 안암동3가
성북구,장위동,장위자이레디언트(3단지),장위자이레디언트,장위자이레디언트아파트,서울 성북구 장위동 37-59,서울 성북구 돌곶이로30길 63,37.614190955806336,127.0571861460183,3,장위자이레디언트 성북구 장위동
성북구,종암동,종암라온프라이빗,종암라온프라이빗,라온프라이빗종암아파트 (예정),서울 성북구 종암동 83-3,,37.6005159895367,127.032918197982,3,종암라온프라이빗 성북구 종암동
강북구,수유동,진안골드밸리,진안골드밸리,골드밸리아파트,서울 강북구 수유동 562-4,서울 강북구 4.19로11길 16,37.6455408362247,127.00809146078907,3,진안골드밸리 강북구 수유동
강북구,수유동,수유현대,수유현대,수유현대아파트,서울 강북구 수유동 729,서울 강북구 한천로 1131,37.64541802235419,127.01855106811983,3,수유현대 강북구 수유동
강북구,미아동,삼각산아이원,삼각산아이원,삼각산아이원아파트,서울 강북구 미아동 1357,서울 강북구 삼양로19길 113,37.6155486176273,127.017981853747,3,삼각산아이원 강북구 미아동
강북구,미아동,성북프라자,성북프라자,성북프라자아파트,서울 강북구 미아동 318-5,서울 강북구 도봉로33길 18,37.62156562062528,127.0264606924854,3,성북프라자 강북구 미아동
강북구,번동,신원,신원,신원아파트,서울 강북구 번동 204,서울 강북구 월계로37길 87-9,37.62582775958146,127.0431868588492,3,신원 강북구 번동
강북구,미아동,에스케이북한산시티,에스케이북한산시티,SK북한산시티아파트,서울 강북구 미아동 1353,서울 강북구 솔샘로 174,37.6184432414034,127.013039501497,3,에스케이북한산시티 강북구 미아동
강북구,번동,번동한양아파트,번동한양아파트,번동한양아파트,서울 강북구 번동 133-1,서울 강북구 한천로109길 69,37.6263762833643,127.041161715409,3,번동한양아파트 강북구 번동
강북구,수유동,화계맨숀,화계맨숀,화계맨숀,서울 강북구 수유동 461-13,서울 강북구 덕릉로 12,37.63373547440085,127.014869572834,3,화계맨숀 강북구 수유동
강북구,번동,기산그린,기산그린,기산그린아파트,서울 강북구 번동 191,서울 강북구 월계로37길 137,37.62749981288767,127.04367040977124,3,기산그린 강북구 번동
강북구,미아동,미아동부센트레빌,미아동부센트레빌,미아동부센트레빌아파트,서울 강북구 미아동 474,서울 강북구 숭인로7가길 37,37.61367673462308,127.02571037076964,3,미아동부센트레빌 강북구 미아동
강북구,미아동,꿈의숲롯데캐슬,꿈의숲롯데캐슬,꿈의숲롯데캐슬아파트,서울 강북구 미아동 4,서울 강북구 오현로 56,37.61727158277216,127.03635304266886,3,꿈의숲롯데캐슬 강북구 미아동
강북구,미아동,경남아너스빌(1356-0),경남아너스빌,경남아너스빌아파트,서울 강북구 미아동 1356,서울 강북구 오패산로30길 30,37.61523104067486,127.03570984295618,3,경남아너스빌 강북구 미아동
강북구,번동,해모로아파트,해모로아파트,해모로아파트,서울 강북구 번동 139,서울 강북구 오현로 156,37.62638110193112,127.0375186070962,3,해모로아파트 강북구 번동
강북구,수유동,수유벽산1차,수유벽산1차,수유벽산1차아파트,서울 강북구 수유동 205,서울 강북구 삼각산로 143-1,37.64237983415892,127.01898993640044,3,수유벽산1차 강북구 수유동
강북구,미아동,삼성래미안트리베라2단지,삼성래미안트리베라2단지,삼성래미안트리베라2차아파트,서울 강북구 미아동 812,서울 강북구 삼양로27길 19,37.61679327600874,127.02105053677946,3,삼성래미안트리베라2단지 강북구 미아동
강북구,미아동,경남아너스빌,경남아너스빌,경남아너스빌아파트,서울 강북구 미아동 1356,서울 강북구 오패산로30길 30,37.61523104067486,127.03570984295618,3,경남아너스빌 강북구 미아동
강북구,미아동,벽산라이브파크,벽산라이브파크,벽산라이브파크아파트,서울 강북구 미아동 1354,서울 강북구 솔샘로 159,37.6208003962173,127.011390667734,3,벽산라이브파크 강북구 미아동
강북구,수유동,수유프리미어엠,수유프리미어엠,수유프리미어엠,서울 강북구 수유동 48-8,서울 강북구 덕릉로 76,37.63434609894958,127.02216349201248,3,수유프리미어엠 강북구 수유동
강북구,수유동,백두골드,백두골드,백두골드아파트,서울 강북구 수유동 710-15,서울 강북구 노해로35길 67,37.64804112247979,127.02184688316405,3,백두골드 강북구 수유동
강북구,수유동,극동,극동,극동아파트,서울 강북구 수유동 553-61,서울 강북구 인수봉로72길 4,37.6420563535934,127.012427250588,3,극동 강북구 수유동
강북구,번동,훼밀리힐,훼밀리힐,훼미리힐아파트,서울 강북구 번동 148-490,서울 강북구 오현로 141,37.62508386549267,127.03693343623328,3,훼밀리힐 강북구 번동
강북구,미아동,두원프라자,두원프라자,두원프라자아파트,서울 강북구 미아동 1351,서울 강북구 도봉로 157,37.62274038493737,127.02700483027712,3,두원프라자 강북구 미아동
강북구,번동,삼성,삼성,삼성,서울 강북구 번동 466-1,서울 강북구 도봉로98길 27,37.6413176891336,127.03116299346,3,삼성 강북구 번동
강북구,수유동,삼성타운,삼성타운,삼성타운아파트,서울 강북구 수유동 338-1,서울 강북구 삼양로112길 15,37.64261433423312,127.01740711874784,3,삼성타운 강북구 수유동
강북구,우이동,대우,대우,대우아파트,서울 강북구 우이동 342,서울 강북구 삼양로149길 45,37.65549374076784,127.01121577865528,3,대우 강북구 우이동
강북구,번동,번동금호어울림,번동금호어울림,번동금호어울림아파트,서울 강북구 번동 656,서울 강북구 오현로31길 85-7,37.630899089153786,127.03610364948366,3,번동금호어울림 강북구 번동
강북구,미아동,래미안트리베라1단지,래미안트리베라1단지,래미안트리베라1차아파트,서울 강북구 미아동 813,서울 강북구 삼양로19길 25,37.613940803823745,127.0207269361348,3,래미안트리베라1단지 강북구 미아동
강북구,미아동,두산위브트레지움,두산위브트레지움,두산위브트레지움아파트,서울 강북구 미아동 811,서울 강북구 삼양로27길 95,37.61776520417838,127.01693126286315,3,두산위브트레지움 강북구 미아동
강북구,미아동,푸르지오시티,푸르지오시티,수유역푸르지오시티,서울 강북구 미아동 160-3,서울 강북구 도봉로 290,37.63415027101475,127.02377672063368,3,푸르지오시티 강북구 미아동
강북구,미아동,현대(190-2),현대,현대자동차블루핸즈 합성자동차,서울 강북구 미아동 330-17,서울 강북구 도봉로 113,37.61904231314483,127.02877616319012,3,현대 강북구 미아동
강북구,수유동,태솔타워,태솔타워,태솔타워오피스텔,서울 강북구 수유동 51-7,서울 강북구 도봉로71가길 30,37.6324972445789,127.022331745161,3,태솔타워 강북구 수유동
강북구,번동,한솔솔파크,한솔솔파크,한솔솔파크아파트,서울 강북구 번동 138,서울 강북구 오현로 180,37.62736094712756,127.0388422368932,3,한솔솔파크 강북구 번동
강북구,번동,번동솔그린,번동솔그린,번동솔그린아파트,서울 강북구 번동 136,서울 강북구 한천로109길 83,37.62617867861673,127.03936724322294,3,번동솔그린 강북구 번동
강북구,미아동,송천센트레빌,송천센트레빌,송천센트레빌아파트,서울 강북구 미아동 461,서울 강북구 숭인로 39,37.61275409943253,127.025814252461,3,송천센트레빌 강북구 미아동
강북구,수유동,형인휴아름,형인휴아름,형인휴아름아파트,서울 강북구 수유동 732,서울 강북구 수유로23길 48,37.63839331911261,127.02219301896268,3,형인휴아름 강북구 수유동
강북구,미아동,신일해피트리,신일해피트리,신일해피트리아파트,서울 강북구 미아동 1358,서울 강북구 오패산로60길 22,37.62593602549891,127.0313015693095,3,신일해피트리 강북구 미아동
강북구,수유동,수유삼호,수유삼호,삼호아파트,서울 강북구 수유동 63,서울 강북구 도봉로 261,37.63169695199485,127.02345079988356,3,수유삼호 강북구 수유동
강북구,미아동,미아한일유앤아이,미아한일유앤아이,미아한일유앤아이아파트,서울 강북구 미아동 1355,서울 강북구 월계로21가길 41,37.61482713146493,127.0365795118344,3,미아한일유앤아이 강북구 미아동
강북구,번동,효성네오인텔리안,효성네오인텔리안,효성네오인텔리안오피스텔,서울 강북구 번동 418-3,서울 강북구 도봉로 352,37.63867611831075,127.02703892196236,3,효성네오인텔리안 강북구 번동
강북구,미아동,이너스내안에,이너스내안에,이너스내안에아파트,서울 강북구 미아동 1361,서울 강북구 도봉로76가길 15,37.63269817204083,127.02663684073023,3,이너스내안에 강북구 미아동
강북구,번동,더조은홈,더조은홈,더조은홈아파트,서울 강북구 번동 410-32,서울 강북구 한천로 965,37.63575724900402,127.0328668945262,3,더조은홈 강북구 번동
강북구,미아동,미아1차래미안,미아1차래미안,래미안미아1차아파트,서울 강북구 미아동 797,서울 강북구 삼양로 256,37.62597822471401,127.01940716534452,3,미아1차래미안 강북구 미아동
강북구,수유동,청솔(269-25),청솔,청솔오피스텔,서울 강북구 수유동 269-25,서울 강북구 노해로23길 105,37.64693533748201,127.01817524955568,3,청솔 강북구 수유동
강북구,번동,다우(459-63),다우,다우빌딩,서울 강북구 번동 446-56,서울 강북구 오패산로77길 30,37.6364646009577,127.025228781441,3,다우 강북구 번동
강북구,수유동,경원북한산휴그린,경원북한산휴그린,경원북한산휴그린오피스텔,서울 강북구 수유동 268-17,서울 강북구 한천로 1139-2,37.6460533277235,127.017826037715,3,경원북한산휴그린 강북구 수유동
강북구,번동,주공4단지,주공4단지,번동주공4단지아파트,서울 강북구 번동 234,서울 강북구 오현로 207,37.63085303453443,127.0392518896577,3,주공4단지 강북구 번동
강북구,수유동,래미안수유,래미안수유,수유래미안아파트,서울 강북구 수유동 730,서울 강북구 한천로159길 8,37.64470812300841,127.018061398223,3,래미안수유 강북구 수유동
강북구,번동,주공1단지,주공1단지,번동주공1단지아파트,서울 강북구 번동 242,서울 강북구 한천로105길 23,37.6249505081745,127.04708766769456,3,주공1단지 강북구 번동
강북구,번동,오동공원현대,오동공원현대,오동공원현대홈타운아파트,서울 강북구 번동 760,서울 강북구 오현로31길 89,37.63150652866838,127.03552730439782,3,오동공원현대 강북구 번동
강북구,수유동,태솔캡슬,태솔캡슬,태솔캡슬,서울 강북구 수유동 50-20,서울 강북구 도봉로71가길 35,37.63277483162302,127.02188659647132,3,태솔캡슬 강북구 수유동
강북구,수유동,부강쉐르빌,부강쉐르빌,부강쉐르빌아파트,서울 강북구 수유동 281-51,서울 강북구 삼양로129길 11-4,37.64614481391258,127.01424430430332,3,부강쉐르빌 강북구 수유동
강북구,미아동,요진,요진,미아요진아파트,서울 강북구 미아동 152,서울 강북구 도봉로76길 52,37.63345491448717,127.0270132388054,3,요진 강북구 미아동
강북구,미아동,현대성우,현대성우,현대성우아파트,서울 강북구 미아동 561-2,서울 강북구 삼양로24길 19,37.61720573576571,127.0221051678704,3,현대성우 강북구 미아동
강북구,수유동,대림(수유),대림,대림24시 불가마사우나,서울 강북구 수유동 50-75,서울 강북구 도봉로71가길 11,37.6317179200315,127.0221819705834,3,대림 강북구 수유동
강북구,번동,번동완성주상복합아파트,번동완성주상복합아파트,번동완성아파트,서울 강북구 번동 148-496,서울 강북구 오현로 137,37.62472162545034,127.037071456529,3,번동완성주상복합아파트 강북구 번동
강북구,번동,쌍용,쌍용,쌍용아파트,서울 강북구 번동 459-110,서울 강북구 한천로124나길 10,37.637825179158696,127.03225372924712,3,쌍용 강북구 번동
강북구,번동,한진,한진,번동한진아파트,서울 강북구 번동 658,서울 강북구 월계로37길 65,37.624752433464806,127.04439604939776,3,한진 강북구 번동
강북구,우이동,성원상떼빌,성원상떼빌,성원아파트,서울 강북구 우이동 1,서울 강북구 삼양로 658,37.66183096882426,127.01383589617905,3,성원상떼빌 강북구 우이동
강북구,미아동,한일,한일,한일아파트,서울 강북구 미아동 258-732,서울 강북구 오패산로60길 21,37.62661724680581,127.03101638641806,3,한일 강북구 미아동
강북구,미아동,미아신구,미아신구,미아신구아파트,서울 강북구 미아동 1352,서울 강북구 오패산로60길 17-7,37.6267795520183,127.03052707812192,3,미아신구 강북구 미아동
강북구,우이동,성원그린(103동),성원그린,성원그린아파트,서울 강북구 우이동 340,서울 강북구 삼양로139가길 63,37.6517222133811,127.011363659695,3,성원그린 강북구 우이동
강북구,수유동,골드빌,골드빌,골드빌,서울 강북구 수유동 280-34,서울 강북구 삼양로131길 14,37.64759006406911,127.01363155684984,3,골드빌 강북구 수유동
강북구,미아동,신일,신일,신일고등학교,서울 강북구 미아동 193-1,서울 강북구 솔매로49길 20,37.6284127093673,127.028239411291,3,신일 강북구 미아동
강북구,수유동,태솔에버빌,태솔에버빌,태솔에버빌아파트,서울 강북구 수유동 52-30,서울 강북구 삼양로80길 55,37.6316289613634,127.020872325801,3,태솔에버빌 강북구 수유동
강북구,우이동,북한산굿모닝,북한산굿모닝,북한산굿모닝아파트,서울 강북구 우이동 175,서울 강북구 삼양로171길 21,37.6621014679716,127.01196365089407,3,북한산굿모닝 강북구 우이동
강북구,수유동,FIRSTVIEW,FIRSTVIEW,퍼스트뷰(FIRSTVIEW),서울 강북구 수유동 274-3,서울 강북구 삼양로130길 9-21,37.64766015469602,127.01515676439452,3,FIRSTVIEW 강북구 수유동
강북구,수유동,다경하이빌,다경하이빌,다경하이빌,서울 강북구 수유동 177-2,서울 강북구 한천로140길 11-13,37.6409926693672,127.026512902582,3,다경하이빌 강북구 수유동
강북구,미아동,스카이빌(8-87),스카이빌,스카이빌,서울 강북구 미아동 215-96,서울 강북구 솔매로45길 45,37.628054942356464,127.02454850413037,3,스카이빌 강북구 미아동
강북구,미아동,신대상,신대상,신대상아파트,서울 강북구 미아동 137-7,서울 강북구 도봉로20길 29,37.6189696554785,127.031058517041,3,신대상 강북구 미아동
강북구,수유동,세영,세영,세영아파트,서울 강북구 수유동 403-17,서울 강북구 삼양로 366,37.6361380341361,127.01755175917,3,세영 강북구 수유동
강북구,번동,수유역두산위브1,수유역두산위브1,수유역두산위브1아파트,서울 강북구 번동 410,서울 강북구 덕릉로41길 12,37.63583947229903,127.03201721694124,3,수유역두산위브1 강북구 번동
강북구,번동,동문,동문,번동동문아파트,서울 강북구 번동 657,서울 강북구 오현로 128,37.62395906363404,127.0380973687126,3,동문 강북구 번동
강북구,번동,현대(148-494),현대,서울현대병원,서울 강북구 번동 463-44,서울 강북구 도봉로 374,37.6402912340691,127.028524895673,3,현대 강북구 번동
강북구,수유동,오페라하우스,오페라하우스,오페라하우스,서울 강북구 미아동 791-1734,서울 강북구 솔매로6길 7-4,37.62462395722956,127.01355939500584,2,오페라하우스 강북구 수유동
강북구,수유동,영남,영남,영남빌딩,서울 강북구 수유동 192-61,서울 강북구 한천로139길 42,37.6388396427132,127.025016581029,3,영남 강북구 수유동
강북구,우이동,다인플레움,다인플레움,다인플레움아파트,서울 강북구 우이동 117-3,서울 강북구 삼양로163길 31,37.65870477230376,127.01191550725852,3,다인플레움 강북구 우이동
강북구,수유동,북한산네이처파크,북한산네이처파크,북한산네이처파크아파트,서울 강북구 수유동 734,서울 강북구 4.19로9길 17,37.64625518009087,127.00988071891511,3,북한산네이처파크 강북구 수유동
강북구,번동,센트로힐,센트로힐,센트로힐아파트,서울 강북구 번동 761,서울 강북구 한천로 936,37.634628253078574,127.03615643567215,3,센트로힐 강북구 번동
강북구,수유동,수유벽산2차,수유벽산2차,수유벽산아파트,서울 강북구 수유동 648,서울 강북구 삼각산로 143-1,37.64343595978893,127.0178888640008,3,수유벽산2차 강북구 수유동
강북구,수유동,진명,진명,진명아파트,서울 강북구 수유동 180-31,서울 강북구 한천로148길 26,37.6431103416753,127.024863916685,3,진명 강북구 수유동
강북구,미아동,꿈의숲해링턴플레이스,꿈의숲해링턴플레이스,꿈의숲해링턴플레이스아파트,서울 강북구 미아동 1369,서울 강북구 오현로 45,37.61878583148684,127.0343885577369,3,꿈의숲해링턴플레이스 강북구 미아동
강북구,수유동,수유다우아트리체,수유다우아트리체,수유다우아트리체,서울 강북구 수유동 279-74,서울 강북구 한천로 1174,37.64824036696487,127.01532005447916,3,수유다우아트리체 강북구 수유동
강북구,미아동,두예파크빌,두예파크빌,두예파크빌아파트,서울 강북구 미아동 8-318,서울 강북구 월계로21나길 27,37.61550336529285,127.03787445416394,3,두예파크빌 강북구 미아동
강북구,미아동,월드빌라(311-10),월드빌라,월드빌라,서울 강북구 미아동 791-2172,서울 강북구 솔샘로47나길 36,37.621704154372594,127.018067158834,3,월드빌라 강북구 미아동
강북구,수유동,경남아너스빌,경남아너스빌,경남아너스빌아파트,서울 강북구 수유동 229-49,서울 강북구 노해로8길 22,37.6380000847317,127.024250401968,3,경남아너스빌 강북구 수유동
강북구,번동,수유역두산위브2,수유역두산위브2,수유역두산위브2아파트,서울 강북구 번동 411,서울 강북구 덕릉로41길 15,37.63567038195966,127.0309113859969,3,수유역두산위브2 강북구 번동
강북구,수유동,대원쉐르빌(47-13),대원쉐르빌,대원쉐르빌,서울 강북구 수유동 292-7,서울 강북구 삼양로123가길 17,37.64542783589199,127.01243007846016,3,대원쉐르빌 강북구 수유동
강북구,수유동,포엠빌,포엠빌,포엠빌아파트,서울 강북구 수유동 190-18,서울 강북구 한천로139가길 26,37.64052355052392,127.02517010375364,3,포엠빌 강북구 수유동
강북구,수유동,삼성쉐르빌(50-31),삼성쉐르빌,삼성쉐르빌,서울 강북구 수유동 557,서울 강북구 인수봉로82길 25-7,37.6462387784971,127.01187498983964,3,삼성쉐르빌 강북구 수유동
강북구,수유동,예도팔라티움,예도팔라티움,예도팔라티움,서울 강북구 수유동 223-7,서울 강북구 노해로 34,37.63851118545245,127.02304166527573,3,예도팔라티움 강북구 수유동
강북구,미아동,월드,월드,월드,서울 강북구 미아동 132-32,서울 강북구 도봉로30길 17-7,37.6213631304494,127.029292450784,3,월드 강북구 미아동
강북구,수유동,정원,정원,정원아파트,서울 강북구 수유동 282-20,서울 강북구 4.19로1길 33,37.6465935286508,127.014037029931,3,정원 강북구 수유동
강북구,수유동,우암센스뷰,우암센스뷰,우암센스뷰아파트,서울 강북구 수유동 229-50,서울 강북구 노해로8길 16,37.63778389100872,127.02404186314502,3,우암센스뷰 강북구 수유동
강북구,번동,현대꿈에그린,현대꿈에그린,현대아파트(꿈에그린),서울 강북구 번동 271-2,서울 강북구 월계로37길 137-8,37.62799740941625,127.04298420431924,3,현대꿈에그린 강북구 번동
강북구,번동,백운,백운,백운아파트,서울 강북구 번동 461-1,서울 강북구 한천로130길 13,37.638481547314186,127.03055905717056,3,백운 강북구 번동
강북구,우이동,북한산노블리스빌,북한산노블리스빌,북한산노블리스빌아파트,서울 강북구 우이동 84-8,서울 강북구 삼양로139가길 80,37.652642218001766,127.0102600562638,3,북한산노블리스빌 강북구 우이동
강북구,수유동,궁전,궁전,궁전회관,서울 강북구 수유동 273-74,서울 강북구 한천로 1159,37.647249144520984,127.01636685843484,3,궁전 강북구 수유동
강북구,수유동,은진,은진,은진스톤하우스,서울 강북구 수유동 37-39,서울 강북구 삼각산로28길 7,37.64073267378147,127.0199639195432,3,은진 강북구 수유동
강북구,미아동,인성,인성,인성아파트,서울 강북구 미아동 224-40,서울 강북구 솔매로43길 3,37.62603140617549,127.0241615528501,3,인성 강북구 미아동
강북구,수유동,대성월드빌,대성월드빌,대성월드빌아파트,서울 강북구 수유동 45-93,서울 강북구 도봉로81길 24-1,37.63517872841702,127.02152136135676,3,대성월드빌 강북구 수유동
강북구,수유동,수유역하이씨티,수유역하이씨티,하이시티,서울 강북구 수유동 733,서울 강북구 도봉로71가길 16,37.63200977917983,127.02250040043988,3,수유역하이씨티 강북구 수유동
강북구,번동,장원(101),장원,장원손칼국수전문,서울 강북구 번동 414-23,서울 강북구 한천로129길 43,37.63624402540716,127.02845990277272,3,장원 강북구 번동
강북구,미아동,태솔,태솔,태솔아파트,서울 강북구 미아동 135-44,서울 강북구 도봉로28길 22,37.6205124390797,127.029926439719,3,태솔 강북구 미아동
강북구,미아동,그린힐빌라트,그린힐빌라트,그린힐빌라트,서울 강북구 미아동 198-36,서울 강북구 솔매로 147-12,37.627154813024205,127.02873284486026,3,그린힐빌라트 강북구 미아동
강북구,번동,장원(503),장원,장원손칼국수전문,서울 강북구 번동 414-23,서울 강북구 한천로129길 43,37.63624402540716,127.02845990277272,3,장원 강북구 번동
강북구,미아동,한솔드림빌,한솔드림빌,한솔드림빌,서울 강북구 미아동 137-17,서울 강북구 도봉로20가길 7,37.618863674564516,127.02975587474,3,한솔드림빌 강북구 미아동
강북구,수유동,한원힐트리움수유,한원힐트리움수유,한원힐트리움수유,서울 강북구 수유동 738,서울 강북구 노해로 104,37.6445683528225,127.023802702657,3,한원힐트리움수유 강북구 수유동
강북구,우이동,두온리치벨리,두온리치벨리,두온리치벨리아파트,서울 강북구 우이동 5-5,서울 강북구 삼양로 670,37.66260046734636,127.01331016071708,3,두온리치벨리 강북구 우이동
강북구,미아동,보람빌라트,보람빌라트,보람빌라트,서울 강북구 미아동 198-27,서울 강북구 솔매로 145-6,37.62710804234778,127.02839977801048,3,보람빌라트 강북구 미아동
강북구,수유동,북한산스카이뷰아파트,북한산스카이뷰아파트,북한산스카이뷰아파트,서울 강북구 수유동 739,서울 강북구 4.19로9길 18,37.6461353921154,127.0093549408679,3,북한산스카이뷰아파트 강북구 수유동
강북구,수유동,크라운빌,크라운빌,메가 리치대한강북,서울 강북구 수유동 191-28,서울 강북구 도봉로 355-10,37.6393655125626,127.026417151899,3,크라운빌 강북구 수유동
강북구,수유동,파크(나),파크,북한산네이처파크아파트,서울 강북구 수유동 734,서울 강북구 4.19로9길 17,37.64625518009087,127.00988071891511,3,파크 강북구 수유동
강북구,수유동,현대맨션(52-27),현대맨션,현대맨션,서울 강북구 수유동 52-27,서울 강북구 삼양로80길 63,37.63167125502528,127.02116802152317,3,현대맨션 강북구 수유동
강북구,수유동,파크(가),파크,북한산네이처파크아파트,서울 강북구 수유동 734,서울 강북구 4.19로9길 17,37.64625518009087,127.00988071891511,3,파크 강북구 수유동
강북구,수유동,청솔,청솔,청솔오피스텔,서울 강북구 수유동 269-25,서울 강북구 노해로23길 105,37.64693533748201,127.01817524955568,3,청솔 강북구 수유동
강북구,수유동,성덕,성덕,성덕아파트,서울 강북구 수유동 50-82,서울 강북구 수유로12길 43,37.63302354258351,127.02167594833878,3,성덕 강북구 수유동
강북구,수유동,삼성빌리지(223-14),삼성빌리지,삼성빌리지,서울 강북구 수유동 223-14,서울 강북구 노해로8가길 3,37.63819122767257,127.02358879941237,3,삼성빌리지 강북구 수유동
강북구,미아동,현대캐슬,현대캐슬,현대캐슬,서울 강북구 수유동 555-16,서울 강북구 인수봉로76길 21-8,37.6440854086009,127.012055939354,2,현대캐슬 강북구 미아동
강북구,수유동,칸타빌수유팰리스,칸타빌수유팰리스,칸타빌수유팰리스아파트,서울 강북구 수유동 741,서울 강북구 한천로148길 12-13,37.6420335288756,127.025503728674,3,칸타빌수유팰리스 강북구 수유동
강북구,미아동,젬스톤타운,젬스톤타운,젬스톤타운아파트,서울 강북구 미아동 103-183,서울 강북구 오패산로 176,37.6174058062062,127.0333843747812,3,젬스톤타운 강북구 미아동
강북구,미아동,꿈의숲한신더휴,꿈의숲한신더휴,꿈의숲한신더휴아파트,서울 강북구 미아동 1371,서울 강북구 오패산로 202,37.61979527674163,127.0332053425826,3,꿈의숲한신더휴 강북구 미아동
강북구,번동,빌드아르떼APT,빌드아르떼APT,빌드아르떼아파트,서울 강북구 번동 432-6,,37.6348046347329,127.03383173643,3,빌드아르떼APT 강북구 번동
강북구,미아동,송천센트레빌(임대),송천센트레빌,송천센트레빌아파트,서울 강북구 미아동 461,서울 강북구 숭인로 39,37.61275409943253,127.025814252461,3,송천센트레빌 강북구 미아동
강북구,미아동,포르투나,포르투나,포르투나아파트,서울 강북구 미아동 1372,,37.6266637377709,127.014019687408,3,포르투나 강북구 미아동
강북구,수유동,은석,은석,은석아파트,서울 강북구 수유동 697-1,서울 강북구 삼양로138길 24,37.64893954120252,127.01523407863966,3,은석 강북구 수유동
강북구,수유동,어반레프대원,어반레프대원,CU 수유대원점,서울 강북구 수유동 50-24,서울 강북구 수유로12길 51,37.632617195928,127.02168715934,3,어반레프대원 강북구 수유동
강북구,수유동,수유시그니티,수유시그니티,수유시그니티아파트,서울 강북구 수유동 87-5,서울 강북구 도봉로73길 13,37.6322988798251,127.023099790649,3,수유시그니티 강북구 수유동
강북구,미아동,미아에스하임,미아에스하임,미아에스하임,서울 강북구 미아동 1373,서울 강북구 도봉로61길 5,37.6286946048522,127.024729969443,3,미아에스하임 강북구 미아동
강북구,수유동,한솔힐스빌,한솔힐스빌,한솔힐스빌,서울 강북구 미아동 135-12,서울 강북구 도봉로28길 42-5,37.62066527540256,127.0312064762,2,한솔힐스빌 강북구 수유동
강북구,번동,스카이캐슬,스카이캐슬,스카이캐슬,서울 강북구 번동 446-59,서울 강북구 오패산로77길 36,37.636312405218,127.024895640055,3,스카이캐슬 강북구 번동
강북구,미아동,헤리움,헤리움,헤리움아파트,서울 강북구 미아동 189-30,서울 강북구 덕릉로28길 54,37.6323211309471,127.02445700975,3,헤리움 강북구 미아동
강북구,미아동,북서울자이폴라리스(2단지),북서울자이폴라리스,북서울자이폴라리스아파트,서울 강북구 미아동 788-1,서울 강북구 삼양로58길 29,37.626996085088045,127.02089821784708,3,북서울자이폴라리스 강북구 미아동
강북구,미아동,북서울자이폴라리스(3단지),북서울자이폴라리스,북서울자이폴라리스아파트,서울 강북구 미아동 788-1,서울 강북구 삼양로58길 29,37.626996085088045,127.02089821784708,3,북서울자이폴라리스 강북구 미아동
강북구,미아동,북서울자이폴라리스(1단지),북서울자이폴라리스,북서울자이폴라리스아파트,서울 강북구 미아동 788-1,서울 강북구 삼양로58길 29,37.626996085088045,127.02089821784708,3,북서울자이폴라리스 강북구 미아동
강북구,수유동,수유아름채,수유아름채,수유아름채,서울 강북구 수유동 47-23,서울 강북구 덕릉로 69,37.6347291708445,127.021333164505,3,수유아름채 강북구 수유동
강북구,수유동,훼밀리,훼밀리,훼밀리아파트,서울 강북구 수유동 519-10,서울 강북구 인수봉로61길 38-8,37.63833357831481,127.01150664290242,3,훼밀리 강북구 수유동
도봉구,방학동,신동아아파트4,신동아아파트4,신동아4단지아파트,서울 도봉구 방학동 732,서울 도봉구 방학로 200,37.6623721989002,127.029838967563,3,신동아아파트4 도봉구 방학동
도봉구,창동,현대조합,현대조합,현대아파트,서울 도봉구 창동 813,서울 도봉구 해등로16길 12,37.655791726173405,127.04086970291668,3,현대조합 도봉구 창동
도봉구,방학동,거성학마을아파트,거성학마을아파트,거성학마을아파트 상가동,서울 도봉구 방학동 701-15,서울 도봉구 도당로 118,37.6670256171578,127.039533886205,3,거성학마을아파트 도봉구 방학동
도봉구,쌍문동,현대1,현대1,쌍문현대1차아파트 전기차충전소,서울 도봉구 쌍문동 54,서울 도봉구 해등로 242-12,37.6586680366974,127.030723724486,3,현대1 도봉구 쌍문동
도봉구,쌍문동,성원,성원,성원아파트,서울 도봉구 쌍문동 53,서울 도봉구 해등로 242-11,37.658411716910344,127.02890354764008,3,성원 도봉구 쌍문동
도봉구,창동,창동주공4단지,창동주공4단지,창동주공4단지아파트,서울 도봉구 창동 380,서울 도봉구 덕릉로 350,37.64472964691871,127.04757151459634,3,창동주공4단지 도봉구 창동
도봉구,쌍문동,선우,선우,선우아이비오,서울 도봉구 쌍문동 378-28,서울 도봉구 노해로 141,37.6476195806792,127.025727732239,3,선우 도봉구 쌍문동
도봉구,쌍문동,신일라이프,신일라이프,신일라이프,서울 도봉구 쌍문동 277,서울 도봉구 우이천로32길 82,37.65130911291417,127.0257006753549,3,신일라이프 도봉구 쌍문동
도봉구,도봉동,서원,서원,도봉서원과각석군,서울 도봉구 도봉동 404,,37.68674949759447,127.03494142691144,3,서원 도봉구 도봉동
도봉구,창동,창동주공18단지,창동주공18단지,창동주공18단지아파트,서울 도봉구 창동 31,서울 도봉구 노해로70길 119,37.64682221910072,127.05277952855836,3,창동주공18단지 도봉구 창동
도봉구,방학동,신동아아파트1,신동아아파트1,신동아1단지아파트,서울 도봉구 방학동 272,서울 도봉구 방학로 193,37.659948377751775,127.0268426379,3,신동아아파트1 도봉구 방학동
도봉구,도봉동,도봉파크빌2,도봉파크빌2,도봉파크빌2단지아파트,서울 도봉구 도봉동 647,서울 도봉구 마들로 835,37.684370591459306,127.0507212681537,3,도봉파크빌2 도봉구 도봉동
도봉구,쌍문동,브라운스톤쌍문,브라운스톤쌍문,쌍문브라운스톤아파트,서울 도봉구 쌍문동 729,서울 도봉구 노해로40길 71,37.647318745232255,127.0291983936918,3,브라운스톤쌍문 도봉구 쌍문동
도봉구,쌍문동,동익미라벨,동익미라벨,동익미라벨아파트,서울 도봉구 쌍문동 285-5,서울 도봉구 우이천로32길 67,37.6515282761697,127.02464915051226,3,동익미라벨 도봉구 쌍문동
도봉구,도봉동,서울가든,서울가든,서울가든아파트,서울 도봉구 도봉동 555,서울 도봉구 도봉산길 35,37.6865509130015,127.04163029742875,3,서울가든 도봉구 도봉동
도봉구,쌍문동,삼익세라믹,삼익세라믹,삼익세라믹아파트,서울 도봉구 쌍문동 56,서울 도봉구 해등로 195,37.65724414099776,127.03518144906896,3,삼익세라믹 도봉구 쌍문동
도봉구,쌍문동,한양2,한양2,"한양2,3,4차아파트",서울 도봉구 쌍문동 59,서울 도봉구 해등로 231,37.65703800258918,127.03132368789656,3,한양2 도봉구 쌍문동
도봉구,창동,주공17단지,주공17단지,주공17단지아파트,서울 도봉구 창동 38,서울 도봉구 덕릉로66길 17,37.644207293332194,127.05338160929207,3,주공17단지 도봉구 창동
도봉구,쌍문동,염광,염광,쌍문염광아파트,서울 도봉구 쌍문동 722,서울 도봉구 우이천로30길 28,37.648541159988746,127.0263025544828,3,염광 도봉구 쌍문동
도봉구,방학동,우성아파트2,우성아파트2,우성2차아파트 106동,서울 도봉구 방학동 508,서울 도봉구 해등로 307,37.65673007733983,127.02250219182758,3,우성아파트2 도봉구 방학동
도봉구,방학동,삼익세라믹아파트,삼익세라믹아파트,삼익세라믹아파트,서울 도봉구 방학동 274,서울 도봉구 도당로 37,37.66114212128209,127.03404541902732,3,삼익세라믹아파트 도봉구 방학동
도봉구,창동,상아2차아파트,상아2차아파트,상아2차아파트,서울 도봉구 창동 300,서울 도봉구 노해로63가길 7,37.65316689512809,127.04411832464528,3,상아2차아파트 도봉구 창동
도봉구,창동,창동주공3단지(해등마을),창동주공3단지,창동주공3단지아파트,서울 도봉구 창동 347,서울 도봉구 해등로 50,37.65009626254373,127.04433974225616,3,창동주공3단지 도봉구 창동
도봉구,창동,태영데시앙,태영데시앙,태영창동데시앙아파트,서울 도봉구 창동 819,서울 도봉구 도봉로110다길 51,37.64292804016456,127.0333889947874,3,태영데시앙 도봉구 창동
도봉구,쌍문동,대우파크힐(쌍문동이안),대우파크힐,쌍문이안아파트,서울 도봉구 쌍문동 730,서울 도봉구 시루봉로 8,37.65158220194024,127.0291819318213,3,대우파크힐 도봉구 쌍문동
도봉구,창동,삼성래미안,삼성래미안,창동삼성래미안아파트 노인회,서울 도봉구 창동 45,서울 도봉구 노해로66길 21,37.6506028525445,127.048323156828,3,삼성래미안 도봉구 창동
도봉구,방학동,우성아파트1,우성아파트1,투게더유통 방학점,서울 도봉구 방학동 507,서울 도봉구 해등로32길 8,37.6579012705415,127.022935460898,3,우성아파트1 도봉구 방학동
도봉구,방학동,대상타운현대아파트,대상타운현대아파트,대상타운현대아파트,서울 도봉구 방학동 720-1,서울 도봉구 마들로 616,37.66507629782003,127.04814666139454,3,대상타운현대아파트 도봉구 방학동
도봉구,쌍문동,한양1,한양1,한양1차아파트 1동,서울 도봉구 쌍문동 388-33,서울 도봉구 우이천로 304,37.64484992586044,127.0296948531754,3,한양1 도봉구 쌍문동
도봉구,방학동,이에스에이아파트3,이에스에이아파트3,ESA3단지아파트 110동,서울 도봉구 방학동 716-1,서울 도봉구 도봉로150길 31,37.66651734492513,127.04490148355848,3,이에스에이아파트3 도봉구 방학동
도봉구,창동,미소애,미소애,미소애아파트,서울 도봉구 창동 715-3,서울 도봉구 해등로 139,37.65604425636514,127.04012642366516,3,미소애 도봉구 창동
도봉구,쌍문동,한양6,한양6,쌍문6차한양아파트,서울 도봉구 쌍문동 59-5,서울 도봉구 시루봉로 58,37.6558925691182,127.028911637153,3,한양6 도봉구 쌍문동
도봉구,쌍문동,극동아파트,극동아파트,쌍문극동아파트,서울 도봉구 쌍문동 721,서울 도봉구 노해로45길 26,37.651600626656695,127.02749575060304,3,극동아파트 도봉구 쌍문동
도봉구,도봉동,럭키,럭키,럭키아파트,서울 도봉구 도봉동 595,서울 도봉구 도봉로169길 31,37.67922674742162,127.04441488790988,3,럭키 도봉구 도봉동
도봉구,쌍문동,경남,경남,경남아파트,서울 도봉구 쌍문동 73,서울 도봉구 도봉로129길 45-12,37.6548060942959,127.03514403506304,3,경남 도봉구 쌍문동
도봉구,방학동,청구아파트,청구아파트,청구아파트,서울 도봉구 방학동 734,서울 도봉구 해등로 264,37.6573725312315,127.02657538999507,3,청구아파트 도봉구 방학동
도봉구,창동,창동한승미메이드,창동한승미메이드,창동한승미메이드아파트,서울 도봉구 창동 824,서울 도봉구 덕릉로60길 164-13,37.6329384754705,127.04282391149488,3,창동한승미메이드 도봉구 창동
도봉구,창동,신창,신창,신창시장,서울 도봉구 창동 578-47,서울 도봉구 덕릉로57길 17,37.6394346028627,127.03745719002,3,신창 도봉구 창동
도봉구,쌍문동,현대3,현대3,북한산현대홈시티3단지오피스텔,서울 도봉구 창동 647-11,서울 도봉구 도봉로104길 49-21,37.64401255204529,127.03434013084689,2,현대3 도봉구 쌍문동
도봉구,창동,창동주공2단지,창동주공2단지,창동주공2단지아파트,서울 도봉구 창동 316,서울 도봉구 해등로12길 44,37.65273508932355,127.04230040300298,3,창동주공2단지 도봉구 창동
도봉구,쌍문동,백조,백조,백조,서울 도봉구 쌍문동 724,서울 도봉구 노해로38길 15,37.64605803937111,127.0263470031207,3,백조 도봉구 쌍문동
도봉구,방학동,벽산아파트2,벽산아파트2,벽산1차아파트 2동,서울 도봉구 방학동 275,서울 도봉구 방학로11길 36,37.660199167765654,127.0327235351672,3,벽산아파트2 도봉구 방학동
도봉구,창동,대우,대우,창동대우아파트,서울 도봉구 창동 804,서울 도봉구 덕릉로63가길 43,37.64237178887457,127.03753118000606,3,대우 도봉구 창동
도봉구,방학동,동양크레오아파트,동양크레오아파트,동양크레오아파트,서울 도봉구 방학동 740,서울 도봉구 시루봉로 166,37.66443713644634,127.03027501447016,3,동양크레오아파트 도봉구 방학동
도봉구,방학동,대원그린아파트,대원그린아파트,대원그린아파트,서울 도봉구 방학동 444-31,서울 도봉구 방학로 212-11,37.66283753052672,127.02810737677862,3,대원그린아파트 도봉구 방학동
도봉구,쌍문동,스마트빌,스마트빌,스마트빌,서울 도봉구 쌍문동 315-117,서울 도봉구 노해로44길 17-8,37.64911910848792,127.02838549433652,3,스마트빌 도봉구 쌍문동
도봉구,쌍문동,청구,청구,쌍문청구아파트,서울 도봉구 쌍문동 195,서울 도봉구 도당로 13,37.65963915521359,127.03448899149114,3,청구 도봉구 쌍문동
도봉구,도봉동,도봉파크빌3,도봉파크빌3,도봉파크빌3단지아파트,서울 도봉구 도봉동 644,서울 도봉구 마들로 891,37.68763299875252,127.04866008470782,3,도봉파크빌3 도봉구 도봉동
도봉구,창동,쌍용,쌍용,쌍용아파트,서울 도봉구 창동 807,서울 도봉구 마들로 551,37.6597461351552,127.04804348725015,3,쌍용 도봉구 창동
도봉구,창동,창동현대타운,창동현대타운,창동현대타운아파트,서울 도봉구 창동 812,서울 도봉구 도봉로114길 22-8,37.64708284354346,127.035226513024,3,창동현대타운 도봉구 창동
도봉구,방학동,금광포란재아파트,금광포란재아파트,금광포란재아파트,서울 도봉구 방학동 714-1,서울 도봉구 도봉로150바길 26,37.664659457411474,127.04507263959798,3,금광포란재아파트 도봉구 방학동
도봉구,방학동,퍼스티안,퍼스티안,퍼스티안,서울 도봉구 방학동 705-17,서울 도봉구 도봉로150가길 27,37.66747276415755,127.04389217089263,3,퍼스티안 도봉구 방학동
도봉구,창동,동아청솔,동아청솔,동아청솔아파트,서울 도봉구 창동 808,서울 도봉구 노해로69길 103,37.65728004823488,127.04828781935235,3,동아청솔 도봉구 창동
도봉구,창동,북한산아이파크5차,북한산아이파크5차,북한산아이파크아파트,서울 도봉구 창동 825,서울 도봉구 도봉로136길 28,37.657909846781195,127.0436315510589,3,북한산아이파크5차 도봉구 창동
도봉구,쌍문동,대웅,대웅,대웅아파트,서울 도봉구 쌍문동 13-2,서울 도봉구 도당로 18,37.65988387305583,127.03566322113343,3,대웅 도봉구 쌍문동
도봉구,쌍문동,금호2,금호2,금호1차아파트 2동,서울 도봉구 쌍문동 199-1,서울 도봉구 해등로26길 20,37.65876551388754,127.03340855242509,3,금호2 도봉구 쌍문동
도봉구,창동,주공19단지(창동리버타운),주공19단지,주공19단지아파트,서울 도봉구 창동 33,서울 도봉구 노해로70길 19,37.65045531130438,127.05204213720975,3,주공19단지 도봉구 창동
도봉구,도봉동,신도봉,신도봉,신도봉시장,서울 도봉구 도봉동 611,서울 도봉구 도당로27길 60,37.6702685649638,127.041231284916,3,신도봉 도봉구 도봉동
도봉구,방학동,신동아아파트2,신동아아파트2,신동아1단지아파트 2동,서울 도봉구 방학동 272,서울 도봉구 방학로 193,37.66151717774767,127.02979895836155,3,신동아아파트2 도봉구 방학동
도봉구,도봉동,한신,한신,도봉한신아파트,서울 도봉구 도봉동 30-1,서울 도봉구 마들로 859-19,37.68669283179385,127.04754842018184,3,한신 도봉구 도봉동
도봉구,방학동,브라운스톤방학아파트,브라운스톤방학아파트,방학브라운스톤아파트,서울 도봉구 방학동 713,서울 도봉구 도봉로146길 36,37.66390268896158,127.04492710961186,3,브라운스톤방학아파트 도봉구 방학동
도봉구,방학동,벽산아파트1,벽산아파트1,벽산1차아파트 1동,서울 도봉구 방학동 275,서울 도봉구 방학로11길 36,37.66066861861831,127.03258094177924,3,벽산아파트1 도봉구 방학동
도봉구,창동,동아,동아,동아청솔아파트,서울 도봉구 창동 808,서울 도봉구 노해로69길 103,37.65728004823488,127.04828781935235,3,동아 도봉구 창동
도봉구,쌍문동,기용,기용,기용아파트,서울 도봉구 쌍문동 153,서울 도봉구 노해로57길 85,37.654687362592895,127.0344731021858,3,기용 도봉구 쌍문동
도봉구,쌍문동,신원에벤에셀,신원에벤에셀,에벤에셀아파트,서울 도봉구 쌍문동 256,서울 도봉구 해등로 255,37.657366739353755,127.02823677462244,3,신원에벤에셀 도봉구 쌍문동
도봉구,창동,상아1차아파트,상아1차아파트,상아1차아파트,서울 도봉구 창동 299,서울 도봉구 해등로 118,37.654007253715285,127.04236458539836,3,상아1차아파트 도봉구 창동
도봉구,도봉동,래미안도봉,래미안도봉,도봉래미안아파트,서울 도봉구 도봉동 655,서울 도봉구 도봉로170길 40,37.67962236501131,127.04652365173122,3,래미안도봉 도봉구 도봉동
도봉구,창동,초안산신도브래뉴,초안산신도브래뉴,초안산신도브래뉴아파트,서울 도봉구 창동 821,서울 도봉구 우이천로4라길 11-14,37.63343231226106,127.0425568269095,3,초안산신도브래뉴 도봉구 창동
도봉구,창동,창동3차현대,창동3차현대,창동현대3차아파트,서울 도봉구 창동 816,서울 도봉구 도봉로136길 111,37.66013253653364,127.04608535798758,3,창동3차현대 도봉구 창동
도봉구,창동,금용,금용,창동금용아파트,서울 도봉구 창동 809,서울 도봉구 우이천로 200,37.637849423113046,127.03567081419502,3,금용 도봉구 창동
도봉구,창동,창동주공1단지,창동주공1단지,창동주공1단지아파트,서울 도봉구 창동 305,서울 도봉구 해등로 113,37.65348571887901,127.03937712182936,3,창동주공1단지 도봉구 창동
도봉구,창동,월가타워,월가타워,월가타워,서울 도봉구 창동 7,서울 도봉구 마들로11가길 6-25,37.652236939024846,127.0490415317569,3,월가타워 도봉구 창동
도봉구,방학동,송학휴스테이,송학휴스테이,송학휴스테이아파트,서울 도봉구 방학동 636,서울 도봉구 도당로15길 36,37.66699607482197,127.0361324616691,3,송학휴스테이 도봉구 방학동
도봉구,창동,한신APT,한신APT,창동한신아파트,서울 도봉구 창동 451,서울 도봉구 덕릉로60바길 21,37.63899734161977,127.04101912144137,3,한신APT 도봉구 창동
도봉구,쌍문동,쌍문동LG트윈빌1,쌍문동LG트윈빌1,LG트윈빌아파트,서울 도봉구 쌍문동 19,서울 도봉구 도당로 10,37.6589145096893,127.035354499218,3,쌍문동LG트윈빌1 도봉구 쌍문동
도봉구,방학동,한화성원아파트,한화성원아파트,한화성원아파트,서울 도봉구 방학동 731,서울 도봉구 방학로11길 10,37.66129053294882,127.03171080967672,3,한화성원아파트 도봉구 방학동
도봉구,쌍문동,대우파크빌,대우파크빌,대우파크빌아파트,서울 도봉구 쌍문동 159,서울 도봉구 시루봉로2길 80,37.65535288867886,127.03235083607451,3,대우파크빌 도봉구 쌍문동
도봉구,창동,중흥에스클래스,중흥에스클래스,중흥S클래스아파트,서울 도봉구 창동 665-21,서울 도봉구 노해로62길 77,37.6480475233788,127.03896178864102,3,중흥에스클래스 도봉구 창동
도봉구,방학동,이에스에이아파트1,이에스에이아파트1,방학명품 이에스에이아파트1단지 관리사무소,서울 도봉구 방학동 718-7,서울 도봉구 마들로 657,37.66827674526741,127.04546133168934,3,이에스에이아파트1 도봉구 방학동
도봉구,도봉동,극동,극동,극동아파트,서울 도봉구 도봉동 81-1,서울 도봉구 도봉로180길 77,37.68252225396975,127.04961809082282,3,극동 도봉구 도봉동
도봉구,쌍문동,쌍문동삼성래미안,쌍문동삼성래미안,쌍문삼성래미안아파트,서울 도봉구 쌍문동 725,서울 도봉구 우이천로 328,37.64683611245521,127.02798350145044,3,쌍문동삼성래미안 도봉구 쌍문동
도봉구,쌍문동,한양5,한양5,한양1차아파트 5동,서울 도봉구 쌍문동 388-33,서울 도봉구 우이천로 304,37.645835437179315,127.0303433807378,3,한양5 도봉구 쌍문동
도봉구,쌍문동,북한산코오롱하늘채,북한산코오롱하늘채,북한산코오롱하늘채아파트,서울 도봉구 쌍문동 732,서울 도봉구 우이천로 367,37.64788572021616,127.02407231422777,3,북한산코오롱하늘채 도봉구 쌍문동
도봉구,도봉동,동아에코빌,동아에코빌,동아에코빌아파트,서울 도봉구 도봉동 654,서울 도봉구 도봉로180길 6-23,37.68151787405843,127.04690120597576,3,동아에코빌 도봉구 도봉동
도봉구,창동,보람아파트,보람아파트,보람아파트,서울 노원구 상계동 639,서울 노원구 한글비석로 479,37.6630431151811,127.0644431363456,1,보람아파트 도봉구 창동
도봉구,방학동,방학지음재힐스,방학지음재힐스,지음재힐스,서울 도봉구 방학동 717-2,서울 도봉구 도봉로150다길 28,37.667400350433,127.04478413865888,3,방학지음재힐스 도봉구 방학동
도봉구,창동,대우그린,대우그린,대우그린아파트,서울 도봉구 창동 814,서울 도봉구 덕릉로 371,37.646389340456,127.0495623175934,3,대우그린 도봉구 창동
도봉구,쌍문동,솔밭노블리안,솔밭노블리안,솔밭공원승윤노블리안아파트,서울 도봉구 쌍문동 733,서울 도봉구 삼양로 580-11,37.65520335473643,127.01376327181774,3,솔밭노블리안 도봉구 쌍문동
도봉구,쌍문동,파라다이스빌,파라다이스빌,쌍문동파라다이스빌아파트,서울 도봉구 쌍문동 727,서울 도봉구 시루봉로 57,37.65600463116862,127.02748830846129,3,파라다이스빌 도봉구 쌍문동
도봉구,창동,세인트라디움,세인트라디움,세인트라디움아파트,서울 도봉구 창동 442-17,서울 도봉구 덕릉로 285,37.64256151386826,127.04137006170942,3,세인트라디움 도봉구 창동
도봉구,창동,서울가든,서울가든,서울가든아파트,서울 도봉구 창동 366,서울 도봉구 해등로 32,37.6463012740572,127.044463261506,3,서울가든 도봉구 창동
도봉구,쌍문동,벽산송화프라자,벽산송화프라자,벽산아파트,서울 도봉구 쌍문동 20,서울 도봉구 도당로 7,37.65877863026535,127.03478665137364,3,벽산송화프라자 도봉구 쌍문동
도봉구,창동,동아그린,동아그린,동아그린아파트,서울 도봉구 창동 805,서울 도봉구 노해로63다길 34,37.65437330634122,127.04647616352489,3,동아그린 도봉구 창동
도봉구,창동,창동신도브래뉴1차,창동신도브래뉴1차,창동신도브래뉴1차아파트,서울 도봉구 창동 820,서울 도봉구 도봉로136나길 40,37.656258565679046,127.04543813747075,3,창동신도브래뉴1차 도봉구 창동
도봉구,쌍문동,금호1,금호1,금호1차아파트 1동,서울 도봉구 쌍문동 199-1,서울 도봉구 해등로26길 20,37.658281691198965,127.03339246952936,3,금호1 도봉구 쌍문동
도봉구,방학동,신주아파트B,신주아파트B,신주아파트 B동,서울 도봉구 방학동 695-10,서울 도봉구 방학로8길 29,37.66416157836487,127.03616848926777,3,신주아파트B 도봉구 방학동
도봉구,도봉동,삼환도봉,삼환도봉,삼환도봉아파트,서울 도봉구 도봉동 87,서울 도봉구 도봉로180길 6-83,37.68105938754384,127.04884624191708,3,삼환도봉 도봉구 도봉동
도봉구,방학동,부영팰리스,부영팰리스,부영팰리스아파트,서울 도봉구 방학동 690-3,서울 도봉구 방학로6길 20-6,37.66403324051037,127.03744574636768,3,부영팰리스 도봉구 방학동
도봉구,방학동,극동아파트,극동아파트,극동아파트,서울 도봉구 방학동 730,서울 도봉구 시루봉로11길 25-8,37.66458666521051,127.02668450031642,3,극동아파트 도봉구 방학동
도봉구,쌍문동,도봉금강아미움파크타운,도봉금강아미움파크타운,금강아미움파크타운아파트,서울 도봉구 쌍문동 711,서울 도봉구 방학로5길 33,37.6614075566338,127.03814709836152,3,도봉금강아미움파크타운 도봉구 쌍문동
도봉구,창동,북한산한신휴플러스,북한산한신휴플러스,북한산한신휴플러스아파트,서울 도봉구 창동 826,서울 도봉구 도봉로136가길 73,37.655722543658634,127.04286419158936,3,북한산한신휴플러스 도봉구 창동
도봉구,창동,DK포시즌,DK포시즌,포시즌아파트,서울 도봉구 창동 442-33,서울 도봉구 덕릉로 283,37.64241830024434,127.04124761271504,3,DK포시즌 도봉구 창동
도봉구,창동,창동현대4차,창동현대4차,창동현대4차아파트,서울 도봉구 창동 818,서울 도봉구 노해로69가길 54,37.658957571552534,127.04630222584774,3,창동현대4차 도봉구 창동
도봉구,방학동,동부센트레빌아파트,동부센트레빌아파트,방학동부센트레빌아파트,서울 도봉구 방학동 689,서울 도봉구 방학로 120,37.66375706717411,127.03890766253848,3,동부센트레빌아파트 도봉구 방학동
도봉구,방학동,방학동삼성래미안1,방학동삼성래미안1,방학삼성래미안1단지아파트,서울 도봉구 방학동 720-18,서울 도봉구 마들로 646,37.6669434576878,127.04733633569172,3,방학동삼성래미안1 도봉구 방학동
도봉구,창동,창동한신휴플러스(621-69),창동한신휴플러스,창동한신휴플러스아파트,서울 도봉구 창동 621-69,서울 도봉구 도봉로110다길 5,37.64572784247843,127.03496299345856,3,창동한신휴플러스 도봉구 창동
도봉구,도봉동,한양수자인,한양수자인,도봉역한양수자인아파트,서울 도봉구 도봉동 657,서울 도봉구 마들로 724,37.67455119502347,127.04767669610636,3,한양수자인 도봉구 도봉동
도봉구,방학동,방학동삼성래미안2,방학동삼성래미안2,방학삼성래미안2단지아파트,서울 도봉구 방학동 715-12,서울 도봉구 도봉로150길 42,37.665070018121,127.04581639552217,3,방학동삼성래미안2 도봉구 방학동
도봉구,쌍문동,북한산월드메르디앙,북한산월드메르디앙,북한산월드메르디앙아파트,서울 도봉구 쌍문동 728,서울 도봉구 삼양로 566,37.65379063381913,127.01359416062414,3,북한산월드메르디앙 도봉구 쌍문동
도봉구,창동,수산트리플,수산트리플,수산트리플아파트,서울 도봉구 창동 817,서울 도봉구 우이천로20길 6,37.64043750165097,127.03414927062248,3,수산트리플 도봉구 창동
도봉구,창동,파크힐,파크힐,파크힐오피스텔,서울 도봉구 창동 443-4,서울 도봉구 덕릉로 276,37.6416822151896,127.041192819789,3,파크힐 도봉구 창동
도봉구,쌍문동,시그마팰리스,시그마팰리스,시그마팰리스아파트,서울 도봉구 쌍문동 575,서울 도봉구 도봉로 601,37.65841204590433,127.04010049889956,3,시그마팰리스 도봉구 쌍문동
도봉구,쌍문동,현대2,현대2,키즈프렌드,서울 도봉구 쌍문동 719,서울 도봉구 우이천로38가길 32,37.6511981842491,127.021757153176,3,현대2 도봉구 쌍문동
도봉구,창동,성원상떼빌,성원상떼빌,성원아파트,서울 강북구 우이동 1,서울 강북구 삼양로 658,37.66183096882426,127.01383589617905,1,성원상떼빌 도봉구 창동
도봉구,창동,하우니티,하우니티,하우니티아파트,서울 도봉구 창동 661-10,서울 도봉구 도봉로110나길 79,37.64949359502368,127.03615230948678,3,하우니티 도봉구 창동
도봉구,창동,세명,세명,세명아파트,서울 도봉구 창동 553-50,서울 도봉구 우이천로16길 12-13,37.6381664443675,127.036083373047,3,세명 도봉구 창동
도봉구,방학동,신주아파트(A동),신주아파트,신주아파트,서울 도봉구 방학동 695-10,서울 도봉구 방학로8길 29,37.66410036989899,127.03597805154024,3,신주아파트 도봉구 방학동
도봉구,도봉동,양우내안애,양우내안애,양우내안애아파트,서울 도봉구 도봉동 656,서울 도봉구 도봉로180나길 20,37.68327911344132,127.0495279011411,3,양우내안애 도봉구 도봉동
도봉구,쌍문동,미라보,미라보,쌍문미라보아파트,서울 도봉구 쌍문동 160,서울 도봉구 시루봉로2길 62,37.655034254396625,127.0311868569455,3,미라보 도봉구 쌍문동
도봉구,쌍문동,한양7,한양7,한양1차아파트 7동,서울 도봉구 쌍문동 388-33,서울 도봉구 우이천로 304,37.646341803092184,127.03029259672265,3,한양7 도봉구 쌍문동
도봉구,쌍문동,e편한세상,e편한세상,쌍문e편한세상아파트,서울 도봉구 쌍문동 731,서울 도봉구 노해로41가길 16,37.649791506516905,127.02726391822796,3,e편한세상 도봉구 쌍문동
도봉구,창동,영창하모니A,영창하모니A,영창하모니아파트,서울 도봉구 창동 582-21,서울 도봉구 덕릉로59자길 5,37.641184546924826,127.03671933117772,3,영창하모니A 도봉구 창동
도봉구,쌍문동,젬스톤타운,젬스톤타운,젬스톤타운아파트,서울 도봉구 쌍문동 594,서울 도봉구 도봉로133길 8-10,37.657792397782146,127.03942586092472,3,젬스톤타운 도봉구 쌍문동
도봉구,창동,창동2차현대,창동2차현대,창동2차현대아파트 상가동,서울 도봉구 창동 815,서울 도봉구 마들로 573,37.6612313216786,127.047128707699,3,창동2차현대 도봉구 창동
도봉구,방학동,성원아파트,성원아파트,성원아파트,서울 도봉구 방학동 735,서울 도봉구 방학로7길 16,37.6619091564082,127.036067661817,3,성원아파트 도봉구 방학동
도봉구,도봉동,유원도봉,유원도봉,유원도봉아파트,서울 도봉구 도봉동 83,서울 도봉구 도봉로180길 50,37.68205212821808,127.04917678622007,3,유원도봉 도봉구 도봉동
도봉구,도봉동,현대성우,현대성우,현대성우아파트,서울 도봉구 도봉동 642,서울 도봉구 마들로 735-8,37.67626306056509,127.04766418868071,3,현대성우 도봉구 도봉동
도봉구,창동,대동,대동,대동아파트,서울 도봉구 창동 811,서울 도봉구 도봉로 642-30,37.66165416713652,127.04405987974702,3,대동 도봉구 창동
도봉구,쌍문동,쌍문리버뷰,쌍문리버뷰,쌍문리버뷰아파트,서울 도봉구 쌍문동 103-69,서울 도봉구 도봉로 415,37.6435548325986,127.031165061074,3,쌍문리버뷰 도봉구 쌍문동
도봉구,방학동,신동아아파트3,신동아아파트3,신동아1단지아파트 3동,서울 도봉구 방학동 272,서울 도봉구 방학로 193,37.66140525092708,127.03060018511697,3,신동아아파트3 도봉구 방학동
도봉구,쌍문동,신라샤르망,신라샤르망,신라샤르망아파트,서울 도봉구 쌍문동 600,서울 도봉구 도봉로133길 8-6,37.657565384039735,127.0393248788058,3,신라샤르망 도봉구 쌍문동
도봉구,쌍문동,피스플하우스,피스플하우스,피스플하우스아파트,서울 도봉구 쌍문동 68-1,서울 도봉구 도봉로129길 32-13,37.656207603932394,127.03652274117624,3,피스플하우스 도봉구 쌍문동
도봉구,창동,새울(715-25),새울,새울아파트(608-167번지),서울 도봉구 창동 608-167,서울 도봉구 덕릉로63길 89,37.64527579536955,127.03986681685936,3,새울 도봉구 창동
도봉구,쌍문동,한솔캐스빌,한솔캐스빌,한솔캐스빌,서울 도봉구 쌍문동 128-2,서울 도봉구 도봉로117길 90,37.64963228225907,127.02994945215796,3,한솔캐스빌 도봉구 쌍문동
도봉구,창동,대림e-편한세상,대림e-편한세상,상계대림e편한세상아파트,서울 노원구 상계동 1301,서울 노원구 동일로239길 68,37.6748165258683,127.05092787021412,1,대림e-편한세상 도봉구 창동
도봉구,방학동,성진파크뷰아파트,성진파크뷰아파트,성진뉴파크뷰아파트,서울 도봉구 방학동 741,서울 도봉구 도당로 32,37.660918315582,127.035278382849,3,성진파크뷰아파트 도봉구 방학동
도봉구,쌍문동,신동아,신동아,신동아아파트,서울 도봉구 쌍문동 139-52,서울 도봉구 도봉로117길 70,37.649747317965826,127.03107132970544,3,신동아 도봉구 쌍문동
도봉구,쌍문동,에덴,에덴,에덴아파트,서울 도봉구 쌍문동 713,서울 도봉구 도봉로137길 31,37.6602358511108,127.03945321949077,3,에덴 도봉구 쌍문동
도봉구,방학동,우암쎈스뷰아파트,우암쎈스뷰아파트,우암쎈스뷰아파트,서울 도봉구 방학동 713-12,서울 도봉구 도봉로146길 48,37.66390239114433,127.04570234003776,3,우암쎈스뷰아파트 도봉구 방학동
도봉구,창동,금강101,금강101,금강아파트 101동,서울 도봉구 창동 629-24,서울 도봉구 도봉로110라길 42,37.644289619888475,127.03580419782864,3,금강101 도봉구 창동
도봉구,방학동,효성하이타운아파트,효성하이타운아파트,효성하이타운아파트,서울 도봉구 방학동 739,서울 도봉구 방학로11길 33,37.66127937057278,127.0329892104671,3,효성하이타운아파트 도봉구 방학동
도봉구,쌍문동,신원2,신원2,신원아뜨리움2,서울 강북구 미아동 217-11,서울 강북구 솔매로45길 95-15,37.63005536669395,127.02339364086968,1,신원2 도봉구 쌍문동
도봉구,쌍문동,풀내음아파트,풀내음아파트,풀내음아파트,서울 도봉구 쌍문동 75-29,서울 도봉구 도봉로127길 31-4,37.65417167434816,127.035572097074,3,풀내음아파트 도봉구 쌍문동
도봉구,창동,금호어울림,금호어울림,창동금호어울림아파트,서울 도봉구 창동 823,서울 도봉구 도봉로136가길 68,37.65647256541975,127.04173589067392,3,금호어울림 도봉구 창동
도봉구,방학동,신동아타워아파트,신동아타워아파트,신동아타워아파트,서울 도봉구 방학동 736,서울 도봉구 방학로 210,37.662228291097456,127.02883702619296,3,신동아타워아파트 도봉구 방학동
도봉구,창동,동도센트리움,동도센트리움,동도센트리움아파트,서울 도봉구 창동 827,서울 도봉구 마들로 579-19,37.6616717040607,127.045333768954,3,동도센트리움 도봉구 창동
도봉구,쌍문동,쌍문금용,쌍문금용,금용아파트,서울 도봉구 쌍문동 321,서울 도봉구 노해로 170,37.649301215822895,127.0279300348495,3,쌍문금용 도봉구 쌍문동
도봉구,쌍문동,삼보,삼보,삼보빌라,서울 도봉구 쌍문동 315-277,서울 도봉구 노해로44길 47,37.64837094307873,127.02980163718696,3,삼보 도봉구 쌍문동
도봉구,쌍문동,원산,원산,원산아파트,서울 도봉구 쌍문동 138-33,서울 도봉구 노해로 214-1,37.65084987551724,127.03199079782294,3,원산 도봉구 쌍문동
도봉구,쌍문동,청화,청화,청화아파트,서울 도봉구 쌍문동 450,서울 도봉구 우이천로38길 22,37.65036367756453,127.02279716195184,3,청화 도봉구 쌍문동
도봉구,방학동,신동아아파트5,신동아아파트5,신동아1단지아파트 5동,서울 도봉구 방학동 272,서울 도봉구 방학로 193,37.66110541007789,127.02987472725488,3,신동아아파트5 도봉구 방학동
도봉구,창동,금성파크B동,금성파크B동,금성파크아파트 B동,서울 도봉구 창동 665-25,서울 도봉구 노해로62길 61,37.6484450253967,127.038448682434,3,금성파크B동 도봉구 창동
도봉구,창동,새울아파트,새울아파트,새울아파트(608-167번지),서울 도봉구 창동 608-167,서울 도봉구 덕릉로63길 89,37.64527579536955,127.03986681685936,3,새울아파트 도봉구 창동
도봉구,도봉동,서광,서광,서광아파트,서울 도봉구 도봉동 643,서울 도봉구 마들로 770,37.678129027006506,127.0497511962048,3,서광 도봉구 도봉동
도봉구,도봉동,도봉산리베니움,도봉산리베니움,도봉산리베니움아파트,서울 도봉구 도봉동 571,서울 도봉구 도봉로181길 74-30,37.685642185048465,127.04313988965416,3,도봉산리베니움 도봉구 도봉동
도봉구,방학동,성원105동,성원,한화성원아파트,서울 도봉구 방학동 731,서울 도봉구 방학로11길 10,37.66129053294882,127.03171080967672,3,성원 도봉구 방학동
도봉구,쌍문동,쌍문동LG트윈빌2,쌍문동LG트윈빌2,LG트윈빌아파트 2동,서울 도봉구 쌍문동 19,서울 도봉구 도당로 10,37.658714488705165,127.03536460406116,3,쌍문동LG트윈빌2 도봉구 쌍문동
도봉구,방학동,동일아파트,동일아파트,동일하이빌아파트,서울 도봉구 방학동 621-6,서울 도봉구 시루봉로 230,37.66852437401754,127.03535225664076,3,동일아파트 도봉구 방학동
도봉구,쌍문동,그린힐스아파트,그린힐스아파트,그린힐스아파트,서울 도봉구 쌍문동 658,서울 도봉구 해등로17길 27,37.6558682946647,127.038226991965,3,그린힐스아파트 도봉구 쌍문동
도봉구,창동,청하아파트B동,청하아파트B동,청하아파트 B동,서울 도봉구 창동 581-4,서울 도봉구 덕릉로59가길 21,37.63947404304168,127.03809169369036,3,청하아파트B동 도봉구 창동
도봉구,창동,퍼스트뷰아파트,퍼스트뷰아파트,퍼스트뷰아파트,서울 도봉구 창동 442-5,서울 도봉구 덕릉로63길 20-30,37.6427462964271,127.041139020638,3,퍼스트뷰아파트 도봉구 창동
도봉구,창동,한솔,한솔,한솔갈비,서울 도봉구 창동 7,서울 도봉구 마들로11가길 6-25,37.6522207236951,127.049035855091,3,한솔 도봉구 창동
도봉구,창동,리치,리치,창동리치아파트,서울 도봉구 창동 661-88,서울 도봉구 도봉로110나길 99,37.65028631748269,127.0366150275884,3,리치 도봉구 창동
도봉구,창동,새로움아파트,새로움아파트,새로움아파트,서울 도봉구 창동 731-54,서울 도봉구 도봉로 588-5,37.657188424559,127.0403582277295,3,새로움아파트 도봉구 창동
도봉구,창동,금성파크A동,금성파크A동,금성파크아파트 A동,서울 도봉구 창동 665-25,서울 도봉구 노해로62길 61,37.6486387449054,127.038423853085,3,금성파크A동 도봉구 창동
도봉구,방학동,태솔에버빌(712-5),태솔에버빌,태솔에버빌,서울 도봉구 방학동 616-1,서울 도봉구 시루봉로15가길 21,37.66702066702316,127.03209861211911,3,태솔에버빌 도봉구 방학동
도봉구,창동,엘리시아,엘리시아,엘리시아아파트,서울 도봉구 창동 552-12,서울 도봉구 덕릉로 214,37.6371588394807,127.037062906335,3,엘리시아 도봉구 창동
도봉구,방학동,태양아파트(612-2),태양아파트,태양아파트,서울 도봉구 방학동 612-34,서울 도봉구 시루봉로15마길 23,37.66772365458392,127.03126923955168,3,태양아파트 도봉구 방학동
도봉구,쌍문동,월드,월드,북한산월드메르디앙아파트,서울 도봉구 쌍문동 728,서울 도봉구 삼양로 566,37.65379063381913,127.01359416062414,3,월드 도봉구 쌍문동
도봉구,쌍문동,새울(139-37),새울,새울아파트,서울 도봉구 쌍문동 139-37,서울 도봉구 노해로48길 25,37.65029815263034,127.0297763443399,3,새울 도봉구 쌍문동
도봉구,방학동,부흥아파트,부흥아파트,부흥아파트,서울 도봉구 방학동 618-1,서울 도봉구 시루봉로 192-6,37.66616829402645,127.032264856694,3,부흥아파트 도봉구 방학동
도봉구,방학동,청화아파트,청화아파트,청화아파트,서울 도봉구 방학동 669-7,서울 도봉구 도당로7길 34,37.66181639935394,127.0328319129635,3,청화아파트 도봉구 방학동
도봉구,쌍문동,동일씨티빌,동일씨티빌,동일씨티빌,서울 도봉구 쌍문동 281-16,서울 도봉구 노해로41나길 11-7,37.65045309454967,127.02608565942116,3,동일씨티빌 도봉구 쌍문동
도봉구,창동,한일아파트,한일아파트,한일아파트,서울 도봉구 창동 621-1,서울 도봉구 도봉로110길 64,37.64600016964592,127.03715794750102,3,한일아파트 도봉구 창동
도봉구,쌍문동,금강,금강,금강아미움파크타운아파트,서울 도봉구 쌍문동 711,서울 도봉구 방학로5길 33,37.6614075566338,127.03814709836152,3,금강 도봉구 쌍문동
도봉구,쌍문동,로얄,로얄,로얄아파트,서울 도봉구 쌍문동 357-14,서울 도봉구 우이천로30길 43,37.6493267869796,127.026438810339,3,로얄 도봉구 쌍문동
도봉구,창동,삼성브래뉴,삼성브래뉴,삼성브래뉴아파트,서울 도봉구 창동 443-1,서울 도봉구 덕릉로 286,37.64229464348389,127.04187751999464,3,삼성브래뉴 도봉구 창동
도봉구,쌍문동,신성오크힐,신성오크힐,신성오크힐아파트,서울 도봉구 쌍문동 81-151,서울 도봉구 도봉로121가길 13,37.6517932236633,127.035092754635,3,신성오크힐 도봉구 쌍문동
도봉구,쌍문동,그린스테이트,그린스테이트,쌍문그린스테이트아파트,서울 도봉구 쌍문동 311,서울 도봉구 시루봉로 2,37.65100927041229,127.02880095842606,3,그린스테이트 도봉구 쌍문동
도봉구,쌍문동,성원하이츠(C동),성원하이츠,성원하이츠,서울 도봉구 쌍문동 88-99,서울 도봉구 도봉로117길 5-13,37.64883823217925,127.03430042609112,3,성원하이츠 도봉구 쌍문동
도봉구,창동,창동그린아파트,창동그린아파트,창동그린아파트,서울 도봉구 창동 254-30,서울 도봉구 노해로63가길 22,37.653825988439955,127.04524287370192,3,창동그린아파트 도봉구 창동
도봉구,방학동,북한산팰리스아파트,북한산팰리스아파트,북한산팰리스아파트,서울 도봉구 방학동 522,서울 도봉구 해등로 312-20,37.65791593701876,127.0216072528827,3,북한산팰리스아파트 도봉구 방학동
도봉구,쌍문동,신건영주택A,신건영주택A,신건영빌리지 나동,서울 도봉구 쌍문동 315-23,서울 도봉구 노해로46길 65,37.6480679731257,127.030735221404,3,신건영주택A 도봉구 쌍문동
도봉구,쌍문동,한영,한영,한영가스충전소,서울 도봉구 쌍문동 715-1,서울 도봉구 도봉로 627,37.6605919445687,127.041479797985,3,한영 도봉구 쌍문동
도봉구,창동,창동역블루핀1동,창동역블루핀,창동역블루핀아파트,서울 도봉구 창동 743-28,서울 도봉구 마들로 550,37.660372430184886,127.04994107589047,3,창동역블루핀 도봉구 창동
도봉구,도봉동,우영,우영,우영아파트,서울 도봉구 도봉동 556-18,서울 도봉구 도봉산길 17,37.687170037253104,127.04369857077506,3,우영 도봉구 도봉동
도봉구,창동,창동역블루핀2동,창동역블루핀,창동역블루핀아파트,서울 도봉구 창동 743-28,서울 도봉구 마들로 550,37.660372430184886,127.04994107589047,3,창동역블루핀 도봉구 창동
도봉구,방학동,태솔에버빌아파트,태솔에버빌아파트,태솔에버빌아파트,서울 도봉구 방학동 712-5,서울 도봉구 방학로 55,37.66251297825249,127.0459598935928,3,태솔에버빌아파트 도봉구 방학동
도봉구,쌍문동,성원팰리스,성원팰리스,성원팰리스아파트,서울 도봉구 쌍문동 100-2,서울 도봉구 도봉로109길 24,37.64696478974759,127.0321590995384,3,성원팰리스 도봉구 쌍문동
도봉구,쌍문동,성원하이츠A동,성원하이츠A동,성원 하이츠 A동,서울 도봉구 쌍문동 98-74,서울 도봉구 노해로60가길 6-5,37.6476746731036,127.032493679404,3,성원하이츠A동 도봉구 쌍문동
도봉구,쌍문동,신일라이프(B동),신일라이프,신일라이프,서울 도봉구 쌍문동 277,서울 도봉구 우이천로32길 82,37.65130911291417,127.0257006753549,3,신일라이프 도봉구 쌍문동
도봉구,창동,금강102,금강102,금강아파트 102동,서울 도봉구 창동 629-24,서울 도봉구 도봉로110라길 42,37.64414545902798,127.03581545941312,3,금강102 도봉구 창동
도봉구,쌍문동,하루방,하루방,하루방아파트,서울 도봉구 쌍문동 315-48,서울 도봉구 노해로44길 48,37.648091626790254,127.02984685109418,3,하루방 도봉구 쌍문동
도봉구,창동,"은성드림존101동,102동","은성드림존101동,",은성드림존아파트 101동,서울 도봉구 창동 603-25,서울 도봉구 덕릉로59나길 35,37.641969264499835,127.03962711038196,3,"은성드림존101동, 도봉구 창동"
도봉구,창동,스마트트라움,스마트트라움,스마트트라움,서울 도봉구 창동 661-55,서울 도봉구 도봉로 504,37.65018551102,127.036279559889,3,스마트트라움 도봉구 창동
도봉구,방학동,태양아파트(612-34),태양아파트,태양아파트,서울 도봉구 방학동 612-34,서울 도봉구 시루봉로15마길 23,37.66772365458392,127.03126923955168,3,태양아파트 도봉구 방학동
도봉구,창동,황지,황지,황지아파트,서울 도봉구 창동 661-89,서울 도봉구 도봉로110나길 97,37.65018003976542,127.036491459931,3,황지 도봉구 창동
도봉구,쌍문동,영진,영진,영진빌라,서울 도봉구 쌍문동 141-13,서울 도봉구 노해로60길 34-17,37.650334063042585,127.0336098791938,3,영진 도봉구 쌍문동
도봉구,창동,현진아파트,현진아파트,현진아파트,서울 도봉구 창동 254-39,서울 도봉구 해등로16길 104-15,37.6537321904006,127.045492125959,3,현진아파트 도봉구 창동
도봉구,쌍문동,성원하이츠(B동),성원하이츠,성원하이츠,서울 도봉구 쌍문동 88-99,서울 도봉구 도봉로117길 5-13,37.64883823217925,127.03430042609112,3,성원하이츠 도봉구 쌍문동
도봉구,쌍문동,신성,신성,신성아크릴,서울 도봉구 쌍문동 716-30,서울 도봉구 도봉로 603-1,37.658765186715584,127.04022988503802,3,신성 도봉구 쌍문동
도봉구,방학동,한원힐트리움아레나,한원힐트리움아레나,방학동한원힐트리움아레나,서울 도봉구 방학동 725-9,서울 도봉구 방학로 21-1,37.6618230232424,127.049910313956,3,한원힐트리움아레나 도봉구 방학동
도봉구,창동,신창빌라트,신창빌라트,신창빌라트,서울 도봉구 창동 471-9,서울 도봉구 우이천로8길 57,37.635942873957696,127.04138678503628,3,신창빌라트 도봉구 창동
도봉구,방학동,북한산청호아파트,북한산청호아파트,북한산청호아파트,서울 도봉구 방학동 743,서울 도봉구 방학로 112-29,37.6642929339972,127.039559638062,3,북한산청호아파트 도봉구 방학동
도봉구,도봉동,삼안리치,삼안리치,삼안리치아파트,서울 도봉구 도봉동 570-10,서울 도봉구 도봉로187길 17,37.68573885714184,127.0448382436394,3,삼안리치 도봉구 도봉동
도봉구,쌍문동,시티프라디움,시티프라디움,시티프라디움아파트,서울 도봉구 쌍문동 734,서울 도봉구 노해로 144,37.647053554971315,127.0266646289467,3,시티프라디움 도봉구 쌍문동
노원구,하계동,하계2현대,하계2현대,하계2차현대아파트,서울 노원구 하계동 288,서울 노원구 노원로18길 19,37.644464970952555,127.07203459943796,3,하계2현대 노원구 하계동
노원구,중계동,중계그린1단지,중계그린1단지,IBK기업은행365 시영1단지그린아파트상가,서울 노원구 중계동 503,서울 노원구 동일로207길 23,37.6429626530746,127.063265532368,3,중계그린1단지 노원구 중계동
노원구,상계동,한신3차,한신3차,한신3차아파트,서울 노원구 상계동 458,서울 노원구 한글비석로46가길 34,37.66629212244376,127.067537899562,3,한신3차 노원구 상계동
노원구,공릉동,대동아파트,대동아파트,대동아파트,서울 노원구 공릉동 604-11,서울 노원구 동일로175길 38,37.61988671583676,127.07246849375277,3,대동아파트 노원구 공릉동
노원구,중계동,금호타운(583),금호타운,중계금호타운아파트,서울 노원구 중계동 583,서울 노원구 중계로12길 24,37.64702767020734,127.08127654659688,3,금호타운 노원구 중계동
노원구,공릉동,우방아파트,우방아파트,우방아파트,서울 노원구 공릉동 108,서울 노원구 노원로 58,37.62663766075581,127.08732847607097,3,우방아파트 노원구 공릉동
노원구,상계동,상계대림e편한세상,상계대림e편한세상,상계대림e편한세상아파트,서울 노원구 상계동 1301,서울 노원구 동일로239길 68,37.6748165258683,127.05092787021412,3,상계대림e편한세상 노원구 상계동
노원구,중계동,정진아트리움,정진아트리움,정진아트리움아파트,서울 노원구 중계동 137-39,서울 노원구 덕릉로 721,37.66203466876805,127.07549468943832,3,정진아트리움 노원구 중계동
노원구,공릉동,건영장미아파트,건영장미아파트,건영장미아파트,서울 노원구 공릉동 744,서울 노원구 공릉로51길 14-17,37.629220923671966,127.07537085756634,3,건영장미아파트 노원구 공릉동
노원구,월계동,한진한화그랑빌,한진한화그랑빌,월계한진한화그랑빌아파트,서울 노원구 월계동 18,서울 노원구 마들로 31,37.61780416116174,127.06856779530985,3,한진한화그랑빌 노원구 월계동
노원구,공릉동,시영3차(라이프)아파트,시영3차아파트,IBK기업은행365 시영3단지아파트입구,서울 노원구 중계동 514-3,서울 노원구 노원로 331,37.6463033450551,127.069926523093,2,시영3차아파트 노원구 공릉동
노원구,하계동,한신2,한신2,한신아파트 2동,서울 노원구 하계동 284,서울 노원구 공릉로 351,37.63763526094874,127.0694436805262,3,한신2 노원구 하계동
노원구,상계동,상계주공9(고층),상계주공9,상계주공9단지아파트,서울 노원구 상계동 670,서울 노원구 노원로 532,37.66333802273279,127.06049926572746,3,상계주공9 노원구 상계동
노원구,공릉동,현대성우아파트,현대성우아파트,현대성우아파트,서울 노원구 공릉동 741,서울 노원구 공릉로27길 110,37.626491394903155,127.07744340856664,3,현대성우아파트 노원구 공릉동
노원구,중계동,중계무지개,중계무지개,중계무지개아파트,서울 노원구 중계동 513,서울 노원구 동일로208길 19,37.6427157598219,127.066582911007,3,중계무지개 노원구 중계동
노원구,상계동,상계주공4(고층),상계주공4,상계주공4단지아파트,서울 노원구 상계동 749-5,서울 노원구 동일로 1356,37.65030291857287,127.06501004337144,3,상계주공4 노원구 상계동
노원구,공릉동,하나플러스,하나플러스,하나플러스아파트,서울 노원구 공릉동 587-8,서울 노원구 동일로178길 53,37.62189896281257,127.07759836072027,3,하나플러스 노원구 공릉동
노원구,상계동,보람아파트,보람아파트,보람아파트,서울 노원구 상계동 639,서울 노원구 한글비석로 479,37.6630431151811,127.0644431363456,3,보람아파트 노원구 상계동
노원구,상계동,상계현대3차,상계현대3차,상계3차현대아파트,서울 노원구 상계동 1063,서울 노원구 수락산로 234,37.67163697246641,127.05296598943872,3,상계현대3차 노원구 상계동
노원구,공릉동,동신아파트,동신아파트,동신아파트,서울 노원구 공릉동 745,서울 노원구 공릉로 213,37.62808112791953,127.0768423904526,3,동신아파트 노원구 공릉동
노원구,상계동,상록수2단지,상록수2단지,상록수2단지아파트,서울 노원구 상계동 1297,서울 노원구 동일로241길 84,37.6781992740924,127.051909608963,3,상록수2단지 노원구 상계동
노원구,상계동,수락리버시티3단지,수락리버시티3단지,수락리버시티3단지아파트,서울 노원구 상계동 1312,서울 노원구 누원로 28,37.687475910171976,127.05355318961782,3,수락리버시티3단지 노원구 상계동
노원구,상계동,극동늘푸른,극동늘푸른,극동늘푸른아파트,서울 노원구 상계동 1128,서울 노원구 동일로246길 39,37.67735437849277,127.0572685990088,3,극동늘푸른 노원구 상계동
노원구,상계동,은빛1단지,은빛1단지,은빛1단지아파트,서울 노원구 상계동 1255,서울 노원구 동일로245길 162,37.6810968943773,127.05375719325038,3,은빛1단지 노원구 상계동
노원구,월계동,주공2,주공2,월계주공2단지아파트,서울 노원구 월계동 556,서울 노원구 초안산로1길 18,37.62862701737198,127.0523543046775,3,주공2 노원구 월계동
노원구,공릉동,동부아파트,동부아파트,동부아파트,서울 노원구 공릉동 705,서울 노원구 공릉로 206,37.628076353823815,127.0786186687269,3,동부아파트 노원구 공릉동
노원구,상계동,수락파크빌,수락파크빌,수락파크빌,서울 노원구 상계동 1097-9,서울 노원구 동일로239나길 7,37.675446964054885,127.0514973450356,3,수락파크빌 노원구 상계동
노원구,중계동,주공7,주공7,중계주공7단지아파트,서울 노원구 중계동 363-1,서울 노원구 한글비석로8길 42,37.647097242443294,127.07966758849484,3,주공7 노원구 중계동
노원구,상계동,미라보(성림),미라보,불암산센트럴아파트,서울 노원구 상계동 1320,서울 노원구 덕릉로127길 25,37.6719596486971,127.08124932321677,3,미라보 노원구 상계동
노원구,상계동,불암현대,불암현대,불암현대아파트,서울 노원구 상계동 1293,서울 노원구 덕릉로118길 29,37.66782930329908,127.08161658790549,3,불암현대 노원구 상계동
노원구,공릉동,태강아파트(아이파크),태강아파트,태강아파트,서울 노원구 공릉동 81,서울 노원구 공릉로34길 62,37.62349981430436,127.08318568498656,3,태강아파트 노원구 공릉동
노원구,월계동,극동,극동,월계극동아파트,서울 노원구 월계동 803-1,서울 노원구 덕릉로60길 266,37.62954240071155,127.0459078628393,3,극동 노원구 월계동
노원구,상계동,상계주공1(고층),상계주공1,상계주공1단지아파트,서울 노원구 상계동 765,서울 노원구 동일로213길 21,37.64789053116172,127.06079494604792,3,상계주공1 노원구 상계동
노원구,상계동,상계주공14(고층),상계주공14,상계주공14단지아파트,서울 노원구 상계동 626,서울 노원구 동일로228길 23,37.669609825692255,127.0585604645456,3,상계주공14 노원구 상계동
노원구,하계동,우성,우성,현대우성아파트,서울 노원구 하계동 270,서울 노원구 섬밭로 232,37.6368486609804,127.06638280483796,3,우성 노원구 하계동
노원구,상계동,수락산늘푸른,수락산늘푸른,수락산늘푸른아파트,서울 노원구 상계동 1317,서울 노원구 동일로242나길 20,37.676590423402345,127.05711384615311,3,수락산늘푸른 노원구 상계동
노원구,월계동,사슴3,사슴3,사슴3단지아파트,서울 노원구 월계동 320-11,서울 노원구 월계로55길 15,37.63173103792022,127.05968514284014,3,사슴3 노원구 월계동
노원구,중계동,중앙하이츠,중앙하이츠,중앙하이츠아파트,서울 노원구 중계동 161-1,서울 노원구 한글비석로14길 37,37.65957598006379,127.0767524427488,3,중앙하이츠 노원구 중계동
노원구,상계동,상계주공7(고층),상계주공7,상계주공7단지아파트,서울 노원구 상계동 692,서울 노원구 동일로 1456,37.65838261614832,127.06051677702628,3,상계주공7 노원구 상계동
노원구,중계동,주공2,주공2,중계주공2단지아파트,서울 노원구 중계동 369,서울 노원구 한글비석로14길 8,37.65689318511727,127.07898449211748,3,주공2 노원구 중계동
노원구,하계동,극동,극동,극동.건영.벽산아파트,서울 노원구 하계동 271-3,서울 노원구 섬밭로 229,37.63544431077244,127.06423915535755,3,극동 노원구 하계동
노원구,공릉동,동아하이빌아파트102동,동아하이빌아파트,동아하이빌아파트,서울 노원구 공릉동 609-3,서울 노원구 섬밭로 22,37.618770277143014,127.07265543708309,3,동아하이빌아파트 노원구 공릉동
노원구,상계동,한신2차,한신2차,한신2차아파트,서울 노원구 상계동 451,서울 노원구 한글비석로48길 6,37.664778183946666,127.06804428710558,3,한신2차 노원구 상계동
노원구,상계동,두산,두산,두산아파트,서울 노원구 상계동 1110,서울 노원구 동일로241길 53,37.67738513915035,127.05314691449536,3,두산 노원구 상계동
노원구,공릉동,풍림아파트A,풍림아파트A,종로엠스쿨 공릉분원,서울 노원구 공릉동 725,서울 노원구 섬밭로 139,37.63028175860311,127.0657017745598,3,풍림아파트A 노원구 공릉동
노원구,공릉동,하늘공원(101동),하늘공원,하늘공원아파트,서울 노원구 공릉동 222,서울 노원구 공릉로 170,37.62526053265392,127.08031035818776,3,하늘공원 노원구 공릉동
노원구,공릉동,삼익2차아파트,삼익2차아파트,공릉삼익2차아파트,서울 노원구 공릉동 754,서울 노원구 공릉로34길 118,37.626006335862655,127.08062381401028,3,삼익2차아파트 노원구 공릉동
노원구,상계동,벽산,벽산,벽산아파트,서울 노원구 상계동 173-1,서울 노원구 한글비석로 399,37.66167755101459,127.07315737225235,3,벽산 노원구 상계동
노원구,중계동,현대(3차),현대,현대자동차 중계대리점,서울 노원구 중계동 152-11,서울 노원구 덕릉로 692,37.65939737902258,127.0756778815484,3,현대 노원구 중계동
노원구,상계동,동아불암,동아불암,동아불암아파트,서울 노원구 상계동 1285,서울 노원구 덕릉로 780,37.66695847254833,127.07968881291583,3,동아불암 노원구 상계동
노원구,중계동,현대(6차),현대,현대자동차 중계대리점,서울 노원구 중계동 152-11,서울 노원구 덕릉로 692,37.65939737902258,127.0756778815484,3,현대 노원구 중계동
노원구,상계동,상계주공16(고층),상계주공16,상계주공16단지아파트,서울 노원구 상계동 624,서울 노원구 동일로227길 86,37.669207204256615,127.05257548624668,3,상계주공16 노원구 상계동
노원구,상계동,상계주공5(저층),상계주공5,상계주공5단지아파트,서울 노원구 상계동 721,서울 노원구 동일로216길 47,37.652528854096474,127.06408162242664,3,상계주공5 노원구 상계동
노원구,월계동,미성,미성,월계미성미륭삼호아파트,서울 노원구 월계동 13,서울 노원구 마들로 59,37.621794207284225,127.0677490917321,3,미성 노원구 월계동
노원구,공릉동,신원아파트,신원아파트,신원아파트,서울 노원구 공릉동 370-4,서울 노원구 동일로192나길 26,37.62775789915253,127.07509296994677,3,신원아파트 노원구 공릉동
노원구,상계동,상계1차중앙하이츠,상계1차중앙하이츠,상계중앙하이츠1차아파트,서울 노원구 상계동 1279,서울 노원구 노원로28길 15,37.653730749296706,127.06890452064984,3,상계1차중앙하이츠 노원구 상계동
노원구,월계동,현대,현대,현대아파트,서울 노원구 월계동 929,서울 노원구 석계로 49,37.61878497245975,127.06274552257356,3,현대 노원구 월계동
노원구,공릉동,풍림아파트B,풍림아파트B,공릉풍림아파트 B상가주차장,서울 노원구 공릉동 727,서울 노원구 섬밭로 134,37.6286514057276,127.069660756604,3,풍림아파트B 노원구 공릉동
노원구,월계동,미륭,미륭,월계미성미륭삼호아파트,서울 노원구 월계동 13,서울 노원구 마들로 59,37.621794207284225,127.0677490917321,3,미륭 노원구 월계동
노원구,월계동,성북맨션,성북맨션,성북맨션,서울 노원구 월계동 383-40,서울 노원구 석계로 107,37.62240737503959,127.06018515888115,3,성북맨션 노원구 월계동
노원구,공릉동,청솔아파트9,청솔아파트9,공릉9단지청솔아파트,서울 노원구 공릉동 90,서울 노원구 노원로1길 21,37.62144776658948,127.0851498229982,3,청솔아파트9 노원구 공릉동
노원구,월계동,유원,유원,유원아파트,서울 노원구 월계동 880,서울 노원구 덕릉로60길 252,37.629672415617065,127.04520103937722,3,유원 노원구 월계동
노원구,상계동,상계1차현대아파트,상계1차현대아파트,상계현대1차아파트,서울 노원구 상계동 1055,서울 노원구 동일로237길 41,37.67289122721072,127.0527628482734,3,상계1차현대아파트 노원구 상계동
노원구,공릉동,미라쉘,미라쉘,태릉입구역미라쉘,서울 노원구 공릉동 670-6,서울 노원구 화랑로 441,37.61825531856234,127.0762942518148,3,미라쉘 노원구 공릉동
노원구,상계동,보람2단지,보람2단지,상계보람2단지아이휴센터 우리동네키움센터 노원22호점,서울 노원구 상계동 639,서울 노원구 한글비석로 480,37.6667544410624,127.065738445393,3,보람2단지 노원구 상계동
노원구,월계동,초안2,초안2,초안2단지아파트,서울 노원구 월계동 924,서울 노원구 우이천로 102,37.63132026900506,127.04292267663818,3,초안2 노원구 월계동
노원구,공릉동,세영아파트,세영아파트,세영아파트,서울 노원구 공릉동 576-11,서울 노원구 동일로177길 12-18,37.62133561363433,127.0737453557164,3,세영아파트 노원구 공릉동
노원구,중계동,동진,동진,동진신안아파트,서울 노원구 중계동 364,서울 노원구 중계로 195,37.64975414404506,127.07846927392218,3,동진 노원구 중계동
노원구,하계동,학여울청구,학여울청구,학여울청구아파트,서울 노원구 하계동 354,서울 노원구 동일로207길 186,37.63578987754901,127.06163253294262,3,학여울청구 노원구 하계동
노원구,공릉동,삼익포레스트아파트,삼익포레스트아파트,삼익포레스트아파트,서울 노원구 공릉동 737,서울 노원구 공릉로46길 32,37.62677661004946,127.08203160088516,3,삼익포레스트아파트 노원구 공릉동
노원구,하계동,현대,현대,현대우성아파트,서울 노원구 하계동 270,서울 노원구 섬밭로 232,37.6368486609804,127.06638280483796,3,현대 노원구 하계동
노원구,하계동,한신1,한신1,한신아파트 1동,서울 노원구 하계동 284,서울 노원구 공릉로 351,37.637155884512055,127.06953273912036,3,한신1 노원구 하계동
노원구,중계동,상아,상아,경남롯데상아아파트,서울 노원구 중계동 505,서울 노원구 섬밭로 265,37.63878610414661,127.06248702118944,3,상아 노원구 중계동
노원구,상계동,상계주공3(고층),상계주공3,상계주공3단지아파트,서울 노원구 상계동 737,서울 노원구 동일로 1383,37.651851721470784,127.0580762411416,3,상계주공3 노원구 상계동
노원구,공릉동,화랑타운아파트,화랑타운아파트,화랑타운아파트,서울 노원구 공릉동 111,서울 노원구 화랑로51길 17,37.62357469542307,127.08921661082368,3,화랑타운아파트 노원구 공릉동
노원구,상계동,상계주공10(고층),상계주공10,상계주공10단지아파트,서울 노원구 상계동 666,서울 노원구 노원로 564,37.66391186829532,127.05704179469735,3,상계주공10 노원구 상계동
노원구,중계동,주공6,주공6,중계주공6단지아파트,서울 노원구 중계동 364-12,서울 노원구 한글비석로8길 41,37.64878111616364,127.07841839166568,3,주공6 노원구 중계동
노원구,공릉동,신성미소지움아파트,신성미소지움아파트,공릉동신성미소지움아파트,서울 노원구 공릉동 756,서울 노원구 공릉로42길 13-14,37.62496090961401,127.08103501910634,3,신성미소지움아파트 노원구 공릉동
노원구,공릉동,임성아파트,임성아파트,임성아파트,서울 노원구 공릉동 389-13,서울 노원구 동일로192나길 16-14,37.6275519204151,127.07595824157,3,임성아파트 노원구 공릉동
노원구,공릉동,현대(고려)아파트,현대아파트,현대아파트,서울 노원구 공릉동 590-1,서울 노원구 동일로176길 39-12,37.62103155708259,127.07722479203666,3,현대아파트 노원구 공릉동
노원구,월계동,풍림아이원,풍림아이원,월계풍림아이원아파트,서울 노원구 월계동 944,서울 노원구 화랑로47길 38,37.61661229016541,127.06675897580811,3,풍림아이원 노원구 월계동
노원구,상계동,상계주공2(고층),상계주공2,상계주공2단지아파트,서울 노원구 상계동 746-5,서울 노원구 동일로 1355,37.64973848455051,127.05894713081828,3,상계주공2 노원구 상계동
노원구,공릉동,하늘공원아파트(103동),하늘공원아파트,하늘공원아파트,서울 노원구 공릉동 222,서울 노원구 공릉로 170,37.62526053265392,127.08031035818776,3,하늘공원아파트 노원구 공릉동
노원구,상계동,상계대림,상계대림,상계불암대림아파트,서울 노원구 상계동 1289,서울 노원구 덕릉로94길 21,37.6634461750392,127.077395648688,3,상계대림 노원구 상계동
노원구,상계동,은빛2단지,은빛2단지,은빛2단지아파트,서울 노원구 상계동 1256,서울 노원구 동일로245가길 41,37.67996177538103,127.05350697724649,3,은빛2단지 노원구 상계동
노원구,공릉동,한일휴니스빌,한일휴니스빌,한일휴니스빌,서울 노원구 공릉동 683-14,서울 노원구 화랑로 421,37.61752316623349,127.07433284578312,3,한일휴니스빌 노원구 공릉동
노원구,중계동,한화꿈에그린,한화꿈에그린,한화꿈에그린아파트,서울 노원구 중계동 598,서울 노원구 중계로8길 29,37.64733259431431,127.08329837571794,3,한화꿈에그린 노원구 중계동
노원구,중계동,롯데우성,롯데우성,롯데우성아파트,서울 노원구 중계동 361-1,서울 노원구 노원로22길 34,37.646830991534934,127.07343515260033,3,롯데우성 노원구 중계동
노원구,상계동,수락리버시티4단지,수락리버시티4단지,수락리버시티4단지아파트,서울 노원구 상계동 1313,서울 노원구 누원로 18,37.6860596234662,127.05344333463329,3,수락리버시티4단지 노원구 상계동
노원구,중계동,한화꿈에그린TheFIRST,한화꿈에그린TheFIRST,중계2차한화꿈에그린더퍼스트아파트,서울 노원구 중계동 606,서울 노원구 덕릉로83길 9-7,37.65899267209259,127.07452376800867,3,한화꿈에그린TheFIRST 노원구 중계동
노원구,중계동,염광,염광,염광아파트,서울 노원구 중계동 445,서울 노원구 덕릉로79길 23,37.656179892249995,127.07294572447526,3,염광 노원구 중계동
노원구,공릉동,두산힐스빌아파트,두산힐스빌아파트,공릉두산힐스빌아파트,서울 노원구 공릉동 747,서울 노원구 공릉로 126,37.62093608698827,127.07987980140705,3,두산힐스빌아파트 노원구 공릉동
노원구,공릉동,공릉해링턴플레이스,공릉해링턴플레이스,공릉해링턴플레이스아파트,서울 노원구 공릉동 106,서울 노원구 노원로 62,37.627602111566674,127.08679264474586,3,공릉해링턴플레이스 노원구 공릉동
노원구,공릉동,삼익아파트,삼익아파트,삼익아파트,서울 노원구 공릉동 690-2,서울 노원구 섬밭로 17,37.61810104676659,127.0723240426242,3,삼익아파트 노원구 공릉동
노원구,상계동,금호타운,금호타운,상계금호타운 전기차충전소,서울 노원구 상계동 1270,서울 노원구 한글비석로46나길 10,37.66717714518095,127.06864832728768,3,금호타운 노원구 상계동
노원구,상계동,상계주공1(저층),상계주공1,상계주공1단지아파트,서울 노원구 상계동 765,서울 노원구 동일로213길 21,37.64789053116172,127.06079494604792,3,상계주공1 노원구 상계동
노원구,상계동,수락산벨리체,수락산벨리체,수락산벨리체아파트,서울 노원구 상계동 1265,서울 노원구 동일로250길 18,37.681603720069226,127.0565916772201,3,수락산벨리체 노원구 상계동
노원구,월계동,성원(사슴4),성원,성원아파트,서울 노원구 월계동 322-1,서울 노원구 마들로3길 37,37.6294158402081,127.06251542659837,3,성원 노원구 월계동
노원구,상계동,상계주공14(저층),상계주공14,상계주공14단지아파트,서울 노원구 상계동 626,서울 노원구 동일로228길 23,37.669609825692255,127.0585604645456,3,상계주공14 노원구 상계동
노원구,상계동,대창센시티,대창센시티,대창센시티아파트,서울 노원구 상계동 1302,서울 노원구 수락산로 246,37.67139260007626,127.05139706288668,3,대창센시티 노원구 상계동
노원구,상계동,코오롱,코오롱,코오롱아파트,서울 노원구 상계동 1281,서울 노원구 노원로26가길 7,37.65270038311087,127.06982826605362,3,코오롱 노원구 상계동
노원구,하계동,건영,건영,극동.건영.벽산아파트,서울 노원구 하계동 271-3,서울 노원구 섬밭로 229,37.63544431077244,127.06423915535755,3,건영 노원구 하계동
노원구,상계동,수락한신,수락한신,수락한신아파트,서울 노원구 상계동 1277,서울 노원구 동일로242길 80,37.673835531124546,127.06013145601922,3,수락한신 노원구 상계동
노원구,공릉동,공릉우성아파트,공릉우성아파트,공릉우성아파트,서울 노원구 공릉동 738,서울 노원구 동일로198길 24,37.62857297513071,127.07272162045322,3,공릉우성아파트 노원구 공릉동
노원구,상계동,청암2단지,청암2단지,청암2단지아파트,서울 노원구 상계동 1276,서울 노원구 덕릉로94가길 20,37.66311743893213,127.0785740079802,3,청암2단지 노원구 상계동
노원구,상계동,중계센트럴파크,중계센트럴파크,중계센트럴파크아파트,서울 노원구 상계동 1322,서울 노원구 덕릉로70가길 21,37.64320140344164,127.05983141964045,3,중계센트럴파크 노원구 상계동
노원구,상계동,상계주공6(고층),상계주공6,상계주공6단지아파트,서울 노원구 상계동 720,서울 노원구 동일로 1384,37.65427592717421,127.065597121266,3,상계주공6 노원구 상계동
노원구,중계동,현대1(4차),현대1,현대1차아파트 정문,서울 노원구 중계동 577,서울 노원구 중계로8길 106,37.6482615126803,127.084558331847,3,현대1 노원구 중계동
노원구,공릉동,서경하누리아파트,서경하누리아파트,서경하누리아파트,서울 노원구 공릉동 493-20,서울 노원구 동일로183길 12-9,37.62351037183407,127.0726555191458,3,서경하누리아파트 노원구 공릉동
노원구,중계동,주공4,주공4,중계주공4단지아파트,서울 노원구 중계동 358-2,서울 노원구 덕릉로76길 29,37.65517908536164,127.0769111040038,3,주공4 노원구 중계동
노원구,공릉동,우성2차아파트102동,우성2차아파트,우성2차아파트,서울 노원구 공릉동 569-28,서울 노원구 동일로179길 12-7,37.62223070785325,127.0730801858474,3,우성2차아파트 노원구 공릉동
노원구,공릉동,길성그랑프리텔아파트,길성그랑프리텔아파트,길성그랑프리텔아파트,서울 노원구 공릉동 753,서울 노원구 동일로191가길 66,37.6279407057056,127.07087448883856,3,길성그랑프리텔아파트 노원구 공릉동
노원구,공릉동,청솔아파트8,청솔아파트8,청솔8단지아파트,서울 노원구 공릉동 91,서울 노원구 노원로1가길 10,37.62327073868931,127.08601280040152,3,청솔아파트8 노원구 공릉동
노원구,하계동,장미(시영6),장미,장미아파트,서울 노원구 하계동 273,서울 노원구 섬밭로 196,37.63371418951833,127.06786753947384,3,장미 노원구 하계동
노원구,상계동,대림,대림,대림아파트,서울 노원구 상계동 695,서울 노원구 동일로221길 22,37.65978153459353,127.05752709329626,3,대림 노원구 상계동
노원구,하계동,청구,청구,학여울청구아파트,서울 노원구 하계동 354,서울 노원구 동일로207길 186,37.63578987754901,127.06163253294262,3,청구 노원구 하계동
노원구,상계동,한일유앤아이,한일유앤아이,상계한일유앤아이아파트,서울 노원구 상계동 1309,서울 노원구 노원로28길 62,37.65417725453697,127.07106713631082,3,한일유앤아이 노원구 상계동
노원구,월계동,청백4,청백4,청백4단지아파트,서울 노원구 월계동 781,서울 노원구 월계로45가길 94,37.63169155546426,127.05170957501532,3,청백4 노원구 월계동
노원구,월계동,청백3,청백3,청백3단지아파트,서울 노원구 월계동 780,서울 노원구 월계로45가길 89,37.63177149965871,127.05018702637152,3,청백3 노원구 월계동
노원구,월계동,대우,대우,월계대우아파트,서울 노원구 월계동 775,서울 노원구 초안산로5길 22,37.6331873477416,127.05135261146722,3,대우 노원구 월계동
노원구,상계동,상계주공13(고층),상계주공13,상계주공13단지아파트,서울 노원구 상계동 637,서울 노원구 한글비석로54길 92,37.667372077174115,127.06324090878768,3,상계주공13 노원구 상계동
노원구,공릉동,효성아파트,효성아파트,효성아파트,서울 노원구 공릉동 742,서울 노원구 화랑로 556,37.621194741958504,127.0886134202191,3,효성아파트 노원구 공릉동
노원구,월계동,초안산쌍용스윗닷홈,초안산쌍용스윗닷홈,초안산쌍용스윗닷홈아파트,서울 노원구 월계동 945,서울 노원구 덕릉로60길 222,37.630580910570465,127.04440857929988,3,초안산쌍용스윗닷홈 노원구 월계동
노원구,상계동,상록수1단지,상록수1단지,상록수1단지아파트,서울 노원구 상계동 1296,서울 노원구 동일로239나길 31,37.67701828591636,127.05146442375144,3,상록수1단지 노원구 상계동
노원구,중계동,신일,신일,신일아파트,서울 노원구 중계동 589,서울 노원구 한글비석로 366,37.65853208280938,127.07482023124533,3,신일 노원구 중계동
노원구,중계동,건영2,건영2,극동.건영.벽산아파트 2동,서울 노원구 하계동 271-3,서울 노원구 섬밭로 229,37.63449369327067,127.06438221925238,2,건영2 노원구 중계동
노원구,공릉동,신도1차아파트,신도1차아파트,공릉신도1차아파트,서울 노원구 공릉동 748,서울 노원구 동일로191가길 59,37.62754480203334,127.06998597760035,3,신도1차아파트 노원구 공릉동
노원구,상계동,상계주공12(고층),상계주공12,상계주공12단지아파트,서울 노원구 상계동 647,서울 노원구 한글비석로 530,37.66616680124523,127.0593182791222,3,상계주공12 노원구 상계동
노원구,중계동,LIG건영,LIG건영,공릉 LIG건영아파트 전기차충전소,서울 노원구 공릉동 404-3,서울 노원구 동일로173가길 145,37.6244156968242,127.071453389893,2,LIG건영 노원구
노원구,하계동,하계1청구,하계1청구,하계1차청구아파트,서울 노원구 하계동 251,서울 노원구 한글비석로 91,37.639451695920584,127.07087522528604,3,하계1청구 노원구 하계동
노원구,중계동,롯데(505),롯데,롯데마트 중계점,서울 노원구 중계동 361,서울 노원구 노원로 330,37.6467460061998,127.070969405914,3,롯데 노원구 중계동
노원구,중계동,청구3,청구3,청구3차휘트니스센터,서울 노원구 중계동 360-2,서울 노원구 중계로 225,37.6503086476406,127.075087341044,3,청구3 노원구 중계동
노원구,월계동,동신,동신,동신아파트,서울 노원구 월계동 436,서울 노원구 광운로2나길 30,37.617552298421344,127.06126408168264,3,동신 노원구 월계동
노원구,월계동,동원베네스트,동원베네스트,동원베네스트아파트,서울 노원구 월계동 940,서울 노원구 월계로53길 21,37.6317389144527,127.05834833967825,3,동원베네스트 노원구 월계동
노원구,중계동,주공5,주공5,중계주공5단지아파트,서울 노원구 중계동 359-1,서울 노원구 중계로 230,37.652822754280386,127.0759250478545,3,주공5 노원구 중계동
노원구,중계동,신동아(366),신동아,라이프청구신동아아파트,서울 노원구 중계동 366,서울 노원구 중계로 184,37.6519374206869,127.079523177081,3,신동아 노원구 중계동
노원구,월계동,한일1,한일1,월계한일1차아파트 101동,서울 노원구 월계동 926,서울 노원구 석계로15길 25,37.621775934583226,127.06163682015216,3,한일1 노원구 월계동
노원구,하계동,우방,우방,하계우방아파트,서울 노원구 하계동 353,서울 노원구 공릉로58길 176,37.637458277785896,127.07731430093482,3,우방 노원구 하계동
노원구,월계동,초안1,초안1,초안1단지아파트,서울 노원구 월계동 923,서울 노원구 덕릉로60길 185,37.63299199256823,127.0442921915788,3,초안1 노원구 월계동
노원구,중계동,경남아너스빌,경남아너스빌,경남아너스빌아파트,서울 노원구 중계동 597,서울 노원구 덕릉로94길 10,37.6621457125308,127.076546551812,3,경남아너스빌 노원구 중계동
노원구,상계동,상계신동아,상계신동아,상계신동아아파트,서울 노원구 상계동 463,서울 노원구 한글비석로52길 66,37.66740214014491,127.06752077049435,3,상계신동아 노원구 상계동
노원구,중계동,삼성,삼성,삼성아파트,서울 노원구 중계동 593,서울 노원구 중계로14나길 25,37.64914939278202,127.08270663230084,3,삼성 노원구 중계동
노원구,월계동,월계역신도브래뉴,월계역신도브래뉴,월계역신도브래뉴아파트,서울 노원구 월계동 942,서울 노원구 광운로 132,37.629020475968254,127.05867813891965,3,월계역신도브래뉴 노원구 월계동
노원구,상계동,중앙하이츠(5지역),중앙하이츠,상계중앙하이츠2차아파트,서울 노원구 상계동 1282,서울 노원구 노원로 428,37.65496093751854,127.06830730561792,3,중앙하이츠 노원구 상계동
노원구,중계동,청구(366),청구,청구3차아파트,서울 노원구 중계동 360-2,서울 노원구 중계로 233,37.649828902680255,127.07433103763512,3,청구 노원구 중계동
노원구,공릉동,한진아파트,한진아파트,한진아파트,서울 노원구 공릉동 408-23,서울 노원구 공릉로41가길 19,37.625335363454006,127.0789023781724,3,한진아파트 노원구 공릉동
노원구,월계동,삼호4,삼호4,월계미성미륭삼호아파트 4동,서울 노원구 월계동 13,서울 노원구 마들로 59,37.61944754035538,127.0670390230422,3,삼호4 노원구 월계동
노원구,상계동,문수해오름,문수해오름,문수해오름아파트,서울 노원구 상계동 1303,서울 노원구 노원로26나길 20,37.65390018951935,127.07033707477284,3,문수해오름 노원구 상계동
노원구,공릉동,진명비베레,진명비베레,진명비베레아파트,서울 노원구 공릉동 395-7,서울 노원구 동일로190길 7,37.62540810659636,127.07369500480766,3,진명비베레 노원구 공릉동
노원구,상계동,청암1단지,청암1단지,청암1단지아파트,서울 노원구 상계동 1275,서울 노원구 덕릉로112길 24,37.66590978106354,127.07961515358524,3,청암1단지 노원구 상계동
노원구,하계동,미성,미성,미성아파트,서울 노원구 하계동 280,서울 노원구 공릉로59길 28,37.63468087429683,127.06953949628392,3,미성 노원구 하계동
노원구,월계동,롯데캐슬루나,롯데캐슬루나,롯데캐슬루나아파트,서울 노원구 월계동 947,서울 노원구 월계로45길 21,37.62612428418169,127.04979354457612,3,롯데캐슬루나 노원구 월계동
노원구,공릉동,남청파인힐,남청파인힐,남청파인힐아파트,서울 노원구 공릉동 379-5,서울 노원구 동일로191가길 26,37.6263185729082,127.071466539472,3,남청파인힐 노원구 공릉동
노원구,공릉동,보람노블레스아파트,보람노블레스아파트,보람노블레스아파트,서울 노원구 공릉동 586-15,서울 노원구 동일로178길 43,37.62169847078009,127.07694456314388,3,보람노블레스아파트 노원구 공릉동
노원구,상계동,한신1차,한신1차,한신1차아파트,서울 노원구 상계동 135,서울 노원구 한글비석로46가길 16,37.666082443296055,127.0686665870375,3,한신1차 노원구 상계동
노원구,공릉동,대명아파트,대명아파트,꿈의숲대명루첸아파트,서울 성북구 장위동 317,서울 성북구 월계로36길 27,37.62008853992783,127.04768720424262,1,대명아파트 노원구 공릉동
노원구,상계동,대동황토방,대동황토방,대동청솔아파트,서울 노원구 상계동 1284,서울 노원구 상계로26길 20,37.6573558136996,127.071242424185,3,대동황토방 노원구 상계동
노원구,공릉동,대아2차아파트,대아2차아파트,노원 공릉대아2차아파트 전기차충전소,서울 노원구 공릉동 492-1,서울 노원구 동일로183길 34,37.6233003673857,127.071300532331,3,대아2차아파트 노원구 공릉동
노원구,상계동,충효파크타운,충효파크타운,충효파크타운아파트,서울 노원구 상계동 407-7,서울 노원구 상계로23길 64,37.660529784562705,127.06694788239348,3,충효파크타운 노원구 상계동
노원구,월계동,삼창,삼창,삼창아파트,서울 노원구 월계동 448-3,서울 노원구 광운로2가길 22,37.61850427769218,127.06022278935126,3,삼창 노원구 월계동
노원구,중계동,삼창타워주상프라자,삼창타워주상프라자,삼창타워프라자아파트,서울 노원구 중계동 584-1,서울 노원구 한글비석로 383,37.6589695065658,127.07266286143144,3,삼창타워주상프라자 노원구 중계동
노원구,공릉동,태릉우성아파트,태릉우성아파트,태릉우성아파트,서울 노원구 공릉동 254,서울 노원구 노원로 29,37.62455462190694,127.08479993938444,3,태릉우성아파트 노원구 공릉동
노원구,공릉동,건영아파트,건영아파트,건영아파트,서울 노원구 공릉동 404-3,서울 노원구 동일로173가길 145,37.6244409505013,127.07141036848144,3,건영아파트 노원구 공릉동
노원구,월계동,월계흥화브라운빌,월계흥화브라운빌,월계흥화브라운빌아파트,서울 노원구 월계동 939,서울 노원구 우이천로2나길 14,37.63161180463315,127.04396510082675,3,월계흥화브라운빌 노원구 월계동
노원구,하계동,한신동성,한신동성,한신동성아파트,서울 노원구 하계동 256-5,서울 노원구 한글비석로 151,37.64010665169757,127.07533426678994,3,한신동성 노원구 하계동
노원구,상계동,상계주공11(고층),상계주공11,상계주공11단지아파트,서울 노원구 상계동 652,서울 노원구 동일로227길 25,37.6658297387023,127.05582258267874,3,상계주공11 노원구 상계동
노원구,공릉동,비콘아파트,비콘아파트,비콘아파트,서울 노원구 공릉동 755,서울 노원구 공릉로 130,37.62160316872015,127.07935945686252,3,비콘아파트 노원구 공릉동
노원구,상계동,상계2차중앙하이츠,상계2차중앙하이츠,상계중앙하이츠2차아파트,서울 노원구 상계동 1282,서울 노원구 노원로 428,37.65496093751854,127.06830730561792,3,상계2차중앙하이츠 노원구 상계동
노원구,중계동,라이프,라이프,라이프청구신동아아파트,서울 노원구 중계동 366,서울 노원구 중계로 184,37.6519374206869,127.079523177081,3,라이프 노원구 중계동
노원구,월계동,녹천역두산위브아파트,녹천역두산위브아파트,녹천역두산위브아파트,서울 노원구 월계동 950,서울 노원구 마들로5길 25,37.64060363176505,127.05276946377072,3,녹천역두산위브아파트 노원구 월계동
노원구,월계동,삼호3,삼호3,월계미성미륭삼호아파트 3동,서울 노원구 월계동 13,서울 노원구 마들로 59,37.61976778460245,127.06792622068492,3,삼호3 노원구 월계동
노원구,공릉동,녹주아파트,녹주아파트,녹주아파트,서울 노원구 공릉동 750,서울 노원구 동일로177길 29,37.620439736442336,127.07277033348004,3,녹주아파트 노원구 공릉동
노원구,중계동,부강쉘브르,부강쉘브르,부강쉘브르,서울 노원구 중계동 90-75,서울 노원구 중계로14라길 49,37.649966206156826,127.08451153844788,3,부강쉘브르 노원구 중계동
노원구,상계동,상계불암대림,상계불암대림,상계불암대림아파트,서울 노원구 상계동 1289,서울 노원구 덕릉로94길 21,37.6634461750392,127.077395648688,3,상계불암대림 노원구 상계동
노원구,공릉동,삼익4단지아파트,삼익4단지아파트,공릉삼익4단지아파트,서울 노원구 공릉동 714,서울 노원구 동일로198가길 13,37.62987899077585,127.07192762451872,3,삼익4단지아파트 노원구 공릉동
노원구,상계동,송이월드B동,송이월드B동,송이월드아파트 B동,서울 노원구 상계동 1101-2,서울 노원구 동일로237마길 56,37.6759143167547,127.05207918470448,3,송이월드B동 노원구 상계동
노원구,중계동,동진신안,동진신안,동진신안아파트,서울 노원구 중계동 364,서울 노원구 중계로 195,37.64975414404506,127.07846927392218,3,동진신안 노원구 중계동
노원구,공릉동,공릉동한보에센시티아파트,공릉동한보에센시티아파트,한보에센시티아파트,서울 노원구 공릉동 743,서울 노원구 공릉로46길 19,37.628089631330475,127.08030887082565,3,공릉동한보에센시티아파트 노원구 공릉동
노원구,중계동,중계현대2,중계현대2,중계현대2차아파트 114동,서울 노원구 중계동 578,서울 노원구 중계로8길 103,37.64804733738999,127.08419661836776,3,중계현대2 노원구 중계동
노원구,상계동,노원IPARK,노원IPARK,노원아이파크아파트,서울 노원구 상계동 1318,서울 노원구 상계로23다길 13-8,37.65978249602079,127.06915944285508,3,노원IPARK 노원구 상계동
노원구,월계동,월계로즈빌(387),월계로즈빌,로즈빌아파트,서울 노원구 월계동 387,서울 노원구 광운로 53-17,37.622652990834915,127.05910244648456,3,월계로즈빌 노원구 월계동
노원구,공릉동,비선아파트,비선아파트,비선아파트,서울 노원구 공릉동 109,서울 노원구 화랑로51길 78,37.62577449458945,127.08735691899425,3,비선아파트 노원구 공릉동
노원구,중계동,주공8,주공8,중계주공8단지아파트,서울 노원구 중계동 362-1,서울 노원구 한글비석로5길 62,37.64631443478275,127.07532920499877,3,주공8 노원구 중계동
노원구,하계동,벽산,벽산,극동.건영.벽산아파트,서울 노원구 하계동 271-3,서울 노원구 섬밭로 229,37.63544431077244,127.06423915535755,3,벽산 노원구 하계동
노원구,상계동,한양,한양,한양아파트,서울 노원구 상계동 757,서울 노원구 동일로216길 92,37.6516620601662,127.0674022631268,3,한양 노원구 상계동
노원구,공릉동,우국리더스빌,우국리더스빌,우국리더스빌아파트,서울 노원구 공릉동 757,서울 노원구 동일로197길 85,37.6260850160819,127.07030179387002,3,우국리더스빌 노원구 공릉동
노원구,상계동,우림루미아트1,우림루미아트1,서울노원 우림루미아트아파트(1단지) 전기차충전소,서울 노원구 상계동 1306,서울 노원구 동일로230가길 71,37.67496115374684,127.05585776162836,3,우림루미아트1 노원구 상계동
노원구,하계동,청솔(시영7),청솔,청솔아파트,서울 노원구 하계동 274,서울 노원구 공릉로59길 25,37.63248141876827,127.07130024002107,3,청솔 노원구 하계동
노원구,월계동,장은하이빌,장은하이빌,장은하이빌아파트,서울 노원구 월계동 931,서울 노원구 석계로13길 6-9,37.62064061150989,127.0617876674468,3,장은하이빌 노원구 월계동
노원구,하계동,삼익선경,삼익선경,삼익선경아파트,서울 노원구 하계동 255-1,서울 노원구 노원로 214,37.63906582026493,127.07703045060356,3,삼익선경 노원구 하계동
노원구,상계동,코지한주,코지한주,코지한주아파트,서울 노원구 상계동 110-13,서울 노원구 덕릉로119가길 13,37.66899612220962,127.07889530594944,3,코지한주 노원구 상계동
노원구,상계동,현대2차,현대2차,상계현대2차아파트,서울 노원구 상계동 1078,서울 노원구 동일로231길 86,37.672275986533045,127.0504092554566,3,현대2차 노원구 상계동
노원구,공릉동,진주브라운,진주브라운,진주브라운아파트,서울 노원구 공릉동 585-6,서울 노원구 동일로178길 39-3,37.62161220303528,127.07659559167362,3,진주브라운 노원구 공릉동
노원구,중계동,경남,경남,경남롯데상아아파트,서울 노원구 중계동 505,서울 노원구 섬밭로 265,37.63878610414661,127.06248702118944,3,경남 노원구 중계동
노원구,상계동,동양엔파트,동양엔파트,동양엔파트아파트,서울 노원구 상계동 1305,서울 노원구 상계로5길 12,37.65763748074488,127.06397608448066,3,동양엔파트 노원구 상계동
노원구,상계동,노원우성,노원우성,노원우성아파트,서울 노원구 상계동 1251,서울 노원구 상계로7길 18,37.65792511963486,127.06520934767607,3,노원우성 노원구 상계동
노원구,상계동,노원현대,노원현대,노원현대아파트,서울 노원구 상계동 359,서울 노원구 상계로3길 50,37.65853541663962,127.0629387554783,3,노원현대 노원구 상계동
노원구,상계동,미도,미도,미도아파트,서울 노원구 상계동 766-1,서울 노원구 덕릉로 459-18,37.64622543251093,127.06095222418207,3,미도 노원구 상계동
노원구,상계동,소담빌,소담빌,소담빌,서울 노원구 상계동 330-29,서울 노원구 노해로85길 10-55,37.6564595968592,127.06615434209996,3,소담빌 노원구 상계동
노원구,중계동,이연아마빌레,이연아마빌레,이연아마빌레아파트,서울 노원구 중계동 58-34,서울 노원구 중계로12길 39,37.64670601859184,127.08257474763546,3,이연아마빌레 노원구 중계동
노원구,중계동,건영3,건영3,건영3차아파트,서울 노원구 중계동 360-15,서울 노원구 노원로22길 71,37.64843016184798,127.07498686641742,3,건영3 노원구 중계동
노원구,월계동,세양청마루,세양청마루,세양청마루아파트,서울 노원구 월계동 943,서울 노원구 석계로13길 35,37.620724085341976,127.06066407610798,3,세양청마루 노원구 월계동
노원구,중계동,현대그린,현대그린,현대그린아파트,서울 노원구 중계동 49,서울 노원구 중계로8길 39,37.64689234560561,127.0841001325462,3,현대그린 노원구 중계동
노원구,중계동,중계3벽산,중계3벽산,극동.건영.벽산아파트 3동,서울 노원구 하계동 271-3,서울 노원구 섬밭로 229,37.634929917426625,127.06411182349169,2,중계3벽산 노원구
노원구,상계동,송이월드A동,송이월드A동,송이월드아파트 A동,서울 노원구 상계동 1101-2,서울 노원구 동일로237마길 56,37.676114328044775,127.05209292727004,3,송이월드A동 노원구 상계동
노원구,공릉동,67디벨리움,67디벨리움,6.7디벨리움,서울 노원구 공릉동 670-7,서울 노원구 화랑로 443,37.6183001698008,127.0766001226844,3,67디벨리움 노원구 공릉동
노원구,공릉동,주완위즈빌2,주완위즈빌2,주완위즈빌2아파트,서울 노원구 공릉동 504-5,서울 노원구 동일로186길 67-8,37.625850443741086,127.07659880766288,3,주완위즈빌2 노원구 공릉동
노원구,월계동,우남그랜드,우남그랜드,우남아파트,서울 노원구 월계동 930,서울 노원구 화랑로 355,37.61584785839301,127.06745147307085,3,우남그랜드 노원구 월계동
노원구,중계동,신안,신안,동진신안아파트,서울 노원구 중계동 364,서울 노원구 중계로 195,37.64975414404506,127.07846927392218,3,신안 노원구 중계동
노원구,공릉동,화랑해링턴플레이스아파트,화랑해링턴플레이스아파트,화랑해링턴플레이스아파트,서울 노원구 공릉동 746,서울 노원구 공릉로34길 45,37.6239408811238,127.08119703082686,3,화랑해링턴플레이스아파트 노원구 공릉동
노원구,상계동,상계주공10(저층),상계주공10,상계주공10단지아파트,서울 노원구 상계동 666,서울 노원구 노원로 564,37.66391186829532,127.05704179469735,3,상계주공10 노원구 상계동
노원구,중계동,극동의푸른별1차,극동의푸른별1차,극동의푸른별1차아파트,서울 노원구 중계동 600,서울 노원구 중계로 107,37.645019885564466,127.08184543668511,3,극동의푸른별1차 노원구 중계동
노원구,공릉동,대주파크빌아파트,대주파크빌아파트,대주파크빌아파트,서울 노원구 공릉동 751,서울 노원구 섬밭로 52,37.62117886866782,127.07224546765146,3,대주파크빌아파트 노원구 공릉동
노원구,월계동,꿈의숲SKVIEW,꿈의숲SKVIEW,꿈의숲SK뷰아파트,서울 노원구 월계동 949,서울 노원구 월계로42길 97,37.62210042741164,127.054001266824,3,꿈의숲SKVIEW 노원구 월계동
노원구,상계동,수락현대,수락현대,수락현대아파트,서울 노원구 상계동 1272,서울 노원구 동일로242길 95,37.675240040294774,127.06036156664086,3,수락현대 노원구 상계동
노원구,공릉동,노원프레미어스엠코,노원프레미어스엠코,노원프레미어스엠코,서울 노원구 공릉동 670-3,서울 노원구 동일로 986,37.61821231734908,127.07591249336672,3,노원프레미어스엠코 노원구 공릉동
노원구,상계동,신이모닝빌,신이모닝빌,신이모닝빌아파트,서울 노원구 상계동 1298,서울 노원구 노원로28길 38,37.65350406712849,127.06981541998567,3,신이모닝빌 노원구 상계동
노원구,중계동,주공10,주공10,중계주공10단지아파트,서울 노원구 중계동 360-16,서울 노원구 노원로22길 53,37.64809606724297,127.07328229143158,3,주공10 노원구 중계동
노원구,상계동,임광,임광,임광아파트,서울 노원구 상계동 694,서울 노원구 노원로 569,37.66072603345497,127.0569702238829,3,임광 노원구 상계동
노원구,공릉동,광덕파크빌아파트,광덕파크빌아파트,광덕파크빌아파트,서울 노원구 공릉동 752,서울 노원구 동일로180길 48-9,37.622541474155696,127.0774347798663,3,광덕파크빌아파트 노원구 공릉동
노원구,상계동,희락,희락,희락아파트,서울 노원구 상계동 1280,서울 노원구 수락산로 190,37.67117728182769,127.05723211405592,3,희락 노원구 상계동
노원구,상계동,양우,양우,청솔상계양우아파트,서울 노원구 상계동 1299,서울 노원구 노원로30길 81,37.6563072025207,127.071023835858,3,양우 노원구 상계동
노원구,월계동,대동,대동,대동아파트,서울 노원구 월계동 925,서울 노원구 광운로 46,37.62177295286295,127.06043384981308,3,대동 노원구 월계동
노원구,중계동,청암3단지(582),청암3단지,청암3단지아파트,서울 노원구 중계동 582,서울 노원구 덕릉로86길 70,37.6605925309825,127.07911081067051,3,청암3단지 노원구 중계동
노원구,월계동,서광,서광,월계서광아파트,서울 노원구 월계동 922,서울 노원구 마들로1길 44,37.6231400752373,127.0649116195051,3,서광 노원구 월계동
노원구,공릉동,공릉2신도브래뉴아파트,공릉2신도브래뉴아파트,공릉2차신도브래뉴아파트,서울 노원구 공릉동 749,서울 노원구 동일로193길 7,37.62568039941142,127.0719190474086,3,공릉2신도브래뉴아파트 노원구 공릉동
노원구,중계동,대림벽산(363),대림벽산,대림벽산아파트,서울 노원구 중계동 363,서울 노원구 한글비석로8길 20,37.64740294684624,127.07791270109804,3,대림벽산 노원구 중계동
노원구,중계동,진로유통조합대림,진로유통조합대림,진로유통조합아파트,서울 노원구 중계동 78,서울 노원구 중계로14가길 5,37.64868861803033,127.08194917938262,3,진로유통조합대림 노원구 중계동
노원구,공릉동,참다움아파트,참다움아파트,참다움아파트,서울 노원구 공릉동 395-6,서울 노원구 동일로190길 11,37.625549371429386,127.0739987334247,3,참다움아파트 노원구 공릉동
노원구,상계동,상계주공3(저층),상계주공3,상계주공3단지아파트,서울 노원구 상계동 737,서울 노원구 동일로 1383,37.651851721470784,127.0580762411416,3,상계주공3 노원구 상계동
노원구,상계동,상계주공2(저층),상계주공2,상계주공2단지아파트,서울 노원구 상계동 746-5,서울 노원구 동일로 1355,37.64973848455051,127.05894713081828,3,상계주공2 노원구 상계동
노원구,월계동,성북역신도브래뉴,성북역신도브래뉴,성북역신도브래뉴아파트,서울 노원구 월계동 941,서울 노원구 광운로19길 38,37.62315042621144,127.05892159885975,3,성북역신도브래뉴 노원구 월계동
노원구,중계동,대호,대호,대호아파트,서울 노원구 중계동 591,서울 노원구 한글비석로 384,37.65984126070719,127.07330290140692,3,대호 노원구 중계동
노원구,공릉동,청솔브레싱B동,청솔브레싱B동,청솔브레싱아파트 B동,서울 노원구 공릉동 380-56,서울 노원구 동일로191가길 33-3,37.62634968811567,127.07066680716412,3,청솔브레싱B동 노원구 공릉동
노원구,중계동,현대2(4차),현대2,중계현대2차아파트 114동,서울 노원구 중계동 578,서울 노원구 중계로8길 103,37.64804733738999,127.08419661836776,3,현대2 노원구 중계동
노원구,공릉동,태승훼미리아파트,태승훼미리아파트,공릉1차태승훼미리아파트,서울 노원구 공릉동 759,서울 노원구 공릉로51길 14-8,37.629195122475174,127.0762635178314,3,태승훼미리아파트 노원구 공릉동
노원구,중계동,동도센트리움(601),동도센트리움,동도센트리움아파트,서울 노원구 중계동 601,서울 노원구 한글비석로19길 15,37.6582735057719,127.07337842388208,3,동도센트리움 노원구 중계동
노원구,월계동,우남(저층),우남,우남아파트,서울 노원구 월계동 930,서울 노원구 화랑로 355,37.61584785839301,127.06745147307085,3,우남 노원구 월계동
노원구,상계동,청솔,청솔,대동청솔아파트,서울 노원구 상계동 1284,서울 노원구 상계로26길 20,37.6573558136996,127.071242424185,3,청솔 노원구 상계동
노원구,공릉동,신명아파트,신명아파트,신명아파트,서울 노원구 공릉동 382-14,서울 노원구 동일로191길 36,37.62509359514189,127.07086272321764,3,신명아파트 노원구 공릉동
노원구,공릉동,씨엠아파트,씨엠아파트,씨엠아파트,서울 노원구 공릉동 568-6,서울 노원구 동일로179길 12-32,37.622760345365606,127.07331065318532,3,씨엠아파트 노원구 공릉동
노원구,상계동,한창늘푸른,한창늘푸른,한창늘푸른아파트,서울 노원구 상계동 925-1,서울 노원구 수락산로 250,37.671340577139375,127.05085748521088,3,한창늘푸른 노원구 상계동
노원구,상계동,현대4차,현대4차,현대4차아파트,서울 노원구 상계동 1271,서울 노원구 동일로231다길 23,37.67310836512354,127.050704533232,3,현대4차 노원구 상계동
노원구,중계동,한신월드,한신월드,한신월드아파트,서울 노원구 중계동 68-1,서울 노원구 중계로8길 120,37.64844413571468,127.08368261942375,3,한신월드 노원구 중계동
노원구,상계동,건영,건영,건영아파트,서울 노원구 상계동 1321,서울 노원구 덕릉로115다길 40,37.668674966047035,127.07815368937084,3,건영 노원구 상계동
노원구,공릉동,주완위즈빌,주완위즈빌,주완위즈빌아파트,서울 노원구 공릉동 351-2,서울 노원구 공릉로39길 11,37.62354699584355,127.07876568889556,3,주완위즈빌 노원구 공릉동
노원구,공릉동,서진프라자아파트,서진프라자아파트,서진프라자아파트,서울 노원구 공릉동 492-3,서울 노원구 동일로173가길 115,37.62337032005767,127.07183526294396,3,서진프라자아파트 노원구 공릉동
노원구,공릉동,라메즈아파트,라메즈아파트,라메즈아파트,서울 노원구 공릉동 575-24,서울 노원구 동일로177길 12-25,37.62142686462713,127.07334219298052,3,라메즈아파트 노원구 공릉동
노원구,상계동,센트럴타워,센트럴타워,상계센트럴타워아파트,서울 노원구 상계동 581-2,서울 노원구 상계로1길 54-4,37.65833429090973,127.0616239654096,3,센트럴타워 노원구 상계동
노원구,중계동,화인상가,화인상가,화인상가아파트,서울 노원구 중계동 579,서울 노원구 중계로 160,37.64943144787617,127.0813426229411,3,화인상가 노원구 중계동
노원구,월계동,한일2,한일2,월계2차한일아파트 전기차충전소,서울 노원구 월계동 927,서울 노원구 석계로13길 6-10,37.62117929366904,127.06199426996196,3,한일2 노원구 월계동
노원구,상계동,센트럴,센트럴,노원센트럴푸르지오아파트,서울 노원구 상계동 1355,서울 노원구 수락산로 12,37.66516332869758,127.0747815511486,3,센트럴 노원구 상계동
노원구,공릉동,하늘공원아파트(102동),하늘공원아파트,하늘공원아파트,서울 노원구 공릉동 222,서울 노원구 공릉로 170,37.62526053265392,127.08031035818776,3,하늘공원아파트 노원구 공릉동
노원구,공릉동,청수대아파트,청수대아파트,청수대아파트,서울 노원구 공릉동 270-47,서울 노원구 노원로1길 121,37.62033361712276,127.0807762680046,3,청수대아파트 노원구 공릉동
노원구,상계동,북부현대,북부현대,북부현대아파트,서울 노원구 상계동 1273,서울 노원구 동일로237바길 17,37.674434709542595,127.05046512565282,3,북부현대 노원구 상계동
노원구,공릉동,백영아파트,백영아파트,백영아파트,서울 노원구 공릉동 593-6,서울 노원구 동일로176길 19-15,37.620823465181566,127.07577922146012,3,백영아파트 노원구 공릉동
노원구,하계동,청구3,청구3,청구3차휘트니스센터,서울 노원구 중계동 360-2,서울 노원구 중계로 225,37.6503086476406,127.075087341044,2,청구3 노원구
노원구,월계동,우남푸르미아,우남푸르미아,월계동우남푸르미아아파트,서울 노원구 월계동 946,서울 노원구 초안산로2길 91,37.63280631281186,127.05705766187457,3,우남푸르미아 노원구 월계동
노원구,공릉동,동아하이빌아파트101동,동아하이빌아파트,동아하이빌아파트,서울 노원구 공릉동 609-3,서울 노원구 섬밭로 22,37.618770277143014,127.07265543708309,3,동아하이빌아파트 노원구 공릉동
노원구,중계동,비콘드림힐(602),비콘드림힐,비콘드림힐1차아파트,서울 노원구 중계동 602,서울 노원구 덕릉로82길 13,37.65840971515097,127.07597040227694,3,비콘드림힐 노원구 중계동
노원구,공릉동,플라체76,플라체76,플라체76,서울 노원구 공릉동 661-20,서울 노원구 동일로174길 38,37.61899057570597,127.07759760329904,3,플라체76 노원구 공릉동
노원구,공릉동,서일이츠뷰,서일이츠뷰,서일이츠뷰아파트,서울 노원구 공릉동 371-11,서울 노원구 동일로192가길 26,37.62752083668882,127.07382849845882,3,서일이츠뷰 노원구 공릉동
노원구,상계동,우림루미아트201동,우림루미아트,우림루미아트아파트,서울 노원구 상계동 1306,서울 노원구 동일로230가길 71,37.674760148337825,127.05604124493908,3,우림루미아트 노원구 상계동
노원구,월계동,삼능스페이스향,삼능스페이스향,삼능스페이스향아파트,서울 노원구 월계동 380-1,서울 노원구 석계로18길 23,37.62401094140532,127.06055800094596,3,삼능스페이스향 노원구 월계동
노원구,공릉동,탑스빌아파트(102동),탑스빌아파트,탑스빌아파트,서울 노원구 공릉동 690-10,서울 노원구 섬밭로 5,37.61727744490217,127.07248521665764,3,탑스빌아파트 노원구 공릉동
노원구,공릉동,신한양아파트,신한양아파트,신한양아파트,서울 노원구 공릉동 400-8,서울 노원구 동일로173가길 140,37.62444056766201,127.07204019297738,3,신한양아파트 노원구 공릉동
노원구,공릉동,서로퍼스트빌,서로퍼스트빌,서로퍼스트빌아파트,서울 노원구 공릉동 351-1,서울 노원구 공릉로39길 21,37.62362567572266,127.0783239931262,3,서로퍼스트빌 노원구 공릉동
노원구,공릉동,탑스빌아파트(101동),탑스빌아파트,탑스빌아파트,서울 노원구 공릉동 690-10,서울 노원구 섬밭로 5,37.61727744490217,127.07248521665764,3,탑스빌아파트 노원구 공릉동
노원구,상계동,D.S아파트,D.S아파트,딥크루아상,서울 노원구 상계동 1117-12,서울 노원구 동일로242나길 21,37.67678709408167,127.05658008355942,3,D.S아파트 노원구 상계동
노원구,공릉동,우성2차아파트101동,우성2차아파트,우성2차아파트,서울 노원구 공릉동 569-28,서울 노원구 동일로179길 12-7,37.62223070785325,127.0730801858474,3,우성2차아파트 노원구 공릉동
노원구,공릉동,신대림아파트,신대림아파트,신대림아파트,서울 노원구 공릉동 379-9,서울 노원구 동일로193길 8,37.626255168459096,127.07201815532068,3,신대림아파트 노원구 공릉동
노원구,월계동,현대(289-5),현대,현대아파트,서울 노원구 월계동 929,서울 노원구 석계로 49,37.61878497245975,127.06274552257356,3,현대 노원구 월계동
노원구,상계동,보미,보미,노원역보미더클래스오피스텔,서울 노원구 상계동 706-2,서울 노원구 상계로 32,37.655002213007,127.058570522173,3,보미 노원구 상계동
노원구,상계동,포레나노원,포레나노원,포레나노원아파트,서울 노원구 상계동 680,서울 노원구 노원로38길 76,37.6639767814915,127.06230072359187,3,포레나노원 노원구 상계동
노원구,월계동,월계센트럴아이파크,월계센트럴아이파크,월계센트럴아이파크아파트,서울 노원구 월계동 951,서울 노원구 초안산로2라길 26,37.63008887123446,127.05719832521824,3,월계센트럴아이파크 노원구 월계동
노원구,공릉동,청우씨티아파트,청우씨티아파트,청우시티아파트,서울 노원구 공릉동 569-20,서울 노원구 동일로173가길 90,37.6222912944048,127.07272343019508,3,청우씨티아파트 노원구 공릉동
노원구,월계동,송암,송암,송암아파트,서울 노원구 월계동 496-2,서울 노원구 광운로3길 20-5,37.6196879907719,127.056966080257,3,송암 노원구 월계동
노원구,상계동,현대하이츠,현대하이츠,현대하이츠아파트,서울 노원구 상계동 90-1,서울 노원구 덕릉로109길 27,37.6666073545427,127.076569268348,3,현대하이츠 노원구 상계동
노원구,상계동,삼성,삼성,삼성전자서비스 노원센터,서울 노원구 상계동 1049-36,서울 노원구 동일로 1637,37.6745624550324,127.054931360441,3,삼성 노원구 상계동
노원구,공릉동,탑스빌아파트,탑스빌아파트,탑스빌아파트,서울 노원구 공릉동 690-10,서울 노원구 섬밭로 5,37.61727744490217,127.07248521665764,3,탑스빌아파트 노원구 공릉동
노원구,상계동,노원센트럴푸르지오,노원센트럴푸르지오,노원센트럴푸르지오아파트,서울 노원구 상계동 1355,서울 노원구 수락산로 12,37.66516332869758,127.0747815511486,3,노원센트럴푸르지오 노원구 상계동
노원구,상계동,불암신기101동,불암신기,신기아파트,서울 노원구 상계동 107-984,서울 노원구 덕릉로118길 17,37.6677692407732,127.0798574284058,3,불암신기 노원구 상계동
노원구,공릉동,엘림타운,엘림타운,엘림타운아파트,서울 노원구 공릉동 379-2,서울 노원구 동일로193가길 27,37.62710796752738,127.07125092685088,3,엘림타운 노원구 공릉동
노원구,상계동,동일씨티빌,동일씨티빌,동일씨티빌,서울 노원구 상계동 1116-60,서울 노원구 동일로242라길 19,37.67638106724988,127.05778929208952,3,동일씨티빌 노원구 상계동
노원구,중계동,중앙하이츠아쿠아,중앙하이츠아쿠아,중앙하이츠아쿠아아파트,서울 노원구 중계동 514,서울 노원구 공릉로 430,37.645003576533256,127.06778149693004,3,중앙하이츠아쿠아 노원구 중계동
노원구,상계동,수락파크,수락파크,수락파크,서울 노원구 상계동 1121-23,서울 노원구 동일로242길 55-10,37.675218322973,127.05876324338676,3,수락파크 노원구 상계동
노원구,공릉동,남광아파트,남광아파트,남광아파트,서울 노원구 공릉동 684-22,서울 노원구 화랑로 415-5,37.61733996592323,127.07337215857962,3,남광아파트 노원구 공릉동
노원구,상계동,보람그린102동,보람그린,보람그린아파트,서울 노원구 상계동 1090-2,서울 노원구 동일로237마길 23,37.67449550350972,127.05155789857594,3,보람그린 노원구 상계동
노원구,공릉동,태릉해링턴플레이스,태릉해링턴플레이스,태릉해링턴플레이스아파트,서울 노원구 공릉동 758,서울 노원구 공릉로34길 86,37.62602328995329,127.083452440108,3,태릉해링턴플레이스 노원구 공릉동
노원구,공릉동,화랑대디오베이션,화랑대디오베이션,화랑대디오베이션아파트,서울 노원구 공릉동 760,서울 노원구 노원로1길 95,37.62028040820269,127.08215472500508,3,화랑대디오베이션 노원구 공릉동
노원구,공릉동,테라파크뷰,테라파크뷰,테라파크뷰,서울 노원구 공릉동 366-15,서울 노원구 동일로192다길 51,37.62876386412241,127.07435989905412,3,테라파크뷰 노원구 공릉동
노원구,하계동,아주,아주,아주아파트,서울 노원구 하계동 167-10,서울 노원구 공릉로58길 111,37.63595724350399,127.07450302140414,3,아주 노원구 하계동
노원구,공릉동,태릉입구역이니티움,태릉입구역이니티움,태릉입구역이니티움아파트,서울 노원구 공릉동 684-41,,37.6174874495377,127.073818576675,3,태릉입구역이니티움 노원구 공릉동
노원구,공릉동,남광미르빌,남광미르빌,남광미르빌,서울 노원구 공릉동 684-60,서울 노원구 화랑로 415-9,37.61749316053354,127.07332926753767,3,남광미르빌 노원구 공릉동
노원구,상계동,노원롯데캐슬시그니처,노원롯데캐슬시그니처,노원롯데캐슬시그니처아파트,서울 노원구 상계동 1410,서울 노원구 덕릉로 753,37.66478301276607,127.0777268535902,3,노원롯데캐슬시그니처 노원구 상계동
노원구,공릉동,새울센스빌아파트,새울센스빌아파트,새울센스빌아파트,서울 노원구 공릉동 589-3,서울 노원구 동일로176길 47-14,37.621006038774006,127.07766766165452,3,새울센스빌아파트 노원구 공릉동
노원구,월계동,광운대역현대프라힐스,광운대역현대프라힐스,광운대역현대프라힐스아파트 (2026년06월예정),서울 노원구 월계동 410-3,,37.6223971617009,127.060775312141,3,광운대역현대프라힐스 노원구 월계동
은평구,대조동,호림리슈리안,호림리슈리안,호림리슈리안아파트,서울 은평구 대조동 172-133,서울 은평구 서오릉로 102,37.60925338648198,126.920735210357,3,호림리슈리안 은평구 대조동
은평구,불광동,북한산래미안아파트(2단지),북한산래미안아파트,북한산래미안아파트,서울 은평구 불광동 638,서울 은평구 진흥로 267,37.6116342183327,126.937993267704,3,북한산래미안아파트 은평구 불광동
은평구,갈현동,라이프시티,라이프시티,라이프씨티아파트,서울 은평구 갈현동 267-1,서울 은평구 갈현로29길 61,37.62299779653625,126.9104306585964,3,라이프시티 은평구 갈현동
은평구,증산동,베로니스,베로니스,베로니스아파트,서울 은평구 증산동 257,서울 은평구 증산로 315,37.58511849502821,126.9105847536086,3,베로니스 은평구 증산동
은평구,신사동,뉴신사신성,뉴신사신성,뉴신사신성아파트,서울 은평구 신사동 356,서울 은평구 은평터널로 163,37.59349613154625,126.9062130760376,3,뉴신사신성 은평구 신사동
은평구,응암동,백련산힐스테이트1차,백련산힐스테이트1차,백련산힐스테이트1차아파트,서울 은평구 응암동 759,서울 은평구 백련산로2길 19,37.59248253531061,126.92515988902584,3,백련산힐스테이트1차 은평구 응암동
은평구,불광동,북한산한양수자인아파트,북한산한양수자인아파트,북한산한양수자인아파트,서울 은평구 불광동 636,서울 은평구 불광로 170,37.62168964725651,126.93217171157754,3,북한산한양수자인아파트 은평구 불광동
은평구,역촌동,무궁화,무궁화,무궁화아파트,서울 은평구 역촌동 62-16,서울 은평구 역말로6길 11,37.604869545001804,126.9148056585596,3,무궁화 은평구 역촌동
은평구,응암동,응암푸르지오,응암푸르지오,응암푸르지오아파트,서울 은평구 응암동 176,서울 은평구 백련산로 146,37.597416985960656,126.92614690202872,3,응암푸르지오 은평구 응암동
은평구,불광동,북한산대창센시티,북한산대창센시티,북한산대창센시티아파트,서울 은평구 불광동 71-16,서울 은평구 불광로 208,37.62539289638417,126.9294269876568,3,북한산대창센시티 은평구 불광동
은평구,녹번동,북한산푸르지오,북한산푸르지오,북한산푸르지오아파트,서울 은평구 녹번동 281,서울 은평구 통일로 660,37.60683748279,126.93654536993654,3,북한산푸르지오 은평구 녹번동
은평구,신사동,라이프씨티,라이프씨티,라이프씨티아파트,서울 은평구 신사동 354,서울 은평구 갈현로3다길 15,37.60237559755064,126.90533674311764,3,라이프씨티 은평구 신사동
은평구,신사동,삼부,삼부,삼부건강랜드 보석사우나,서울 은평구 신사동 361,서울 은평구 증산로21길 11,37.59588558958514,126.91332233852847,3,삼부 은평구 신사동
은평구,역촌동,위산엘리시움,위산엘리시움,위산엘리시움2차아파트,서울 은평구 역촌동 17-17,서울 은평구 진흥로9길 2,37.605520516572255,126.92198151469844,3,위산엘리시움 은평구 역촌동
은평구,대조동,효민아크로뷰,효민아크로뷰,효민아크로뷰아파트,서울 은평구 대조동 12-8,서울 은평구 불광로 9-1,37.609761407575434,126.9275300061868,3,효민아크로뷰 은평구 대조동
은평구,불광동,대호프라자아파트,대호프라자아파트,대호프라자아파트,서울 은평구 불광동 631-1,서울 은평구 불광로 90,37.61475603936994,126.93286211947732,3,대호프라자아파트 은평구 불광동
은평구,구산동,갈현1단지e-편한세상,갈현1단지e-편한세상,갈현1단지e편한세상아파트,서울 은평구 구산동 547,서울 은평구 서오릉로21길 47,37.61175734494262,126.90614484493273,3,갈현1단지e-편한세상 은평구 구산동
은평구,증산동,인우,인우,인우아파트,서울 은평구 증산동 252,서울 은평구 증산로5길 2,37.58265309298269,126.90787055448594,3,인우 은평구 증산동
은평구,갈현동,현재트윈빌,현재트윈빌,현재트윈빌아파트,서울 은평구 갈현동 542-1,서울 은평구 서오릉로20길 5-10,37.61669660999052,126.90849910221218,3,현재트윈빌 은평구 갈현동
은평구,갈현동,힐튼,힐튼,스카이힐튼,서울 은평구 갈현동 520-42,서울 은평구 갈현로21길 16-7,37.61645589881915,126.91185659329156,3,힐튼 은평구 갈현동
은평구,역촌동,역촌센트레빌,역촌센트레빌,역촌센트레빌아파트,서울 은평구 역촌동 232,서울 은평구 갈현로3나길 23,37.6031149300734,126.90598810032331,3,역촌센트레빌 은평구 역촌동
은평구,응암동,백련산힐스테이트2차,백련산힐스테이트2차,백련산힐스테이트2차아파트,서울 은평구 응암동 760,서울 은평구 백련산로 38,37.59125998898949,126.92390655209836,3,백련산힐스테이트2차 은평구 응암동
은평구,불광동,북한산힐스테이트1차아파트,북한산힐스테이트1차아파트,북한산힐스테이트1차아파트,서울 은평구 불광동 635,서울 은평구 불광로2길 33,37.61264640868765,126.93700933079246,3,북한산힐스테이트1차아파트 은평구 불광동
은평구,구산동,경남아너스빌,경남아너스빌,경남아너스빌아파트,서울 은평구 구산동 224,서울 은평구 갈현로11길 46,37.60556153457049,126.9053825355327,3,경남아너스빌 은평구 구산동
은평구,역촌동,센타폴리스,센타폴리스,센타폴리스아파트,서울 은평구 역촌동 85-12,서울 은평구 연서로 9,37.60014527723636,126.9155357881654,3,센타폴리스 은평구 역촌동
은평구,녹번동,현재맨션,현재맨션,현재맨션,서울 은평구 녹번동 35-122,서울 은평구 통일로53길 9-24,37.60305807387735,126.93371064985524,3,현재맨션 은평구 녹번동
은평구,구산동,엔에스아파트,엔에스아파트,엔에스아파트,서울 은평구 구산동 26-41,서울 은평구 갈현로15길 4,37.60770701422058,126.91028364917425,3,엔에스아파트 은평구 구산동
은평구,신사동,은평신사두산위브,은평신사두산위브,은평신사두산위브2차아파트,서울 은평구 신사동 371,서울 은평구 가좌로12길 15,37.59876948545684,126.90716672319512,3,은평신사두산위브 은평구 신사동
은평구,진관동,은평뉴타운 제각말 푸르지오(5-4단지),은평뉴타운 제각말 푸르지오,은평뉴타운제각말5단지아파트(529~542동),서울 은평구 진관동 92,서울 은평구 연서로 455,37.6362248286689,126.932996889483,3,은평뉴타운 제각말 푸르지오 은평구 진관동
은평구,신사동,신사성원,신사성원,신사성원아파트,서울 은평구 신사동 360,서울 은평구 갈현로4길 26-5,37.600446390536895,126.91330232628007,3,신사성원 은평구 신사동
은평구,응암동,서안에이스,서안에이스,서안에이스아파트,서울 은평구 응암동 97-3,서울 은평구 백련산로 173,37.60029597041551,126.92665817151648,3,서안에이스 은평구 응암동
은평구,응암동,대주피오레,대주피오레,대주피오레아파트,서울 은평구 응암동 669-1,서울 은평구 백련산로 6,37.58657451570835,126.92342220965163,3,대주피오레 은평구 응암동
은평구,불광동,청송,청송,청송하이츠맨션,서울 은평구 불광동 8-54,서울 은평구 불광로6길 13,37.614064513685534,126.93362839309076,3,청송 은평구 불광동
은평구,응암동,녹번역센트레빌,녹번역센트레빌,녹번역센트레빌아파트,서울 은평구 응암동 762,서울 은평구 백련산로 160,37.59861745245784,126.92670284984136,3,녹번역센트레빌 은평구 응암동
은평구,응암동,우성,우성,응암우성아파트,서울 은평구 응암동 694-1,서울 은평구 가좌로7나길 30,37.58395088659384,126.91814448118896,3,우성 은평구 응암동
은평구,응암동,응암동금호,응암동금호,응암금호아파트,서울 은평구 응암동 739,서울 은평구 응암로 318,37.59921284885765,126.92223156668015,3,응암동금호 은평구 응암동
은평구,신사동,구암,구암,구암아파트,서울 은평구 신사동 366,서울 은평구 증산로17길 6-46,37.591502115544486,126.91311795093272,3,구암 은평구 신사동
은평구,응암동,응암아네스트,응암아네스트,응암아네스트,서울 은평구 응암동 88-8,서울 은평구 은평로 123,37.60054042458915,126.9214997765059,3,응암아네스트 은평구 응암동
은평구,신사동,현대1,현대1,갈현현대아파트,서울 은평구 구산동 382,서울 은평구 서오릉로21길 36,37.61298220386136,126.9055362295576,2,현대1 은평구 신사동
은평구,증산동,DMC덕원,DMC덕원,DMC덕원아파트,서울 은평구 증산동 220-1,서울 은평구 증산로 221,37.57878621213378,126.9035869761233,3,DMC덕원 은평구 증산동
은평구,갈현동,역촌맨션,역촌맨션,거성파크맨션,서울 은평구 갈현동 492-4,서울 은평구 연서로19길 32-9,37.61490803539763,126.91435021473808,3,역촌맨션 은평구 갈현동
은평구,역촌동,소망,소망,소망빌리지,서울 은평구 역촌동 2-88,서울 은평구 연서로16길 23,37.6090009335223,126.91914765120738,3,소망 은평구 역촌동
은평구,응암동,삼흥리치,삼흥리치,삼흥리치아파트,서울 은평구 응암동 117-54,서울 은평구 응암로 279,37.596826021410784,126.9193929603029,3,삼흥리치 은평구 응암동
은평구,수색동,e편한세상 수색 에코포레,e편한세상 수색 에코포레,e편한세상수색에코포레아파트,서울 은평구 수색동 415-1,서울 은평구 은평터널로 65,37.5868453324905,126.90002144817922,3,e편한세상 수색 에코포레 은평구 수색동
은평구,역촌동,만민라이프(A동),만민라이프,만민라이프아파트,서울 은평구 역촌동 52-15,서울 은평구 갈현로 97,37.60659084066521,126.9104843111424,3,만민라이프 은평구 역촌동
은평구,신사동,이랜드타운아파트,이랜드타운아파트,이랜드타운아파트,서울 은평구 신사동 367,서울 은평구 은평터널로 121-6,37.590596665048,126.90387971912232,3,이랜드타운아파트 은평구 신사동
은평구,갈현동,미미,미미,미미아파트,서울 은평구 갈현동 538,서울 은평구 갈현로29길 11,37.618970893004914,126.9135300135532,3,미미 은평구 갈현동
은평구,응암동,벧엘블레스빌,벧엘블레스빌,벧엘블레스빌아파트,서울 은평구 응암동 119-16,서울 은평구 응암로 263,37.595480133570135,126.91836285100372,3,벧엘블레스빌 은평구 응암동
은평구,갈현동,베로니스,베로니스,베로니스아파트,서울 은평구 갈현동 468-5,서울 은평구 연서로17길 9,37.612653252990974,126.91615023637132,3,베로니스 은평구 갈현동
은평구,응암동,해태드림타운,해태드림타운,해태드림아파트,서울 은평구 응암동 738,서울 은평구 은평로 82,37.59906872806406,126.91699552821956,3,해태드림타운 은평구 응암동
은평구,증산동,DMC문영퀸즈파크아파트,DMC문영퀸즈파크아파트,DMC문영퀸즈파크아파트,서울 은평구 증산동 254,서울 은평구 증산로13길 44-5,37.58757241699598,126.90774674080627,3,DMC문영퀸즈파크아파트 은평구 증산동
은평구,신사동,임탑(364)101동,임탑,임탑아파트,서울 은평구 신사동 364,서울 은평구 갈현로5길 25-11,37.60173654111449,126.9084404221166,3,임탑 은평구 신사동
은평구,불광동,불광롯데캐슬,불광롯데캐슬,불광롯데캐슬아파트,서울 은평구 불광동 645,서울 은평구 불광로 64,37.61291283426176,126.93324546400952,3,불광롯데캐슬 은평구 불광동
은평구,대조동,주주베에이,주주베에이,주주베에이,서울 은평구 대조동 9-14,서울 은평구 통일로67길 9,37.6106413767973,126.928520150385,3,주주베에이 은평구 대조동
은평구,구산동,이안,이안,이안아파트,서울 은평구 구산동 308-81,서울 은평구 서오릉로25길 22,37.61692478089482,126.90423547403677,3,이안 은평구 구산동
은평구,대조동,미래하임,미래하임,미래하임아파트,서울 은평구 대조동 9-46,서울 은평구 불광로1길 12,37.610042307579135,126.92719109815518,3,미래하임 은평구 대조동
은평구,불광동,북한산현대홈타운,북한산현대홈타운,북한산현대홈타운아파트,서울 은평구 불광동 633,서울 은평구 불광로2길 7,37.6118842620293,126.933879500139,3,북한산현대홈타운 은평구 불광동
은평구,구산동,신호(199-24),신호,신호아파트,서울 은평구 구산동 199-24,서울 은평구 서오릉로 181,37.61294291807265,126.91303411751151,3,신호 은평구 구산동
은평구,증산동,디오반,디오반,디오반,서울 은평구 증산동 173-1,서울 은평구 증산로 291,37.58347987056278,126.90859977717156,3,디오반 은평구 증산동
은평구,응암동,신동아,신동아,신동아아파트,서울 은평구 응암동 197-78,서울 은평구 백련산로 127,37.596986417932506,126.923484011743,3,신동아 은평구 응암동
은평구,신사동,연세,연세,연세아파트,서울 은평구 신사동 11-22,서울 은평구 갈현로5길 29-15,37.60113662957246,126.90863140470915,3,연세 은평구 신사동
은평구,불광동,북한산현대힐스테이트3차아파트,북한산현대힐스테이트3차아파트,북한산현대힐스테이트3차아파트,서울 은평구 불광동 641,서울 은평구 불광로 122-10,37.61848006782477,126.93490667114352,3,북한산현대힐스테이트3차아파트 은평구 불광동
은평구,녹번동,녹번현대아파트,녹번현대아파트,녹번현대2차아파트,서울 은평구 녹번동 278-1,서울 은평구 서오릉로 46,37.60526294577095,126.9249330464451,3,녹번현대아파트 은평구 녹번동
은평구,구산동,한국프라우드,한국프라우드,한국프라우드아파트,서울 은평구 구산동 225,서울 은평구 갈현로15길 28-17,37.6087898201193,126.907709215443,3,한국프라우드 은평구 구산동
은평구,대조동,삼성타운,삼성타운,삼성타운아파트,서울 은평구 대조동 231,서울 은평구 서오릉로 94,37.609029702508806,126.9217275569109,3,삼성타운 은평구 대조동
은평구,대조동,뉴캐슬,뉴캐슬,뉴캐슬,서울 은평구 대조동 9-29,서울 은평구 불광로1길 2-6,37.6105384943372,126.928240504643,3,뉴캐슬 은평구 대조동
은평구,신사동,명남더블레스(19-162),명남더블레스,명남더블레스,서울 은평구 신사동 200-9,서울 은평구 은평터널로 173-17,37.59449498303032,126.906911598888,3,명남더블레스 은평구 신사동
은평구,대조동,정익제이원아파트(15-114),정익제이원아파트,정익제이원아파트(6-26),서울 은평구 대조동 6-26,서울 은평구 통일로67길 12-6,37.6109076717563,126.927866400761,3,정익제이원아파트 은평구 대조동
은평구,구산동,갈현현대,갈현현대,갈현현대아파트,서울 은평구 구산동 382,서울 은평구 서오릉로21길 36,37.61298220386136,126.9055362295576,3,갈현현대 은평구 구산동
은평구,갈현동,인우(281-236),인우,인우주택,서울 은평구 갈현동 499-38,서울 은평구 갈현로 228-2,37.617377524966905,126.91543474654338,3,인우 은평구 갈현동
은평구,응암동,남청파인힐,남청파인힐,남청파인힐아파트,서울 은평구 응암동 742-3,서울 은평구 응암로 142-32,37.583671865646465,126.91598802109804,3,남청파인힐 은평구 응암동
은평구,신사동,미성,미성,미성아파트,서울 은평구 신사동 140-1,서울 은평구 증산로15길 35-10,37.58943191090732,126.90754969915828,3,미성 은평구 신사동
은평구,응암동,삼영N-CITY,삼영N-CITY,삼영N-CITY아파트,서울 은평구 응암동 96-19,서울 은평구 은평로 164,37.601038867229946,126.92598478262798,3,삼영N-CITY 은평구 응암동
은평구,불광동,윤현(484-90),윤현,윤현아파트,서울 은평구 불광동 484-90,서울 은평구 통일로82길 44,37.6235026125881,126.920883201017,3,윤현 은평구 불광동
은평구,신사동,정은노블스A,정은노블스A,정은노블스아파트 A동,서울 은평구 신사동 23-9,서울 은평구 증산로 463-3,37.59791217343015,126.914910976156,3,정은노블스A 은평구 신사동
은평구,갈현동,갈현건영,갈현건영,갈현건영아파트,서울 은평구 갈현동 541-1,서울 은평구 갈현로45길 57,37.628953732928906,126.91340063318626,3,갈현건영 은평구 갈현동
은평구,갈현동,코오롱하늘채,코오롱하늘채,코오롱하늘채아파트,서울 은평구 갈현동 545,서울 은평구 갈현로29길 62,37.623139092625784,126.91141372358015,3,코오롱하늘채 은평구 갈현동
은평구,불광동,북한산힐스테이트7차,북한산힐스테이트7차,북한산힐스테이트7차아파트,서울 은평구 불광동 643,서울 은평구 통일로 796,37.61653271632597,126.92668526757278,3,북한산힐스테이트7차 은평구 불광동
은평구,녹번동,유일아트리움,유일아트리움,유일아트리움아파트,서울 은평구 녹번동 176-22,서울 은평구 응암로 351,37.60239607964748,126.92227921316837,3,유일아트리움 은평구 녹번동
은평구,갈현동,우남,우남,우남아파트,서울 은평구 갈현동 540,서울 은평구 서오릉로 258,37.61794582525962,126.9067668365712,3,우남 은평구 갈현동
은평구,불광동,라이프미성,라이프미성,미성아파트,서울 은평구 불광동 248,서울 은평구 통일로 780,37.61492995473932,126.9283087734064,3,라이프미성 은평구 불광동
은평구,녹번동,녹번JR아파트,녹번JR아파트,녹번JR아파트,서울 은평구 녹번동 280-1,서울 은평구 통일로 586-19,37.60007267945438,126.9379213306073,3,녹번JR아파트 은평구 녹번동
은평구,갈현동,한솔,한솔,한솔아파트,서울 은평구 갈현동 539,서울 은평구 갈현로23길 41,37.618034779662075,126.90993370211308,3,한솔 은평구 갈현동
은평구,구산동,대림e-편한세상2,대림e-편한세상2,e편한세상수색에코포레아파트,서울 은평구 수색동 415-1,서울 은평구 은평터널로 65,37.5868453324905,126.90002144817922,2,대림e-편한세상2 은평구
은평구,불광동,경인에버빌(285-18),경인에버빌,경인에버빌,서울 은평구 불광동 316-3,서울 은평구 연서로 268,37.6202308262883,126.92454986730912,3,경인에버빌 은평구 불광동
은평구,불광동,청나아파트,청나아파트,청나아파트,서울 은평구 불광동 330-14,서울 은평구 통일로72길 30-53,37.61736693423457,126.926529272526,3,청나아파트 은평구 불광동
은평구,역촌동,한국리치빌,한국리치빌,한국리치빌아파트,서울 은평구 역촌동 231,서울 은평구 연서로3가길 13-11,37.60315721589773,126.9141870256364,3,한국리치빌 은평구 역촌동
은평구,진관동,은평뉴타운엘크루,은평뉴타운엘크루,은평뉴타운엘크루아파트,서울 은평구 진관동 65,서울 은평구 진관3로 21,37.63949493539601,126.91929476460427,3,은평뉴타운엘크루 은평구 진관동
은평구,불광동,대광월드,대광월드,대광월드빌라,서울 은평구 불광동 391-67,서울 은평구 통일로88가길 3-9,37.62428274810891,126.9207056611299,3,대광월드 은평구 불광동
은평구,역촌동,서안,서안,서안에이스빌,서울 은평구 역촌동 31-19,서울 은평구 진흥로1길 32-20,37.60321698610333,126.9197427888475,3,서안 은평구 역촌동
은평구,응암동,백련산힐스테이트3차,백련산힐스테이트3차,백련산힐스테이트3차아파트,서울 은평구 응암동 761,서울 은평구 백련산로 36,37.58798770406723,126.9240910395727,3,백련산힐스테이트3차 은평구 응암동
은평구,대조동,정익제이원,정익제이원,정익제이원오피스텔,서울 은평구 대조동 4-6,서울 은평구 통일로 745-4,37.61168989137041,126.92813067016564,3,정익제이원 은평구 대조동
은평구,응암동,조이팰리스(90-23),조이팰리스,조이팰리스아파트,서울 은평구 응암동 90-23,서울 은평구 은평로 103,37.60005778104368,126.91925471716368,3,조이팰리스 은평구 응암동
은평구,진관동,은평뉴타운 제각말 푸르지오(5-1단지),은평뉴타운 제각말 푸르지오,은평뉴타운제각말5단지아파트(529~542동),서울 은평구 진관동 92,서울 은평구 연서로 455,37.6362248286689,126.932996889483,3,은평뉴타운 제각말 푸르지오 은평구 진관동
은평구,대조동,유성아이비아파트,유성아이비아파트,유성아이비아파트,서울 은평구 대조동 14-320,서울 은평구 불광로 16-15,37.609502623840605,126.92868093004488,3,유성아이비아파트 은평구 대조동
은평구,불광동,대호아파트,대호아파트,대호아파트,서울 은평구 불광동 629,서울 은평구 불광로 98-8,37.61490775683374,126.9334826664686,3,대호아파트 은평구 불광동
은평구,진관동,힐데스하임,힐데스하임,은평뉴타운힐데스하임아파트,서울 은평구 진관동 64,서울 은평구 진관3로 11,37.63948071085649,126.91826374382028,3,힐데스하임 은평구 진관동
은평구,갈현동,갈현동현대,갈현동현대,갈현동현대아파트상가,서울 은평구 갈현동 537,서울 은평구 갈현로33길 24,37.62152096696624,126.91391218965258,3,갈현동현대 은평구 갈현동
은평구,신사동,회림,회림,회림아파트,서울 은평구 신사동 39-2,서울 은평구 가좌로 303,37.594868340716886,126.9108629653788,3,회림 은평구 신사동
은평구,응암동,자선메르시안(400),자선메르시안,자선메르시안아파트,서울 은평구 응암동 400,서울 은평구 응암로18길 18-9,37.591877350889376,126.92009238851196,3,자선메르시안 은평구 응암동
은평구,응암동,애필리움,애필리움,뉴월드애필리움,서울 은평구 응암동 599-15,서울 은평구 응암로 189-11,37.58874018193636,126.91631520248546,3,애필리움 은평구 응암동
은평구,신사동,형진,형진,형진아파트,서울 은평구 신사동 19-84,서울 은평구 가좌로12길 12,37.5980746197329,126.908059900805,3,형진 은평구 신사동
은평구,불광동,남해그린힐,남해그린힐,남해그린힐아파트,서울 은평구 불광동 632,서울 은평구 불광로6길 20,37.61376935723399,126.93428557308958,3,남해그린힐 은평구 불광동
은평구,신사동,현대2,현대2,하나로부동산공인중개사사무소,서울 은평구 신사동 355,서울 은평구 가좌로 344,37.597722209651266,126.90767193041948,3,현대2 은평구 신사동
은평구,갈현동,동광갈현베르빌,동광갈현베르빌,동광갈현베르빌아파트,서울 은평구 갈현동 465-12,서울 은평구 연서로 149,37.61223025436434,126.91680874795804,3,동광갈현베르빌 은평구 갈현동
은평구,대조동,대조리치빌III,대조리치빌III,대조리치빌III아파트,서울 은평구 대조동 4-8,서울 은평구 통일로 745-6,37.6116465085319,126.927908725363,3,대조리치빌III 은평구 대조동
은평구,갈현동,행운,행운,행운아파트,서울 은평구 갈현동 474-4,서울 은평구 연서로19길 16-7,37.61442426329513,126.91568273834504,3,행운 은평구 갈현동
은평구,응암동,응암하이포롬,응암하이포롬,응암하이포룸아파트,서울 은평구 응암동 117-22,서울 은평구 은평로8길 39,37.59692220188104,126.91906333944956,3,응암하이포롬 은평구 응암동
은평구,갈현동,유호루하스,유호루하스,유호루하스,서울 은평구 갈현동 548,서울 은평구 갈현로 300,37.623607456554055,126.91741909200758,3,유호루하스 은평구 갈현동
은평구,구산동,브라운스톤구산,브라운스톤구산,브라운스톤구산아파트,서울 은평구 구산동 159-10,서울 은평구 갈현로17길 17,37.61150388814018,126.90924390816195,3,브라운스톤구산 은평구 구산동
은평구,역촌동,코아,코아,코아아파트,서울 은평구 역촌동 79-50,서울 은평구 연서로3길 47,37.603006893439,126.91073548053328,3,코아 은평구 역촌동
은평구,응암동,백련산힐스테이트4차,백련산힐스테이트4차,힐스테이트백련산4차아파트,서울 은평구 응암동 764,서울 은평구 백련산로 37,37.589978385382494,126.92192527666944,3,백련산힐스테이트4차 은평구 응암동
은평구,응암동,뉴월드(402-112),뉴월드,뉴월드애필리움,서울 은평구 응암동 599-15,서울 은평구 응암로 189-11,37.58874018193636,126.91631520248546,3,뉴월드 은평구 응암동
은평구,구산동,경향파크,경향파크,경향파크아파트,서울 은평구 구산동 162-1,서울 은평구 갈현로15길 53,37.61057133798696,126.90576126224973,3,경향파크 은평구 구산동
은평구,구산동,한성산장,한성산장,한성산장아파트,서울 은평구 구산동 169-1,서울 은평구 갈현로15길 43,37.60911608272001,126.90669631624826,3,한성산장 은평구 구산동
은평구,응암동,재연,재연,재연아파트,서울 은평구 응암동 122-26,서울 은평구 응암로25길 22,37.59556583839968,126.91595313658182,3,재연 은평구 응암동
은평구,신사동,신성,신성,신성아파트,서울 은평구 신사동 155-1,서울 은평구 증산로15길 67-7,37.58977235396887,126.90511267017244,3,신성 은평구 신사동
은평구,역촌동,부호(102동),부호,부호아파트,서울 은평구 역촌동 58-4,서울 은평구 역말로4길 12-5,37.60433807982857,126.91250507846097,3,부호 은평구 역촌동
은평구,진관동,은평뉴타운솔하임,은평뉴타운솔하임,은평뉴타운솔하임,서울 은평구 진관동 60,서울 은평구 통일로 1080,37.63943680680423,126.91732113083756,3,은평뉴타운솔하임 은평구 진관동
은평구,대조동,벽산메트로시티,벽산메트로시티,벽산메트로시티,서울 은평구 대조동 4-11,서울 은평구 통일로 749-7,37.6115563626258,126.927831796731,3,벽산메트로시티 은평구 대조동
은평구,구산동,새천년드림,새천년드림,새천년드림1차아파트,서울 은평구 구산동 213-17,서울 은평구 갈현로 166,37.6127274633952,126.911661656334,3,새천년드림 은평구 구산동
은평구,응암동,디우아르떼,디우아르떼,디우아르떼아파트,서울 은평구 응암동 590-23,,37.589460566768,126.915740346147,3,디우아르떼 은평구 응암동
은평구,녹번동,해주드림빌,해주드림빌,해주드림빌아파트,서울 은평구 녹번동 279-1,서울 은평구 응암로 366,37.60380485377703,126.9230829305137,3,해주드림빌 은평구 녹번동
은평구,신사동,신사씨티,신사씨티,신사 라이프씨티아파트 관리사무소,서울 은평구 신사동 354,서울 은평구 갈현로3다길 15,37.6024546444286,126.905037677501,3,신사씨티 은평구 신사동
은평구,구산동,우공아트빌,우공아트빌,우공아트빌아파트,서울 은평구 구산동 26-4,서울 은평구 갈현로17나길 31,37.608870212693915,126.9103116980908,3,우공아트빌 은평구 구산동
은평구,역촌동,개성팰리스,개성팰리스,개성팰리스아파트,서울 은평구 역촌동 234,서울 은평구 갈현로11길 37,37.604938949222166,126.90651127675422,3,개성팰리스 은평구 역촌동
은평구,갈현동,갈현삼성,갈현삼성,갈현삼성아파트,서울 은평구 갈현동 544,서울 은평구 서오릉로 228,37.61543929401678,126.909098677776,3,갈현삼성 은평구 갈현동
은평구,불광동,북한산래미안아파트(1단지),북한산래미안아파트,북한산래미안아파트,서울 은평구 불광동 638,서울 은평구 진흥로 267,37.6116342183327,126.937993267704,3,북한산래미안아파트 은평구 불광동
은평구,역촌동,예청,예청,예청아파트,서울 은평구 역촌동 36-14,서울 은평구 연서로 22,37.601063163342126,126.916488251402,3,예청 은평구 역촌동
은평구,녹번동,월든힐스,월든힐스,월든힐스아파트,서울 은평구 녹번동 29-106,서울 은평구 통일로57길 14-1,37.60473706545391,126.9329073643394,3,월든힐스 은평구 녹번동
은평구,신사동,청운제일(362-0),청운제일,청운제일아파트,서울 은평구 신사동 362,서울 은평구 증산로 417,37.59362452667081,126.91390357208113,3,청운제일 은평구 신사동
은평구,응암동,대운브랜뉴,대운브랜뉴,대운브랜뉴아파트,서울 은평구 응암동 118-12,서울 은평구 응암로29길 10,37.5966116176524,126.918130614138,3,대운브랜뉴 은평구 응암동
은평구,응암동,다원(107-4),다원,다원부동산,서울 은평구 응암동 4-7,서울 은평구 은평로20길 6,37.60046207870575,126.93328150313178,3,다원 은평구 응암동
은평구,역촌동,엔에스,엔에스,엔에스아파트,서울 은평구 역촌동 46-29,서울 은평구 연서로9길 17,37.60738027011213,126.91311307567506,3,엔에스 은평구 역촌동
은평구,증산동,DMC우방,DMC우방,DMC우방아파트,서울 은평구 증산동 244,서울 은평구 증산로3길 26-1,37.581654363551856,126.9028406004784,3,DMC우방 은평구 증산동
은평구,응암동,세종레디안,세종레디안,세종레디안아파트,서울 은평구 응암동 581-3,서울 은평구 가좌로10길 25,37.5930913642177,126.91672815021948,3,세종레디안 은평구 응암동
은평구,진관동,은평스카이뷰자이,은평스카이뷰자이,은평스카이뷰자이아파트,서울 은평구 진관동 62,서울 은평구 통일로 1034,37.63497555781559,126.91793446203492,3,은평스카이뷰자이 은평구 진관동
은평구,신사동,정은노블스B,정은노블스B,정은노블스아파트 B동,서울 은평구 신사동 23-9,서울 은평구 증산로 463-3,37.59766617045072,126.91486596139757,3,정은노블스B 은평구 신사동
은평구,진관동,은평뉴타운 제각말 푸르지오(5-2단지),은평뉴타운 제각말 푸르지오,은평뉴타운제각말5단지아파트(529~542동),서울 은평구 진관동 92,서울 은평구 연서로 455,37.6362248286689,126.932996889483,3,은평뉴타운 제각말 푸르지오 은평구 진관동
은평구,응암동,예청A,예청A,예청A아파트,서울 은평구 응암동 122-13,서울 은평구 불광천길 502,37.59634702293892,126.91598849322692,3,예청A 은평구 응암동
은평구,대조동,아이안빌,아이안빌,아이안빌아파트,서울 은평구 대조동 4-18,서울 은평구 통일로 749-11,37.61134001446348,126.92765079302514,3,아이안빌 은평구 대조동
은평구,불광동,갤럭시타운,갤럭시타운,갤럭시타운아파트,서울 은평구 불광동 281-81,서울 은평구 불광로 40-9,37.6106390572723,126.930673166604,3,갤럭시타운 은평구 불광동
은평구,신사동,신사동한신휴플러스,신사동한신휴플러스,신사한신휴플러스아파트,서울 은평구 신사동 365,서울 은평구 갈현로1길 31,37.598963311245114,126.90616997741402,3,신사동한신휴플러스 은평구 신사동
은평구,응암동,밝은문,밝은문,밝은문아파트,서울 은평구 응암동 427-113,서울 은평구 응암로 254,37.5945252773474,126.918644710693,3,밝은문 은평구 응암동
은평구,역촌동,부호(103동),부호,부호아파트,서울 은평구 역촌동 58-4,서울 은평구 역말로4길 12-5,37.60433807982857,126.91250507846097,3,부호 은평구 역촌동
은평구,응암동,자선메르시안(119-15),자선메르시안,자선메르시안아파트,서울 은평구 응암동 400,서울 은평구 응암로18길 18-9,37.591877350889376,126.92009238851196,3,자선메르시안 은평구 응암동
은평구,구산동,우신,우신,우신아파트,서울 은평구 구산동 25-53,서울 은평구 갈현로16길 16,37.60794571632658,126.91260504528336,3,우신 은평구 구산동
은평구,구산동,구산,구산,구산중학교,서울 은평구 구산동 182-45,서울 은평구 갈현로15길 20-23,37.6098098387089,126.908996804276,3,구산 은평구 구산동
은평구,응암동,경남,경남,경남아파트,서울 은평구 응암동 714,서울 은평구 가좌로7나길 35,37.583141761234,126.92073573182353,3,경남 은평구 응암동
은평구,역촌동,신아굿모닝(40-55),신아굿모닝,신아굿모닝아파트(58-33번지),서울 은평구 역촌동 58-33,서울 은평구 연서로5길 32,37.6040385843556,126.912011672765,3,신아굿모닝 은평구 역촌동
은평구,신사동,홍익,홍익,홍익아파트,서울 은평구 신사동 19-117,서울 은평구 가좌로 342,37.5975052222719,126.90809683725392,3,홍익 은평구 신사동
은평구,수색동,상아,상아,상아조은빌,서울 은평구 증산동 194-27,서울 은평구 증산로13길 15-1,37.588173366399175,126.91125590758789,2,상아 은평구 수색동
은평구,신사동,정명네스트,정명네스트,정명아파트,서울 은평구 신사동 38-30,서울 은평구 가좌로 294,37.59469337219739,126.91182791696956,3,정명네스트 은평구 신사동
은평구,녹번동,힐스테이트녹번,힐스테이트녹번,힐스테이트녹번아파트,서울 은평구 녹번동 282,서울 은평구 통일로 610,37.60208270344136,126.93607265162775,3,힐스테이트녹번 은평구 녹번동
은평구,증산동,자선메르시안(101),자선메르시안,자선메르시안아파트(253),서울 은평구 증산동 253,서울 은평구 증산로5길 5-11,37.58223088220982,126.9071736774438,3,자선메르시안 은평구 증산동
은평구,녹번동,굿모닝기룡아파트,굿모닝기룡아파트,굿모닝기룡아파트,서울 은평구 녹번동 83-18,,37.602852391408,126.927160735077,3,굿모닝기룡아파트 은평구 녹번동
은평구,역촌동,부호(101동),부호,부호아파트,서울 은평구 역촌동 58-4,서울 은평구 역말로4길 12-5,37.60433807982857,126.91250507846097,3,부호 은평구 역촌동
은평구,갈현동,메카,메카,메카아파트,서울 은평구 갈현동 543,서울 은평구 갈현로29길 52,37.622407671816326,126.91165473399064,3,메카 은평구 갈현동
은평구,신사동,응암역효성해링턴플레이스,응암역효성해링턴플레이스,응암역효성해링턴플레이스아파트,서울 은평구 신사동 372,서울 은평구 가좌로 334,37.597870540832666,126.90863426627008,3,응암역효성해링턴플레이스 은평구 신사동
은평구,역촌동,미랜드,미랜드,미랜드아파트,서울 은평구 역촌동 39-1,서울 은평구 진흥로1길 11,37.60128616739454,126.9184335122194,3,미랜드 은평구 역촌동
은평구,역촌동,아이언,아이언,아이언아파트,서울 은평구 역촌동 17-51,서울 은평구 진흥로9길 12,37.60583528988446,126.92111935626716,3,아이언 은평구 역촌동
은평구,녹번동,송학파크팰리스,송학파크팰리스,송학파크팰리스아파트,서울 은평구 녹번동 83-47,서울 은평구 녹번로 6-29,37.60293160426899,126.92851280589744,3,송학파크팰리스 은평구 녹번동
은평구,진관동,은평뉴타운기자촌11단지,은평뉴타운기자촌11단지,은평뉴타운기자촌11단지아파트,서울 은평구 진관동 150,서울 은평구 연서로46길 7,37.63423939885545,126.93360138955462,3,은평뉴타운기자촌11단지 은평구 진관동
은평구,수색동,청구,청구,DMC청구아파트,서울 은평구 수색동 413,서울 은평구 증산로1길 26,37.58042734567189,126.90083609400524,3,청구 은평구 수색동
은평구,응암동,우리스페이스(113-28),우리스페이스,우리스페이스아파트,서울 은평구 응암동 113-28,서울 은평구 불광천길 520,37.59709677895836,126.91617335793642,3,우리스페이스 은평구 응암동
은평구,불광동,해피플러스1,해피플러스1,해피플러스1아파트,서울 은평구 불광동 483-11,서울 은평구 통일로 906,37.623923868593735,126.92028012057848,3,해피플러스1 은평구 불광동
은평구,증산동,DMC월드,DMC월드,DMC월드아파트,서울 은평구 증산동 250,서울 은평구 증산로 333,37.58628145385709,126.9114845936593,3,DMC월드 은평구 증산동
은평구,불광동,은혜스카이빌아파트,은혜스카이빌아파트,은혜스카이빌아파트,서울 은평구 불광동 634,서울 은평구 불광로13가길 7-3,37.61846004311882,126.93136817185426,3,은혜스카이빌아파트 은평구 불광동
은평구,구산동,구산그린빌,구산그린빌,구산그린빌아파트,서울 은평구 구산동 226,서울 은평구 갈현로7길 56,37.60541655849884,126.90436800829816,3,구산그린빌 은평구 구산동
은평구,대조동,모아아파트(101동),모아아파트,모아아파트,서울 은평구 대조동 9-21,서울 은평구 불광로1길 10,37.6100712139157,126.927312253955,3,모아아파트 은평구 대조동
은평구,구산동,동익파크2동(355-98),동익파크,동익파크아파트,서울 은평구 구산동 355-95,서울 은평구 서오릉로21길 20,37.61459055987945,126.90678461737473,3,동익파크 은평구 구산동
은평구,갈현동,명성,명성,명성아파트,서울 은평구 갈현동 521-2,서울 은평구 서오릉로18길 20,37.61613448928901,126.91098029973982,3,명성 은평구 갈현동
은평구,녹번동,경원파발리안,경원파발리안,경원파발리안아파트,서울 은평구 녹번동 83-16,서울 은평구 서오릉로2길 9,37.6025032164873,126.927826953655,3,경원파발리안 은평구 녹번동
은평구,녹번동,녹번2현대,녹번2현대,서울은평 갈현현대아파트 2 전기차충전소,서울 은평구 구산동 382,서울 은평구 서오릉로21길 36,37.6127718227236,126.904974725408,2,녹번2현대 은평구
은평구,불광동,동호스카이,동호스카이,북한산동호스카이아파트,서울 은평구 불광동 644,서울 은평구 연서로34길 42,37.62202767693455,126.93089367155628,3,동호스카이 은평구 불광동
은평구,신사동,굿모닝기룡(369-0),굿모닝기룡,굿모닝기룡아파트,서울 은평구 신사동 369,서울 은평구 은평터널로 167,37.59365563928982,126.9073950091408,3,굿모닝기룡 은평구 신사동
은평구,응암동,역산아이지아,역산아이지아,아이지아아파트,서울 은평구 응암동 89-12,서울 은평구 진흥로 50-8,37.601100271554394,126.9206487374742,3,역산아이지아 은평구 응암동
은평구,대조동,모아아파트(103동),모아아파트,모아아파트,서울 은평구 대조동 9-21,서울 은평구 불광로1길 10,37.6100712139157,126.927312253955,3,모아아파트 은평구 대조동
은평구,불광동,월드그린,월드그린,월드그린아파트,서울 은평구 불광동 8-51,서울 은평구 불광로6길 11-2,37.61439598800126,126.93346953081397,3,월드그린 은평구 불광동
은평구,대조동,모아아파트(104동),모아아파트,모아아파트,서울 은평구 대조동 9-21,서울 은평구 불광로1길 10,37.6100712139157,126.927312253955,3,모아아파트 은평구 대조동
은평구,역촌동,아그네스풍림아이원,아그네스풍림아이원,아그네스풍림아이원아파트,서울 은평구 역촌동 31-6,서울 은평구 진흥로1길 28,37.60297318189213,126.9189571284682,3,아그네스풍림아이원 은평구 역촌동
은평구,불광동,삼익(217-9),삼익,삼익,서울 은평구 불광동 19-3,,37.620168099022,126.932554818443,3,삼익 은평구 불광동
은평구,불광동,현대아파트,현대아파트,현대아파트,서울 은평구 불광동 171-61,서울 은평구 불광로20길 9,37.624445789438944,126.93066034620122,3,현대아파트 은평구 불광동
은평구,갈현동,인우(281-215),인우,인우주택,서울 은평구 갈현동 499-38,서울 은평구 갈현로 228-2,37.617377524966905,126.91543474654338,3,인우 은평구 갈현동
은평구,응암동,미소세상,미소세상,미소세상아파트,서울 은평구 응암동 117-35,서울 은평구 응암로 271,37.596197758947866,126.91899618310764,3,미소세상 은평구 응암동
은평구,녹번동,대림아파트(276),대림아파트,대림아파트,서울 은평구 녹번동 276,서울 은평구 통일로 586,37.599808254613976,126.93710055666963,3,대림아파트 은평구 녹번동
은평구,신사동,청운,청운,청운아파트,서울 은평구 신사동 363,서울 은평구 증산로 449,37.59623068837951,126.91458450920295,3,청운 은평구 신사동
은평구,증산동,문영마운틴(167-1),문영마운틴,DMC문영퀸즈파크아파트,서울 은평구 증산동 254,서울 은평구 증산로13길 44-5,37.58757241699598,126.90774674080627,3,문영마운틴 은평구 증산동
은평구,응암동,뉴월드(402-42),뉴월드,뉴월드애필리움,서울 은평구 응암동 599-15,서울 은평구 응암로 189-11,37.58874018193636,126.91631520248546,3,뉴월드 은평구 응암동
은평구,응암동,명남더블레스,명남더블레스,명남더블레스2차아파트,서울 은평구 응암동 577-16,서울 은평구 응암로 215,37.5912265343384,126.91704500041968,3,명남더블레스 은평구 응암동
은평구,불광동,쉐라톤,쉐라톤,쉐라톤아파트,서울 은평구 불광동 455,서울 은평구 연서로43길 21,37.62720037117622,126.9266294779598,3,쉐라톤 은평구 불광동
은평구,증산동,선정(177),선정,선정1차아파트,서울 은평구 증산동 251,서울 은평구 증산로3길 5-21,37.57990808316058,126.90486254206463,3,선정 은평구 증산동
은평구,불광동,신우아파트,신우아파트,신우아파트,서울 은평구 불광동 241-23,서울 은평구 불광로6길 4,37.613826124248625,126.93269532812194,3,신우아파트 은평구 불광동
은평구,신사동,개성하이뷰,개성하이뷰,개성하이뷰아파트,서울 은평구 신사동 7-11,서울 은평구 갈현로4길 6-26,37.600934723867304,126.91087837669107,3,개성하이뷰 은평구 신사동
은평구,갈현동,해오름,해오름,해오름아파트,서울 은평구 갈현동 327-40,서울 은평구 서오릉로20길 17,37.61702696161775,126.90926324688148,3,해오름 은평구 갈현동
은평구,증산동,자선메르시안(193),자선메르시안,자선메르시안아파트(253),서울 은평구 증산동 253,서울 은평구 증산로5길 5-11,37.58223088220982,126.9071736774438,3,자선메르시안 은평구 증산동
은평구,대조동,부림베스트빌,부림베스트빌,부림베스트빌아파트,서울 은평구 대조동 191-24,서울 은평구 역말로9길 40-13,37.614854497988986,126.92294922611596,3,부림베스트빌 은평구 대조동
은평구,응암동,서강스카이빌3(116-24),서강스카이빌3,아뮤즈,서울 은평구 응암동 116-24,서울 은평구 은평로8길 29,37.59773879032669,126.9194882273926,3,서강스카이빌3 은평구 응암동
은평구,갈현동,수정럭스,수정럭스,수정럭스아파트,서울 은평구 갈현동 428-6,서울 은평구 갈현로 274,37.62130141216406,126.91682356099794,3,수정럭스 은평구 갈현동
은평구,역촌동,두성,두성,두성아파트,서울 은평구 역촌동 21-21,서울 은평구 진흥로1라길 12,37.604972061892795,126.9170603156047,3,두성 은평구 역촌동
은평구,증산동,증산중앙하이츠,증산중앙하이츠,증산중앙하이츠아파트,서울 은평구 증산동 248,서울 은평구 증산로 285,37.583154337453145,126.90824581142482,3,증산중앙하이츠 은평구 증산동
은평구,불광동,대암아파트,대암아파트,대암아파트,서울 은평구 불광동 230-3,서울 은평구 불광로13가길 7-1,37.618132162686386,126.93150439517918,3,대암아파트 은평구 불광동
은평구,수색동,DMC 진흥,DMC 진흥,DMC진흥아파트,서울 은평구 수색동 416-1,서울 은평구 은평터널로 60,37.5853715400978,126.90029514394868,3,DMC 진흥 은평구 수색동
은평구,불광동,극동메트로타워,극동메트로타워,극동메트로타워아파트,서울 은평구 불광동 311-13,서울 은평구 통일로 856,37.61958191201806,126.92147636232252,3,극동메트로타워 은평구 불광동
은평구,역촌동,예승,예승,예승아파트,서울 은평구 역촌동 50-45,서울 은평구 갈현로12길 7,37.60639520994999,126.91152531739525,3,예승 은평구 역촌동
은평구,구산동,세화샤이닝2,세화샤이닝2,세화샤이닝2단지아파트,서울 은평구 구산동 223,서울 은평구 연서로 103,37.60851706409836,126.91524092264213,3,세화샤이닝2 은평구 구산동
은평구,녹번동,래미안베라힐즈,래미안베라힐즈,래미안베라힐즈아파트,서울 은평구 녹번동 283,서울 은평구 통일로 630,37.60387396735811,126.93624891606876,3,래미안베라힐즈 은평구 녹번동
은평구,수색동,DMC자이1단지,DMC자이1단지,DMC자이1단지아파트,서울 은평구 수색동 75,서울 은평구 수색로 217,37.57959297097762,126.89864998628089,3,DMC자이1단지 은평구 수색동
은평구,신사동,신성수정,신성수정,신성수정아파트,서울 은평구 신사동 358,서울 은평구 은평터널로7길 2,37.59274298607191,126.90631819258738,3,신성수정 은평구 신사동
은평구,대조동,미래하임(6-19),미래하임,미래하임아파트,서울 은평구 대조동 9-46,서울 은평구 불광로1길 12,37.610042307579135,126.92719109815518,3,미래하임 은평구 대조동
은평구,응암동,자선메르시안102동(123-25),자선메르시안,자선메르시안아파트,서울 은평구 응암동 400,서울 은평구 응암로18길 18-9,37.591877350889376,126.92009238851196,3,자선메르시안 은평구 응암동
은평구,녹번동,신현대,신현대,신현대아파트,서울 은평구 녹번동 176-8,서울 은평구 응암로 345,37.60193018664067,126.9221562621994,3,신현대 은평구 녹번동
은평구,응암동,거장메카,거장메카,거장메카오피스텔,서울 은평구 응암동 91-3,서울 은평구 은평로 95,37.5998535896534,126.918429414161,3,거장메카 은평구 응암동
은평구,역촌동,태경맨션,태경맨션,태경맨션,서울 은평구 역촌동 81-17,서울 은평구 갈현로4길 23-1,37.60137416817525,126.91297284536982,3,태경맨션 은평구 역촌동
은평구,신사동,은평신사두산위브2차,은평신사두산위브2차,은평신사두산위브2차아파트,서울 은평구 신사동 371,서울 은평구 가좌로12길 15,37.59876948545684,126.90716672319512,3,은평신사두산위브2차 은평구 신사동
은평구,응암동,서강스카이빌,서강스카이빌,서강스카이빌1차아파트,서울 은평구 응암동 109-3,서울 은평구 응암로 319,37.59978176467891,126.9214609394458,3,서강스카이빌 은평구 응암동
은평구,증산동,두산위브,두산위브,두산위브아파트,서울 은평구 증산동 255,서울 은평구 증산서길 79,37.58401417061534,126.90631554606256,3,두산위브 은평구 증산동
은평구,대조동,나이스홈,나이스홈,나이스홈아파트,서울 은평구 대조동 6-18,서울 은평구 통일로67길 8-8,37.6111572642371,126.927896739275,3,나이스홈 은평구 대조동
은평구,역촌동,라움,라움,라움,서울 은평구 역촌동 35-1,서울 은평구 연서로6길 8,37.6040381993366,126.916440759419,3,라움 은평구 역촌동
은평구,녹번동,동호스카이,동호스카이,동호스카이아파트,서울 은평구 녹번동 141-8,서울 은평구 진흥로 144,37.60810265233208,126.9260230847216,3,동호스카이 은평구 녹번동
은평구,구산동,무지개아파트(308-86),무지개아파트,무지개아파트,서울 은평구 구산동 308-86,서울 은평구 서오릉로27길 26-2,37.6172703451463,126.90372532953737,3,무지개아파트 은평구 구산동
은평구,구산동,천지로얄,천지로얄,천지로얄아파트,서울 은평구 구산동 202-8,서울 은평구 서오릉로15길 5-3,37.6138156332249,126.91017097747884,3,천지로얄 은평구 구산동
은평구,신사동,우공101동,우공,우공아파트,서울 은평구 신사동 278-1,서울 은평구 갈현로3길 33-7,37.60014214349294,126.90659428310772,3,우공 은평구 신사동
은평구,응암동,모아(365-35),모아,모아아파트,서울 은평구 응암동 763,서울 은평구 응암로 282,37.59653800755152,126.91983828664397,3,모아 은평구 응암동
은평구,구산동,예승빌라트,예승빌라트,예승빌라트,서울 은평구 구산동 27-15,서울 은평구 갈현로17나길 14,37.61048466645712,126.91015573031495,3,예승빌라트 은평구 구산동
은평구,불광동,베로니스,베로니스,베로니스아파트,서울 은평구 불광동 486-17,서울 은평구 통일로80길 1-1,37.6201690167268,126.920968289118,3,베로니스 은평구 불광동
은평구,구산동,동익파크1동(355-95),동익파크,동익파크아파트,서울 은평구 구산동 355-95,서울 은평구 서오릉로21길 20,37.61459055987945,126.90678461737473,3,동익파크 은평구 구산동
은평구,증산동,삼성베스트빌,삼성베스트빌,삼성베스트빌아파트,서울 은평구 증산동 174-8,서울 은평구 증산로 261-6,37.58175656833448,126.90667726069331,3,삼성베스트빌 은평구 증산동
은평구,신사동,벨로스아파트,벨로스아파트,벨로스아파트,서울 은평구 신사동 241-2,서울 은평구 가좌로11가길 10,37.597224876298,126.906772314236,3,벨로스아파트 은평구 신사동
은평구,신사동,신사코아,신사코아,신사코아아파트,서울 은평구 신사동 9-24,서울 은평구 갈현로 29,37.60061328314142,126.90997169407444,3,신사코아 은평구 신사동
은평구,갈현동,천지,천지,천지타운,서울 은평구 갈현동 472-12,서울 은평구 연서로17길 26-5,37.613619942840145,126.91479341166962,3,천지 은평구 갈현동
은평구,역촌동,신아굿모닝(64-15),신아굿모닝,신아굿모닝아파트(58-33번지),서울 은평구 역촌동 58-33,서울 은평구 연서로5길 32,37.6040385843556,126.912011672765,3,신아굿모닝 은평구 역촌동
은평구,대조동,서경아파트,서경아파트,서경아파트,서울 은평구 대조동 186-21,서울 은평구 연서로28길 17-1,37.61731167025667,126.92184913305202,3,서경아파트 은평구 대조동
은평구,녹번동,리베하임,리베하임,리베하임아파트,서울 은평구 녹번동 29-108,서울 은평구 통일로57길 16,37.60454147662421,126.93277730517887,3,리베하임 은평구 녹번동
은평구,구산동,캐슬아파트(18-10),캐슬아파트,캐슬아파트,서울 은평구 구산동 18-10,서울 은평구 연서로13길 29-32,37.609066756999674,126.91288913496588,3,캐슬아파트 은평구 구산동
은평구,신사동,대광,대광,대광아파트,서울 은평구 신사동 21-8,서울 은평구 증산로23길 16,37.5978985505412,126.913522698785,3,대광 은평구 신사동
은평구,녹번동,거성,거성,거성아파트,서울 은평구 녹번동 83-37,서울 은평구 녹번로 6-28,37.602741371799425,126.92830914703384,3,거성 은평구 녹번동
은평구,응암동,마이유,마이유,마이유아파트,서울 은평구 응암동 119-29,서울 은평구 응암로21가길 20,37.59522029630893,126.9178558486216,3,마이유 은평구 응암동
은평구,구산동,두일,두일,갈현두일아파트,서울 은평구 구산동 308-3,서울 은평구 서오릉로27길 6,37.61857887100473,126.90519840392824,3,두일 은평구 구산동
은평구,갈현동,연서노벨(463-16),연서노벨,연서노벨아파트,서울 은평구 갈현동 463-16,서울 은평구 연서로19길 4,37.61367559284439,126.91702573259543,3,연서노벨 은평구 갈현동
은평구,갈현동,수정럭스(428-6),수정럭스,수정럭스아파트,서울 은평구 갈현동 428-6,서울 은평구 갈현로 274,37.62130141216406,126.91682356099794,3,수정럭스 은평구 갈현동
은평구,응암동,청록,청록,청록아파트,서울 은평구 응암동 227-22,서울 은평구 백련산로4길 14,37.5946912890898,126.92441034096495,3,청록 은평구 응암동
은평구,응암동,진흥펠리체,진흥펠리체,진흥펠리체아파트,서울 은평구 응암동 104-25,서울 은평구 응암로 298,37.59801091056045,126.92085131689775,3,진흥펠리체 은평구 응암동
은평구,신사동,새한,새한,새한아파트,서울 은평구 신사동 34-6,서울 은평구 증산로 435,37.5950501889272,126.91430730469084,3,새한 은평구 신사동
은평구,역촌동,연리지,연리지,은평연리지아파트,서울 은평구 역촌동 36-37,서울 은평구 연서로 28,37.6016486220341,126.916227137437,3,연리지 은평구 역촌동
은평구,응암동,신진뉴캐슬,신진뉴캐슬,신진뉴캐슬아파트,서울 은평구 응암동 115-4,서울 은평구 은평로8길 18-1,37.59878607978443,126.9199853502519,3,신진뉴캐슬 은평구 응암동
은평구,진관동,은평뉴타운 제각말 푸르지오(5-3단지),은평뉴타운 제각말 푸르지오,은평뉴타운제각말5단지아파트(529~542동),서울 은평구 진관동 92,서울 은평구 연서로 455,37.6362248286689,126.932996889483,3,은평뉴타운 제각말 푸르지오 은평구 진관동
은평구,증산동,자선메르시안(162-20),자선메르시안,자선메르시안아파트(253),서울 은평구 증산동 253,서울 은평구 증산로5길 5-11,37.58223088220982,126.9071736774438,3,자선메르시안 은평구 증산동
은평구,신사동,에코벨리,에코벨리,에코밸리아파트,서울 은평구 신사동 34-7,서울 은평구 증산로 431,37.594835741656,126.914291697988,3,에코벨리 은평구 신사동
은평구,증산동,럭스빌(101동),럭스빌,이노럭스빌101동아파트,서울 은평구 증산동 174-5,서울 은평구 증산로 269,37.5819786470638,126.907228333085,3,럭스빌 은평구 증산동
은평구,역촌동,궁전,궁전,궁전아파트,서울 은평구 역촌동 68-22,서울 은평구 연서로3길 34,37.602739523131355,126.91223516284629,3,궁전 은평구 역촌동
은평구,구산동,태영홈아파트,태영홈아파트,태영홈아파트,서울 은평구 구산동 26-25,서울 은평구 갈현로15길 2,37.607731466494016,126.91044896844654,3,태영홈아파트 은평구 구산동
은평구,응암동,경향렉스빌,경향렉스빌,경향렉스빌아파트,서울 은평구 응암동 96-18,서울 은평구 은평로 160,37.6007397754842,126.92604396471984,3,경향렉스빌 은평구 응암동
은평구,신사동,선정(35-2),선정,선정아파트,서울 은평구 신사동 348-12,서울 은평구 증산로17길 34,37.59095625659897,126.90970592155422,3,선정 은평구 신사동
은평구,대조동,예가크레시아,예가크레시아,예가크레시아아파트,서울 은평구 대조동 6-13,서울 은평구 통일로67길 8,37.6109872251456,126.928303497661,3,예가크레시아 은평구 대조동
은평구,증산동,자선메르시안(162-18),자선메르시안,자선메르시안아파트(253),서울 은평구 증산동 253,서울 은평구 증산로5길 5-11,37.58223088220982,126.9071736774438,3,자선메르시안 은평구 증산동
은평구,응암동,삼영노블레스,삼영노블레스,삼영노블레스아파트,서울 은평구 응암동 76-2,서울 은평구 은평로 200-1,37.60095306312123,126.9300729121943,3,삼영노블레스 은평구 응암동
은평구,역촌동,신아굿모닝,신아굿모닝,신아굿모닝아파트(58-33번지),서울 은평구 역촌동 58-33,서울 은평구 연서로5길 32,37.6040385843556,126.912011672765,3,신아굿모닝 은평구 역촌동
은평구,불광동,북한산동호스카이,북한산동호스카이,북한산동호스카이아파트,서울 은평구 불광동 644,서울 은평구 연서로34길 42,37.62202767693455,126.93089367155628,3,북한산동호스카이 은평구 불광동
은평구,역촌동,리더스파크,리더스파크,리더스파크아파트,서울 은평구 역촌동 85-41,서울 은평구 연서로 1,37.59929099602498,126.91533745202656,3,리더스파크 은평구 역촌동
은평구,응암동,뉴월드(403-32),뉴월드,뉴월드애필리움,서울 은평구 응암동 599-15,서울 은평구 응암로 189-11,37.58874018193636,126.91631520248546,3,뉴월드 은평구 응암동
은평구,응암동,뉴월드(402-120),뉴월드,뉴월드애필리움,서울 은평구 응암동 599-15,서울 은평구 응암로 189-11,37.58874018193636,126.91631520248546,3,뉴월드 은평구 응암동
은평구,불광동,태양아파트,태양아파트,태양아파트,서울 은평구 불광동 16-61,서울 은평구 불광로 156,37.62072831110683,126.93220203574953,3,태양아파트 은평구 불광동
은평구,대조동,제이타워3,제이타워3,제이타워3아파트,서울 은평구 대조동 4-14,서울 은평구 통일로 745-10,37.61144829455511,126.92791457960416,3,제이타워3 은평구 대조동
은평구,역촌동,만민라이프(B동),만민라이프,만민라이프아파트,서울 은평구 역촌동 52-15,서울 은평구 갈현로 97,37.60659084066521,126.9104843111424,3,만민라이프 은평구 역촌동
은평구,녹번동,예원(86-126),예원,예원아파트,서울 은평구 녹번동 86-126,서울 은평구 은평로21가길 6,37.60344491682869,126.9295926816315,3,예원 은평구 녹번동
은평구,역촌동,현대타운,현대타운,현대화타운아파트,서울 은평구 역촌동 71-1,서울 은평구 갈현로11길 7,37.60511792559801,126.90956876308722,3,현대타운 은평구 역촌동
은평구,증산동,자선메르시안(164-17),자선메르시안,자선메르시안아파트(253),서울 은평구 증산동 253,서울 은평구 증산로5길 5-11,37.58223088220982,126.9071736774438,3,자선메르시안 은평구 증산동
은평구,대조동,대일아이안(9-25),대일아이안,대일아이안아파트,서울 은평구 대조동 9-25,서울 은평구 불광로1길 9,37.609874827694746,126.92736001249946,3,대일아이안 은평구 대조동
은평구,갈현동,골드스타,골드스타,백다원의뷰티스토리,서울 은평구 갈현동 456-19,서울 은평구 연서로29길 7-19,37.6180776603257,126.919393809559,3,골드스타 은평구 갈현동
은평구,신사동,선정(348-12),선정,선정아파트,서울 은평구 신사동 348-12,서울 은평구 증산로17길 34,37.59095625659897,126.90970592155422,3,선정 은평구 신사동
은평구,신사동,대운,대운,대운아파트,서울 은평구 신사동 1-136,서울 은평구 갈현로2길 7,37.600547565444,126.911233284738,3,대운 은평구 신사동
은평구,응암동,명남래희안(122-4),명남래희안,명남래희안아파트,서울 은평구 응암동 122-4,서울 은평구 불광천길 514,37.596845335869205,126.91607965413463,3,명남래희안 은평구 응암동
은평구,역촌동,한명딩크,한명딩크,딩크아파트,서울 은평구 역촌동 24-25,서울 은평구 진흥로1길 50,37.60504152106775,126.91847244630974,3,한명딩크 은평구 역촌동
은평구,구산동,세화샤이닝1,세화샤이닝1,세화샤이닝1단지아파트,서울 은평구 구산동 222,서울 은평구 연서로 107,37.60898937373348,126.9155076670641,3,세화샤이닝1 은평구 구산동
은평구,역촌동,하늘애,하늘애,만민하늘애,서울 은평구 역촌동 72-9,서울 은평구 갈현로7길 6-7,37.60394841755821,126.90953846973396,3,하늘애 은평구 역촌동
은평구,응암동,자선메르시안101동(123-26),자선메르시안,자선메르시안아파트,서울 은평구 응암동 400,서울 은평구 응암로18길 18-9,37.591877350889376,126.92009238851196,3,자선메르시안 은평구 응암동
은평구,신사동,예승,예승,예승아파트,서울 은평구 신사동 39-12,서울 은평구 가좌로 289,37.5939006423929,126.912019081259,3,예승 은평구 신사동
은평구,응암동,서강스카이빌2,서강스카이빌2,서강스카이빌2아파트,서울 은평구 응암동 116-17,서울 은평구 응암로 295,37.59815555834474,126.92023967854831,3,서강스카이빌2 은평구 응암동
은평구,증산동,자선메르시안(162-21),자선메르시안,자선메르시안아파트(253),서울 은평구 증산동 253,서울 은평구 증산로5길 5-11,37.58223088220982,126.9071736774438,3,자선메르시안 은평구 증산동
은평구,불광동,제이타워,제이타워,제이타워1차,서울 은평구 대조동 4-12,서울 은평구 통일로 749-9,37.6114770590253,126.927804691399,2,제이타워 은평구 불광동
은평구,대조동,대덕타워,대덕타워,대덕타워,서울 은평구 대조동 185-71,서울 은평구 통일로 833-6,37.61767184492467,126.9215168820676,3,대덕타워 은평구 대조동
은평구,응암동,모아아파트,모아아파트,모아아파트,서울 은평구 응암동 763,서울 은평구 응암로 282,37.59653800755152,126.91983828664397,3,모아아파트 은평구 응암동
은평구,갈현동,반도하우드,반도하우드,반도하우드아파트,서울 은평구 갈현동 258-1,서울 은평구 갈현로29길 30-14,37.621124233857294,126.91350373228164,3,반도하우드 은평구 갈현동
은평구,대조동,아이안,아이안,아이안빌아파트,서울 은평구 대조동 4-18,서울 은평구 통일로 749-11,37.61134001446348,126.92765079302514,3,아이안 은평구 대조동
은평구,증산동,DMC자이2단지,DMC자이2단지,DMC자이2단지아파트,서울 은평구 증산동 223-28,서울 은평구 수색로 217-1,37.57876843583804,126.89955677272556,3,DMC자이2단지 은평구 증산동
은평구,녹번동,거장메카,거장메카,거장메카아파트,서울 은평구 녹번동 183-2,서울 은평구 서오릉로2길 12,37.6021726355794,126.927962033471,3,거장메카 은평구 녹번동
은평구,불광동,정익제이원(4차),정익제이원,정익제이원아파트,서울 은평구 불광동 484-56,서울 은평구 통일로82가길 1,37.62095807518868,126.92066048519456,3,정익제이원 은평구 불광동
은평구,증산동,칠산(185-2),칠산,칠산아파트,서울 은평구 증산동 185-2,서울 은평구 증산서길 72,37.58276439198541,126.90618804748624,3,칠산 은평구 증산동
은평구,응암동,유성아이비,유성아이비,유성아이비아파트,서울 은평구 응암동 590-15,서울 은평구 응암로13길 12,37.58959404994936,126.91593154593664,3,유성아이비 은평구 응암동
은평구,구산동,온세,온세,온세아파트,서울 은평구 구산동 25-41,서울 은평구 갈현로16길 10,37.60800105216571,126.91189828240996,3,온세 은평구 구산동
은평구,증산동,자선메르시안(102),자선메르시안,자선메르시안아파트(253),서울 은평구 증산동 253,서울 은평구 증산로5길 5-11,37.58223088220982,126.9071736774438,3,자선메르시안 은평구 증산동
은평구,불광동,엘지아파트,엘지아파트,LG아파트,서울 은평구 불광동 444-41,서울 은평구 연서로37길 37,37.6247753148784,126.92727528267282,3,엘지아파트 은평구 불광동
은평구,신사동,미래하임(아파트),미래하임,미래하임,서울 은평구 신사동 229-40,서울 은평구 가좌로 339,37.59678417403128,126.90776933997984,3,미래하임 은평구 신사동
은평구,신사동,명남더블레스(39-19),명남더블레스,명남더블레스,서울 은평구 신사동 200-9,서울 은평구 은평터널로 173-17,37.59449498303032,126.906911598888,3,명남더블레스 은평구 신사동
은평구,갈현동,한우리,한우리,한우리,서울 은평구 갈현동 394-11,서울 은평구 통일로85길 5-1,37.6219120930622,126.91914499781,3,한우리 은평구 갈현동
은평구,대조동,미래하임(9-46),미래하임,미래하임아파트,서울 은평구 대조동 9-46,서울 은평구 불광로1길 12,37.610042307579135,126.92719109815518,3,미래하임 은평구 대조동
은평구,신사동,뉴서울(277-19),뉴서울,뉴서울아파트,서울 은평구 신사동 277-19,서울 은평구 갈현로1길 28,37.59963078534025,126.90710676814253,3,뉴서울 은평구 신사동
은평구,역촌동,청운퀸즈,청운퀸즈,청운퀸즈아파트,서울 은평구 역촌동 83-67,서울 은평구 연서로 27,37.60160854123397,126.91561340414492,3,청운퀸즈 은평구 역촌동
은평구,역촌동,뉴캐슬,뉴캐슬,뉴캐슬아파트,서울 은평구 역촌동 63-16,서울 은평구 연서로3가길 8,37.60308126341941,126.91506023528623,3,뉴캐슬 은평구 역촌동
은평구,불광동,두진아이브(305-22),두진아이브,두진아이브,서울 은평구 불광동 281-141,서울 은평구 통일로66길 6-7,37.61008810874119,126.93145514498325,3,두진아이브 은평구 불광동
은평구,신사동,대주파크빌,대주파크빌,대주파크빌아파트,서울 은평구 신사동 368,서울 은평구 증산로15길 50,37.59069014018322,126.90811880519476,3,대주파크빌 은평구 신사동
은평구,갈현동,플라잉캐슬,플라잉캐슬,플라잉캐슬아파트,서울 은평구 갈현동 468-4,서울 은평구 서오릉로 156-1,37.6124351986174,126.916128961867,3,플라잉캐슬 은평구 갈현동
은평구,증산동,두성,두성,두성아파트,서울 은평구 증산동 185-19,서울 은평구 증산서길 74,37.5829653582289,126.906244402791,3,두성 은평구 증산동
은평구,대조동,YS홈타운,YS홈타운,YS홈타운,서울 은평구 대조동 186-44,서울 은평구 통일로77길 6,37.61678320455859,126.92247718108143,3,YS홈타운 은평구 대조동
은평구,신사동,다원그린,다원그린,다원그린아파트,서울 은평구 신사동 39-11,서울 은평구 가좌로 291,37.59403386228663,126.91184907681742,3,다원그린 은평구 신사동
은평구,신사동,세민하이파크,세민하이파크,세민하이파크,서울 은평구 신사동 40-20,서울 은평구 은평터널로 196-2,37.595668156853485,126.90933334950594,3,세민하이파크 은평구 신사동
은평구,진관동,은평뉴타운꿈에그린,은평뉴타운꿈에그린,은평뉴타운꿈에그린오피스텔,서울 은평구 진관동 66,서울 은평구 진관3로 33,37.639837569061555,126.91967508606736,3,은평뉴타운꿈에그린 은평구 진관동
은평구,수색동,동하아트빌,동하아트빌,동하아트빌,서울 은평구 역촌동 68-58,서울 은평구 연서로3나길 9,37.60306798656634,126.9129142495298,2,동하아트빌 은평구 수색동
은평구,대조동,유진아이디움,유진아이디움,유진아이디움,서울 은평구 대조동 197-1,서울 은평구 연서로28길 8,37.6178659570892,126.920766844715,3,유진아이디움 은평구 대조동
은평구,응암동,남광쉐르빌,남광쉐르빌,남광쉐르빌아파트,서울 은평구 응암동 88-16,서울 은평구 응암로 331-6,37.60094795819124,126.92193080116888,3,남광쉐르빌 은평구 응암동
은평구,증산동,럭스빌(102동),럭스빌,이노럭스빌101동아파트,서울 은평구 증산동 174-5,서울 은평구 증산로 269,37.5819786470638,126.907228333085,3,럭스빌 은평구 증산동
은평구,신사동,승윤노블리안,승윤노블리안,승윤노블리안아파트,서울 은평구 신사동 19-147,서울 은평구 은평로 11-1,37.5973141894247,126.909231703972,3,승윤노블리안 은평구 신사동
은평구,응암동,경원파발리안,경원파발리안,경원파발리안아파트,서울 은평구 응암동 93-8,서울 은평구 백련산로14길 1,37.6008053984156,126.927253324396,3,경원파발리안 은평구 응암동
은평구,응암동,메트로럭스,메트로럭스,메트로럭스아파트,서울 은평구 응암동 110-9,서울 은평구 은평로 108,37.59982049615052,126.92010201261,3,메트로럭스 은평구 응암동
은평구,응암동,청송아파트,청송아파트,청송아파트,서울 은평구 응암동 4-40,서울 은평구 은평로20길 6-12,37.60031225032766,126.93281621533328,3,청송아파트 은평구 응암동
은평구,불광동,정익제이원5차,정익제이원5차,정익제이원5차아파트,서울 은평구 불광동 486-14,서울 은평구 통일로82길 6-7,37.620347518985874,126.92112781317203,3,정익제이원5차 은평구 불광동
은평구,응암동,자선메르시안(115),자선메르시안,자선메르시안아파트,서울 은평구 응암동 400,서울 은평구 응암로18길 18-9,37.591877350889376,126.92009238851196,3,자선메르시안 은평구 응암동
은평구,녹번동,청솔아파트,청솔아파트,청솔아파트,서울 은평구 녹번동 71-8,서울 은평구 통일로 586-26,37.59934577916815,126.9383012878966,3,청솔아파트 은평구 녹번동
은평구,신사동,명진(200-115),명진,명진아파트,서울 은평구 신사동 200-115,서울 은평구 은평터널로 182,37.594829720688,126.90866629243564,3,명진 은평구 신사동
은평구,녹번동,초우레디안아트빌,초우레디안아트빌,초우레디안아트빌아파트,서울 은평구 녹번동 100-32,서울 은평구 녹번로 29-5,37.60480431747759,126.92778169624124,3,초우레디안아트빌 은평구 녹번동
은평구,신사동,신현,신현,신현아파트,서울 은평구 신사동 337-5,서울 은평구 증산로 389,37.59116078642808,126.9133176279148,3,신현 은평구 신사동
은평구,응암동,청안파인,청안파인,청안파인아파트,서울 은평구 응암동 368-6,서울 은평구 응암로14길 1-15,37.59078762523141,126.91815511041604,3,청안파인 은평구 응암동
은평구,불광동,에덴,에덴,에덴아파트,서울 은평구 불광동 329-11,서울 은평구 통일로72길 28,37.6181860661867,126.92530743357035,3,에덴 은평구 불광동
은평구,구산동,세영아파트,세영아파트,세영아파트,서울 은평구 구산동 304-1,서울 은평구 서오릉로 267,37.6180046603935,126.90597275392088,3,세영아파트 은평구 구산동
은평구,응암동,월드빌(120-5),월드빌,월드빌아파트,서울 은평구 응암동 120-5,서울 은평구 응암로21가길 25-1,37.59600963650668,126.91795915687972,3,월드빌 은평구 응암동
은평구,응암동,상아,상아,상아아파트,서울 은평구 응암동 113-27,서울 은평구 불광천길 526,37.59729413603055,126.91622975487184,3,상아 은평구 응암동
은평구,불광동,송광(484-103),송광,송광아파트,서울 은평구 불광동 484-103,서울 은평구 통일로82길 47,37.62372416096816,126.9207425030312,3,송광 은평구 불광동
은평구,대조동,주주베B,주주베B,주주베B,서울 은평구 대조동 9-31,서울 은평구 불광로1길 2-4,37.610466497812986,126.9283764818045,3,주주베B 은평구 대조동
은평구,역촌동,진주하이츠2차,진주하이츠2차,진주하이츠2차아파트,서울 은평구 역촌동 10-83,서울 은평구 역말로 59,37.606273039875376,126.91698752342135,3,진주하이츠2차 은평구 역촌동
은평구,신사동,뉴서울(277-2),뉴서울,뉴서울아파트,서울 은평구 신사동 277-19,서울 은평구 갈현로1길 28,37.59963078534025,126.90710676814253,3,뉴서울 은평구 신사동
은평구,대조동,미르라이프,미르라이프,미르라이프아파트,서울 은평구 대조동 186-9,서울 은평구 통일로 827-6,37.61740014374243,126.9221163509653,3,미르라이프 은평구 대조동
은평구,구산동,명남아파트,명남아파트,명남아파트,서울 은평구 구산동 167-1,서울 은평구 갈현로15길 46,37.60967113441424,126.90674998547,3,명남아파트 은평구 구산동
은평구,증산동,자선메르시안(103),자선메르시안,자선메르시안아파트(253),서울 은평구 증산동 253,서울 은평구 증산로5길 5-11,37.58223088220982,126.9071736774438,3,자선메르시안 은평구 증산동
은평구,갈현동,대양,대양,대양아파트,서울 은평구 갈현동 281-208,서울 은평구 갈현로37길 64,37.62496998130369,126.91152482949572,3,대양 은평구 갈현동
은평구,녹번동,세민HIPARK,세민HIPARK,세민HIPark,서울 은평구 역촌동 16-18,서울 은평구 서오릉로7길 3,37.60691422893662,126.92180225453345,2,세민HIPARK 은평구 녹번동
은평구,신사동,뉴월드,뉴월드,뉴월드아파트,서울 은평구 신사동 338-7,서울 은평구 증산로 377-8,37.590045835637696,126.91274260222656,3,뉴월드 은평구 신사동
은평구,신사동,신아,신아,신아굿모닝아파트,서울 은평구 신사동 6-5,서울 은평구 갈현로2가길 1-1,37.600174659538,126.911371881851,3,신아 은평구 신사동
은평구,신사동,성현,성현,성현아파트,서울 은평구 신사동 200-28,서울 은평구 은평터널로 178,37.594528646018816,126.9084809591376,3,성현 은평구 신사동
은평구,역촌동,거성리젠시,거성리젠시,거성리젠시,서울 은평구 역촌동 51-2,서울 은평구 역말로 19-9,37.6060769213454,126.91241244178886,3,거성리젠시 은평구 역촌동
은평구,대조동,동명베스트(84-21),동명베스트,동명베스트아파트,서울 은평구 대조동 84-21,서울 은평구 통일로71가길 10-5,37.61363865243886,126.92510811147868,3,동명베스트 은평구 대조동
은평구,대조동,삼오,삼오,삼오순대국 불광역점,서울 은평구 대조동 9-17,서울 은평구 불광로1길 2,37.6102591189726,126.928127516728,3,삼오 은평구 대조동
은평구,역촌동,디케이,디케이,디케이아파트,서울 은평구 역촌동 45-30,서울 은평구 역말로 37-6,37.606122713493406,126.9146558717468,3,디케이 은평구 역촌동
은평구,역촌동,청우참조은,청우참조은,청우참조은아파트,서울 은평구 역촌동 43-55,서울 은평구 연서로2길 18-1,37.6008706983116,126.91827089718116,3,청우참조은 은평구 역촌동
은평구,응암동,백련산에스케이뷰아이파크,백련산에스케이뷰아이파크,백련산SK뷰아이파크아파트,서울 은평구 응암동 767,서울 은평구 응암로30길 16,37.594928732020826,126.92101876949188,3,백련산에스케이뷰아이파크 은평구 응암동
은평구,구산동,타워,타워,타워아파트,서울 은평구 구산동 308-5,서울 은평구 서오릉로27길 26-6,37.61697014721029,126.9035184389047,3,타워 은평구 구산동
은평구,불광동,선우아파트,선우아파트,선우아파트,서울 은평구 불광동 12-3,서울 은평구 불광로10길 20,37.61764334663382,126.93382003216834,3,선우아파트 은평구 불광동
은평구,신사동,예성그린,예성그린,예성그린아파트,서울 은평구 신사동 242,서울 은평구 가좌로 345,37.5971234346741,126.90724237191,3,예성그린 은평구 신사동
은평구,대조동,해오름시티,해오름시티,해오름시티,서울 은평구 대조동 9-40,서울 은평구 통일로67길 11,37.6106141112084,126.928131705386,3,해오름시티 은평구 대조동
은평구,녹번동,청록MS(91-9),청록MS,청록MS아파트,서울 은평구 녹번동 91-9,서울 은평구 은평로21길 40-18,37.60349965167961,126.93073415066468,3,청록MS 은평구 녹번동
은평구,역촌동,건우샹그리라,건우샹그리라,건우샹그리라아파트,서울 은평구 역촌동 32-35,서울 은평구 연서로6길 12,37.60409275769328,126.91714849203788,3,건우샹그리라 은평구 역촌동
은평구,대조동,영화빌리지,영화빌리지,영화빌리지,서울 은평구 신사동 29-162,서울 은평구 은평로 12-5,37.59704740741293,126.91029418452904,2,영화빌리지 은평구 대조동
은평구,응암동,유성아이비아파트,유성아이비아파트,유성아이비아파트,서울 은평구 응암동 590-15,서울 은평구 응암로13길 12,37.58959404994936,126.91593154593664,3,유성아이비아파트 은평구 응암동
은평구,구산동,진성아파트,진성아파트,진성아파트,서울 은평구 구산동 347-1,서울 은평구 서오릉로21길 15-2,37.6144251636746,126.907274118452,3,진성아파트 은평구 구산동
은평구,신사동,유한베스트빌,유한베스트빌,유한베스트빌아파트,서울 은평구 신사동 11-21,서울 은평구 갈현로5길 29-23,37.60113867310003,126.90894395150733,3,유한베스트빌 은평구 신사동
은평구,녹번동,굿모닝기룡아파트(96-6),굿모닝기룡아파트,굿모닝기룡아파트,서울 은평구 녹번동 83-18,,37.602852391408,126.927160735077,3,굿모닝기룡아파트 은평구 녹번동
은평구,증산동,미그린,미그린,미그린아파트,서울 은평구 증산동 256,서울 은평구 증산로 245,37.580236433996646,126.9053466666158,3,미그린 은평구 증산동
은평구,응암동,더위일,더위일,더위일 상가주차장,서울 은평구 응암동 81-173,서울 은평구 은평로 194,37.6011886325268,126.92925055051,3,더위일 은평구 응암동
은평구,대조동,디안(89-77),디안,디안아파트,서울 은평구 대조동 89-77,서울 은평구 역말로 114,37.609296105882756,126.921292379007,3,디안 은평구 대조동
은평구,증산동,명남태봉,명남태봉,명남태봉아파트,서울 은평구 증산동 202-7,서울 은평구 증산로9길 32-8,37.58661758144939,126.90802417723128,3,명남태봉 은평구 증산동
은평구,대조동,메트하임,메트하임,연신내역메트하임,서울 은평구 대조동 197-3,서울 은평구 연서로28길 12,37.6176318583571,126.921002689567,3,메트하임 은평구 대조동
은평구,불광동,명남뉴타운,명남뉴타운,명남뉴타운아파트,서울 은평구 불광동 16-142,서울 은평구 불광로14길 20,37.62044968758089,126.93340070441344,3,명남뉴타운 은평구 불광동
은평구,구산동,송학,송학,송학아파트,서울 은평구 구산동 24-59,서울 은평구 연서로11길 29-4,37.6084786774488,126.912033623392,3,송학 은평구 구산동
은평구,역촌동,귀빈,귀빈,귀빈아파트,서울 은평구 역촌동 52-26,서울 은평구 갈현로 89-4,37.6061419366272,126.910206253888,3,귀빈 은평구 역촌동
은평구,녹번동,시니어캐슬클라시온,시니어캐슬클라시온,시니어캐슬클라시온,서울 은평구 녹번동 91-7,서울 은평구 은평로21길 34-5,37.6032620078263,126.931105817009,3,시니어캐슬클라시온 은평구 녹번동
은평구,구산동,푸른솔,푸른솔,푸른솔아파트,서울 은평구 구산동 147-46,서울 은평구 갈현로17길 30,37.612491631312885,126.90841364672904,3,푸른솔 은평구 구산동
은평구,갈현동,웰빙존,웰빙존,웰빙존아파트,서울 은평구 갈현동 522-16,서울 은평구 서오릉로18길 33-20,37.61768938943563,126.91070886910175,3,웰빙존 은평구 갈현동
은평구,응암동,백련산해모로,백련산해모로,백련산해모로아파트,서울 은평구 응암동 768,서울 은평구 응암로30길 15,37.59624924857225,126.92186663701874,3,백련산해모로 은평구 응암동
은평구,대조동,서경아파트(15-58),서경아파트,서경아파트,서울 은평구 대조동 186-21,서울 은평구 연서로28길 17-1,37.61731167025667,126.92184913305202,3,서경아파트 은평구 대조동
은평구,증산동,청운,청운,청운아파트,서울 은평구 증산동 178-8,서울 은평구 증산로3길 5-15,37.58013517344134,126.90491206580752,3,청운 은평구 증산동
은평구,증산동,태광,태광,태광아파트,서울 은평구 증산동 249,서울 은평구 증산로 303,37.58425084288156,126.90940833549485,3,태광 은평구 증산동
은평구,증산동,목화,목화,목화아파트,서울 은평구 증산동 164-5,서울 은평구 증산로 319,37.58542680559548,126.9108108222223,3,목화 은평구 증산동
은평구,구산동,동양,동양,동양하우징,서울 은평구 구산동 152-5,서울 은평구 갈현로17가길 3-7,37.61197669222887,126.91014034433984,3,동양 은평구 구산동
은평구,역촌동,두성아파트,두성아파트,두성아파트,서울 은평구 역촌동 21-21,서울 은평구 진흥로1라길 12,37.604972061892795,126.9170603156047,3,두성아파트 은평구 역촌동
은평구,응암동,프라임팰리스,프라임팰리스,미성프라임팰리스아파트,서울 은평구 응암동 111-48,서울 은평구 은평로 96,37.59943014393683,126.91845818643353,3,프라임팰리스 은평구 응암동
은평구,신사동,경남,경남,경남아파트,서울 은평구 신사동 348-11,서울 은평구 증산로17길 32,37.590882615703194,126.9100207814656,3,경남 은평구 신사동
은평구,신사동,덕산,덕산,덕산중학교,서울 은평구 신사동 265-4,서울 은평구 가좌로 400,37.6020108384228,126.904395016738,3,덕산 은평구 신사동
은평구,증산동,월드메르시안(179-8),월드메르시안,월드메르시안아파트,서울 은평구 증산동 179-8,서울 은평구 증산로1길 6-20,37.57964463113995,126.90441456594527,3,월드메르시안 은평구 증산동
은평구,갈현동,호림리슈리안,호림리슈리안,호림리슈리안아파트,서울 은평구 갈현동 406-46,서울 은평구 갈현로36길 15,37.621880066610494,126.9184302738004,3,호림리슈리안 은평구 갈현동
은평구,응암동,월드빌(120-10),월드빌,월드빌아파트,서울 은평구 응암동 120-5,서울 은평구 응암로21가길 25-1,37.59600963650668,126.91795915687972,3,월드빌 은평구 응암동
은평구,역촌동,SM벨리체,SM벨리체,SM벨리체,서울 은평구 역촌동 49-54,서울 은평구 연서로9길 31,37.6072565831598,126.91156167021504,3,SM벨리체 은평구 역촌동
은평구,응암동,푸른숲,푸른숲,푸른숲아파트,서울 은평구 응암동 236-7,서울 은평구 백련산로 91-5,37.5937207673763,126.922780792371,3,푸른숲 은평구 응암동
은평구,증산동,선정(178),선정,선정1차아파트,서울 은평구 증산동 251,서울 은평구 증산로3길 5-21,37.57990808316058,126.90486254206463,3,선정 은평구 증산동
은평구,역촌동,명남뉴(32-3),명남뉴,명남뉴아파트,서울 은평구 역촌동 32-3,서울 은평구 진흥로1길 41,37.60403946673439,126.9182504435076,3,명남뉴 은평구 역촌동
은평구,신사동,명진(348-7),명진,명진아파트,서울 은평구 신사동 200-115,서울 은평구 은평터널로 182,37.594829720688,126.90866629243564,3,명진 은평구 신사동
은평구,불광동,남양구르미아파트,남양구르미아파트,남양구르미아파트,서울 은평구 불광동 479-10,서울 은평구 통일로94길 31,37.627327780145635,126.9216007544506,3,남양구르미아파트 은평구 불광동
은평구,역촌동,역촌,역촌,서울역촌초등학교,서울 은평구 역촌동 82-1,서울 은평구 은평로3길 25,37.602159021649,126.914328594828,3,역촌 은평구 역촌동
은평구,역촌동,솔빛,솔빛,솔빛아파트,서울 은평구 역촌동 47-31,서울 은평구 갈현로12길 23,37.60654786316475,126.91325900483136,3,솔빛 은평구 역촌동
은평구,신사동,(23-42),,봉산 편백나무 치유의 숲,서울 은평구 신사동 산 93-8,,37.59472588989726,126.90275566832888,3, 은평구 신사동
은평구,불광동,서강아파트,서강아파트,서강아파트,서울 은평구 불광동 171-59,서울 은평구 불광로20길 12-9,37.62387305916238,126.9311683591216,3,서강아파트 은평구 불광동
은평구,대조동,정은노블스,정은노블스,정은노블스아파트,서울 은평구 대조동 197-9,서울 은평구 연서로26길 7-7,37.61739277501378,126.92052382244874,3,정은노블스 은평구 대조동
은평구,구산동,에덴드림,에덴드림,에덴드림아파트,서울 은평구 구산동 14-21,서울 은평구 갈현로 143-2,37.61111231402688,126.91089341496462,3,에덴드림 은평구 구산동
은평구,신사동,명남더블레스(39-4),명남더블레스,명남더블레스,서울 은평구 신사동 200-9,서울 은평구 은평터널로 173-17,37.59449498303032,126.906911598888,3,명남더블레스 은평구 신사동
은평구,신사동,임탑(12-1)100동,임탑,임탑아파트,서울 은평구 신사동 364,서울 은평구 갈현로5길 25-11,37.60173654111449,126.9084404221166,3,임탑 은평구 신사동
은평구,신사동,명남(200-16),명남,명남아파트,서울 은평구 신사동 200-16,서울 은평구 은평터널로 169-23,37.59429993468899,126.9063626660052,3,명남 은평구 신사동
은평구,응암동,에버그린,에버그린,에버그린아파트,서울 은평구 역촌동 32-42,서울 은평구 진흥로1다길 12-1,37.60380975795166,126.91702196976078,2,에버그린 은평구 응암동
은평구,응암동,명진,명진,명진베스트빌,서울 은평구 응암동 365-50,서울 은평구 응암로16길 7-15,37.59198103320752,126.9188716730267,3,명진 은평구 응암동
은평구,응암동,위산일리온시티,위산일리온시티,위산일리온시티아파트,서울 은평구 응암동 110-1,서울 은평구 은평로 116,37.5998974896323,126.920708900034,3,위산일리온시티 은평구 응암동
은평구,갈현동,선구,선구,선구아파트,서울 은평구 갈현동 499-18,서울 은평구 갈현로 232,37.617725179257,126.91525765526,3,선구 은평구 갈현동
은평구,역촌동,역촌월드,역촌월드,역촌월드아파트,서울 은평구 역촌동 19-3,서울 은평구 역말로 84-8,37.606743511644446,126.91981827565012,3,역촌월드 은평구 역촌동
은평구,신사동,신선,신선,신선아파트,서울 은평구 신사동 26-20,서울 은평구 증산로21가길 11-12,37.5973936199322,126.9130114527,3,신선 은평구 신사동
은평구,대조동,모아아파트(102동),모아아파트,모아아파트,서울 은평구 대조동 9-21,서울 은평구 불광로1길 10,37.6100712139157,126.927312253955,3,모아아파트 은평구 대조동
은평구,녹번동,대신홈타운(168-33),대신홈타운,대신홈타운,서울 은평구 역촌동 35-52,서울 은평구 연서로6길 8-10,37.603710275304536,126.91649208709396,2,대신홈타운 은평구 녹번동
은평구,대조동,경인에버빌,경인에버빌,인터스노어,서울 은평구 대조동 197-16,서울 은평구 연서로26길 3-8,37.6175053511018,126.920453476881,3,경인에버빌 은평구 대조동
은평구,구산동,그린,그린,거성그린빌라,서울 은평구 구산동 198-7,서울 은평구 서오릉로13길 3,37.61247498928152,126.91383201063672,3,그린 은평구 구산동
은평구,역촌동,푸른솔,푸른솔,푸른솔아파트,서울 은평구 역촌동 19-4,서울 은평구 역말로 84-6,37.60678752759712,126.91962343656031,3,푸른솔 은평구 역촌동
은평구,역촌동,디딤빌아파트,디딤빌아파트,디딤빌아파트,서울 은평구 역촌동 50-24,서울 은평구 갈현로 100,37.60674251274058,126.9108884354346,3,디딤빌아파트 은평구 역촌동
은평구,응암동,길훈,길훈,길훈아파트,서울 은평구 응암동 122-30,서울 은평구 불광천길 490,37.5958063027991,126.91581245544,3,길훈 은평구 응암동
은평구,역촌동,진주하이츠(10-89),진주하이츠,진주하이츠,서울 은평구 역촌동 37-4,서울 은평구 연서로4길 16-1,37.602314616533754,126.91773933432968,3,진주하이츠 은평구 역촌동
은평구,갈현동,웰빙,웰빙,대한웰빙홈,서울 은평구 갈현동 549,서울 은평구 통일로 925,37.625588531653,126.919748194309,3,웰빙 은평구 갈현동
은평구,역촌동,만민라이프,만민라이프,만민라이프아파트,서울 은평구 역촌동 52-15,서울 은평구 갈현로 97,37.60659084066521,126.9104843111424,3,만민라이프 은평구 역촌동
은평구,응암동,예승,예승,예승오피스텔,서울 은평구 응암동 113-2,서울 은평구 불광천길 548,37.598291778415025,126.91657627764046,3,예승 은평구 응암동
은평구,역촌동,월드,월드,역촌월드아파트,서울 은평구 역촌동 19-3,서울 은평구 역말로 84-8,37.606743511644446,126.91981827565012,3,월드 은평구 역촌동
은평구,증산동,월드메르시안(179-9),월드메르시안,월드메르시안아파트,서울 은평구 증산동 179-8,서울 은평구 증산로1길 6-20,37.57964463113995,126.90441456594527,3,월드메르시안 은평구 증산동
은평구,응암동,녹번역e편한세상캐슬,녹번역e편한세상캐슬,녹번역e편한세상캐슬아파트,서울 은평구 응암동 769,서울 은평구 은평로 220,37.59919280698651,126.93209475348952,3,녹번역e편한세상캐슬 은평구 응암동
은평구,불광동,금상아파트,금상아파트,금상아파트,서울 은평구 불광동 346-3,서울 은평구 연서로34가길 6-12,37.62055159831466,126.92745610139124,3,금상아파트 은평구 불광동
은평구,구산동,벨뷰아파트,벨뷰아파트,벨뷰아파트,서울 은평구 구산동 321-28,서울 은평구 서오릉로 237-14,37.6159975288054,126.907453389994,3,벨뷰아파트 은평구 구산동
은평구,신사동,유성,유성,유성아이비,서울 은평구 신사동 270-1,서울 은평구 갈현로3길 23-1,37.6002942693689,126.907558908099,3,유성 은평구 신사동
은평구,응암동,월드빌(120-6),월드빌,월드빌아파트,서울 은평구 응암동 120-5,서울 은평구 응암로21가길 25-1,37.59600963650668,126.91795915687972,3,월드빌 은평구 응암동
은평구,응암동,백련산파크자이,백련산파크자이,백련산파크자이아파트,서울 은평구 응암동 766,서울 은평구 백련산로 67,37.592433698998406,126.92209255569122,3,백련산파크자이 은평구 응암동
은평구,신사동,명남(23-45),명남,명남아파트,서울 은평구 신사동 200-16,서울 은평구 은평터널로 169-23,37.59429993468899,126.9063626660052,3,명남 은평구 신사동
은평구,대조동,북한산포레스트,북한산포레스트,북한산포레스트아파트,서울 은평구 대조동 179-16,서울 은평구 서오릉로 80,37.6074892844803,126.92214140892,3,북한산포레스트 은평구 대조동
은평구,갈현동,대훈,대훈,대훈아파트,서울 은평구 갈현동 136-6,서울 은평구 연서로25길 23-9,37.61739441751917,126.91638164081706,3,대훈 은평구 갈현동
은평구,대조동,대경홈타운,대경홈타운,대경홈타운,서울 은평구 대조동 9-45,서울 은평구 통일로67길 17-1,37.610240683388064,126.92744799659675,3,대경홈타운 은평구 대조동
은평구,녹번동,산수(86-20),산수,산수아파트,서울 은평구 녹번동 86-20,서울 은평구 은평로21가길 10,37.603740652345365,126.9299468643233,3,산수 은평구 녹번동
은평구,불광동,효민아크로뷰,효민아크로뷰,효민아크로뷰오피스텔,서울 은평구 불광동 484-73,서울 은평구 통일로 868,37.6205813216339,126.920451332383,3,효민아크로뷰 은평구 불광동
은평구,갈현동,아름(526-2),아름,아름아파트,서울 은평구 갈현동 526-2,서울 은평구 서오릉로18길 10,37.6151087972939,126.910494488658,3,아름 은평구 갈현동
은평구,역촌동,명남뉴아파트,명남뉴아파트,명남뉴아파트,서울 은평구 역촌동 32-3,서울 은평구 진흥로1길 41,37.60403946673439,126.9182504435076,3,명남뉴아파트 은평구 역촌동
은평구,신사동,부흥아파트(33-10),부흥아파트,부흥아파트,서울 은평구 신사동 33-10,서울 은평구 증산로19길 14,37.5950186793837,126.913109333271,3,부흥아파트 은평구 신사동
은평구,대조동,보성리엔빌,보성리엔빌,보성리엔빌,서울 은평구 대조동 190-48,서울 은평구 역말로9길 40-36,37.61477020876178,126.92356999530593,3,보성리엔빌 은평구 대조동
은평구,불광동,연신내역트리플라101동,연신내역트리플라,연신내역트리플라101동아파트,서울 은평구 불광동 484-63,서울 은평구 통일로82길 6-3,37.6203806704432,126.920851395232,3,연신내역트리플라 은평구 불광동
은평구,구산동,뉴월드빌(16-28),뉴월드빌,뉴월드빌아파트,서울 은평구 구산동 16-28,서울 은평구 연서로13길 41,37.6103343714406,126.911573881767,3,뉴월드빌 은평구 구산동
은평구,갈현동,한아름,한아름,한아름아파트,서울 은평구 갈현동 241-9,서울 은평구 갈현로29길 37-2,37.62116635039888,126.91197449969044,3,한아름 은평구 갈현동
은평구,역촌동,역촌빌라트,역촌빌라트,역촌빌라트,서울 은평구 역촌동 49-12,서울 은평구 갈현로14길 5,37.60706712897061,126.91123346520966,3,역촌빌라트 은평구 역촌동
은평구,대조동,제이타워4,제이타워4,제이타워4아파트,서울 은평구 대조동 9-50,서울 은평구 통일로67길 15,37.610407567040966,126.92777514595578,3,제이타워4 은평구 대조동
은평구,녹번동,DH팰리스타워,DH팰리스타워,DH팰리스타워아파트,서울 은평구 녹번동 83-26,서울 은평구 서오릉로 12,37.6025485266533,126.926787323999,3,DH팰리스타워 은평구 녹번동
은평구,역촌동,고도아파트,고도아파트,고도아파트,서울 은평구 역촌동 2-1,서울 은평구 서오릉로 119,37.6099603316297,126.918921233431,3,고도아파트 은평구 역촌동
은평구,응암동,신현대,신현대,신현대아파트,서울 은평구 응암동 112-26,서울 은평구 불광천길 550,37.598520606687906,126.916543182978,3,신현대 은평구 응암동
은평구,대조동,대경아르체아파트,대경아르체아파트,대경아르체아파트,서울 은평구 대조동 26-14,서울 은평구 진흥로 153,37.609091291169,126.926428689435,3,대경아르체아파트 은평구 대조동
은평구,수색동,DMC롯데캐슬더퍼스트,DMC롯데캐슬더퍼스트,DMC롯데캐슬더퍼스트아파트,서울 은평구 수색동 417,서울 은평구 수색로 300,37.58487289001885,126.89166068411926,3,DMC롯데캐슬더퍼스트 은평구 수색동
은평구,응암동,자선메르시안(118-62),자선메르시안,자선메르시안아파트,서울 은평구 응암동 400,서울 은평구 응암로18길 18-9,37.591877350889376,126.92009238851196,3,자선메르시안 은평구 응암동
은평구,구산동,은평서해그랑블,은평서해그랑블,은평서해그랑블아파트,서울 은평구 구산동 548,서울 은평구 서오릉로 253,37.61685279998901,126.90660623051274,3,은평서해그랑블 은평구 구산동
은평구,응암동,거장메카(116-22),거장메카,거장메카오피스텔,서울 은평구 응암동 91-3,서울 은평구 은평로 95,37.5998535896534,126.918429414161,3,거장메카 은평구 응암동
은평구,구산동,금광포란재(102),금광포란재,금광포란재아파트,서울 은평구 구산동 355-82,서울 은평구 서오릉로21길 34-20,37.61358028533199,126.90531801120972,3,금광포란재 은평구 구산동
은평구,응암동,펠리시티,펠리시티,펠리시티아파트,서울 은평구 응암동 117-24,서울 은평구 응암로 277,37.5965708761493,126.919152043742,3,펠리시티 은평구 응암동
은평구,응암동,힐스테이트녹번역,힐스테이트녹번역,힐스테이트녹번역아파트,서울 은평구 응암동 770,서울 은평구 은평로 240,37.59957265256036,126.93462645786111,3,힐스테이트녹번역 은평구 응암동
은평구,증산동,DMC센트럴자이(4단지),DMC센트럴자이,DMC센트럴자이아파트,서울 은평구 증산동 258,서울 은평구 수색로 200,37.57993169296888,126.90287567006922,3,DMC센트럴자이 은평구 증산동
은평구,구산동,벽산스카이파크,벽산스카이파크,벽산스카이파크아파트,서울 은평구 구산동 355-90,서울 은평구 서오릉로21가길 16,37.614166540470904,126.9049593591968,3,벽산스카이파크 은평구 구산동
은평구,응암동,e편한세상백련산,e편한세상백련산,e편한세상백련산아파트,서울 은평구 응암동 771,서울 은평구 백련산로 112,37.59549825013299,126.92390110420484,3,e편한세상백련산 은평구 응암동
은평구,갈현동,천수,천수,천수아파트,서울 은평구 갈현동 488-16,서울 은평구 연서로17길 34-14,37.61426110329473,126.91431924326908,3,천수 은평구 갈현동
은평구,역촌동,명남뉴,명남뉴,명남뉴아파트,서울 은평구 역촌동 32-3,서울 은평구 진흥로1길 41,37.60403946673439,126.9182504435076,3,명남뉴 은평구 역촌동
은평구,신사동,거성리젠시,거성리젠시,거성리젠시,서울 은평구 신사동 18-9,서울 은평구 갈현로1길 11,37.59923566752339,126.90879679442482,3,거성리젠시 은평구 신사동
은평구,신사동,린든빌(29-26),린든빌,린든빌아파트,서울 은평구 신사동 29-26,서울 은평구 증산로21길 38-3,37.59642390927557,126.9102779477327,3,린든빌 은평구 신사동
은평구,증산동,DMC센트럴자이(3단지),DMC센트럴자이,DMC센트럴자이아파트,서울 은평구 증산동 258,서울 은평구 수색로 200,37.57993169296888,126.90287567006922,3,DMC센트럴자이 은평구 증산동
은평구,대조동,베르디움STAY1,베르디움STAY1,투고그린 불광호반베르디움점,서울 은평구 대조동 241,서울 은평구 통일로 767,37.61319548630403,126.9267349808821,3,베르디움STAY1 은평구 대조동
은평구,증산동,DMC센트럴자이(2단지),DMC센트럴자이,DMC센트럴자이아파트,서울 은평구 증산동 258,서울 은평구 수색로 200,37.57993169296888,126.90287567006922,3,DMC센트럴자이 은평구 증산동
은평구,불광동,디앤제이하우징(281-89),디앤제이하우징,디앤제이하우징,서울 은평구 불광동 281-89,서울 은평구 불광로 40-1,37.61098216187679,126.93038064392609,3,디앤제이하우징 은평구 불광동
은평구,수색동,DMCSKVIEW,DMCSKVIEW,DMCSKVIEW아파트,서울 은평구 수색동 418,서울 은평구 수색로 216,37.581118722814104,126.90014118646708,3,DMCSKVIEW 은평구 수색동
은평구,대조동,디안(89-258),디안,디안아파트,서울 은평구 대조동 89-77,서울 은평구 역말로 114,37.609296105882756,126.921292379007,3,디안 은평구 대조동
은평구,수색동,DMC아트포레자이,DMC아트포레자이,DMC아트포레자이아파트,서울 은평구 수색동 189,서울 은평구 은평터널로 27,37.58519837623507,126.8979834564232,3,DMC아트포레자이 은평구 수색동
은평구,역촌동,프라우드아파트,프라우드아파트,한국프라우드아파트,서울 은평구 역촌동 9-54,서울 은평구 연서로 78,37.6062181041847,126.915750892234,3,프라우드아파트 은평구 역촌동
은평구,불광동,연신내역트리플라102동,연신내역트리플라,연신내역트리플라101동아파트,서울 은평구 불광동 484-63,서울 은평구 통일로82길 6-3,37.6203806704432,126.920851395232,3,연신내역트리플라 은평구 불광동
은평구,녹번동,제니더클래식,제니더클래식,제니더클래식아파트,서울 은평구 녹번동 31-36,,37.6050504861557,126.934288713887,3,제니더클래식 은평구 녹번동
은평구,구산동,새천년3차드림,새천년3차드림,새천년3차드림아파트,서울 은평구 구산동 220-2,서울 은평구 서오릉로13길 3-6,37.61207521883991,126.91420056391674,3,새천년3차드림 은평구 구산동
은평구,증산동,DMC센트럴자이(1단지),DMC센트럴자이,DMC센트럴자이아파트,서울 은평구 증산동 258,서울 은평구 수색로 200,37.57993169296888,126.90287567006922,3,DMC센트럴자이 은평구 증산동
은평구,응암동,명남스카이뷰,명남스카이뷰,명남스카이뷰 전기차충전소,서울 은평구 응암동 590-10,서울 은평구 응암로13길 6,37.5898998894961,126.916499593819,3,명남스카이뷰 은평구 응암동
은평구,갈현동,대경아르체,대경아르체,대경아르체아파트,서울 은평구 갈현동 550,,37.623042976831265,126.9193567313472,3,대경아르체 은평구 갈현동
은평구,갈현동,효민아크로뷰,효민아크로뷰,효민아크로뷰오피스텔,서울 은평구 갈현동 395-2,서울 은평구 통일로 871,37.6205826542441,126.919758106363,3,효민아크로뷰 은평구 갈현동
은평구,역촌동,에버그린,에버그린,에버그린아파트,서울 은평구 역촌동 32-42,서울 은평구 진흥로1다길 12-1,37.60380975795166,126.91702196976078,3,에버그린 은평구 역촌동
은평구,응암동,아르지움주상복합,아르지움주상복합,아르지움오피스텔,서울 은평구 응암동 577-7,서울 은평구 응암로 217,37.591496881806,126.917116033923,3,아르지움주상복합 은평구 응암동
은평구,응암동,월드빌(120-9),월드빌,월드빌아파트,서울 은평구 응암동 120-5,서울 은평구 응암로21가길 25-1,37.59600963650668,126.91795915687972,3,월드빌 은평구 응암동
은평구,녹번동,거장카운티,거장카운티,거장카운티아파트,서울 은평구 녹번동 182,서울 은평구 서오릉로 6,37.6021180596209,126.927120683197,3,거장카운티 은평구 녹번동
은평구,구산동,새천년구산2차,새천년구산2차,새천년구산2차아파트,서울 은평구 구산동 213-4,서울 은평구 갈현로 164,37.6124823692675,126.91162796834034,3,새천년구산2차 은평구 구산동
은평구,응암동,뉴월드(240-63),뉴월드,뉴월드애필리움,서울 은평구 응암동 599-15,서울 은평구 응암로 189-11,37.58874018193636,126.91631520248546,3,뉴월드 은평구 응암동
은평구,불광동,LUMINO816,LUMINO816,루미노816아파트,서울 은평구 불광동 302-13,,37.61690579744709,126.92395178256407,3,LUMINO816 은평구 불광동
은평구,증산동,청록,청록,청록아파트,서울 은평구 증산동 169-3,서울 은평구 증산로 299,37.583984069228144,126.90930449958324,3,청록 은평구 증산동
은평구,역촌동,더-위일이노펠리체,더-위일이노펠리체,더-위일이노펠리체아파트,서울 은평구 역촌동 85-1,서울 은평구 연서로 17,37.60058415481296,126.91566891717514,3,더-위일이노펠리체 은평구 역촌동
은평구,응암동,다원,다원,다원부동산,서울 은평구 응암동 4-7,서울 은평구 은평로20길 6,37.60046207870575,126.93328150313178,3,다원 은평구 응암동
은평구,증산동,네르비,네르비,네르비아파트,서울 은평구 증산동 161-8,서울 은평구 증산서길 146,37.58757545776626,126.91172309188524,3,네르비 은평구 증산동
은평구,수색동,DMC파인시티자이,DMC파인시티자이,DMC파인시티자이아파트,서울 은평구 수색동 431,서울 은평구 은평터널로 15,37.583781991457776,126.89589202187922,3,DMC파인시티자이 은평구 수색동
은평구,수색동,DMCSK뷰아이파크포레,DMCSK뷰아이파크포레,DMCSKVIEW아파트,서울 은평구 수색동 418,서울 은평구 수색로 216,37.581118722814104,126.90014118646708,3,DMCSK뷰아이파크포레 은평구 수색동
은평구,불광동,삼흥아파트,삼흥아파트,삼흥아파트,서울 은평구 불광동 484-57,서울 은평구 통일로82가길 2,37.62078149929599,126.92068672546978,3,삼흥아파트 은평구 불광동
은평구,녹번동,녹번타워,녹번타워,녹번타워아파트,서울 은평구 녹번동 160-3,,37.6027109039364,126.922856434599,3,녹번타워 은평구 녹번동
은평구,역촌동,센트레빌아스테리움시그니처,센트레빌아스테리움시그니처,센트레빌아스테리움시그니처아파트,서울 은평구 역촌동 189-1,서울 은평구 갈현로7길 25,37.60375328001775,126.90769845102068,3,센트레빌아스테리움시그니처 은평구 역촌동
은평구,대조동,루체하임,루체하임,루체하임-1,서울 은평구 녹번동 118-10,서울 은평구 녹번로9길 10,37.607287426819546,126.93075781879806,2,루체하임 은평구 대조동
은평구,응암동,예청B,예청B,예청B아파트,서울 은평구 응암동 122-12,서울 은평구 불광천길 502-1,37.59627144604028,126.91613804856564,3,예청B 은평구 응암동
은평구,불광동,그린라이프,그린라이프,그린라이프아파트,서울 은평구 불광동 230-2,서울 은평구 불광로13가길 7,37.618068320578224,126.93172532670962,3,그린라이프 은평구 불광동
서대문구,연희동,성원쌍떼빌팰리스,성원쌍떼빌팰리스,성원상떼빌2차팰리스아파트,서울 서대문구 연희동 742,서울 서대문구 연희로28길 35-28,37.57582525025865,126.93807731014338,3,성원쌍떼빌팰리스 서대문구 연희동
서대문구,남가좌동,남가좌동현대,남가좌동현대,남가좌동현대아파트,서울 서대문구 남가좌동 376,서울 서대문구 가재울로 45,37.5748720882277,126.9202135771335,3,남가좌동현대 서대문구 남가좌동
서대문구,홍제동,홍제한양,홍제한양,홍제한양아파트,서울 서대문구 홍제동 82,서울 서대문구 통일로25길 30,37.583167340988425,126.94711939561418,3,홍제한양 서대문구 홍제동
서대문구,연희동,은하,은하,은하아파트,서울 서대문구 연희동 105-4,서울 서대문구 연희로15길 127,37.57257218684978,126.92773359243311,3,은하 서대문구 연희동
서대문구,북가좌동,대경아르체,대경아르체,대경아르체아파트,서울 서대문구 북가좌동 488,서울 서대문구 응암로 133,37.5846652686419,126.914190142275,3,대경아르체 서대문구 북가좌동
서대문구,남가좌동,래미안남가좌2차,래미안남가좌2차,래미안남가좌2차아파트,서울 서대문구 남가좌동 379,서울 서대문구 수색로6길 43,37.57198896171074,126.91265613489558,3,래미안남가좌2차 서대문구 남가좌동
서대문구,냉천동,돈의문센트레빌,돈의문센트레빌,돈의문센트레빌아파트,서울 서대문구 냉천동 261,서울 서대문구 독립문로14길 33,37.5661405314954,126.96158347274464,3,돈의문센트레빌 서대문구 냉천동
서대문구,북아현동,e편한세상신촌1단지,e편한세상신촌1단지,e편한세상신촌아파트,서울 서대문구 북아현동 1013,서울 서대문구 북아현로1가길 20,37.55802255064332,126.95175819710762,3,e편한세상신촌1단지 서대문구 북아현동
서대문구,연희동,성원,성원,성원아파트,서울 서대문구 연희동 740,서울 서대문구 연희로32길 48,37.57643489423462,126.93917715886542,3,성원 서대문구 연희동
서대문구,남가좌동,DMC래미안클라시스,DMC래미안클라시스,DMC래미안클라시스아파트,서울 서대문구 남가좌동 377,서울 서대문구 증가로 191,37.57793474577595,126.91656163623432,3,DMC래미안클라시스 서대문구 남가좌동
서대문구,홍제동,인왕산어울림,인왕산어울림,인왕산어울림아파트,서울 서대문구 홍제동 467,서울 서대문구 통일로26길 17,37.583814111764454,126.9509637628719,3,인왕산어울림 서대문구 홍제동
서대문구,홍은동,극동,극동,극동아파트,서울 서대문구 홍은동 454,서울 서대문구 포방터10길 33,37.60260875940582,126.95086536318678,3,극동 서대문구 홍은동
서대문구,홍은동,홍은미성,홍은미성,미성아파트,서울 서대문구 홍은동 186-1,서울 서대문구 연희로41길 114,37.593739145243376,126.93537209393904,3,홍은미성 서대문구 홍은동
서대문구,홍은동,초원,초원,초원아파트,서울 서대문구 홍은동 8-26,서울 서대문구 홍은중앙로 156,37.603909340968286,126.94979998856378,3,초원 서대문구 홍은동
서대문구,남가좌동,DMC파크뷰자이2단지,DMC파크뷰자이2단지,DMC파크뷰자이2단지아파트 게이트7,서울 서대문구 남가좌동 385,서울 서대문구 가재울미래로 2,37.572953302647306,126.9142624459862,3,DMC파크뷰자이2단지 서대문구 남가좌동
서대문구,남가좌동,DMC파크뷰자이1단지,DMC파크뷰자이1단지,DMC파크뷰자이1단지아파트 게이트4,서울 서대문구 남가좌동 155-305,,37.5719118733027,126.915680881773,3,DMC파크뷰자이1단지 서대문구 남가좌동
서대문구,홍은동,베벌리힐즈,베벌리힐즈,베벌리힐즈아파트,서울 서대문구 홍은동 392-1,서울 서대문구 명지길 104,37.58223335470963,126.92742084172852,3,베벌리힐즈 서대문구 홍은동
서대문구,북가좌동,DMC아이파크,DMC아이파크,DMC아이파크아파트,서울 서대문구 북가좌동 458,서울 서대문구 거북골로14길 32,37.57639439130086,126.91452566460822,3,DMC아이파크 서대문구 북가좌동
서대문구,남가좌동,DMC센트럴아이파크,DMC센트럴아이파크,DMC센트럴아이파크아파트,서울 서대문구 남가좌동 388,서울 서대문구 증가로 150,37.57884136935931,126.9208104802132,3,DMC센트럴아이파크 서대문구 남가좌동
서대문구,북가좌동,DMC래미안e편한세상,DMC래미안e편한세상,DMC래미안e편한세상아파트,서울 서대문구 북가좌동 481,서울 서대문구 수색로 100,37.573666935484006,126.91067768766229,3,DMC래미안e편한세상 서대문구 북가좌동
서대문구,홍제동,인왕,인왕,인왕중학교,서울 서대문구 홍제동 9-27,서울 서대문구 세검정로4길 69,37.5927234613234,126.951777701251,3,인왕 서대문구 홍제동
서대문구,연희동,홍연,홍연,홍연아파트,서울 서대문구 연희동 729,서울 서대문구 홍제천로 172,37.57686798619522,126.93204484422388,3,홍연 서대문구 연희동
서대문구,연희동,선명(102동),선명,연희선명아파트,서울 서대문구 연희동 703-32,서울 서대문구 증가로 76,37.57423719081723,126.92767764667678,3,선명 서대문구 연희동
서대문구,홍제동,고은,고은,고은맨숀,서울 서대문구 홍제동 156-200,서울 서대문구 모래내로 453,37.58571069162,126.94481698342604,3,고은 서대문구 홍제동
서대문구,충정로2가,현대,현대,충정로현대아파트,서울 서대문구 충정로2가 185-15,서울 서대문구 충정로7길 30,37.56368673466093,126.96320555368207,3,현대 서대문구 충정로2가
서대문구,충정로3가,미동,미동,미동아파트,서울 서대문구 충정로3가 189-8,서울 서대문구 충정로7길 9,37.56322929627631,126.96407504040744,3,미동 서대문구 충정로3가
서대문구,홍은동,동평늘푸른,동평늘푸른,동평모임빌늘푸른아파트,서울 서대문구 홍은동 265-281,서울 서대문구 연희로37길 77-23,37.58598595257233,126.93347218024046,3,동평늘푸른 서대문구 홍은동
서대문구,연희동,연희자이엘라,연희자이엘라,연희자이엘라,서울 서대문구 연희동 745,서울 서대문구 연희로5길 14,37.564064287073705,126.92806212905144,3,연희자이엘라 서대문구 연희동
서대문구,홍제동,남양,남양,남양아파트,서울 서대문구 홍제동 457,서울 서대문구 홍제내길 168,37.588785183554045,126.93816168305796,3,남양 서대문구 홍제동
서대문구,홍제동,성원,성원,홍제성원아파트,서울 서대문구 홍제동 456,서울 서대문구 모래내로 430,37.58366992422345,126.942884759614,3,성원 서대문구 홍제동
서대문구,북가좌동,DMC두산위브,DMC두산위브,DMC두산위브아파트,서울 서대문구 북가좌동 459,서울 서대문구 증가로 200-8,37.58025977972987,126.91722925003752,3,DMC두산위브 서대문구 북가좌동
서대문구,홍제동,태영으뜸(데시앙),태영으뜸,태영으뜸아파트,서울 서대문구 홍제동 373,서울 서대문구 세검정로3길 63,37.59364391149229,126.94674058502471,3,태영으뜸 서대문구 홍제동
서대문구,연희동,임광,임광,연희임광아파트,서울 서대문구 연희동 738,서울 서대문구 동교로 291,37.56518725441301,126.92712498386996,3,임광 서대문구 연희동
서대문구,창천동,3RU-City,3RU-City,3RU시티빌딩 주차장,서울 서대문구 창천동 510-1,,37.5590093026179,126.927418475135,3,3RU-City 서대문구 창천동
서대문구,홍은동,HDX휴팰리스,HDX휴팰리스,HDX휴팰리스아파트,서울 서대문구 홍은동 465,서울 서대문구 통일로 536,37.59580042391032,126.94013748069834,3,HDX휴팰리스 서대문구 홍은동
서대문구,홍은동,홍은동벽산,홍은동벽산,홍은벽산아파트,서울 서대문구 홍은동 455,서울 서대문구 세검정로1길 95,37.59537653648853,126.94481890509356,3,홍은동벽산 서대문구 홍은동
서대문구,홍제동,서울맨션,서울맨션,서울맨션,서울 서대문구 홍제동 315-7,서울 서대문구 통일로37길 30,37.58688872196972,126.94382429842472,3,서울맨션 서대문구 홍제동
서대문구,홍제동,유원하나,유원하나,유원하나아파트,서울 서대문구 홍제동 454,서울 서대문구 세검정로 134,37.595098713864,126.95236498206906,3,유원하나 서대문구 홍제동
서대문구,북가좌동,DMC한양,DMC한양,DMC한양아파트,서울 서대문구 북가좌동 431,서울 서대문구 응암로 28,37.57589298701697,126.90909696142502,3,DMC한양 서대문구 북가좌동
서대문구,창천동,연대JK,연대JK,JK캠퍼스,서울 서대문구 창천동 518,서울 서대문구 성산로 394,37.56178241393541,126.93168617653797,3,연대JK 서대문구 창천동
서대문구,홍은동,유원,유원,홍은유원아파트,서울 서대문구 홍은동 22,서울 서대문구 홍은중앙로1길 33,37.59749199114725,126.94466334057692,3,유원 서대문구 홍은동
서대문구,천연동,산경,산경,산경아파트,서울 서대문구 천연동 117-23,서울 서대문구 독립문로8길 33,37.56825185587567,126.95975319403394,3,산경 서대문구 천연동
서대문구,대현동,혜우,혜우,혜우사우나,서울 서대문구 대현동 101-33,서울 서대문구 신촌역로 10,37.55743767401024,126.94335296615736,3,혜우 서대문구 대현동
서대문구,남가좌동,디엠씨엘가,디엠씨엘가,DMC엘가,서울 서대문구 남가좌동 387,서울 서대문구 모래내로 151,37.56999598165532,126.91770131451604,3,디엠씨엘가 서대문구 남가좌동
서대문구,홍은동,진흥,진흥,진흥아파트,서울 서대문구 홍은동 459,서울 서대문구 모래내로 319,37.57991634585535,126.93256284145043,3,진흥 서대문구 홍은동
서대문구,영천동,독립문삼호,독립문삼호,독립문삼호아파트,서울 서대문구 영천동 100,서울 서대문구 독립문로 10,37.570309277386414,126.95844807095182,3,독립문삼호 서대문구 영천동
서대문구,현저동,독립문파크빌,독립문파크빌,독립문파크빌아파트,서울 서대문구 현저동 1019,서울 서대문구 통일로 279-75,37.574962955955016,126.95146765996752,3,독립문파크빌 서대문구 현저동
서대문구,충정로3가,동호,동호,동호아파트,서울 서대문구 충정로3가 1-37,서울 서대문구 경기대로9길 60,37.564281610024835,126.96107508712238,3,동호 서대문구 충정로3가
서대문구,북가좌동,요진,요진,DMC요진아파트,서울 서대문구 북가좌동 150,서울 서대문구 수색로 102,37.572807414273896,126.90836265067291,3,요진 서대문구 북가좌동
서대문구,홍제동,청구1차,청구1차,무악청구1차아파트,서울 서대문구 홍제동 453,서울 서대문구 통일로 348,37.58191526289824,126.95204732844358,3,청구1차 서대문구 홍제동
서대문구,홍은동,"현대(1,2차)",현대,현대아파트,서울 서대문구 홍은동 202-5,서울 서대문구 연희로 377,37.58958451080253,126.93673891560968,3,현대 서대문구 홍은동
서대문구,홍제동,홍제삼성래미안,홍제삼성래미안,홍제삼성래미안아파트,서울 서대문구 홍제동 461,서울 서대문구 통일로 319,37.578354228651605,126.95129791106297,3,홍제삼성래미안 서대문구 홍제동
서대문구,홍은동,홍은동아더프라임,홍은동아더프라임,홍은동아더프라임아파트,서울 서대문구 홍은동 439-1,서울 서대문구 통일로 530,37.59517274511119,126.94075623831344,3,홍은동아더프라임 서대문구 홍은동
서대문구,홍은동,홍은동풍림아이원,홍은동풍림아이원,홍은동 풍림아이원아파트 관리사무소,서울 서대문구 홍은동 460,서울 서대문구 홍은중앙로 149,37.603771885140006,126.94862571456034,3,홍은동풍림아이원 서대문구 홍은동
서대문구,북아현동,북아현경남,북아현경남,경남1차아파트,서울 서대문구 북아현동 1006,서울 서대문구 북아현로 40,37.56093456200803,126.95636168089813,3,북아현경남 서대문구 북아현동
서대문구,홍은동,반석블레스,반석블레스,반석블레스아파트,서울 서대문구 홍은동 440-1,서울 서대문구 통일로48가길 15,37.59548650519631,126.94118627859206,3,반석블레스 서대문구 홍은동
서대문구,홍제동,에이원,에이원,에이원아파트,서울 서대문구 홍제동 132-5,서울 서대문구 홍제원길 45,37.587432428095106,126.94867657425044,3,에이원 서대문구 홍제동
서대문구,창천동,센타폴리스,센타폴리스,센타폴리스아파트,서울 서대문구 창천동 381,서울 서대문구 연희로2길 49,37.5595693401157,126.928266778662,3,센타폴리스 서대문구 창천동
서대문구,북가좌동,월드컵현대,월드컵현대,월드컵현대아파트,서울 서대문구 북가좌동 371-1,서울 서대문구 수색로 154,37.57629651936579,126.90439167663172,3,월드컵현대 서대문구 북가좌동
서대문구,홍은동,서강1차(1동),서강1차,서강1차아파트,서울 서대문구 홍은동 186-22,서울 서대문구 연희로41길 142,37.59469013009793,126.9345333491998,3,서강1차 서대문구 홍은동
서대문구,홍제동,홍제원현대(459-0),홍제원현대,홍제원현대아파트,서울 서대문구 홍제동 459,서울 서대문구 통일로34길 43,37.58766438074983,126.94959917516834,3,홍제원현대 서대문구 홍제동
서대문구,남가좌동,백련미라보,백련미라보,가재울백련아파트,서울 서대문구 남가좌동 345-4,서울 서대문구 가재울로6길 53-87,37.57700936414295,126.92310597305833,3,백련미라보 서대문구 남가좌동
서대문구,홍제동,홍제해성,홍제해성,해성훼미리아파트,서울 서대문구 홍제동 466,서울 서대문구 통일로37나길 12,37.5875010562363,126.943112804974,3,홍제해성 서대문구 홍제동
서대문구,연희동,대림,대림,대림아파트,서울 서대문구 연희동 700,서울 서대문구 연희로32길 20,37.575409814362935,126.93623922856932,3,대림 서대문구 연희동
서대문구,홍제동,홍제현대,홍제현대,홍제현대아파트,서울 서대문구 홍제동 331,서울 서대문구 통일로39가길 57,37.588995865757944,126.9413997185943,3,홍제현대 서대문구 홍제동
서대문구,현저동,독립문극동(200-0),독립문극동,독립문극동아파트,서울 서대문구 현저동 200,서울 서대문구 독립문공원길 17,37.572034980578856,126.95676724726128,3,독립문극동 서대문구 현저동
서대문구,홍제동,문화촌현대,문화촌현대,문화촌현대아파트,서울 서대문구 홍제동 463,서울 서대문구 문화촌길 6-24,37.59227561479792,126.94949529168096,3,문화촌현대 서대문구 홍제동
서대문구,홍은동,세한숲속마을,세한숲속마을,세한숲속마을아파트,서울 서대문구 홍은동 산 11-244,서울 서대문구 통일로 555,37.59641783433013,126.93711699891428,3,세한숲속마을 서대문구 홍은동
서대문구,북가좌동,북가좌삼호,북가좌삼호,북가좌삼호아파트,서울 서대문구 북가좌동 449,서울 서대문구 거북골로 154,37.5766274279301,126.912854486933,3,북가좌삼호 서대문구 북가좌동
서대문구,북아현동,두산,두산,두산아파트,서울 서대문구 북아현동 1009,서울 서대문구 이화여대8길 62,37.559180548238245,126.95011069615892,3,두산 서대문구 북아현동
서대문구,대현동,신촌자이엘라,신촌자이엘라,신촌자이엘라,서울 서대문구 대현동 104-36,서울 서대문구 신촌로 149,37.5568696334464,126.94250005292793,3,신촌자이엘라 서대문구 대현동
서대문구,북가좌동,선결,선결,선결아파트,서울 서대문구 북가좌동 378-15,서울 서대문구 응암로 35,37.57703140530799,126.90852954761456,3,선결 서대문구 북가좌동
서대문구,북아현동,e편한세상신촌2단지,e편한세상신촌2단지,이편한세상신촌2단지아파트 전기차충전소,서울 서대문구 북아현동 1014,서울 서대문구 북아현로1길 17,37.55866744307558,126.95345092749682,3,e편한세상신촌2단지 서대문구 북아현동
서대문구,북가좌동,주은스카이빌,주은스카이빌,스카이빌아파트,서울 서대문구 북가좌동 68-3,서울 서대문구 증가로 193,37.57946454161703,126.91643200219438,3,주은스카이빌 서대문구 북가좌동
서대문구,홍은동,그랜드(B동),그랜드,스위스 그랜드 호텔,서울 서대문구 홍은동 201-1,서울 서대문구 연희로 353,37.588819043357624,126.9341320182096,3,그랜드 서대문구 홍은동
서대문구,홍제동,마체스터,마체스터,마체스터아파트,서울 서대문구 홍제동 283-36,서울 서대문구 세검정로 106-8,37.59643479146675,126.94996353996036,3,마체스터 서대문구 홍제동
서대문구,북가좌동,한솔,한솔,한솔아파트,서울 서대문구 북가좌동 7-2,서울 서대문구 증가로24길 21,37.58118633660232,126.91642668135935,3,한솔 서대문구 북가좌동
서대문구,천연동,천연뜨란채,천연뜨란채,천연뜨란채아파트,서울 서대문구 천연동 145,서울 서대문구 독립문로8길 54,37.56756304357773,126.95844959649769,3,천연뜨란채 서대문구 천연동
서대문구,대현동,신촌럭키,신촌럭키,신촌럭키아파트,서울 서대문구 대현동 144,서울 서대문구 이화여대길 50-12,37.559518392768,126.9479555331346,3,신촌럭키 서대문구 대현동
서대문구,홍제동,홍제맨션,홍제맨션,홍제맨션,서울 서대문구 홍제동 307-9,서울 서대문구 통일로39길 25,37.58763452993942,126.94337651079366,3,홍제맨션 서대문구 홍제동
서대문구,북아현동,북아현3차,북아현3차,북아현3차아파트,서울 서대문구 북아현동 189-22,서울 서대문구 북아현로23길 6,37.56473511590216,126.95210248599412,3,북아현3차 서대문구 북아현동
서대문구,홍은동,동일,동일,동일아파트,서울 서대문구 홍은동 457,서울 서대문구 홍은중앙로 81,37.59852004021155,126.9466601073071,3,동일 서대문구 홍은동
서대문구,홍은동,아르팰리스,아르팰리스,아르팰리스아파트,서울 서대문구 홍은동 277-169,서울 서대문구 연희로 261-60,37.579231824330904,126.93297327660738,3,아르팰리스 서대문구 홍은동
서대문구,충정로3가,충정리시온,충정리시온,충정리시온아파트,서울 서대문구 충정로3가 465,서울 서대문구 서소문로 27,37.56024540186865,126.96476008401648,3,충정리시온 서대문구 충정로3가
서대문구,연희동,제니스APT,제니스APT,제니스아파트,서울 서대문구 연희동 171-10,서울 서대문구 모래내로 376,37.58262934386859,126.93767429216852,3,제니스APT 서대문구 연희동
서대문구,홍은동,홍은센트레빌,홍은센트레빌,홍은센트레빌1단지아파트,서울 서대문구 홍은동 461-1,서울 서대문구 통일로 553,37.596681453313174,126.93811891357656,3,홍은센트레빌 서대문구 홍은동
서대문구,충정로3가,우리유앤미,우리유앤미,우리유앤미아파트,서울 서대문구 충정로3가 466,서울 서대문구 경기대로 26-7,37.5618591151542,126.96194785697324,3,우리유앤미 서대문구 충정로3가
서대문구,홍제동,서강,서강,서강빌라,서울 서대문구 홍제동 90-6,서울 서대문구 통일로27길 15-1,37.5832493636935,126.94924552319964,3,서강 서대문구 홍제동
서대문구,연희동,홍연(723-9),홍연,홍연아파트,서울 서대문구 연희동 729,서울 서대문구 홍제천로 172,37.57686798619522,126.93204484422388,3,홍연 서대문구 연희동
서대문구,남가좌동,DMC파크뷰자이3단지,DMC파크뷰자이3단지,DMC파크뷰자이3단지아파트 게이트1,서울 서대문구 남가좌동 385,서울 서대문구 가재울미래로 2,37.5729083071357,126.920788462933,3,DMC파크뷰자이3단지 서대문구 남가좌동
서대문구,홍은동,서강2차(2동),서강2차,서강2차아파트,서울 서대문구 홍은동 186-25,서울 서대문구 연희로41길 152,37.59543612299509,126.9344828727542,3,서강2차 서대문구 홍은동
서대문구,연희동,드리밍아파트,드리밍아파트,드리밍아파트,서울 서대문구 연희동 169-3,서울 서대문구 홍제천로 204,37.5792873175927,126.9355476089369,3,드리밍아파트 서대문구 연희동
서대문구,남가좌동,DMC센트레빌,DMC센트레빌,DMC센트레빌아파트,서울 서대문구 남가좌동 381,서울 서대문구 거북골로 120,37.57597354058168,126.91565818949064,3,DMC센트레빌 서대문구 남가좌동
서대문구,홍제동,인왕산현대,인왕산현대,인왕산현대아파트,서울 서대문구 홍제동 460,서울 서대문구 통일로34길 46,37.5858035508961,126.95107567717,3,인왕산현대 서대문구 홍제동
서대문구,연희동,연희파크푸르지오,연희파크푸르지오,연희파크푸르지오아파트,서울 서대문구 연희동 747,서울 서대문구 홍제천로 136,37.57572431363535,126.92846863657496,3,연희파크푸르지오 서대문구 연희동
서대문구,연희동,충우,충우,충우아파트(51-151),서울 서대문구 연희동 51-151,서울 서대문구 연희로18안길 13,37.5678946880066,126.93472433222183,3,충우 서대문구 연희동
서대문구,홍은동,로하스,로하스,로하스아파트,서울 서대문구 홍은동 281,서울 서대문구 모래내로17길 21,37.580494895236896,126.93275817507512,3,로하스 서대문구 홍은동
서대문구,충정로3가,장미,장미,장미아파트,서울 서대문구 충정로3가 30-9,서울 서대문구 경기대로3길 5,37.56195986741824,126.96145659063072,3,장미 서대문구 충정로3가
서대문구,남가좌동,창덕에버빌,창덕에버빌,창덕에버빌아파트,서울 서대문구 남가좌동 105-1,서울 서대문구 모래내로 143,37.56949108361799,126.91721400143786,3,창덕에버빌 서대문구 남가좌동
서대문구,홍제동,조한,조한,조한아파트,서울 서대문구 홍제동 458,서울 서대문구 홍제내길 174,37.58904134405047,126.93869588929871,3,조한 서대문구 홍제동
서대문구,홍제동,무악재한화,무악재한화,무악재한화아파트,서울 서대문구 홍제동 464,서울 서대문구 통일로 357,37.58216294922014,126.94967420881736,3,무악재한화 서대문구 홍제동
서대문구,연희동,시민,시민,시민자치문화센터,서울 서대문구 연희동 193-13,서울 서대문구 연희로 81-9,37.5656786929532,126.929256982361,3,시민 서대문구 연희동
서대문구,냉천동,동부센트레빌,동부센트레빌,동부센트레빌아파트,서울 서대문구 냉천동 260,서울 서대문구 독립문로14길 74,37.56658059981375,126.96002122207712,3,동부센트레빌 서대문구 냉천동
서대문구,홍제동,홍제원그린뷰아파트,홍제원그린뷰아파트,홍제원그린뷰아파트,서울 서대문구 홍제동 157-3,서울 서대문구 모래내로 460,37.585426526683406,126.94600372534642,3,홍제원그린뷰아파트 서대문구 홍제동
서대문구,북아현동,e편한세상신촌4단지,e편한세상신촌4단지,e편한세상신촌4단지아파트 주차장,서울 서대문구 북아현동 137-13,서울 서대문구 신촌로35길 10,37.5579753573463,126.955476097655,3,e편한세상신촌4단지 서대문구 북아현동
서대문구,홍제동,인왕산벽산,인왕산벽산,인왕산벽산아파트,서울 서대문구 홍제동 465,서울 서대문구 세무서길 106-12,37.59238328148612,126.94844898059154,3,인왕산벽산 서대문구 홍제동
서대문구,북아현동,훼미리(1-70),훼미리,훼미리빌라,서울 서대문구 북아현동 1-364,서울 서대문구 북아현로22마길 71-8,37.56507971007704,126.9579167288327,3,훼미리 서대문구 북아현동
서대문구,북아현동,우민A,우민A,우민아파트 A동,서울 서대문구 북아현동 1-50,서울 서대문구 북아현로22길 82,37.56446224646583,126.95713495409412,3,우민A 서대문구 북아현동
서대문구,홍은동,풍림1차,풍림1차,홍은풍림1차아파트,서울 서대문구 홍은동 440-3,서울 서대문구 통일로48가길 37,37.59490218765812,126.94204730979942,3,풍림1차 서대문구 홍은동
서대문구,북아현동,e편한세상신촌3단지,e편한세상신촌3단지,e편한세상신촌3단지아파트 입구,서울 서대문구 북아현동 142-2,서울 서대문구 북아현로 29,37.5600984287875,126.956339532477,3,e편한세상신촌3단지 서대문구 북아현동
서대문구,연희동,에코빌리지,에코빌리지,에코빌리지아파트,서울 서대문구 연희동 169-9,서울 서대문구 홍제천로 202,37.57911419308761,126.93530322639974,3,에코빌리지 서대문구 연희동
서대문구,홍제동,청구3차,청구3차,청구3차아파트,서울 서대문구 홍제동 462,서울 서대문구 통일로 332,37.580456010813805,126.95293584010967,3,청구3차 서대문구 홍제동
서대문구,북아현동,성우아파트,성우아파트,성우아파트,서울 서대문구 북아현동 1-97,서울 서대문구 북아현로22길 24,37.564926844769104,126.9539054431122,3,성우아파트 서대문구 북아현동
서대문구,북가좌동,DMC휴먼빌아파트,DMC휴먼빌아파트,DMC휴먼빌아파트,서울 서대문구 북가좌동 456,서울 서대문구 거북골로18가길 23,37.57750248757544,126.91190253087268,3,DMC휴먼빌아파트 서대문구 북가좌동
서대문구,홍은동,강림스위트빌(A동),강림스위트빌,강림아파트,서울 서대문구 홍은동 195-8,서울 서대문구 연희로41가길 75-6,37.59257348837514,126.93255595109014,3,강림스위트빌 서대문구 홍은동
서대문구,북아현동,화신,화신,화신아파트,서울 서대문구 북아현동 1-78,서울 서대문구 북아현로22길 56,37.564677936997775,126.95564981296098,3,화신 서대문구 북아현동
서대문구,북아현동,신촌푸르지오,신촌푸르지오,신촌푸르지오아파트,서울 서대문구 북아현동 1011,서울 서대문구 북아현로1길 50,37.56039783307326,126.9523848193182,3,신촌푸르지오 서대문구 북아현동
서대문구,홍제동,현대그린,현대그린,현대그린아파트,서울 서대문구 홍제동 455,서울 서대문구 세무서2길 64,37.58908623482549,126.94980541681386,3,현대그린 서대문구 홍제동
서대문구,충정로3가,충정솔레디움(101동),충정솔레디움,충정솔레디움아파트,서울 서대문구 충정로3가 30-17,서울 서대문구 경기대로3길 7,37.56188769945524,126.9611872520464,3,충정솔레디움 서대문구 충정로3가
서대문구,홍은동,동아빌라(188-72),동아빌라,동아빌라,서울 서대문구 홍은동 188-72,서울 서대문구 연희로41길 162,37.59580180252793,126.93426174500532,3,동아빌라 서대문구 홍은동
서대문구,합동,에스케이뷰,에스케이뷰,충정로SK뷰아파트,서울 서대문구 합동 118,서울 서대문구 서소문로 43-8,37.56189997451814,126.96592735444392,3,에스케이뷰 서대문구 합동
서대문구,북가좌동,DMC현대아파트,DMC현대아파트,DMC현대아파트,서울 서대문구 북가좌동 453,서울 서대문구 응암로 33,37.57680389742342,126.9079411566041,3,DMC현대아파트 서대문구 북가좌동
서대문구,연희동,연희리젠시빌,연희리젠시빌,연희리젠시빌,서울 서대문구 연희동 93-4,서울 서대문구 연희로24길 12-5,37.57101598264462,126.93517213185288,3,연희리젠시빌 서대문구 연희동
서대문구,북가좌동,신일해피트리,신일해피트리,북가좌신일해피트리아파트,서울 서대문구 북가좌동 455,서울 서대문구 수색로 147-1,37.57504598466857,126.90444761287463,3,신일해피트리 서대문구 북가좌동
서대문구,홍은동,서강주상복합,서강주상복합,서강정형외과의원,서울 서대문구 홍은동 404-1,서울 서대문구 가좌로 65,37.57904299900911,126.9290054689472,3,서강주상복합 서대문구 홍은동
서대문구,남가좌동,DMC파크뷰자이4단지,DMC파크뷰자이4단지,DMC파크뷰자이1단지아파트 게이트4,서울 서대문구 남가좌동 155-305,,37.5719118733027,126.915680881773,3,DMC파크뷰자이4단지 서대문구 남가좌동
서대문구,북아현동,늘푸른,늘푸른,늘푸른아파트,서울 서대문구 북아현동 123-73,서울 서대문구 북아현로6길 65-21,37.56113426613783,126.95797101178324,3,늘푸른 서대문구 북아현동
서대문구,북아현동,건일팰리스,건일팰리스,건일팰리스아파트,서울 서대문구 북아현동 1-52,서울 서대문구 북아현로22길 81,37.564808236320175,126.95715512959995,3,건일팰리스 서대문구 북아현동
서대문구,홍제동,그레이스(B동),그레이스,그레이스아파트,서울 서대문구 홍제동 131-18,서울 서대문구 홍제원길 30,37.5869556697894,126.94837120480192,3,그레이스 서대문구 홍제동
서대문구,북아현동,북아현4차,북아현4차,북아현4차아파트,서울 서대문구 북아현동 189-24,서울 서대문구 북아현로25길 11,37.5643962645944,126.951913680845,3,북아현4차 서대문구 북아현동
서대문구,홍은동,도양라비앙(101동),도양라비앙,도양라비앙아파트,서울 서대문구 홍은동 265-344,서울 서대문구 연희로37길 97,37.586177530343775,126.93448645957923,3,도양라비앙 서대문구 홍은동
서대문구,북아현동,삼우빌라,삼우빌라,삼우빌라,서울 서대문구 북아현동 123-1,서울 서대문구 북아현로6길 87,37.56119656885651,126.9583490048224,3,삼우빌라 서대문구 북아현동
서대문구,충정로3가,새롬,새롬,새롬아파트,서울 서대문구 충정로3가 3-19,서울 서대문구 경기대로7길 19,37.5632535277957,126.960937536131,3,새롬 서대문구 충정로3가
서대문구,남가좌동,DMC파크뷰자이5단지,DMC파크뷰자이5단지,DMC파크뷰자이1단지아파트 게이트5,서울 서대문구 남가좌동 385,서울 서대문구 가재울미래로 2,37.5735178580138,126.91625979054,3,DMC파크뷰자이5단지 서대문구 남가좌동
서대문구,남가좌동,쌍용스윗닷홈,쌍용스윗닷홈,DMC쌍용스윗닷홈아파트,서울 서대문구 남가좌동 380,서울 서대문구 거북골로 91-6,37.575352449137995,126.91908216218717,3,쌍용스윗닷홈 서대문구 남가좌동
서대문구,홍제동,광산,광산,광산맨션,서울 서대문구 홍제동 157-68,서울 서대문구 모래내로 455,37.58560645233588,126.94541032787812,3,광산 서대문구 홍제동
서대문구,창천동,씨밀레,씨밀레,씨밀레아파트,서울 서대문구 창천동 468,서울 서대문구 연희로2안길 7-18,37.55993377558954,126.9275001998578,3,씨밀레 서대문구 창천동
서대문구,연희동,대우푸르지오,대우푸르지오,연희파크푸르지오아파트,서울 서대문구 연희동 747,서울 서대문구 홍제천로 136,37.57572431363535,126.92846863657496,3,대우푸르지오 서대문구 연희동
서대문구,홍은동,두산,두산,두산위브아파트,서울 서대문구 홍은동 456,서울 서대문구 모래내로 309,37.57917701046549,126.93165783430692,3,두산 서대문구 홍은동
서대문구,홍제동,인왕산한신휴플러스,인왕산한신휴플러스,인왕산한신휴플러스아파트,서울 서대문구 홍제동 469,서울 서대문구 통일로 397,37.58521090412664,126.94736703051836,3,인왕산한신휴플러스 서대문구 홍제동
서대문구,충정로3가,충림예하임,충림예하임,충림예하임아파트,서울 서대문구 충정로3가 477,서울 서대문구 충정로5길 27,37.56260900686094,126.96277145644213,3,충림예하임 서대문구 충정로3가
서대문구,홍은동,동원베네스트,동원베네스트,홍은동원베네스트아파트,서울 서대문구 홍은동 463,서울 서대문구 홍은중앙로1길 65,37.59896208311648,126.94397375735188,3,동원베네스트 서대문구 홍은동
서대문구,연희동,연희웨스트팰리스,연희웨스트팰리스,연희웨스트팰리스,서울 서대문구 연희동 746,서울 서대문구 연희로5길 54-11,37.56583828603866,126.92649841419517,3,연희웨스트팰리스 서대문구 연희동
서대문구,북아현동,북아현맨션,북아현맨션,북아현맨션,서울 서대문구 북아현동 114-1,서울 서대문구 북아현로6길 78,37.56111204034949,126.95881988866138,3,북아현맨션 서대문구 북아현동
서대문구,북가좌동,명진,명진,명진아파트,서울 서대문구 북가좌동 336-4,서울 서대문구 증가로32안길 76,37.585907031293125,126.91445817909144,3,명진 서대문구 북가좌동
서대문구,북아현동,경남(2차),경남,경남1차아파트,서울 서대문구 북아현동 1006,서울 서대문구 북아현로 40,37.56093456200803,126.95636168089813,3,경남 서대문구 북아현동
서대문구,홍제동,파크힐,파크힐,엠씨케이(MCK)파크힐아파트,서울 서대문구 홍제동 312-243,서울 서대문구 통일로37나길 65,37.585900137118486,126.94156518146282,3,파크힐 서대문구 홍제동
서대문구,홍제동,청구2차,청구2차,청구2차아파트,서울 서대문구 홍제동 453-1,서울 서대문구 통일로 344,37.58132844534831,126.9513854116124,3,청구2차 서대문구 홍제동
서대문구,홍제동,중앙하이츠,중앙하이츠,중앙하이츠아파트,서울 서대문구 홍제동 342,서울 서대문구 홍제내2길 67,37.58670849790111,126.936655301943,3,중앙하이츠 서대문구 홍제동
서대문구,창천동,하이펠리스,하이펠리스,하이팰리스아파트,서울 서대문구 창천동 470,서울 서대문구 연희로2안길 7-22,37.55977070986085,126.92752412563274,3,하이펠리스 서대문구 창천동
서대문구,창천동,광남캐스빌1(512-4),광남캐스빌1,광남캐스빌아파트 1동,서울 서대문구 창천동 512-4,서울 서대문구 연희로2안길 24,37.55975060567816,126.92706576673872,3,광남캐스빌1 서대문구 창천동
서대문구,연희동,백광,백광,백광아파트,서울 서대문구 연희동 69-21,서울 서대문구 연희로16길 4,37.56761748474403,126.93206796376036,3,백광 서대문구 연희동
서대문구,연희동,우국한마음,우국한마음,우국한마음아파트,서울 서대문구 연희동 743,서울 서대문구 홍제천로 194,37.578785764332224,126.93445670983466,3,우국한마음 서대문구 연희동
서대문구,홍은동,북한산더샵,북한산더샵,북한산더샵아파트,서울 서대문구 홍은동 464,서울 서대문구 통일로 510,37.59331001854205,126.941809627805,3,북한산더샵 서대문구 홍은동
서대문구,홍제동,아름채,아름채,아름채아파트,서울 서대문구 홍제동 158-13,서울 서대문구 통일로35길 40,37.58680845792245,126.94558607453908,3,아름채 서대문구 홍제동
서대문구,홍제동,힐탑,힐탑,힐탑아파트,서울 서대문구 홍제동 346-7,서울 서대문구 송죽길 57-4,37.58530716418312,126.9378045253196,3,힐탑 서대문구 홍제동
서대문구,홍제동,금호어울림,금호어울림,홍제금호어울림아파트,서울 서대문구 홍제동 471,서울 서대문구 모래내로 411,37.58440060436155,126.94100139997954,3,금호어울림 서대문구 홍제동
서대문구,충정로3가,피어리스,피어리스,피어리스아파트,서울 서대문구 충정로3가 222,서울 서대문구 충정로 50,37.5629484990248,126.965121001864,3,피어리스 서대문구 충정로3가
서대문구,홍제동,동일2차,동일2차,동일2차아파트,서울 서대문구 홍제동 312-237,서울 서대문구 통일로39길 113-16,37.58601130112675,126.94044648491528,3,동일2차 서대문구 홍제동
서대문구,대현동,무궁화,무궁화,무궁화아파트,서울 서대문구 대현동 54-1,서울 서대문구 이화여대8길 2,37.55868046110819,126.94594041156329,3,무궁화 서대문구 대현동
서대문구,창천동,광남캐스빌(512-5),광남캐스빌,광남캐스빌아파트,서울 서대문구 창천동 512-4,서울 서대문구 연희로2안길 24,37.55975241396256,126.92707595116228,3,광남캐스빌 서대문구 창천동
서대문구,홍은동,홍은그린,홍은그린,홍은그린아파트,서울 서대문구 홍은동 274-99,서울 서대문구 모래내로 352-9,37.580791987547016,126.93556668996996,3,홍은그린 서대문구 홍은동
서대문구,홍은동,홍은드림아파트,홍은드림아파트,홍은드림아파트,서울 서대문구 홍은동 265-350,서울 서대문구 연희로37길 25-14,37.582495755545416,126.93554710733346,3,홍은드림아파트 서대문구 홍은동
서대문구,홍제동,홍제비콘드림힐,홍제비콘드림힐,홍제비콘드림힐아파트,서울 서대문구 홍제동 468,서울 서대문구 세무서8길 49,37.59062490268327,126.94927448302728,3,홍제비콘드림힐 서대문구 홍제동
서대문구,대현동,예스에이피엠,예스에이피엠,예스에이피엠,서울 서대문구 대현동 145,서울 서대문구 이화여대1길 10,37.5576465422299,126.944912382568,3,예스에이피엠 서대문구 대현동
서대문구,연희동,삼우장미,삼우장미,삼우장미아파트,서울 서대문구 연희동 106-2,서울 서대문구 증가로 51,37.57233393932089,126.928581682285,3,삼우장미 서대문구 연희동
서대문구,홍제동,제니스,제니스,제니스오피스텔,서울 서대문구 홍제동 158-11,서울 서대문구 통일로35길 14-4,37.5865004486417,126.945869349608,3,제니스 서대문구 홍제동
서대문구,북아현동,우민B,우민B,우민아파트 B동,서울 서대문구 북아현동 1-50,서울 서대문구 북아현로22길 82,37.56443170438128,126.95738851034142,3,우민B 서대문구 북아현동
서대문구,북가좌동,우공팰리스,우공팰리스,우공팰리스아파트,서울 서대문구 북가좌동 384-1,서울 서대문구 수색로8길 40,37.57621404591251,126.90717322256052,3,우공팰리스 서대문구 북가좌동
서대문구,홍제동,홍일,홍일,홍일아파트,서울 서대문구 홍제동 247-19,서울 서대문구 세무서길 39,37.58994573154519,126.94562455181553,3,홍일 서대문구 홍제동
서대문구,홍은동,나영힐빌리지,나영힐빌리지,나영힐빌리지,서울 서대문구 홍은동 265-364,서울 서대문구 연희로37안길 19-26,37.583080326410816,126.93522960092191,3,나영힐빌리지 서대문구 홍은동
서대문구,북가좌동,DMC이랜드해가든,DMC이랜드해가든,DMC이랜드해가든아파트,서울 서대문구 북가좌동 460,서울 서대문구 수색로 157,37.57611536134264,126.90321458051578,3,DMC이랜드해가든 서대문구 북가좌동
서대문구,연희동,동도아카데미하우스2차,동도아카데미하우스2차,동도아카데미하우스2차아파트,서울 서대문구 연희동 74-14,서울 서대문구 연희로26가길 33,37.5744370402257,126.936797012161,3,동도아카데미하우스2차 서대문구 연희동
서대문구,연희동,연화,연화,연화아파트,서울 서대문구 연희동 89-9,서울 서대문구 연희로25길 101,37.56916179999487,126.9320835403465,3,연화 서대문구 연희동
서대문구,창천동,래디앙,래디앙,래디앙아파트,서울 서대문구 창천동 511-5,서울 서대문구 신촌로1길 29,37.559393190863915,126.92900487659576,3,래디앙 서대문구 창천동
서대문구,연희동,연희궁,연희궁,연희궁,서울 서대문구 연희동 196-1,서울 서대문구 증가로2길 40-16,37.57325447926784,126.92962111377638,3,연희궁 서대문구 연희동
서대문구,연희동,일진아이윌,일진아이윌,일진아이윌아파트,서울 서대문구 연희동 218-16,서울 서대문구 동교로 290,37.56470083965857,126.92732466740878,3,일진아이윌 서대문구 연희동
서대문구,대현동,이대경우타운,이대경우타운,이대역경우타운,서울 서대문구 대현동 90-20,서울 서대문구 이화여대1안길 22,37.55770014929136,126.94395034070963,3,이대경우타운 서대문구 대현동
서대문구,홍은동,그랜드(A동),그랜드,스위스 그랜드 호텔,서울 서대문구 홍은동 201-1,서울 서대문구 연희로 353,37.588819043357624,126.9341320182096,3,그랜드 서대문구 홍은동
서대문구,홍은동,서대문노블루체,서대문노블루체,서대문노블루체,서울 서대문구 홍은동 274-32,서울 서대문구 연희로 265,37.58073265521944,126.93581127816508,3,서대문노블루체 서대문구 홍은동
서대문구,홍제동,원일,원일,원일아파트,서울 서대문구 홍제동 294-36,서울 서대문구 통일로 476,37.59089297566272,126.94245916812292,3,원일 서대문구 홍제동
서대문구,창천동,건우그린,건우그린,건우그린아파트,서울 서대문구 창천동 359,서울 서대문구 신촌로1길 69,37.56055170566867,126.92872761556605,3,건우그린 서대문구 창천동
서대문구,홍제동,홍제센트럴IPARK,홍제센트럴IPARK,홍제센트럴아이파크아파트,서울 서대문구 홍제동 473,서울 서대문구 통일로 395,37.58492831963706,126.94609579175498,3,홍제센트럴IPARK 서대문구 홍제동
서대문구,충정로3가,충정,충정,충정아파트,서울 서대문구 충정로3가 250-5,,37.5615606567813,126.964095082677,3,충정 서대문구 충정로3가
서대문구,북가좌동,DMC서부인터빌,DMC서부인터빌,DMC서부인터빌아파트,서울 서대문구 북가좌동 467,서울 서대문구 증가로30길 8,37.58325531832179,126.91310036410763,3,DMC서부인터빌 서대문구 북가좌동
서대문구,홍제동,홍제헤렌,홍제헤렌,홍제헤렌아파트,서울 서대문구 홍제동 175-3,서울 서대문구 통일로36가길 9,37.58790167080344,126.9462600846206,3,홍제헤렌 서대문구 홍제동
서대문구,남가좌동,래미안루센티아,래미안루센티아,래미안루센티아아파트,서울 서대문구 남가좌동 390,서울 서대문구 거북골로 100,37.5761543538414,126.9178066099872,3,래미안루센티아 서대문구 남가좌동
서대문구,홍제동,동일1차,동일1차,동일아파트,서울 서대문구 홍제동 312-240,서울 서대문구 통일로39길 104,37.5859574056376,126.940772600065,3,동일1차 서대문구 홍제동
서대문구,홍은동,신계,신계,신계아파트,서울 서대문구 홍은동 150-13,서울 서대문구 통일로48나길 32,37.5968586839082,126.94112405112706,3,신계 서대문구 홍은동
서대문구,연희동,로엠아트빌(A동),로엠아트빌,로엠아트빌,서울 서대문구 연희동 51-127,서울 서대문구 연희로14길 62-19,37.56693439441877,126.93502852132237,3,로엠아트빌 서대문구 연희동
서대문구,북가좌동,동림아파트,동림아파트,동림아파트,서울 서대문구 북가좌동 5-19,서울 서대문구 증가로20나길 21,37.581737427650665,126.9198677439856,3,동림아파트 서대문구 북가좌동
서대문구,홍제동,동일4차,동일4차,동일4차아파트,서울 서대문구 홍제동 312-248,서울 서대문구 통일로37나길 66,37.58600274526327,126.9413533806247,3,동일4차 서대문구 홍제동
서대문구,홍은동,연희베벌리힐즈,연희베벌리힐즈,베벌리힐즈아파트,서울 서대문구 홍은동 392-1,서울 서대문구 명지길 104,37.58223335470963,126.92742084172852,3,연희베벌리힐즈 서대문구 홍은동
서대문구,홍은동,넥서스빌,넥서스빌,넥서스빌아파트,서울 서대문구 홍은동 277-60,서울 서대문구 모래내로17안길 30,37.581912230161464,126.93288483148638,3,넥서스빌 서대문구 홍은동
서대문구,북가좌동,투데이,투데이,투데이아파트,서울 서대문구 북가좌동 5-22,서울 서대문구 증가로20길 68-10,37.5818433560803,126.919297035546,3,투데이 서대문구 북가좌동
서대문구,충정로3가,행복한,행복한,행복한아파트,서울 서대문구 충정로3가 3-46,서울 서대문구 경기대로5길 23,37.562655224252,126.960811082151,3,행복한 서대문구 충정로3가
서대문구,충정로3가,충정솔레디움(102동),충정솔레디움,충정솔레디움아파트,서울 서대문구 충정로3가 30-17,서울 서대문구 경기대로3길 7,37.56188769945524,126.9611872520464,3,충정솔레디움 서대문구 충정로3가
서대문구,연희동,연희에스엠,연희에스엠,연희에스엠아파트,서울 서대문구 연희동 705-4,서울 서대문구 홍연2길 21,37.5739926751823,126.92858915436857,3,연희에스엠 서대문구 연희동
서대문구,북아현동,경남102동,경남,경남1차아파트,서울 서대문구 북아현동 1006,서울 서대문구 북아현로 40,37.56093456200803,126.95636168089813,3,경남 서대문구 북아현동
서대문구,남가좌동,DMC에코자이,DMC에코자이,DMC에코자이아파트,서울 서대문구 남가좌동 389,서울 서대문구 거북골로 84,37.57741217466742,126.91915917792936,3,DMC에코자이 서대문구 남가좌동
서대문구,연희동,한인트윈빌,한인트윈빌,한인트윈빌아파트,서울 서대문구 연희동 717-29,서울 서대문구 홍연길 77,37.57678698133895,126.93064116806585,3,한인트윈빌 서대문구 연희동
서대문구,연희동,파크빌,파크빌,연세파크빌,서울 서대문구 연희동 334-24,서울 서대문구 성산로14길 31,37.563129085148866,126.92961026664544,3,파크빌 서대문구 연희동
서대문구,북아현동,북아현1차,북아현1차,경남1차아파트,서울 서대문구 북아현동 1006,서울 서대문구 북아현로 40,37.56093456200803,126.95636168089813,3,북아현1차 서대문구 북아현동
서대문구,연희동,연우,연우,연우아파트,서울 서대문구 연희동 187-118,서울 서대문구 연희로11자길 14-23,37.57224532149856,126.92659060090251,3,연우 서대문구 연희동
서대문구,홍은동,교수(B),교수,교수아파트,서울 서대문구 홍은동 277-145,서울 서대문구 모래내로17길 71-12,37.582494212086054,126.93438100167948,3,교수 서대문구 홍은동
서대문구,홍은동,동림,동림,동림아파트,서울 서대문구 홍은동 8-476,서울 서대문구 포방터2길 59,37.5969578126923,126.951027609908,3,동림 서대문구 홍은동
서대문구,북가좌동,한울뉴타운,한울뉴타운,한울뉴타운아파트,서울 서대문구 북가좌동 418-22,서울 서대문구 응암로 42,37.5771329209538,126.909312809887,3,한울뉴타운 서대문구 북가좌동
서대문구,북가좌동,청솔하이츠1동,청솔하이츠,청솔하이츠아파트,서울 서대문구 북가좌동 304-10,서울 서대문구 거북골로18가길 24,37.57702643113944,126.911459324311,3,청솔하이츠 서대문구 북가좌동
서대문구,창천동,노블레스,노블레스,노블레스빌아파트,서울 서대문구 창천동 416,서울 서대문구 연희로2길 46,37.55977552293344,126.92802777144468,3,노블레스 서대문구 창천동
서대문구,홍은동,북한산두산위브,북한산두산위브,북한산두산위브1차아파트,서울 서대문구 홍은동 467,서울 서대문구 홍은중앙로3길 9,37.597956447697285,126.94562325230284,3,북한산두산위브 서대문구 홍은동
서대문구,홍제동,인왕드림빌,인왕드림빌,인왕드림빌,서울 서대문구 홍제동 82-81,서울 서대문구 통일로31길 6,37.58435715242803,126.94824846063533,3,인왕드림빌 서대문구 홍제동
서대문구,홍은동,서부사이버,서부사이버,서부사이버아파트,서울 서대문구 홍은동 265-54,서울 서대문구 연희로39길 21,37.58701697444104,126.93398188988492,3,서부사이버 서대문구 홍은동
서대문구,홍제동,동일5차101동,동일5차,동일5차아파트,서울 서대문구 홍제동 312-221,서울 서대문구 통일로37나길 52,37.5862571022608,126.94191361993512,3,동일5차 서대문구 홍제동
서대문구,충정로2가,로얄훼미리아파트A동,로얄훼미리아파트A동,로얄훼미리아파트,서울 서대문구 충정로2가 69-23,서울 서대문구 경기대로9길 15,37.56458772937941,126.96320058305984,3,로얄훼미리아파트A동 서대문구 충정로2가
서대문구,홍은동,나눔스타빌,나눔스타빌,나눔스타빌아파트,서울 서대문구 홍은동 265-293,서울 서대문구 연희로39길 9,37.586395362528656,126.93411264208014,3,나눔스타빌 서대문구 홍은동
서대문구,대현동,파라타워,파라타워,파라타워,서울 서대문구 대현동 90-70,서울 서대문구 신촌로 163,37.5569505885286,126.944095766936,3,파라타워 서대문구 대현동
서대문구,홍은동,백련,백련,백련근린공원,서울 서대문구 홍은동 산 11-279,,37.59621627408005,126.934289689146,3,백련 서대문구 홍은동
서대문구,홍은동,Elleville,Elleville,인산엘르빌2차,서울 은평구 응암동 195-52,서울 은평구 응암로34길 23-18,37.597904109775406,126.92423270497387,1,Elleville 서대문구 홍은동
서대문구,홍은동,명가,명가,명가아파트,서울 서대문구 홍은동 398-6,서울 서대문구 가좌로 100-21,37.5821438602998,126.926940902372,3,명가 서대문구 홍은동
서대문구,북아현동,수목아이엠,수목아이엠,수목아이엠아파트,서울 서대문구 북아현동 1-106,서울 서대문구 북아현로20길 16,37.56444395596345,126.95402119134091,3,수목아이엠 서대문구 북아현동
서대문구,홍제동,풍진베이스타운,풍진베이스타운,풍진베이스타운아파트,서울 서대문구 홍제동 322-87,서울 서대문구 모래내로24길 48,37.58251397762252,126.94294224987414,3,풍진베이스타운 서대문구 홍제동
서대문구,연희동,연희아트빌,연희아트빌,연희아트빌,서울 서대문구 연희동 78-15,서울 서대문구 연희로25길 4-31,37.57290758299846,126.9342875341118,3,연희아트빌 서대문구 연희동
서대문구,북아현동,대성,대성,대성마트,서울 서대문구 북아현동 125-1,서울 서대문구 북아현로4길 22,37.5592736684709,126.957861141341,3,대성 서대문구 북아현동
서대문구,연희동,리베르떼-빌(LibertVille),리베르떼-빌,리베르떼-빌,서울 서대문구 연희동 37-1,서울 서대문구 연희로10길 43-20,37.56526682937717,126.93372830540716,3,리베르떼-빌 서대문구 연희동
서대문구,홍제동,동일3차,동일3차,뉴동일3차아파트,서울 서대문구 홍제동 312-44,서울 서대문구 통일로37나길 43,37.58630964310916,126.9424921335771,3,동일3차 서대문구 홍제동
서대문구,홍은동,유림그랑블,유림그랑블,유림그랑블아파트,서울 서대문구 홍은동 435-10,서울 서대문구 통일로48나길 2,37.59608019952243,126.94106804707104,3,유림그랑블 서대문구 홍은동
서대문구,연희동,우공팰리스,우공팰리스,우공팰리스아파트,서울 서대문구 연희동 446-316,서울 서대문구 성산로7안길 12,37.5674566108565,126.919787963879,3,우공팰리스 서대문구 연희동
서대문구,연희동,파크카운티,파크카운티,파크카운티아파트,서울 서대문구 연희동 1-78,서울 서대문구 모래내로20길 24-17,37.5822445060314,126.93918375419749,3,파크카운티 서대문구 연희동
서대문구,홍제동,제일아파트,제일아파트,제일아파트,서울 서대문구 홍제동 470,서울 서대문구 통일로37나길 12-6,37.58727571414443,126.94291823546072,3,제일아파트 서대문구 홍제동
서대문구,홍은동,미든푸르지,미든푸르지,미든푸르지아파트,서울 서대문구 홍은동 189-9,서울 서대문구 연희로41라길 23,37.59466968886032,126.93342595117424,3,미든푸르지 서대문구 홍은동
서대문구,연희동,싸이,싸이,싸이아파트,서울 서대문구 연희동 104-3,서울 서대문구 증가로2길 53,37.57298004937733,126.92874180909514,3,싸이 서대문구 연희동
서대문구,북아현동,비버리힐,비버리힐,북아현비버리힐아파트,서울 서대문구 북아현동 1-422,서울 서대문구 북아현로22나길 67,37.56577465644949,126.95620492062434,3,비버리힐 서대문구 북아현동
서대문구,북가좌동,대성,대성,대성에어컨,서울 서대문구 북가좌동 295-17,서울 서대문구 증가로23나길 31,37.5804004953934,126.912456114856,3,대성 서대문구 북가좌동
서대문구,북아현동,북아현2차,북아현2차,북아현2차아파트,서울 서대문구 북아현동 187-12,서울 서대문구 북아현로23길 15,37.5644434509321,126.952742179037,3,북아현2차 서대문구 북아현동
서대문구,북가좌동,성암,성암,성암아파트,서울 서대문구 북가좌동 3-33,서울 서대문구 증가로20가길 79,37.58227183608731,126.92004378492014,3,성암 서대문구 북가좌동
서대문구,홍제동,그레이스A동,그레이스A동,그레이스아파트 A동,서울 서대문구 홍제동 131-18,서울 서대문구 홍제원길 30,37.587046714552585,126.94847304097344,3,그레이스A동 서대문구 홍제동
서대문구,연희동,경향빌라트,경향빌라트,경향빌라트,서울 서대문구 연희동 87-33,서울 서대문구 연희로20길 13,37.56983963707061,126.93418382614472,3,경향빌라트 서대문구 연희동
서대문구,북가좌동,청솔하이츠2동,청솔하이츠,청솔하이츠아파트,서울 서대문구 북가좌동 304-10,서울 서대문구 거북골로18가길 24,37.57702643113944,126.911459324311,3,청솔하이츠 서대문구 북가좌동
서대문구,합동,사랑채,사랑채,사랑채아파트,서울 서대문구 합동 31-9,서울 서대문구 서소문로 43-30,37.56110676009328,126.96477778743127,3,사랑채 서대문구 합동
서대문구,홍제동,제니스뷰아파트,제니스뷰아파트,제니스뷰아파트,서울 서대문구 홍제동 196-26,,37.5877062587715,126.948513346307,3,제니스뷰아파트 서대문구 홍제동
서대문구,홍은동,교수(A),교수,교수아파트,서울 서대문구 홍은동 277-145,서울 서대문구 모래내로17길 71-12,37.582494212086054,126.93438100167948,3,교수 서대문구 홍은동
서대문구,홍은동,성우,성우,성우자동차공업사,서울 서대문구 홍은동 402-39,서울 서대문구 가좌로 83,37.580446880141,126.927739567209,3,성우 서대문구 홍은동
서대문구,창천동,엘르빌2차,엘르빌2차,엘르빌2아파트,서울 서대문구 창천동 368,서울 서대문구 연희로2길 51-5,37.55956947056987,126.92848181972082,3,엘르빌2차 서대문구 창천동
서대문구,홍은동,북한산두산위브2차,북한산두산위브2차,북한산두산위브2차아파트,서울 서대문구 홍은동 468,서울 서대문구 홍은중앙로1길 100,37.59968147364637,126.944822520267,3,북한산두산위브2차 서대문구 홍은동
서대문구,북아현동,힐스테이트신촌,힐스테이트신촌,힐스테이트신촌아파트,서울 서대문구 북아현동 1017,서울 서대문구 이화여대8길 123,37.562067722091165,126.95101876524528,3,힐스테이트신촌 서대문구 북아현동
서대문구,홍제동,경일,경일,경일아파트,서울 서대문구 홍제동 322-79,서울 서대문구 모래내로24다길 19,37.583078705835746,126.94254103720756,3,경일 서대문구 홍제동
서대문구,홍제동,서대문푸르지오센트럴파크,서대문푸르지오센트럴파크,서대문푸르지오센트럴파크아파트,서울 서대문구 홍제동 478,서울 서대문구 통일로 339,37.58095230994799,126.95037354140833,3,서대문푸르지오센트럴파크 서대문구 홍제동
서대문구,창천동,엘르빌,엘르빌,엘르빌아파트,서울 서대문구 창천동 506-27,서울 서대문구 신촌로1길 18,37.55889385609117,126.92870203185684,3,엘르빌 서대문구 창천동
서대문구,홍은동,미주,미주,미주맨션,서울 서대문구 홍은동 274-56,서울 서대문구 모래내로 344-10,37.5804583993733,126.93516394562226,3,미주 서대문구 홍은동
서대문구,연희동,동도아카데미하우스3차,동도아카데미하우스3차,동도아카데미하우스3차아파트,서울 서대문구 연희동 75-1,서울 서대문구 연희로26나길 21,37.57371176893563,126.93685196157418,3,동도아카데미하우스3차 서대문구 연희동
서대문구,북아현동,문영센스빌,문영센스빌,문영센스빌아파트,서울 서대문구 북아현동 1-46,서울 서대문구 북아현로20길 68,37.56398014934016,126.95695865975978,3,문영센스빌 서대문구 북아현동
서대문구,홍은동,부림베스트빌,부림베스트빌,부림베스트빌아파트,서울 서대문구 홍은동 403-2,서울 서대문구 증가로8길 88,37.5799603798672,126.927798906812,3,부림베스트빌 서대문구 홍은동
서대문구,홍제동,안산맨숀,안산맨숀,안산맨숀,서울 서대문구 홍제동 104-20,서울 서대문구 통일로32길 6,37.58475393994061,126.94905429597266,3,안산맨숀 서대문구 홍제동
서대문구,북가좌동,세라,세라,세라아파트,서울 서대문구 북가좌동 3-74,서울 서대문구 증가로24바길 13,37.58304504264766,126.91636573174908,3,세라 서대문구 북가좌동
서대문구,홍은동,북한산삼부르네상스201동,북한산삼부르네상스,북한산삼부르네상스아파트,서울 서대문구 홍은동 8-205,서울 서대문구 포방터8길 30,37.60117524764931,126.95077910917446,3,북한산삼부르네상스 서대문구 홍은동
서대문구,남가좌동,DMC금호리첸시아,DMC금호리첸시아,DMC금호리첸시아아파트,서울 서대문구 남가좌동 396,서울 서대문구 수색로2길 39,37.57072543261716,126.91591879988805,3,DMC금호리첸시아 서대문구 남가좌동
서대문구,연희동,선명(101동),선명,연희선명아파트,서울 서대문구 연희동 703-32,서울 서대문구 증가로 76,37.57423719081723,126.92767764667678,3,선명 서대문구 연희동
서대문구,홍은동,부림,부림,부림베스트빌아파트,서울 서대문구 홍은동 403-2,서울 서대문구 증가로8길 88,37.5799603798672,126.927798906812,3,부림 서대문구 홍은동
서대문구,홍은동,e편한세상홍제가든플라츠,e편한세상홍제가든플라츠,e편한세상서대문아파트,서울 서대문구 홍은동 469,서울 서대문구 통일로 505,37.594845195422856,126.93978835599052,3,e편한세상홍제가든플라츠 서대문구 홍은동
서대문구,홍제동,홍제역해링턴플레이스,홍제역해링턴플레이스,홍제역해링턴플레이스아파트,서울 서대문구 홍제동 474,서울 서대문구 세무서8길 30,37.58954663193398,126.94770704913998,3,홍제역해링턴플레이스 서대문구 홍제동
서대문구,북아현동,그린빌,그린빌,그린빌아파트,서울 서대문구 북아현동 1-122,서울 서대문구 북아현로 72-4,37.563505422670595,126.95481067135056,3,그린빌 서대문구 북아현동
서대문구,홍은동,힐스테이트홍은포레스트,힐스테이트홍은포레스트,힐스테이트홍은포레스트아파트,서울 서대문구 홍은동 470,서울 서대문구 가좌로4길 21,37.58662397862886,126.92468003893435,3,힐스테이트홍은포레스트 서대문구 홍은동
서대문구,홍제동,홍제에스피엘,홍제에스피엘,홍제에스피엘아파트,서울 서대문구 홍제동 322-138,,37.5838877047161,126.942350211895,3,홍제에스피엘 서대문구 홍제동
서대문구,천연동,반석블레스포레,반석블레스포레,반석블레스포레아파트,서울 서대문구 천연동 98-17,서울 서대문구 독립문로8길 27,37.5682069274983,126.960110906995,3,반석블레스포레 서대문구 천연동
서대문구,북아현동,신촌헤리센트,신촌헤리센트,신촌헤리센트,서울 서대문구 북아현동 998,서울 서대문구 신촌로37길 22,37.5578419459357,126.957754429483,3,신촌헤리센트 서대문구 북아현동
서대문구,충정로3가,글로리,글로리,글로리아파트,서울 서대문구 충정로3가 32-10,서울 서대문구 경기대로 21,37.56131842498169,126.96166291273607,3,글로리 서대문구 충정로3가
서대문구,창천동,(72-31),,스타광장,서울 서대문구 창천동,,37.5569792757261,126.93667142222,3, 서대문구 창천동
서대문구,홍제동,동양드림,동양드림,동양드림아파트,서울 서대문구 홍제동 24-16,서울 서대문구 통일로26길 12-2,37.58308769864631,126.9504547710405,3,동양드림 서대문구 홍제동
서대문구,연희동,신원,신원,신원아파트,서울 서대문구 연희동 163-30,서울 서대문구 연희로 239-5,37.57835741309878,126.935403504246,3,신원 서대문구 연희동
서대문구,연희동,우민,우민,우민아파트,서울 서대문구 연희동 187-122,서울 서대문구 연희로11자길 14-31,37.57239509303479,126.92692325888378,3,우민 서대문구 연희동
서대문구,홍은동,서대문센트럴아이파크,서대문센트럴아이파크,서대문센트럴아이파크아파트,서울 서대문구 홍은동 11-111,서울 서대문구 홍은중앙로11길 31,37.60065113171593,126.94721233822033,3,서대문센트럴아이파크 서대문구 홍은동
마포구,망원동,영화블렌하임,영화블렌하임,마포영화블렌하임아파트,서울 마포구 망원동 517,서울 마포구 월드컵로25길 26,37.55849077610085,126.90630223978026,3,영화블렌하임 마포구 망원동
마포구,아현동,마포래미안푸르지오4단지,마포래미안푸르지오4단지,마포래미안푸르지오4단지아파트 커뮤니티센터,서울 마포구 아현동 774,서울 마포구 마포대로 195,37.5533576241882,126.952844242934,3,마포래미안푸르지오4단지 마포구 아현동
마포구,망원동,리버뷰,리버뷰,리버뷰아파트,서울 마포구 망원동 455-2,서울 마포구 희우정로21길 5,37.55511570419672,126.89979563358705,3,리버뷰 마포구 망원동
마포구,신공덕동,블레스하임,블레스하임,블레스하임,서울 마포구 신공덕동 13-15,서울 마포구 만리재로 45-1,37.5456642356033,126.955786685614,3,블레스하임 마포구 신공덕동
마포구,공덕동,롯데캐슬프레지던트,롯데캐슬프레지던트,롯데캐슬프레지던트아파트,서울 마포구 공덕동 467,서울 마포구 마포대로 109,37.544831515227095,126.95073583557456,3,롯데캐슬프레지던트 마포구 공덕동
마포구,서교동,메세나폴리스,메세나폴리스,메세나폴리스아파트,서울 마포구 서교동 490,서울 마포구 양화로 45,37.55093530307955,126.91378068787876,3,메세나폴리스 마포구 서교동
마포구,성산동,세원,세원,세원아파트,서울 마포구 성산동 142-9,서울 마포구 월드컵북로 194,37.56861529024237,126.90747129622753,3,세원 마포구 성산동
마포구,신정동,서강GS,서강GS,서강GS아파트,서울 마포구 신정동 30,서울 마포구 창전로 26,37.54407028988868,126.93115579757756,3,서강GS 마포구 신정동
마포구,연남동,코오롱,코오롱,코오롱하늘채아파트,서울 마포구 연남동 573,서울 마포구 연남로 52,37.5640839361088,126.920755928215,3,코오롱 마포구 연남동
마포구,창전동,서강예가,서강예가,서강쌍용예가아파트,서울 마포구 창전동 444,서울 마포구 독막로 145,37.5484735489338,126.929757582462,3,서강예가 마포구 창전동
마포구,망원동,노아아크빌,노아아크빌,노아아크빌아파트,서울 마포구 망원동 471-3,서울 마포구 방울내로11길 27,37.56194123412291,126.90361774201254,3,노아아크빌 마포구 망원동
마포구,현석동,래미안웰스트림,래미안웰스트림,래미안마포웰스트림아파트,서울 마포구 현석동 225,서울 마포구 토정로18길 11,37.54359818649498,126.9359970207822,3,래미안웰스트림 마포구 현석동
마포구,신공덕동,대우메트로디오빌,대우메트로디오빌,메트로디오빌아파트,서울 마포구 신공덕동 167,서울 마포구 백범로 199,37.54350070877683,126.95286855688576,3,대우메트로디오빌 마포구 신공덕동
마포구,상암동,상암월드컵파크3단지,상암월드컵파크3단지,상암월드컵파크3단지아파트,서울 마포구 상암동 1643,서울 마포구 월드컵로 338,37.57278423878208,126.8896938104304,3,상암월드컵파크3단지 마포구 상암동
마포구,성산동,성산시영(선경),성산시영,성산시영아파트,서울 마포구 성산동 446,서울 마포구 월드컵북로 235,37.56923699261103,126.9019104290618,3,성산시영 마포구 성산동
마포구,망원동,성원2,성원2,성원하이츠 2동,서울 마포구 성산동 165-107,서울 마포구 새터산11길 24,37.5677097129319,126.906231833522,2,성원2 마포구 망원동
마포구,대흥동,마포자이2차,마포자이2차,마포자이2차아파트,서울 마포구 대흥동 804,서울 마포구 서강대길 40,37.549254596839106,126.94107324716164,3,마포자이2차 마포구 대흥동
마포구,망원동,태청,태청,태청아파트,서울 마포구 망원동 501,서울 마포구 포은로6길 34,37.55578811374535,126.9067175765562,3,태청 마포구 망원동
마포구,망원동,현대리버빌,현대리버빌,현대리버빌아파트,서울 마포구 망원동 460-15,서울 마포구 동교로1길 48,37.55326770136725,126.90079513577425,3,현대리버빌 마포구 망원동
마포구,공덕동,공덕1삼성래미안,공덕1삼성래미안,신공덕삼성래미안1차아파트 109동,서울 마포구 신공덕동 155,서울 마포구 백범로37길 12,37.54354709792864,126.95635258116548,3,공덕1삼성래미안 마포구 공덕동
마포구,망원동,휴먼빌,휴먼빌,망원휴먼빌아파트,서울 마포구 망원동 509,서울 마포구 방울내로 31,37.558653917654446,126.89873720687471,3,휴먼빌 마포구 망원동
마포구,창전동,창전동현대홈타운,창전동현대홈타운,창전현대홈타운아파트,서울 마포구 창전동 440,서울 마포구 서강로 83,37.55079213318701,126.93183313984302,3,창전동현대홈타운 마포구 창전동
마포구,대흥동,서희스타힐스,서희스타힐스,이대역서희스타힐스,서울 마포구 대흥동 12-41,서울 마포구 신촌로 160,37.55637001484037,126.9434001760066,3,서희스타힐스 마포구 대흥동
마포구,도화동,한화오벨리스크,한화오벨리스크,마포한화오벨리스크아파트,서울 마포구 도화동 555,서울 마포구 마포대로 33,37.54004128976121,126.94547072072396,3,한화오벨리스크 마포구 도화동
마포구,노고산동,현대벤처빌,현대벤처빌,현대벤처빌아파트,서울 마포구 노고산동 107-36,서울 마포구 백범로 10,37.553681652993966,126.93672400781276,3,현대벤처빌 마포구 노고산동
마포구,공덕동,효창그린아파트,효창그린아파트,효창그린아파트,서울 마포구 공덕동 11-168,서울 마포구 효창원로93길 18,37.5485325300769,126.9621685104471,3,효창그린아파트 마포구 공덕동
마포구,마포동,비체힐리버뷰,비체힐리버뷰,마포비체힐1리버뷰,서울 마포구 마포동 449,서울 마포구 마포대로4나길 71,37.53633003728868,126.94539987929836,3,비체힐리버뷰 마포구 마포동
마포구,서교동,엠제이더퍼스트홍대,엠제이더퍼스트홍대,엠제이더퍼스트홍대,서울 마포구 서교동 371-7,서울 마포구 양화로 114,37.553570546755715,126.91992959989182,3,엠제이더퍼스트홍대 마포구 서교동
마포구,창전동,창전래미안,창전래미안,래미안밤섬리베뉴II아파트,서울 마포구 상수동 398,서울 마포구 독막로20나길 21,37.54687895701406,126.92707491451532,2,창전래미안 마포구
마포구,염리동,마포자이,마포자이,마포프레스티지자이아파트,서울 마포구 염리동 532,서울 마포구 대흥로24길 24,37.55279145748242,126.94775537481384,3,마포자이 마포구 염리동
마포구,서교동,대우미래사랑,대우미래사랑,서교동대우미래사랑아파트,서울 마포구 서교동 487,서울 마포구 월드컵북로5나길 18,37.55737058374525,126.9167882886154,3,대우미래사랑 마포구 서교동
마포구,도화동,도화동현대,도화동현대,도화현대1차아파트,서울 마포구 도화동 357,서울 마포구 새창로 52,37.53942497854966,126.95386230877646,3,도화동현대 마포구 도화동
마포구,창전동,중앙하이츠103동,중앙하이츠,중앙하이츠아파트,서울 마포구 창전동 42-7,서울 마포구 와우산로30길 135,37.549485386315624,126.92828549676396,3,중앙하이츠 마포구 창전동
마포구,망원동,성신,성신,뉴성신아파트,서울 마포구 망원동 433-4,서울 마포구 포은로 143,37.559355590255,126.902782414612,3,성신 마포구 망원동
마포구,상수동,상수두산위브,상수두산위브,상수두산위브아파트,서울 마포구 상수동 396,서울 마포구 독막로18길 5,37.54692410332956,126.924363546218,3,상수두산위브 마포구 상수동
마포구,공덕동,공덕3삼성래미안,공덕3삼성래미안,래미안 공덕3차아파트 복지관,서울 마포구 공덕동 457,서울 마포구 마포대로7길 22,37.5484952198106,126.951321871218,3,공덕3삼성래미안 마포구 공덕동
마포구,용강동,이편한세상마포리버파크,이편한세상마포리버파크,e편한세상마포리버파크아파트,서울 마포구 용강동 508,서울 마포구 토정로31길 24,37.541358597264626,126.94364914494084,3,이편한세상마포리버파크 마포구 용강동
마포구,아현동,서서울삼성,서서울삼성,서서울삼성아파트,서울 마포구 아현동 692,서울 마포구 마포대로 262,37.55641257249982,126.95920274225614,3,서서울삼성 마포구 아현동
마포구,망원동,함성월드빌3차301동,함성월드빌3차,함성월드빌3차아파트,서울 마포구 망원동 514,서울 마포구 망원로11길 35,37.55913929890442,126.90605696126306,3,함성월드빌3차 마포구 망원동
마포구,신수동,밤섬경남아너스빌,밤섬경남아너스빌,밤섬경남아너스빌아파트,서울 마포구 신수동 459,서울 마포구 독막로28길 10,37.54673653246651,126.93630439652456,3,밤섬경남아너스빌 마포구 신수동
마포구,상암동,상암월드컵파크7단지,상암월드컵파크7단지,상암월드컵파크7단지아파트,서울 마포구 상암동 1660,서울 마포구 상암산로1길 92,37.58186636823441,126.88234419151644,3,상암월드컵파크7단지 마포구 상암동
마포구,망원동,신부,신부,신부파스카5차,서울 마포구 망원동 518,서울 마포구 방울내로11길 73,37.5620777775262,126.902027340109,3,신부 마포구 망원동
마포구,망원동,참존2차(101동),참존2차,참존2차아파트,서울 마포구 망원동 454-1,서울 마포구 망원로 16,37.55586188342376,126.89891866815044,3,참존2차 마포구 망원동
마포구,성산동,월드,월드,성산월드타운대림아파트,서울 마포구 성산동 601,서울 마포구 월드컵북로30길 9-22,37.56934389800746,126.90824464422232,3,월드 마포구 성산동
마포구,아현동,마포래미안푸르지오3단지,마포래미안푸르지오3단지,마포래미안푸르지오아파트,서울 마포구 아현동 777,서울 마포구 마포대로 195,37.553310836830384,126.95300610568285,3,마포래미안푸르지오3단지 마포구 아현동
마포구,노고산동,신촌포스빌,신촌포스빌,신촌포스빌아파트,서울 마포구 노고산동 1-3,서울 마포구 신촌로 150,37.55624777412572,126.94214968963244,3,신촌포스빌 마포구 노고산동
마포구,도화동,삼성,삼성,마포삼성아파트,서울 마포구 도화동 550,서울 마포구 도화길 28,37.5400830740148,126.95032143595203,3,삼성 마포구 도화동
마포구,대흥동,대흥동태영아파트,대흥동태영아파트,대흥동태영아파트,서울 마포구 대흥동 660,서울 마포구 독막로 266,37.54473232045174,126.94257048117984,3,대흥동태영아파트 마포구 대흥동
마포구,망원동,삼성화원,삼성화원,삼성화원아파트,서울 마포구 망원동 494,서울 마포구 망원로10길 6,37.55747742002115,126.9066373790118,3,삼성화원 마포구 망원동
마포구,성산동,엘지(214-15),엘지,LG전자베스트샵 마포점,서울 마포구 성산동 266-1,서울 마포구 월드컵로 158,37.5619632435647,126.905206805418,3,엘지 마포구 성산동
마포구,상암동,DMC상암센트럴파크2단지,DMC상암센트럴파크2단지,DMC상암센트럴파크2단지아파트,서울 마포구 상암동 1618,서울 마포구 월드컵북로42가길 11,37.57493163296307,126.89703523995904,3,DMC상암센트럴파크2단지 마포구 상암동
마포구,마포동,마포쌍용황금아파트,마포쌍용황금아파트,마포쌍용황금아파트,서울 마포구 마포동 253,서울 마포구 마포대로4라길 30,37.537104103389794,126.9456312634351,3,마포쌍용황금아파트 마포구 마포동
마포구,합정동,일신건영휴먼빌아파트,일신건영휴먼빌아파트,일신건영휴먼빌아파트,서울 마포구 합정동 470,서울 마포구 토정로5길 9,37.54602602119079,126.91793701749414,3,일신건영휴먼빌아파트 마포구 합정동
마포구,상암동,상암월드컵파크4단지,상암월드컵파크4단지,상암월드컵파크4단지아파트,서울 마포구 상암동 1655,서울 마포구 상암산로1길 24,37.57795700547733,126.88890278512564,3,상암월드컵파크4단지 마포구 상암동
마포구,성산동,성산시영(유원),성산시영,성산시영아파트,서울 마포구 성산동 446,서울 마포구 월드컵북로 235,37.56923699261103,126.9019104290618,3,성산시영 마포구 성산동
마포구,신수동,신촌삼익,신촌삼익,신촌삼익아파트,서울 마포구 신수동 450,서울 마포구 신수로 107,37.5513428975355,126.93549359497912,3,신촌삼익 마포구 신수동
마포구,망원동,삼화아크빌(470-2),삼화아크빌,삼화아파트,서울 마포구 망원동 470-39,서울 마포구 방울내로9안길 7,37.56164855778552,126.90269907554732,3,삼화아크빌 마포구 망원동
마포구,아현동,마포래미안푸르지오1단지,마포래미안푸르지오1단지,마포래미안푸르지오아파트1단지 상가,서울 마포구 아현동 777,서울 마포구 마포대로 195,37.55494006692562,126.95357773589026,3,마포래미안푸르지오1단지 마포구 아현동
마포구,성산동,성산월드타운대림,성산월드타운대림,성산월드타운대림아파트,서울 마포구 성산동 601,서울 마포구 월드컵북로30길 9-22,37.56934389800746,126.90824464422232,3,성산월드타운대림 마포구 성산동
마포구,공덕동,래미안공덕5차,래미안공덕5차,래미안공덕5차아파트,서울 마포구 공덕동 469,서울 마포구 마포대로 173-15,37.550756171638305,126.95217027940218,3,래미안공덕5차 마포구 공덕동
마포구,중동,DMC마포청구아파트,DMC마포청구아파트,DMC마포청구아파트,서울 마포구 중동 390,서울 마포구 성암로11길 60,37.5740789062302,126.90187125021704,3,DMC마포청구아파트 마포구 중동
마포구,신공덕동,신공덕1차삼성래미안1아파트,신공덕1차삼성래미안1아파트,신공덕삼성래미안1차아파트 109동,서울 마포구 신공덕동 155,서울 마포구 백범로37길 12,37.54354709792864,126.95635258116548,3,신공덕1차삼성래미안1아파트 마포구 신공덕동
마포구,상암동,상암월드컵파크5단지,상암월드컵파크5단지,상암월드컵파크5단지아파트,서울 마포구 상암동 1658,서울 마포구 상암산로1길 52,37.58021209838235,126.8859695394912,3,상암월드컵파크5단지 마포구 상암동
마포구,염리동,상록,상록,염리상록아파트,서울 마포구 염리동 515-1,서울 마포구 숭문길 106,37.55139852992699,126.94779029729328,3,상록 마포구 염리동
마포구,염리동,염리삼성래미안,염리삼성래미안,염리삼성래미안아파트,서울 마포구 염리동 520,서울 마포구 백범로25길 63,37.54896539011028,126.94679502360977,3,염리삼성래미안 마포구 염리동
마포구,창전동,중앙하이츠104동,중앙하이츠,중앙하이츠아파트,서울 마포구 창전동 42-7,서울 마포구 와우산로30길 135,37.549485386315624,126.92828549676396,3,중앙하이츠 마포구 창전동
마포구,공덕동,공덕2삼성래미안,공덕2삼성래미안,공덕삼성래미안2차아파트 105동,서울 마포구 공덕동 43,서울 마포구 마포대로20길 26,37.55155375136707,126.95996248119393,3,공덕2삼성래미안 마포구 공덕동
마포구,아현동,마포트라팰리스2차,마포트라팰리스2차,마포트라팰리스2차아파트,서울 마포구 아현동 738,서울 마포구 마포대로 201,37.552176548128216,126.95550670793318,3,마포트라팰리스2차 마포구 아현동
마포구,신공덕동,신공덕래미안2차,신공덕래미안2차,신공덕삼성래미안2차아파트,서울 마포구 신공덕동 159,서울 마포구 만리재로 74,37.546378645955734,126.958031350919,3,신공덕래미안2차 마포구 신공덕동
마포구,도화동,현대홈타운,현대홈타운,도화현대홈타운2차아파트,서울 마포구 도화동 353,서울 마포구 새창로8길 72,37.53777723687573,126.95207108126252,3,현대홈타운 마포구 도화동
마포구,하중동,한강밤섬자이,한강밤섬자이,한강밤섬자이아파트,서울 마포구 하중동 101,서울 마포구 토정로 158,37.54485415372522,126.92812246055148,3,한강밤섬자이 마포구 하중동
마포구,현석동,강변힐스테이트,강변힐스테이트,강변힐스테이트아파트,서울 마포구 현석동 222,서울 마포구 신수로 15,37.543329085382865,126.93327926727596,3,강변힐스테이트 마포구 현석동
마포구,합정동,대운행복,대운행복,대운행복아파트,서울 마포구 합정동 389-16,서울 마포구 양화로1길 38,37.55038958290286,126.91053006661542,3,대운행복 마포구 합정동
마포구,공덕동,솔리스타,솔리스타,솔리스타,서울 마포구 공덕동 30-10,서울 마포구 만리재로 113,37.55025919280765,126.96048486665842,3,솔리스타 마포구 공덕동
마포구,마포동,강변한신코아,강변한신코아,강변한신코아아파트,서울 마포구 마포동 350,서울 마포구 마포대로4다길 18,37.53629961560458,126.94393015569749,3,강변한신코아 마포구 마포동
마포구,도화동,성지,성지,성지아파트,서울 마포구 도화동 538,서울 마포구 큰우물로 75,37.5412670286516,126.94629810002463,3,성지 마포구 도화동
마포구,신수동,벽산솔렌스힐,벽산솔렌스힐,마포벽산이솔렌스힐아파트,서울 마포구 신수동 457,서울 마포구 광성로 28,37.549421352963385,126.93601693807398,3,벽산솔렌스힐 마포구 신수동
마포구,상암동,상암월드컵파크10단지,상암월드컵파크10단지,상암월드컵파크10단지아파트,서울 마포구 상암동 1736,서울 마포구 월드컵북로 502-36,37.58541247169747,126.88213934570496,3,상암월드컵파크10단지 마포구 상암동
마포구,신공덕동,브라운스톤공덕아파트,브라운스톤공덕아파트,브라운스톤공덕아파트,서울 마포구 신공덕동 170,서울 마포구 백범로 230,37.54151225073908,126.95530937183123,3,브라운스톤공덕아파트 마포구 신공덕동
마포구,성산동,성산2차e-편한세상,성산2차e-편한세상,성산2차e편한세상아파트,서울 마포구 성산동 604,서울 마포구 월드컵북로 216,37.56976328283845,126.90535539392069,3,성산2차e-편한세상 마포구 성산동
마포구,도화동,우성,우성,도화3지구우성아파트,서울 마포구 도화동 82,서울 마포구 삼개로 38,37.53636953706402,126.94706194332682,3,우성 마포구 도화동
마포구,성산동,성산시영(대우),성산시영,성산시영아파트,서울 마포구 성산동 446,서울 마포구 월드컵북로 235,37.56923699261103,126.9019104290618,3,성산시영 마포구 성산동
마포구,망원동,함성드림빌,함성드림빌,함성드림빌아파트,서울 마포구 망원동 505,서울 마포구 월드컵로31길 89,37.559639069164824,126.90022079069406,3,함성드림빌 마포구 망원동
마포구,성산동,성사1차풍림아파트101동,성사1차풍림아파트,성사1차풍림아파트,서울 마포구 성산동 600,서울 마포구 성암로1길 8,37.56848929843356,126.91238855827488,3,성사1차풍림아파트 마포구 성산동
마포구,아현동,마포래미안푸르지오2단지,마포래미안푸르지오2단지,마포래미안푸르지오2단지아파트 지하주차장,서울 마포구 아현동 779,서울 마포구 마포대로 195,37.5540541607358,126.955329044543,3,마포래미안푸르지오2단지 마포구 아현동
마포구,망원동,한강로얄스위트,한강로얄스위트,한강로얄스위트아파트,서울 마포구 망원동 417-2,서울 마포구 망원로 36,37.55632579810186,126.90092802316998,3,한강로얄스위트 마포구 망원동
마포구,망원동,우림루미아트,우림루미아트,서울마포 우림루미아트 2 전기차충전소,서울 마포구 망원동 498,서울 마포구 월드컵로31길 77,37.5597470114328,126.901080813367,3,우림루미아트 마포구 망원동
마포구,용강동,래미안마포리버웰,래미안마포리버웰,래미안마포리버웰아파트,서울 마포구 용강동 502,서울 마포구 토정로31길 23,37.542259680963205,126.94196248099252,3,래미안마포리버웰 마포구 용강동
마포구,공덕동,마포공덕파크팰리스Ⅱ,마포공덕파크팰리스Ⅱ,마포공덕파크팰리스II오피스텔,서울 마포구 공덕동 462,서울 마포구 마포대로 143,37.547458875670195,126.9530640970876,3,마포공덕파크팰리스Ⅱ 마포구 공덕동
마포구,상암동,상암월드컵파크2단지,상암월드컵파크2단지,상암월드컵파크2단지아파트,서울 마포구 상암동 1637,서울 마포구 월드컵북로47길 46,37.57484025247122,126.89157899800048,3,상암월드컵파크2단지 마포구 상암동
마포구,상암동,상암월드컵파크6단지,상암월드컵파크6단지,상암월드컵파크6단지아파트,서울 마포구 상암동 1689,서울 마포구 상암산로1길 57,37.57981759547889,126.8842538748604,3,상암월드컵파크6단지 마포구 상암동
마포구,아현동,예미원,예미원,예미원아파트,서울 마포구 아현동 371-1,서울 마포구 마포대로 236,37.55471104787976,126.95794519456696,3,예미원 마포구 아현동
마포구,성산동,부림베스트빌,부림베스트빌,부림베스트빌아파트,서울 마포구 성산동 254-29,서울 마포구 월드컵로26길 17,37.559235048494784,126.90866448634335,3,부림베스트빌 마포구 성산동
마포구,창전동,서강오벨리스크스위트,서강오벨리스크스위트,서강한화오벨리스크스위트아파트,서울 마포구 창전동 442,서울 마포구 창전로 45,37.54659347448434,126.93182338412004,3,서강오벨리스크스위트 마포구 창전동
마포구,망원동,강변타운,강변타운,강변타운,서울 마포구 망원동 408-15,서울 마포구 희우정로20길 22-13,37.555135520949655,126.90193570552192,3,강변타운 마포구 망원동
마포구,망원동,대성1,대성1,대성공인중개사사무소,서울 양천구 목동 929,서울 양천구 목동서로2길 22,37.54251908791783,126.88156418803057,1,대성1 마포구 망원동
마포구,성산동,한림101동,한림,한림아파트,서울 마포구 성산동 199-53,서울 마포구 새터산5길 17,37.5651493102329,126.90651801289472,3,한림 마포구 성산동
마포구,토정동,한강삼성,한강삼성,한강삼성아파트,서울 마포구 토정동 138,서울 마포구 토정로32길 11,37.53955273133404,126.94126192193096,3,한강삼성 마포구 토정동
마포구,서교동,대운,대운,대운아파트,서울 마포구 서교동 380-44,서울 마포구 양화로7안길 30,37.55289874735418,126.91525981440984,3,대운 마포구 서교동
마포구,중동,마포중동현대,마포중동현대,마포중동현대아파트 정문,서울 마포구 중동 392,,37.5715963056365,126.906991045846,3,마포중동현대 마포구 중동
마포구,창전동,신촌금호,신촌금호,신촌금호아파트,서울 마포구 창전동 438,서울 마포구 서강로9길 19,37.55268800939353,126.9321392332497,3,신촌금호 마포구 창전동
마포구,용강동,마포대림1,마포대림1,망원대림1차아파트,서울 마포구 망원동 496,서울 마포구 망원로2길 103,37.55343322256561,126.90485546568802,2,마포대림1 마포구
마포구,망원동,망원동동원데쟈뷰,망원동동원데쟈뷰,망원동동원데쟈뷰아파트,서울 마포구 망원동 516,서울 마포구 방울내로9안길 57,37.56044726888851,126.90022763558544,3,망원동동원데쟈뷰 마포구 망원동
마포구,합정동,한강동원아파트,한강동원아파트,한강동원아파트,서울 마포구 합정동 467,서울 마포구 토정로2길 6-12,37.54494094386791,126.912533807494,3,한강동원아파트 마포구 합정동
마포구,망원동,함성월드빌2차,함성월드빌2차,함성월드빌2차아파트,서울 마포구 망원동 511,서울 마포구 월드컵로11길 35,37.55417919092854,126.90936326600564,3,함성월드빌2차 마포구 망원동
마포구,공덕동,래미안공덕4차,래미안공덕4차,래미안공덕4차아파트,서울 마포구 공덕동 464,서울 마포구 마포대로11길 50,37.5499044146751,126.95140243355593,3,래미안공덕4차 마포구 공덕동
마포구,도화동,정우상가맨션,정우상가맨션,정우맨션,서울 마포구 도화동 536,서울 마포구 토정로37길 46,37.54252169661906,126.94735631972642,3,정우상가맨션 마포구 도화동
마포구,서교동,서교푸르지오,서교푸르지오,서교푸르지오아파트,서울 마포구 서교동 486,서울 마포구 홍익로 10,37.55379288404938,126.92369568722684,3,서교푸르지오 마포구 서교동
마포구,공덕동,한화꿈에그린,한화꿈에그린,마포공덕한화꿈에그린아파트,서울 마포구 공덕동 460,서울 마포구 마포대로10길 22,37.54710570602082,126.95544635204234,3,한화꿈에그린 마포구 공덕동
마포구,성산동,골든빌(210-10),골든빌,골든빌,서울 마포구 성산동 17-10,서울 마포구 월드컵북로16길 28-6,37.56272359081447,126.91577952205408,3,골든빌 마포구 성산동
마포구,연남동,대명,대명,대명아파트,서울 마포구 연남동 259-1,서울 마포구 동교로39길 11,37.56168923487032,126.92371479866162,3,대명 마포구 연남동
마포구,망원동,마포한강아이파크,마포한강아이파크,마포한강아이파크아파트,서울 마포구 망원동 521,서울 마포구 희우정로 77,37.552469708723144,126.90331872636844,3,마포한강아이파크 마포구 망원동
마포구,신공덕동,kcc웰츠,kcc웰츠,마포KCC웰츠타워아파트,서울 마포구 신공덕동 171,서울 마포구 백범로 202,37.542844619880626,126.95246614061224,3,kcc웰츠 마포구 신공덕동
마포구,성산동,성산동성,성산동성,성산동성아파트,서울 마포구 성산동 597,서울 마포구 모래내로3길 4,37.56485860140212,126.90577812955082,3,성산동성 마포구 성산동
마포구,아현동,삼환나띠르빌,삼환나띠르빌,삼환나띠르빌아파트,서울 마포구 아현동 732,서울 마포구 마포대로 183-16,37.55133280842522,126.95444343850272,3,삼환나띠르빌 마포구 아현동
마포구,연남동,광남벨라스(VALLACE),광남벨라스,광남벨라스아파트,서울 마포구 연남동 487-77,서울 마포구 성미산로15길 32,37.56266895091134,126.91751017076008,3,광남벨라스 마포구 연남동
마포구,창전동,해모로,해모로,서강해모로아파트,서울 마포구 창전동 443,서울 마포구 토정로 167,37.54627146622688,126.92968722669956,3,해모로 마포구 창전동
마포구,성산동,라인성서,라인성서,라인성서아파트,서울 마포구 성산동 25-1,서울 마포구 성미산로7안길 26,37.5593884926444,126.911389656187,3,라인성서 마포구 성산동
마포구,신수동,마포경남아너스빌,마포경남아너스빌,마포경남아너스빌2단지아파트,서울 마포구 신수동 456,서울 마포구 신수로 81,37.54912127955651,126.9343016317487,3,마포경남아너스빌 마포구 신수동
마포구,공덕동,마포현대,마포현대,마포현대하이엘오피스텔,서울 마포구 공덕동 463,서울 마포구 마포대로 173,37.54981641114149,126.95439909551226,3,마포현대 마포구 공덕동
마포구,신공덕동,펜트라우스,펜트라우스,공덕푸르지오펜트라우스아파트,서울 마포구 신공덕동 172,서울 마포구 백범로 205,37.5433930773551,126.95410880481352,3,펜트라우스 마포구 신공덕동
마포구,연남동,새마을,새마을,새마을아파트(연남),서울 마포구 연남동 244-15,,37.565900163071085,126.92048687792816,3,새마을 마포구 연남동
마포구,망원동,대림1,대림1,망원대림1차아파트,서울 마포구 망원동 496,서울 마포구 망원로2길 103,37.55343322256561,126.90485546568802,3,대림1 마포구 망원동
마포구,서교동,함성참좋은,함성참좋은,함성참좋은아파트,서울 마포구 서교동 247-72,서울 마포구 월드컵로20길 46,37.55779657001873,126.91157488786844,3,함성참좋은 마포구 서교동
마포구,현석동,반도유보라아일랜드,반도유보라아일랜드,반도유보라아일랜드아파트,서울 마포구 현석동 223,서울 마포구 신수로2길 6,37.54197464443969,126.93446179129997,3,반도유보라아일랜드 마포구 현석동
마포구,망원동,신부파스카4차,신부파스카4차,신부파스카4차아파트,서울 마포구 망원동 507,서울 마포구 방울내로 43,37.559332986585616,126.9005245190902,3,신부파스카4차 마포구 망원동
마포구,망원동,성원1,성원1,성원하이츠 1동,서울 마포구 성산동 165-106,서울 마포구 새터산11길 20,37.567644956309,126.906376800165,2,성원1 마포구 망원동
마포구,망원동,스카이캐슬,스카이캐슬,스카이캐슬아파트,서울 마포구 망원동 476-3,서울 마포구 월드컵로29길 14,37.5602098926066,126.905192049716,3,스카이캐슬 마포구 망원동
마포구,신공덕동,공덕아이파크,공덕아이파크,공덕아이파크아파트,서울 마포구 신공덕동 174,서울 마포구 만리재로 36,37.54467323644599,126.95605432154524,3,공덕아이파크 마포구 신공덕동
마포구,아현동,마포센트럴 아이파크,마포센트럴 아이파크,마포센트럴아이파크아파트,서울 마포구 아현동 802,서울 마포구 마포대로 246,37.55552242228082,126.95930508365444,3,마포센트럴 아이파크 마포구 아현동
마포구,신공덕동,신공덕래미안3차,신공덕래미안3차,신공덕삼성래미안3차아파트,서울 마포구 신공덕동 161,서울 마포구 만리재로 60,37.54547723784517,126.9568957471628,3,신공덕래미안3차 마포구 신공덕동
마포구,합정동,두영이지안101동,두영이지안,두영이지안아파트,서울 마포구 합정동 468,서울 마포구 희우정로1길 48,37.5500359458441,126.90646672918864,3,두영이지안 마포구 합정동
마포구,도화동,도화현대,도화현대,도화현대1차아파트,서울 마포구 도화동 357,서울 마포구 새창로 52,37.53942497854966,126.95386230877646,3,도화현대 마포구 도화동
마포구,망원동,리츠,리츠,리츠아파트,서울 마포구 망원동 483-3,서울 마포구 월드컵로25길 17,37.55814516632907,126.90677349052928,3,리츠 마포구 망원동
마포구,망원동,한강2차대주피오레,한강2차대주피오레,한강2차대주파크빌아파트,서울 마포구 망원동 499,서울 마포구 동교로3길 115,37.554988385858486,126.89841622983384,3,한강2차대주피오레 마포구 망원동
마포구,도화동,마포동원베네스트,마포동원베네스트,마포동원베네스트아파트,서울 마포구 도화동 564,서울 마포구 도화4길 41,37.54024248601131,126.95235011619128,3,마포동원베네스트 마포구 도화동
마포구,중동,건영월드컵,건영월드컵,건영월드컵아파트,서울 마포구 중동 393,서울 마포구 성암로 41,37.56881318775086,126.91175882280292,3,건영월드컵 마포구 중동
마포구,신공덕동,대우월드마크마포,대우월드마크마포,대우월드마크마포아파트,서울 마포구 신공덕동 173,서울 마포구 백범로 212,37.54244493353364,126.95336257160533,3,대우월드마크마포 마포구 신공덕동
마포구,중동,현대,현대,현대아파트,서울 마포구 중동 392,서울 마포구 성암로 91,37.57113761491002,126.90688407905024,3,현대 마포구 중동
마포구,상암동,상암월드컵파크12단지,상암월드컵파크12단지,상암월드컵파크12단지아파트,서울 마포구 상암동 1743,서울 마포구 월드컵북로 502-7,37.58641584239984,126.88001828221353,3,상암월드컵파크12단지 마포구 상암동
마포구,상암동,DMC상암센트럴파크1단지,DMC상암센트럴파크1단지,DMC상암센트럴파크1단지아파트,서울 마포구 상암동 1630,서울 마포구 월드컵북로43길 11,37.57428573641933,126.89613957088548,3,DMC상암센트럴파크1단지 마포구 상암동
마포구,용강동,마포용강삼성래미안,마포용강삼성래미안,용강 삼성래미안 세탁소,서울 마포구 용강동 380,서울 마포구 큰우물로 26,37.5437625190577,126.941903606607,3,마포용강삼성래미안 마포구 용강동
마포구,망원동,뉴서울,뉴서울,뉴서울아파트,서울 마포구 망원동 412-19,서울 마포구 월드컵로23길 46,37.55590103899917,126.90709883219392,3,뉴서울 마포구 망원동
마포구,상암동,상암월드컵파크11단지,상암월드컵파크11단지,상암월드컵파크11단지아파트,서울 마포구 상암동 1741,서울 마포구 월드컵북로 502-37,37.587555986105734,126.88129359508636,3,상암월드컵파크11단지 마포구 상암동
마포구,합정동,에덴지우,에덴지우,에덴지우아파트,서울 마포구 합정동 355-1,서울 마포구 어울마당로3길 19,37.5472085912134,126.918601107046,3,에덴지우 마포구 합정동
마포구,성산동,성산동자담이움아파트,성산동자담이움아파트,성산동자담이움아파트,서울 마포구 성산동 650,서울 마포구 월드컵로26길 57,37.55970508708585,126.91065134920515,3,성산동자담이움아파트 마포구 성산동
마포구,망원동,예지안파크뷰,예지안파크뷰,예지안파크뷰아파트,서울 마포구 망원동 512,서울 마포구 방울내로1길 41-14,37.55959642398054,126.89673038906484,3,예지안파크뷰 마포구 망원동
마포구,창전동,창전쌍용스윗닷홈,창전쌍용스윗닷홈,창전쌍용스윗닷홈아파트,서울 마포구 창전동 441,서울 마포구 창전로 63,37.54801363545275,126.93214799753778,3,창전쌍용스윗닷홈 마포구 창전동
마포구,합정동,마포한강2차푸르지오,마포한강2차푸르지오,마포한강2차푸르지오아파트,서울 마포구 합정동 473,서울 마포구 월드컵로3길 14,37.55112583136965,126.91190529468844,3,마포한강2차푸르지오 마포구 합정동
마포구,공덕동,공덕파크자이,공덕파크자이,공덕파크자이아파트,서울 마포구 공덕동 476,서울 마포구 백범로 152,37.545095870051945,126.94739750955868,3,공덕파크자이 마포구 공덕동
마포구,창전동,마포웨스트리버태영데시앙,마포웨스트리버태영데시앙,마포웨스트리버태영데시앙아파트,서울 마포구 창전동 449,서울 마포구 서강로3길 32,37.55005627887381,126.93073384439178,3,마포웨스트리버태영데시앙 마포구 창전동
마포구,합정동,KCC엠파이어리버,KCC엠파이어리버,KCC엠파이어리버아파트,서울 마포구 합정동 381-16,서울 마포구 양화로 26,37.548292343630415,126.9121089270882,3,KCC엠파이어리버 마포구 합정동
마포구,공덕동,공덕현대,공덕현대,공덕현대아파트,서울 마포구 공덕동 370-9,서울 마포구 마포대로11길 73,37.54828569332755,126.95013606426896,3,공덕현대 마포구 공덕동
마포구,중동,강림월드타운,강림월드타운,강림월드타운아파트,서울 마포구 중동 36-29,서울 마포구 성암로7길 14,37.5701744878935,126.90693055633844,3,강림월드타운 마포구 중동
마포구,성산동,월드컵아이파크(667),월드컵아이파크,월드컵아이파크1차아파트,서울 마포구 성산동 667,서울 마포구 모래내로9길 6,37.56753939165514,126.91449503493888,3,월드컵아이파크 마포구 성산동
마포구,망원동,천우,천우,천우아파트,서울 마포구 망원동 436-6,서울 마포구 방울내로5길 8,37.55987793223012,126.90141112593274,3,천우 마포구 망원동
마포구,신수동,대원칸타빌,대원칸타빌,대원칸타빌아파트,서울 마포구 신수동 453,서울 마포구 창전로2길 10,37.54817663092991,126.93358274832994,3,대원칸타빌 마포구 신수동
마포구,성산동,벨로스,벨로스,벨로스아파트,서울 마포구 성산동 254-7,서울 마포구 월드컵로26길 23,37.5593218446442,126.90905371678,3,벨로스 마포구 성산동
마포구,망원동,상암마젤란21,상암마젤란21,상암마젤란21아파트,서울 마포구 망원동 513,서울 마포구 방울내로11길 43,37.56227595219982,126.90306497462518,3,상암마젤란21 마포구 망원동
마포구,망원동,목화,목화,목화아파트,서울 마포구 망원동 483-6,서울 마포구 망원로 89,37.5579181724935,126.90684620665009,3,목화 마포구 망원동
마포구,성산동,엘지(214-70),엘지,LG전자베스트샵 마포점,서울 마포구 성산동 266-1,서울 마포구 월드컵로 158,37.5619632435647,126.905206805418,3,엘지 마포구 성산동
마포구,망원동,함성백합,함성백합,백합아파트,서울 마포구 망원동 493,서울 마포구 월드컵로29길 113,37.557704073830664,126.90063080713956,3,함성백합 마포구 망원동
마포구,신공덕동,신공덕e편한세상,신공덕e편한세상,신공덕e편한세상아파트,서울 마포구 신공덕동 168,서울 마포구 백범로 239,37.54194539356191,126.957096929717,3,신공덕e편한세상 마포구 신공덕동
마포구,아현동,공덕자이,공덕자이,공덕자이아파트,서울 마포구 아현동 800,서울 마포구 마포대로24길 16,37.553464139564994,126.9581496018769,3,공덕자이 마포구 아현동
마포구,신공덕동,공덕프로포즈Ⅱ,공덕프로포즈Ⅱ,공덕프로포즈II,서울 마포구 신공덕동 15-80,서울 마포구 만리재로 35,37.544986389057414,126.95500516738146,3,공덕프로포즈Ⅱ 마포구 신공덕동
마포구,현석동,밤섬힐스테이트,밤섬힐스테이트,강변힐스테이트아파트,서울 마포구 현석동 222,서울 마포구 신수로 15,37.543329085382865,126.93327926727596,3,밤섬힐스테이트 마포구 현석동
마포구,성산동,해피존,해피존,해피존아파트,서울 마포구 성산동 249-21,서울 마포구 월드컵로26길 43,37.55950917153299,126.9101252986321,3,해피존 마포구 성산동
마포구,아현동,혜성,혜성,혜성전기,서울 마포구 대흥동 328-10,서울 마포구 독막로 252,37.5462454671904,126.941487516221,2,혜성 마포구 아현동
마포구,신수동,신수동성원,신수동성원,성원아파트,서울 마포구 신수동 190,서울 마포구 독막로28길 7,37.54684535544579,126.93762149023117,3,신수동성원 마포구 신수동
마포구,아현동,애오개아이파크,애오개아이파크,애오개아이파크,서울 마포구 아현동 780,서울 마포구 굴레방로1길 25,37.55384085941709,126.95595500705234,3,애오개아이파크 마포구 아현동
마포구,상암동,상암월드컵파크9단지,상암월드컵파크9단지,상암월드컵파크9단지아파트,서울 마포구 상암동 1752,서울 마포구 월드컵북로 501,37.583391024966616,126.87895438180723,3,상암월드컵파크9단지 마포구 상암동
마포구,합정동,두레,두레,두레주택,서울 마포구 합정동 430-3,서울 마포구 월드컵로7안길 19,37.55223123397773,126.90936336167674,3,두레 마포구 합정동
마포구,도화동,현대예술아파트,현대예술아파트,현대예술아파트,서울 마포구 도화동 240-1,서울 마포구 도화2안길 11,37.53925005960776,126.94916900171089,3,현대예술아파트 마포구 도화동
마포구,성산동,월드컵아이파크(666-0),월드컵아이파크,월드컵아이파크1차아파트,서울 마포구 성산동 667,서울 마포구 모래내로9길 6,37.56753939165514,126.91449503493888,3,월드컵아이파크 마포구 성산동
마포구,신수동,(91-511),,서강대학교 알바트로스탑,서울 마포구 신수동 1-1,서울 마포구 백범로 35,37.5514518477117,126.938744797594,3, 마포구 신수동
마포구,망원동,함성월드빌,함성월드빌,함성월드빌2차아파트,서울 마포구 망원동 511,서울 마포구 월드컵로11길 35,37.55417919092854,126.90936326600564,3,함성월드빌 마포구 망원동
마포구,합정동,마포한강푸르지오,마포한강푸르지오,마포한강푸르지오아파트,서울 마포구 합정동 472,서울 마포구 월드컵로1길 14,37.5500223666492,126.912251747044,3,마포한강푸르지오 마포구 합정동
마포구,염리동,염리동세양청마루아파트101동,염리동세양청마루아파트,염리동세양청마루아파트,서울 마포구 염리동 522,서울 마포구 독막로42길 5,37.54306189731309,126.94646880765696,3,염리동세양청마루아파트 마포구 염리동
마포구,용강동,대림2차,대림2차,마포대림2차e편한세상아파트,서울 마포구 용강동 501,서울 마포구 토정로32길 6,37.540954417410205,126.94072222152435,3,대림2차 마포구 용강동
마포구,창전동,신촌태영데시앙,신촌태영데시앙,태영아파트,서울 마포구 창전동 439,서울 마포구 서강로9길 45,37.55336849169143,126.9309797534505,3,신촌태영데시앙 마포구 창전동
마포구,대흥동,동양엔파트,동양엔파트,동양엔파트아파트,서울 마포구 대흥동 803,서울 마포구 백범로 82,37.54771545827802,126.94060823277889,3,동양엔파트 마포구 대흥동
마포구,도화동,마포트라팰리스,마포트라팰리스,마포트라팰리스오피스텔,서울 마포구 도화동 559,서울 마포구 마포대로 53,37.54124852799003,126.94723048479332,3,마포트라팰리스 마포구 도화동
마포구,망원동,송주보르미타운,송주보르미타운,송주보르미타운아파트,서울 마포구 망원동 475-3,서울 마포구 망원로7길 57,37.55997031283525,126.9041816544656,3,송주보르미타운 마포구 망원동
마포구,망원동,한강그린1차아파트,한강그린1차아파트,한강그린빌아파트,서울 마포구 망원동 236-2,서울 마포구 동교로1길 22,37.5522704025388,126.902000570657,3,한강그린1차아파트 마포구 망원동
마포구,성산동,반트,반트,반트아파트,서울 마포구 성산동 249-12,서울 마포구 월드컵로26길 33,37.5594123337149,126.90956065014386,3,반트 마포구 성산동
마포구,마포동,보성,보성,마포보성아파트,서울 마포구 마포동 442,서울 마포구 마포대로4길 90,37.536055656000975,126.94632446610476,3,보성 마포구 마포동
마포구,서교동,대아,대아,서교동대아아파트,서울 마포구 서교동 329-2,서울 마포구 와우산로33길 26-7,37.55579283284575,126.92904903496554,3,대아 마포구 서교동
마포구,연남동,청기와,청기와,청기와아파트,서울 마포구 연남동 515-23,서울 마포구 연남로 27,37.56205744496021,126.92188198511192,3,청기와 마포구 연남동
마포구,신정동,씨제이리버힐,씨제이리버힐,CJ리버힐아파트,서울 마포구 신정동 74-1,서울 마포구 신수로3길 47,37.542992830311576,126.9313887550842,3,씨제이리버힐 마포구 신정동
마포구,성산동,대원,대원,대원아파트,서울 마포구 성산동 596,서울 마포구 성산로4길 75,37.56449088001066,126.910256270432,3,대원 마포구 성산동
마포구,연남동,홍익하이빌,홍익하이빌,홍익하이빌아파트,서울 마포구 연남동 493-27,서울 마포구 연남로5길 44,37.56128110069549,126.9196655572811,3,홍익하이빌 마포구 연남동
마포구,대흥동,대흥동세양,대흥동세양,대흥동세양아파트,서울 마포구 대흥동 802,서울 마포구 독막로 288,37.54439203004675,126.94506810905334,3,대흥동세양 마포구 대흥동
마포구,망원동,삼우월드,삼우월드,삼우월드아파트,서울 마포구 망원동 384-7,서울 마포구 월드컵로11길 37,37.554096018064534,126.90899782350586,3,삼우월드 마포구 망원동
마포구,망원동,광남캐스빌A,광남캐스빌A,광남캐스빌아파트(465-34번지) A동,서울 마포구 망원동 465-34,서울 마포구 방울내로5길 41-1,37.56100741791873,126.89990771617455,3,광남캐스빌A 마포구 망원동
마포구,대흥동,성신,성신,성신아파트,서울 마포구 대흥동 18-55,서울 마포구 대흥로21길 14,37.55351006933434,126.94492674446413,3,성신 마포구 대흥동
마포구,신수동,신촌숲아이파크,신촌숲아이파크,신촌숲아이파크아파트,서울 마포구 신수동 462,서울 마포구 광성로 17,37.55095051621004,126.93468026572413,3,신촌숲아이파크 마포구 신수동
마포구,서교동,에덴지우,에덴지우,에덴지우아파트,서울 마포구 서교동 458-6,서울 마포구 동교로17길 45,37.5568502055342,126.914819614462,3,에덴지우 마포구 서교동
마포구,망원동,광남캐스빌B,광남캐스빌B,광남캐스빌아파트(465-34번지) B동,서울 마포구 망원동 465-34,서울 마포구 방울내로5길 41-1,37.56110762105237,126.90013507769534,3,광남캐스빌B 마포구 망원동
마포구,성산동,삼익플라주서교2차,삼익플라주서교2차,서교삼익플라주2차아파트,서울 마포구 성산동 634-5,서울 마포구 월드컵북로9길 31,37.55847260662083,126.91566433832804,3,삼익플라주서교2차 마포구 성산동
마포구,망원동,강림스위트빌,강림스위트빌,강림스위트빌아파트,서울 마포구 망원동 508,서울 마포구 방울내로11길 147,37.56058164736164,126.89826829191654,3,강림스위트빌 마포구 망원동
마포구,신수동,세양청마루,세양청마루,세양청마루아파트,서울 마포구 신수동 451,서울 마포구 독막로 209,37.54778912000475,126.93671540969498,3,세양청마루 마포구 신수동
마포구,망원동,광남캐스빌D,광남캐스빌D,광남캐스빌아파트(465-34번지) D동,서울 마포구 망원동 465-34,서울 마포구 방울내로5길 41-1,37.56088789392599,126.90027232063828,3,광남캐스빌D 마포구 망원동
마포구,합정동,합정한강아파트,합정한강아파트,합정한강아파트,서울 마포구 합정동 474,서울 마포구 포은로 34,37.550826312048265,126.90785542408844,3,합정한강아파트 마포구 합정동
마포구,중동,중동계룡아파트,중동계룡아파트,중동계룡아파트,서울 마포구 중동 391,서울 마포구 월드컵북로38가길 20,37.57036589103301,126.90628736551815,3,중동계룡아파트 마포구 중동
마포구,염리동,우공,우공,우공아파트,서울 마포구 염리동 45-27,서울 마포구 백범로25길 92,37.54965087176645,126.94842410634634,3,우공 마포구 염리동
마포구,망원동,현진에버빌2,현진에버빌2,서울마포 현진에버빌2 전기차충전소,서울 마포구 망원동 503,서울 마포구 동교로3길 125,37.555433755584296,126.8976935796774,3,현진에버빌2 마포구 망원동
마포구,서교동,광남벨라스(1차),광남벨라스,광남벨라스아파트,서울 마포구 서교동 465-1,서울 마포구 동교로 126,37.554739260694795,126.91620724562657,3,광남벨라스 마포구 서교동
마포구,신수동,현대,현대,현대자동차 서강대리점,서울 마포구 신수동 448-9,서울 마포구 토정로 232,37.5439614078177,126.9362162328605,3,현대 마포구 신수동
마포구,망원동,해오름,해오름,해오름,서울 마포구 망원동 479-65,서울 마포구 망원로11길 27-54,37.5585839894747,126.905686434395,3,해오름 마포구 망원동
마포구,성산동,유안,유안,유안빌라,서울 마포구 성산동 214-48,서울 마포구 월드컵로30길 34,37.56206835336958,126.90708777925757,3,유안 마포구 성산동
마포구,중동,동원월드타운,동원월드타운,동원월드타운아파트,서울 마포구 중동 395,서울 마포구 성암로5길 12,37.56993251545588,126.90976073830544,3,동원월드타운 마포구 중동
마포구,서교동,청기와,청기와,청기와아파트,서울 마포구 서교동 478-4,서울 마포구 월드컵로10길 50,37.55532546739493,126.9144727767184,3,청기와 마포구 서교동
마포구,합정동,리버아인,리버아인,리버아인아파트,서울 마포구 합정동 396-8,서울 마포구 희우정로 16,37.54898730603462,126.9089282151819,3,리버아인 마포구 합정동
마포구,염리동,중앙하이츠,중앙하이츠,중앙하이츠아파트,서울 마포구 염리동 161-1,서울 마포구 독막로 289,37.545115612549736,126.9452407094405,3,중앙하이츠 마포구 염리동
마포구,도화동,마포아크로타워,마포아크로타워,마포나루 아크로점,서울 마포구 도화동 563,서울 마포구 마포대로 68,37.54134386254634,126.9488892263,3,마포아크로타워 마포구 도화동
마포구,망원동,두영이지안,두영이지안,두영이지안아파트,서울 마포구 망원동 510,서울 마포구 방울내로 36,37.55838101089741,126.89990557058104,3,두영이지안 마포구 망원동
마포구,공덕동,두영이지안,두영이지안,두영이지안아파트,서울 마포구 공덕동 468,서울 마포구 만리재로14길 27,37.54998035556329,126.9619222104506,3,두영이지안 마포구 공덕동
마포구,신수동,경남아너스빌,경남아너스빌,밤섬경남아너스빌아파트,서울 마포구 신수동 459,서울 마포구 독막로28길 10,37.54673653246651,126.93630439652456,3,경남아너스빌 마포구 신수동
마포구,합정동,그레이스3차,그레이스3차,그레이스3차아파트,서울 마포구 합정동 376-5,서울 마포구 양화진길 37,37.54704920211492,126.91242723643632,3,그레이스3차 마포구 합정동
마포구,창전동,중앙하이츠101동,중앙하이츠,중앙하이츠아파트,서울 마포구 창전동 42-7,서울 마포구 와우산로30길 135,37.549485386315624,126.92828549676396,3,중앙하이츠 마포구 창전동
마포구,신수동,하나테크노빌,하나테크노빌,하나테크노빌아파트,서울 마포구 신수동 22-35,서울 마포구 백범로 76,37.548518851299185,126.94001914843948,3,하나테크노빌 마포구 신수동
마포구,동교동,광남벨라스2동,광남벨라스,광남벨라스아파트,서울 마포구 동교동 200-38,서울 마포구 동교로27길 7,37.55861256049088,126.92268235561296,3,광남벨라스 마포구 동교동
마포구,합정동,두영이지안,두영이지안,두영이지안아파트,서울 마포구 합정동 468,서울 마포구 희우정로1길 48,37.5500359458441,126.90646672918864,3,두영이지안 마포구 합정동
마포구,성산동,골든빌6차,골든빌6차,골든빌6차아파트,서울 마포구 성산동 65-2,서울 마포구 월드컵북로15안길 13,37.56309720120465,126.91166596232895,3,골든빌6차 마포구 성산동
마포구,망원동,한강월드컵,한강월드컵,한강월드컵아파트,서울 마포구 망원동 515,서울 마포구 방울내로9안길 64,37.560791906162386,126.89970314614796,3,한강월드컵 마포구 망원동
마포구,창전동,중앙하이츠102동,중앙하이츠,중앙하이츠아파트,서울 마포구 창전동 42-7,서울 마포구 와우산로30길 135,37.549485386315624,126.92828549676396,3,중앙하이츠 마포구 창전동
마포구,공덕동,공덕스카이아파트,공덕스카이아파트,공덕스카이아파트,서울 마포구 공덕동 4-32,서울 마포구 만리재로 119,37.55066750795661,126.96097466041408,3,공덕스카이아파트 마포구 공덕동
마포구,망원동,예향,예향,예향아파트,서울 마포구 망원동 418-29,서울 마포구 망원로2길 14,37.55574512239576,126.90041271955027,3,예향 마포구 망원동
마포구,상수동,밤섬리오팰리스,밤섬리오팰리스,밤섬리오팰리스아파트,서울 마포구 상수동 353-4,서울 마포구 토정로11길 39,37.54569160000836,126.924462107872,3,밤섬리오팰리스 마포구 상수동
마포구,서교동,기정MAY(247-112),기정MAY,기정메이아파트,서울 마포구 서교동 247-112,서울 마포구 월드컵북로7길 26-10,37.558041365585254,126.91613677349672,3,기정MAY 마포구 서교동
마포구,합정동,장미(466-0),장미,장미아파트,서울 마포구 합정동 466,서울 마포구 어울마당로 11,37.54619967892648,126.91890094476652,3,장미 마포구 합정동
마포구,합정동,현대하이츠,현대하이츠,현대하이츠아파트,서울 마포구 합정동 386-2,서울 마포구 양화로3길 59,37.5514953470404,126.910846745065,3,현대하이츠 마포구 합정동
마포구,현석동,밤섬예가클래식,밤섬예가클래식,밤섬예가클래식아파트,서울 마포구 현석동 118,서울 마포구 신수로2길 26,37.54212314670651,126.93580592128592,3,밤섬예가클래식 마포구 현석동
마포구,망원동,태영,태영,태영아파트,서울 마포구 망원동 422-11,서울 마포구 망원로 61-1,37.55729575555287,126.90369163141516,3,태영 마포구 망원동
마포구,용강동,두영,두영,두영아파트,서울 마포구 용강동 494-8,서울 마포구 대흥로 20,37.54269805046022,126.93761023572188,3,두영 마포구 용강동
마포구,망원동,신부파스카5차,신부파스카5차,신부파스카5차,서울 마포구 망원동 518,서울 마포구 방울내로11길 73,37.5620777775262,126.902027340109,3,신부파스카5차 마포구 망원동
마포구,망원동,탑건진선미,탑건진선미,탑건진선미아파트,서울 마포구 망원동 506,서울 마포구 방울내로5길 49,37.561188301828516,126.89965281469892,3,탑건진선미 마포구 망원동
마포구,망원동,해오름2차,해오름2차,해오름아파트(382-3번지),서울 마포구 망원동 382-3,서울 마포구 월드컵로17길 67,37.55439047188234,126.9076156387176,3,해오름2차 마포구 망원동
마포구,망원동,시티,시티,강변시티빌라,서울 마포구 망원동 236-3,서울 마포구 동교로1길 16,37.55201839160368,126.90232456148838,3,시티 마포구 망원동
마포구,망원동,광남캐스빌,광남캐스빌,광남캐스빌아파트(465-34번지),서울 마포구 망원동 465-34,서울 마포구 방울내로5길 41-1,37.56096867031801,126.89990210892655,3,광남캐스빌 마포구 망원동
마포구,도화동,고려,고려,고려아카데미텔오피스텔,서울 마포구 도화동 36,서울 마포구 마포대로 52,37.54041080534513,126.94769612421854,3,고려 마포구 도화동
마포구,합정동,삼성강변,삼성강변,삼성강변아파트,서울 마포구 합정동 400-6,서울 마포구 희우정로1길 21,37.54895887375692,126.90712781832818,3,삼성강변 마포구 합정동
마포구,망원동,길명1차아파트,길명1차아파트,길명오피스텔,서울 마포구 망원동 456-9,서울 마포구 희우정로 105,37.55419503290444,126.9010394885192,3,길명1차아파트 마포구 망원동
마포구,합정동,한강그린2차,한강그린2차,투루파킹 딜라이트스퀘어2차상가점 주차장,서울 마포구 합정동 473,서울 마포구 월드컵로3길 14,37.5507662092311,126.911739363577,3,한강그린2차 마포구 합정동
마포구,상수동,상수동월드메르디앙,상수동월드메르디앙,한강밤섬월드메르디앙아파트,서울 마포구 상수동 363,서울 마포구 와우산로 4,37.5446880014094,126.923242155765,3,상수동월드메르디앙 마포구 상수동
마포구,노고산동,신촌다올노블리움,신촌다올노블리움,신촌다올노블리움,서울 마포구 노고산동 1-25,서울 마포구 백범로1길 83,37.5560534726753,126.94096377358944,3,신촌다올노블리움 마포구 노고산동
마포구,망원동,삼화아크빌(470-39),삼화아크빌,삼화아파트,서울 마포구 망원동 470-39,서울 마포구 방울내로9안길 7,37.56164855778552,126.90269907554732,3,삼화아크빌 마포구 망원동
마포구,합정동,백운,백운,백운아파트,서울 마포구 합정동 400-20,서울 마포구 희우정로1길 27,37.5491856513498,126.906780123932,3,백운 마포구 합정동
마포구,중동,예원,예원,예원아파트,서울 마포구 중동 58-39,서울 마포구 성암로 133,37.573779823015286,126.90301836932338,3,예원 마포구 중동
마포구,염리동,유풍,유풍,유풍아파트,서울 마포구 염리동 27-126,서울 마포구 마포대로11길 110,37.54911381546033,126.9482841533224,3,유풍 마포구 염리동
마포구,합정동,한국프라우드,한국프라우드,한국프라우드아파트,서울 마포구 합정동 469,서울 마포구 희우정로 15,37.54881940383561,126.908518768318,3,한국프라우드 마포구 합정동
마포구,망원동,청화,청화,청화아파트,서울 마포구 망원동 422-12,서울 마포구 월드컵로25길 75,37.55748751339599,126.9035023800248,3,청화 마포구 망원동
마포구,망원동,세광,세광,세광아파트,서울 마포구 망원동 468-18,서울 마포구 방울내로9안길 38,37.56136333193939,126.90100058069726,3,세광 마포구 망원동
마포구,성산동,골든빌3차,골든빌3차,골든빌3차아파트,서울 마포구 성산동 50-1,서울 마포구 월드컵북로12안길 88,37.5652577516641,126.912826985551,3,골든빌3차 마포구 성산동
마포구,망원동,크라운빌,크라운빌,크라운아파트,서울 마포구 망원동 418-5,서울 마포구 희우정로 120,37.55538644566321,126.9003181313535,3,크라운빌 마포구 망원동
마포구,공덕동,공덕더샵,공덕더샵,공덕더샵아파트,서울 마포구 공덕동 478,서울 마포구 백범로 170,37.54441450895384,126.9489821816374,3,공덕더샵 마포구 공덕동
마포구,망원동,현대그린,현대그린,현대그린아파트,서울 마포구 망원동 464-5,서울 마포구 방울내로3길 51,37.5609172292057,126.89874659374516,3,현대그린 마포구 망원동
마포구,망원동,참존2차(102동),참존2차,참존2차아파트,서울 마포구 망원동 454-1,서울 마포구 망원로 16,37.55586188342376,126.89891866815044,3,참존2차 마포구 망원동
마포구,공덕동,공덕헤리지움,공덕헤리지움,공덕헤리지움아파트,서울 마포구 공덕동 108-57,서울 마포구 만리재로 96,37.5487606487815,126.959940210928,3,공덕헤리지움 마포구 공덕동
마포구,망원동,태경크레앙스(101동),태경크레앙스,태경크레앙스아파트,서울 마포구 망원동 456-65,서울 마포구 희우정로17길 9,37.55431648036024,126.90081637986536,3,태경크레앙스 마포구 망원동
마포구,망원동,길명2차(455-4),길명2차,길명2차아파트,서울 마포구 망원동 455-4,서울 마포구 희우정로 115-1,37.5548431630282,126.900340357758,3,길명2차 마포구 망원동
마포구,성산동,보영퍼팩트,보영퍼팩트,보영퍼팩트아파트,서울 마포구 성산동 240-5,서울 마포구 성미산로 58,37.559181892317376,126.91469019971328,3,보영퍼팩트 마포구 성산동
마포구,서교동,광남벨라스2차,광남벨라스2차,광남벨라스2차아파트,서울 마포구 서교동 458-22,서울 마포구 월드컵북로5길 68,37.55609900101928,126.91513509412496,3,광남벨라스2차 마포구 서교동
마포구,합정동,대운,대운,대운아파트,서울 마포구 합정동 390-5,서울 마포구 포은로2나길 35,37.55089251019477,126.90957094573422,3,대운 마포구 합정동
마포구,서교동,엘림,엘림,엘림아파트,서울 마포구 서교동 453-14,서울 마포구 월드컵북로7길 40,37.557785260353455,126.91582469237991,3,엘림 마포구 서교동
마포구,용강동,대호강변,대호강변,대호강변아파트,서울 마포구 용강동 118-3,서울 마포구 대흥로4길 54,37.54104397170028,126.93964494769236,3,대호강변 마포구 용강동
마포구,성산동,그레이스,그레이스,그레이스아파트,서울 마포구 성산동 254-28,서울 마포구 월드컵로26길 21,37.559257724697446,126.90886025848008,3,그레이스 마포구 성산동
마포구,연남동,서암,서암,서암아파트,서울 마포구 연남동 250-8,서울 마포구 성미산로27길 6,37.5642074409971,126.92221364057076,3,서암 마포구 연남동
마포구,서교동,기정MAY(247-28),기정MAY,기정메이아파트,서울 마포구 서교동 247-112,서울 마포구 월드컵북로7길 26-10,37.558041365585254,126.91613677349672,3,기정MAY 마포구 서교동
마포구,연남동,노블레스빌(246-1),노블레스빌,노블레스빌아파트,서울 마포구 연남동 249-1,서울 마포구 성미산로27길 15,37.56433867216133,126.92173811964147,3,노블레스빌 마포구 연남동
마포구,합정동,펠리스아트빌,펠리스아트빌,펠리스아트빌아파트,서울 마포구 합정동 200-1,서울 마포구 토정로 34,37.54540285901138,126.91458935120215,3,펠리스아트빌 마포구 합정동
마포구,서교동,신세계드림빌,신세계드림빌,신세계드림빌,서울 마포구 서교동 385-4,서울 마포구 양화로7길 44-14,37.55266777370499,126.91481758465606,3,신세계드림빌 마포구 서교동
마포구,연남동,리츠,리츠,리츠아파트,서울 마포구 연남동 564-35,서울 마포구 연남로1길 84,37.55890556141414,126.91891660212676,3,리츠 마포구 연남동
마포구,연남동,엘르빌2,엘르빌2,김밥세상 연남동2호점,서울 마포구 연남동 562-27,서울 마포구 동교로27길 77,37.5610165778355,126.920211377353,3,엘르빌2 마포구 연남동
마포구,합정동,두영이지안102동,두영이지안,두영이지안아파트,서울 마포구 합정동 468,서울 마포구 희우정로1길 48,37.5500359458441,126.90646672918864,3,두영이지안 마포구 합정동
마포구,망원동,그린월드,그린월드,그린월드아파트,서울 마포구 망원동 464-11,서울 마포구 방울내로1길 46,37.5599432379132,126.897685150542,3,그린월드 마포구 망원동
마포구,성산동,한림201동,한림,한림아파트,서울 마포구 성산동 199-53,서울 마포구 새터산5길 17,37.5651493102329,126.90651801289472,3,한림 마포구 성산동
마포구,망원동,태경크레앙스(102동),태경크레앙스,태경크레앙스아파트,서울 마포구 망원동 456-65,서울 마포구 희우정로17길 9,37.55431648036024,126.90081637986536,3,태경크레앙스 마포구 망원동
마포구,망원동,삼우하이뷰,삼우하이뷰,삼우하이뷰아파트,서울 마포구 망원동 381-9,서울 마포구 월드컵로11길 50,37.55429361091254,126.90818840646337,3,삼우하이뷰 마포구 망원동
마포구,망원동,참존1차(419-3),참존1차,참존1차아파트,서울 마포구 망원동 419-3,서울 마포구 망원로 19,37.5563449954541,126.89912625698,3,참존1차 마포구 망원동
마포구,망원동,몬드리안,몬드리안,몬드리안아파트,서울 마포구 망원동 470-1,서울 마포구 방울내로7길 32,37.56133443850175,126.90200680886308,3,몬드리안 마포구 망원동
마포구,망원동,마포한강제이스카이,마포한강제이스카이,마포한강제이스카이,서울 마포구 망원동 522,서울 마포구 방울내로 37,37.55871491494817,126.89947504655191,3,마포한강제이스카이 마포구 망원동
마포구,대흥동,마포그랑자이,마포그랑자이,마포그랑자이아파트,서울 마포구 대흥동 806,서울 마포구 대흥로 175,37.55539284265104,126.9442621635983,3,마포그랑자이 마포구 대흥동
마포구,창전동,대원파크빌,대원파크빌,대원파크빌아파트,서울 마포구 창전동 6-31,서울 마포구 와우산로30길 44,37.55311531693167,126.92946464316836,3,대원파크빌 마포구 창전동
마포구,상수동,신구강변연가,신구강변연가,신구강변연가아파트,서울 마포구 상수동 394,서울 마포구 토정로 136-11,37.54487112831654,126.92642508407792,3,신구강변연가 마포구 상수동
마포구,망원동,솔루체,솔루체,솔루체2차아파트,서울 마포구 망원동 525,서울 마포구 월드컵로31길 116,37.5595505848412,126.898941980116,3,솔루체 마포구 망원동
마포구,대흥동,마포그랑자이(2단지),마포그랑자이,마포그랑자이아파트,서울 마포구 대흥동 806,서울 마포구 대흥로 175,37.55539284265104,126.9442621635983,3,마포그랑자이 마포구 대흥동
마포구,서교동,센트레,센트레,센트레아파트,서울 마포구 서교동 453-15,서울 마포구 월드컵북로7길 42,37.557787849466074,126.91566511008509,3,센트레 마포구 서교동
마포구,성산동,현대하이츠아파트,현대하이츠아파트,현대하이츠아파트,서울 마포구 성산동 254-8,서울 마포구 월드컵로26길 13,37.5591916323888,126.908447235689,3,현대하이츠아파트 마포구 성산동
마포구,성산동,성일빌딩,성일빌딩,성일빌딩,서울 마포구 성산동 114-13,서울 마포구 월드컵북로 90,37.5617519856002,126.91531656603,3,성일빌딩 마포구 성산동
마포구,망원동,뉴성신아파트,뉴성신아파트,뉴성신아파트,서울 마포구 망원동 433-4,서울 마포구 포은로 143,37.559355590255,126.902782414612,3,뉴성신아파트 마포구 망원동
마포구,상수동,밤섬리버베르빌,밤섬리버베르빌,밤섬리버베르빌아파트,서울 마포구 상수동 395,서울 마포구 와우산로 1,37.54458751537814,126.92251465983854,3,밤섬리버베르빌 마포구 상수동
마포구,서교동,광남푸른마을,광남푸른마을,광남푸른마을아파트,서울 마포구 서교동 381-4,서울 마포구 양화로7안길 35,37.55322922453812,126.91499688588836,3,광남푸른마을 마포구 서교동
마포구,구수동,영풍,영풍,영풍아파트,서울 마포구 구수동 41-4,서울 마포구 토정로 198,37.54501195040336,126.93292358432,3,영풍 마포구 구수동
마포구,합정동,정원쉐르빌,정원쉐르빌,정원쉐르빌오피스텔,서울 마포구 합정동 371-3,서울 마포구 성지3길 11,37.546996105146576,126.91373543447509,3,정원쉐르빌 마포구 합정동
마포구,연남동,휴먼,휴먼,휴먼아파트,서울 마포구 연남동 478-12,서울 마포구 연남로9길 20,37.56474557444219,126.9185593919058,3,휴먼 마포구 연남동
마포구,중동,수풍,수풍,수풍아파트,서울 마포구 중동 30-28,서울 마포구 월드컵북로38가길 22-5,37.57099646100203,126.9061280998672,3,수풍 마포구 중동
마포구,성산동,성산힐아파트,성산힐아파트,성산힐하우스아파트,서울 마포구 성산동 81-106,서울 마포구 성산로6길 37-10,37.56302646042832,126.91104918875912,3,성산힐아파트 마포구 성산동
마포구,망원동,솔루체2차아파트,솔루체2차아파트,솔루체2차아파트,서울 마포구 망원동 525,서울 마포구 월드컵로31길 116,37.5595505848412,126.898941980116,3,솔루체2차아파트 마포구 망원동
마포구,망원동,마포월드컵제이스카이,마포월드컵제이스카이,마포월드컵제이스카이아파트,서울 마포구 망원동 523,서울 마포구 방울내로11길 38,37.56254484368436,126.90354679030293,3,마포월드컵제이스카이 마포구 망원동
마포구,염리동,마포프레스티지자이,마포프레스티지자이,마포프레스티지자이아파트,서울 마포구 염리동 532,서울 마포구 대흥로24길 24,37.55279145748242,126.94775537481384,3,마포프레스티지자이 마포구 염리동
마포구,상암동,예인하우스,예인하우스,예인하우스아파트,서울 마포구 상암동 34-51,서울 마포구 월드컵북로43길 38,37.57459682635341,126.89438676749432,3,예인하우스 마포구 상암동
마포구,공덕동,공덕SK리더스뷰,공덕SK리더스뷰,공덕SK리더스뷰아파트,서울 마포구 공덕동 479,서울 마포구 백범로31길 7,37.545371443488534,126.94915239826015,3,공덕SK리더스뷰 마포구 공덕동
마포구,동교동,광남벨라스1동,광남벨라스,광남벨라스아파트,서울 마포구 동교동 200-38,서울 마포구 동교로27길 7,37.55861256049088,126.92268235561296,3,광남벨라스 마포구 동교동
마포구,염리동,마포자이더센트리지(102동~112동),마포자이더센트리지,마포자이더센트리지아파트,서울 마포구 염리동 533,서울 마포구 숭문길 98,37.55066465714845,126.9487968559645,3,마포자이더센트리지 마포구 염리동
마포구,성산동,삼우캐슬,삼우캐슬,삼우캐슬아파트,서울 마포구 성산동 646-2,서울 마포구 성미산로 18,37.5581910048883,126.910114432362,3,삼우캐슬 마포구 성산동
마포구,연남동,노블레스(249-12),노블레스,노블레스아파트(249-12번지),서울 마포구 연남동 249-12,서울 마포구 성미산로23길 4,37.5637710780133,126.921788515212,3,노블레스 마포구 연남동
마포구,공덕동,현대빌라,현대빌라,현대빌라,서울 마포구 성산동 239-16,서울 마포구 성미산로 68-6,37.55942584111529,126.91563610089726,2,현대빌라 마포구
마포구,연남동,엘르빌,엘르빌,엘르빌아파트,서울 마포구 연남동 250-2,서울 마포구 성미산로29길 9,37.56438600264139,126.9224635978532,3,엘르빌 마포구 연남동
마포구,아현동,더클래시,더클래시,마포더클래시아파트,서울 마포구 아현동 804,서울 마포구 신촌로28길 50,37.555724469099374,126.95045818026756,3,더클래시 마포구 아현동
마포구,신수동,신수동르끌레브아파트,신수동르끌레브아파트,신수동르끌레브아파트,서울 마포구 신수동 400-1,,37.5448748747926,126.935946140093,3,신수동르끌레브아파트 마포구 신수동
마포구,아현동,마포푸르지오더센트럴,마포푸르지오더센트럴,마포푸르지오더센트럴,서울 마포구 아현동 275-2,서울 마포구 마포대로 231,37.55428969242922,126.9563214188837,3,마포푸르지오더센트럴 마포구 아현동
마포구,합정동,그레이스,그레이스,그레이스아파트,서울 마포구 합정동 375-2,서울 마포구 양화진길 11,37.54803434925125,126.91290815455072,3,그레이스 마포구 합정동
마포구,연남동,노블레스빌3,노블레스빌3,노블레스빌아파트,서울 마포구 연남동 249-1,서울 마포구 성미산로27길 15,37.56433867216133,126.92173811964147,3,노블레스빌3 마포구 연남동
마포구,성산동,상인파크빌,상인파크빌,상인파크빌아파트,서울 마포구 성산동 271-23,서울 마포구 성미산로1길 92,37.5616043978571,126.906022175015,3,상인파크빌 마포구 성산동
마포구,성산동,만민하늘애,만민하늘애,만민하늘애,서울 마포구 연남동 478-18,서울 마포구 성미산로19길 60,37.564373989910294,126.91801876336424,2,만민하늘애 마포구 성산동
양천구,목동,목동신시가지7,목동신시가지7,목동신시가지7단지아파트,서울 양천구 목동 925,서울 양천구 목동로 212,37.52773338214835,126.86690650618742,3,목동신시가지7 양천구 목동
양천구,목동,극동늘푸른,극동늘푸른,극동늘푸른아파트,서울 양천구 목동 752-1,서울 양천구 목동중앙본로 10,37.53853508939676,126.87143697935542,3,극동늘푸른 양천구 목동
양천구,신월동,대성유니드,대성유니드,신월대성유니드아파트,서울 양천구 신월동 1033,서울 양천구 신월로15길 25,37.5202867640439,126.840821787583,3,대성유니드 양천구 신월동
양천구,신월동,롯데캐슬,롯데캐슬,신정뉴타운롯데캐슬아파트,서울 양천구 신월동 1063,서울 양천구 중앙로29길 61,37.518753151722066,126.84757139143105,3,롯데캐슬 양천구 신월동
양천구,신정동,심미에셈빌,심미에셈빌,심미에셈빌아파트,서울 양천구 신정동 883,서울 양천구 목동로23길 34,37.527951228163246,126.8597301740657,3,심미에셈빌 양천구 신정동
양천구,목동,목동센트럴푸르지오,목동센트럴푸르지오,목동센트럴푸르지오아파트,서울 양천구 목동 404-13,서울 양천구 오목로 354,37.52355178340668,126.87682595504974,3,목동센트럴푸르지오 양천구 목동
양천구,목동,목동신시가지6,목동신시가지6,목동신시가지6단지아파트,서울 양천구 목동 911,서울 양천구 목동동로 430,37.53466020821636,126.88484415480872,3,목동신시가지6 양천구 목동
양천구,신정동,대성유니드1차,대성유니드1차,신정대성유니드1차아파트,서울 양천구 신정동 1198-23,서울 양천구 중앙로29길 102,37.52044900128154,126.84910185394656,3,대성유니드1차 양천구 신정동
양천구,신정동,목동신시가지8,목동신시가지8,목동신시가지8단지아파트,서울 양천구 신정동 314,서울 양천구 목동서로 280,37.52184166143816,126.86764548137124,3,목동신시가지8 양천구 신정동
양천구,신정동,이펜하우스2단지,이펜하우스2단지,신정이펜하우스2단지아파트,서울 양천구 신정동 1322,서울 양천구 신정이펜2로 55,37.515784834722,126.83009915883294,3,이펜하우스2단지 양천구 신정동
양천구,신월동,신월성원,신월성원,성원아파트,서울 양천구 신월동 222-7,서울 양천구 곰달래로2길 16,37.5282169391031,126.833958183957,3,신월성원 양천구 신월동
양천구,목동,목동신시가지4,목동신시가지4,목동신시가지4단지아파트,서울 양천구 목동 904,서울 양천구 목동서로 130,37.5318601573647,126.871140703227,3,목동신시가지4 양천구 목동
양천구,신월동,동원데자뷰,동원데자뷰,장수마을2단지동원데쟈뷰아파트,서울 양천구 신월동 1049,서울 양천구 오목로 76-2,37.522308084865934,126.84585826201118,3,동원데자뷰 양천구 신월동
양천구,목동,목동신시가지5,목동신시가지5,목동신시가지5단지아파트,서울 양천구 목동 912,서울 양천구 목동동로 350,37.53394405537617,126.8822475432879,3,목동신시가지5 양천구 목동
양천구,신월동,성우,성우,현대성우아파트,서울 양천구 신월동 429-1,서울 양천구 오목로7길 25,37.52404608026964,126.84107172759184,3,성우 양천구 신월동
양천구,신정동,태영데시앙,태영데시앙,데시앙어린이집,서울 양천구 신정동 1283,서울 양천구 신정로11길 63,37.511372235928,126.836854842158,3,태영데시앙 양천구 신정동
양천구,신정동,목동신시가지9,목동신시가지9,목동신시가지9단지아파트,서울 양천구 신정동 312,서울 양천구 목동서로 340,37.51891351748163,126.86378314634696,3,목동신시가지9 양천구 신정동
양천구,신월동,신월시영,신월시영,신월시영아파트,서울 양천구 신월동 987-1,서울 양천구 신월로 99,37.51709330487288,126.83277476226289,3,신월시영 양천구 신월동
양천구,신정동,푸른마을4,푸른마을4,푸른마을4단지아파트,서울 양천구 신정동 1285,서울 양천구 신정로7길 60-7,37.513288971654795,126.83904499533791,3,푸른마을4 양천구 신정동
양천구,신정동,목동신시가지14,목동신시가지14,목동신시가지14단지아파트,서울 양천구 신정동 329,서울 양천구 목동동로 130,37.5152221722599,126.87272574413,3,목동신시가지14 양천구 신정동
양천구,신월동,양천벽산블루밍2단지,양천벽산블루밍2단지,양천벽산블루밍2단지아파트,서울 양천구 신월동 1027,서울 양천구 월정로9길 20,37.525062845880875,126.83873462262902,3,양천벽산블루밍2단지 양천구 신월동
양천구,신월동,신안파크,신안파크,신안파크아파트,서울 양천구 신월동 350-2,서울 양천구 지양로15길 20,37.523377731957986,126.82957966799408,3,신안파크 양천구 신월동
양천구,목동,목동신시가지1,목동신시가지1,목동신시가지1단지아파트,서울 양천구 목동 901,서울 양천구 목동서로 38,37.53875058211887,126.88104061588136,3,목동신시가지1 양천구 목동
양천구,신월동,삼동5,삼동5,삼동5차아파트,서울 양천구 신월동 559-5,서울 양천구 신월로10길 30,37.514740665059065,126.8411729029926,3,삼동5 양천구 신월동
양천구,신정동,목동무지개,목동무지개,목동무지개아파트,서울 양천구 신정동 881-8,서울 양천구 은행정로20길 5-9,37.52866436734842,126.85934871249415,3,목동무지개 양천구 신정동
양천구,신정동,동일하이빌1단지,동일하이빌1단지,동일하이빌1단지아파트,서울 양천구 신정동 1310,서울 양천구 신정로11길 20,37.51186548926256,126.83912044090594,3,동일하이빌1단지 양천구 신정동
양천구,신정동,목동현대3차,목동현대3차,목동현대아파트,서울 양천구 신정동 1279,서울 양천구 목동동로12길 60,37.5203878918188,126.87723725811657,3,목동현대3차 양천구 신정동
양천구,신정동,신트리3,신트리3,신트리3단지아파트,서울 양천구 신정동 1276,서울 양천구 신정로 290,37.51190153711163,126.8529511448683,3,신트리3 양천구 신정동
양천구,신월동,신월동금용,신월동금용,금용아파트,서울 양천구 신월동 533-1,서울 양천구 신월로17길 22,37.52071763673027,126.84230954158508,3,신월동금용 양천구 신월동
양천구,신정동,진명,진명,진명유료주차장,서울 양천구 신정동 1006-3,서울 양천구 목동로 171,37.5236610689921,126.864715717204,3,진명 양천구 신정동
양천구,목동,벽산,벽산,벽산아파트,서울 양천구 목동 926-7,서울 양천구 목동서로 236,37.52652346932366,126.86863388172104,3,벽산 양천구 목동
양천구,신정동,신정현대5,신정현대5,서울 양천구 신정5차현대아파트 전기차충전소,서울 양천구 신정동 1273,서울 양천구 신정로 300,37.5130271996088,126.854656885003,3,신정현대5 양천구 신정동
양천구,신정동,목동삼성,목동삼성,목동삼성아파트,서울 양천구 신정동 1278,서울 양천구 신목로 7,37.515766646451446,126.87637159349308,3,목동삼성 양천구 신정동
양천구,신정동,대림e-편한세상,대림e-편한세상,꼬마숲어린이집 신정3동점,서울 양천구 신정동 1303,서울 양천구 신정로13길 38,37.5124941029081,126.842924056747,3,대림e-편한세상 양천구 신정동
양천구,신월동,양천벽산블루밍1단지,양천벽산블루밍1단지,양천벽산블루밍1단지아파트,서울 양천구 신월동 1026,서울 양천구 월정로9길 17,37.52436103473913,126.83944656625512,3,양천벽산블루밍1단지 양천구 신월동
양천구,신정동,남광,남광,남광아파트,서울 양천구 신정동 919-1,서울 양천구 신정중앙로 26,37.5274224758402,126.854626697266,3,남광 양천구 신정동
양천구,목동,현대파크빌(907-23),현대파크빌,현대파크빌,서울 양천구 목동 318-11,서울 양천구 목동중앙남로16다길 6-5,37.54364790639803,126.86545811895162,3,현대파크빌 양천구 목동
양천구,신정동,신트리1,신트리1,신트리1단지아파트,서울 양천구 신정동 1259,서울 양천구 신정로 293,37.513820615210385,126.85435786609956,3,신트리1 양천구 신정동
양천구,신정동,푸른마을2,푸른마을2,푸른마을2단지아파트,서울 양천구 신정동 1281,서울 양천구 신정로7길 76,37.513442553806314,126.8354206280935,3,푸른마을2 양천구 신정동
양천구,신정동,목동신시가지13,목동신시가지13,목동신시가지13단지아파트,서울 양천구 신정동 327,서울 양천구 목동동로 100,37.5151104149728,126.866174467076,3,목동신시가지13 양천구 신정동
양천구,목동,신한이모르젠,신한이모르젠,신한이모르젠상가,서울 양천구 목동 960,서울 양천구 목동중앙북로 7,37.5490293571923,126.864484293178,3,신한이모르젠 양천구 목동
양천구,목동,목동길성그랑프리텔,목동길성그랑프리텔,목동길성그랑프리텔아파트,서울 양천구 목동 739-5,서울 양천구 목동중앙본로7길 37-20,37.53883232018627,126.8664760534644,3,목동길성그랑프리텔 양천구 목동
양천구,신월동,신성미소지움3차아파트,신성미소지움3차아파트,신성미소지움3차아파트,서울 양천구 신월동 1045,서울 양천구 오목로 39-22,37.52291897112696,126.84177548782942,3,신성미소지움3차아파트 양천구 신월동
양천구,목동,금강에스쁘아,금강에스쁘아,목동금강에스쁘아아파트,서울 양천구 목동 753-1,서울 양천구 목동중앙본로 15,37.53817802787296,126.87119319447804,3,금강에스쁘아 양천구 목동
양천구,목동,목동미소래,목동미소래,목동미소래아파트,서울 양천구 목동 958,서울 양천구 목동중앙남로 46,37.53787064696163,126.8670027689755,3,목동미소래 양천구 목동
양천구,신정동,삼성쉐르빌,삼성쉐르빌,삼성쉐르빌,서울 양천구 신정동 983-10,서울 양천구 목동로9길 38-1,37.522630525565475,126.86024692993,3,삼성쉐르빌 양천구 신정동
양천구,신월동,롯데캐슬(1057-1),롯데캐슬,신정뉴타운롯데캐슬아파트,서울 양천구 신월동 1063,서울 양천구 중앙로29길 61,37.518753151722066,126.84757139143105,3,롯데캐슬 양천구 신월동
양천구,목동,트라팰리스이스턴에비뉴,트라팰리스이스턴에비뉴,목동트라팰리스이스턴에비뉴아파트,서울 양천구 목동 962-1,서울 양천구 오목로 299,37.525856034105665,126.87127660408436,3,트라팰리스이스턴에비뉴 양천구 목동
양천구,신정동,동원로데오,동원로데오,동원로데오아파트,서울 양천구 신정동 1308,서울 양천구 목동로29길 7,37.52874407081607,126.86276517689504,3,동원로데오 양천구 신정동
양천구,신정동,푸른마을3,푸른마을3,푸른마을3단지아파트,서울 양천구 신정동 1283,서울 양천구 신정로11길 63,37.51142632096509,126.83687282151546,3,푸른마을3 양천구 신정동
양천구,신정동,지오프레저102동,지오프레저,지오프레저아파트,서울 양천구 신정동 958-16,서울 양천구 은행정로11나길 10,37.52328217562014,126.8581687455588,3,지오프레저 양천구 신정동
양천구,신정동,목동힐스테이트,목동힐스테이트,목동힐스테이트아파트,서울 양천구 신정동 1323,서울 양천구 중앙로36길 15,37.52030174257242,126.85600248007994,3,목동힐스테이트 양천구 신정동
양천구,신정동,청구,청구,신정청구아파트,서울 양천구 신정동 336,서울 양천구 신목로2길 11,37.51904910680163,126.87561507272964,3,청구 양천구 신정동
양천구,신정동,목동신시가지10,목동신시가지10,목동신시가지10단지아파트,서울 양천구 신정동 311,서울 양천구 목동서로 400,37.5176211734141,126.858916977626,3,목동신시가지10 양천구 신정동
양천구,목동,목동신시가지2,목동신시가지2,목동신시가지2단지아파트 상가동,서울 양천구 목동 902,서울 양천구 목동서로 70,37.536902290748,126.878056517144,3,목동신시가지2 양천구 목동
양천구,목동,하이페리온2,하이페리온2,하이페리온2상가,서울 양천구 목동 961,서울 양천구 오목로 300,37.5248634430553,126.869917390941,3,하이페리온2 양천구 목동
양천구,신월동,동서,동서,동서건업,서울 양천구 신월동 145-10,서울 양천구 곰달래로1길 61,37.5345472169003,126.830052077751,3,동서 양천구 신월동
양천구,신정동,경남아너스빌,경남아너스빌,신정경남아너스빌1차아파트,서울 양천구 신정동 1307,서울 양천구 목동동로10길 16-6,37.5181328809015,126.87149461340282,3,경남아너스빌 양천구 신정동
양천구,목동,벽산미라지타워,벽산미라지타워,벽산미라지타워아파트,서울 양천구 목동 907-14,서울 양천구 목동동로 385,37.53586582700714,126.87950644416028,3,벽산미라지타워 양천구 목동
양천구,신정동,목동신시가지12,목동신시가지12,목동신시가지12단지아파트,서울 양천구 신정동 326,서울 양천구 목동동로 50,37.513117496388006,126.86157108265176,3,목동신시가지12 양천구 신정동
양천구,신정동,뉴목동,뉴목동,뉴목동오피스텔,서울 양천구 신정동 1052-29,서울 양천구 중앙로 218,37.516087409140006,126.8549846359346,3,뉴목동 양천구 신정동
양천구,신월동,신월대림,신월대림,신월대림아파트,서울 양천구 신월동 491-1,서울 양천구 오목로13길 7,37.52371235821064,126.8448734453618,3,신월대림 양천구 신월동
양천구,신정동,목동신시가지11,목동신시가지11,목동신시가지11단지아파트,서울 양천구 신정동 325,서울 양천구 목동동로 10,37.5122288029016,126.858275626321,3,목동신시가지11 양천구 신정동
양천구,신월동,우영아파트,우영아파트,우영아파트,서울 양천구 신월동 136-8,서울 양천구 남부순환로59길 3,37.53206986421189,126.83158732348642,3,우영아파트 양천구 신월동
양천구,신정동,수정,수정,수정아파트,서울 양천구 신정동 733-31,서울 양천구 신정로13길 35,37.51232717854816,126.84206930928052,3,수정 양천구 신정동
양천구,신월동,태헌(신월프라자),태헌,크린토피아 신월태헌점,서울 양천구 신월동 133-14,서울 양천구 곰달래로5길 21-1,37.53145804725169,126.8334667729573,3,태헌 양천구 신월동
양천구,신월동,예지보금자리74차,예지보금자리74차,예지보금자리74차아파트,서울 양천구 신월동 480-4,서울 양천구 오목로15길 20-1,37.52482469091161,126.84594132338376,3,예지보금자리74차 양천구 신월동
양천구,목동,현대하이페리온,현대하이페리온,현대하이페리온아파트,서울 양천구 목동 916,서울 양천구 목동동로 257,37.52685869984014,126.87448664426137,3,현대하이페리온 양천구 목동
양천구,목동,힐타운,힐타운,힐타운,서울 양천구 목동 235-7,서울 양천구 목동중앙본로18가길 32,37.54040891195147,126.86955998895358,3,힐타운 양천구 목동
양천구,신정동,신트리4,신트리4,신트리4단지아파트,서울 양천구 신정동 1277,서울 양천구 신정로 260,37.51126088755658,126.85076718393556,3,신트리4 양천구 신정동
양천구,목동,목동청구한신아파트,목동청구한신아파트,목동청구한신아파트 테니스장,서울 양천구 목동 929,서울 양천구 목동서로2길 22,37.54252569079,126.882763607459,3,목동청구한신아파트 양천구 목동
양천구,신월동,길훈엔트런스빌,길훈엔트런스빌,신월길훈엔트런스빌아파트,서울 양천구 신월동 1043,서울 양천구 곰달래로11길 21,37.5315744963785,126.8355527631752,3,길훈엔트런스빌 양천구 신월동
양천구,신정동,자성,자성,자성아파트,서울 양천구 신정동 1210-1,서울 양천구 중앙로39길 24-14,37.52002096748197,126.84976333514896,3,자성 양천구 신정동
양천구,목동,두란,두란,두란아파트,서울 양천구 목동 714-1,서울 양천구 목동중앙남로3가길 116,37.5408989599942,126.864670999675,3,두란 양천구 목동
양천구,신월동,서울가든,서울가든,서울가든아파트,서울 양천구 신월동 475,서울 양천구 중앙로53길 5,37.52529941509963,126.8486486242079,3,서울가든 양천구 신월동
양천구,신정동,동일하이빌2단지,동일하이빌2단지,동일하이빌2단지아파트,서울 양천구 신정동 1311,서울 양천구 신정로11길 20,37.51078213975406,126.84019500884229,3,동일하이빌2단지 양천구 신정동
양천구,목동,두레,두레,두레아파트,서울 양천구 목동 521-2,서울 양천구 목동중앙북로 126,37.54624282128552,126.8770636065515,3,두레 양천구 목동
양천구,목동,월드메르디앙3,월드메르디앙3,목동3차월드메르디앙아파트,서울 양천구 목동 947,서울 양천구 목동동로 270,37.52532419823129,126.8761024171252,3,월드메르디앙3 양천구 목동
양천구,신월동,방주기픈샘,방주기픈샘,방주기픈샘아파트,서울 양천구 신월동 1030,서울 양천구 월정로8길 8,37.5250611947596,126.84285698597546,3,방주기픈샘 양천구 신월동
양천구,신월동,나산,나산,나산아파트,서울 양천구 신월동 217-2,서울 양천구 남부순환로65길 6,37.52756878602868,126.83436236734389,3,나산 양천구 신월동
양천구,신월동,탑건진선미,탑건진선미,탑건신월진선미아파트,서울 양천구 신월동 1025,서울 양천구 화곡로4길 11,37.53840048737136,126.82797499737184,3,탑건진선미 양천구 신월동
양천구,목동,에이스,에이스,에이스아파트,서울 양천구 목동 769-19,서울 양천구 목동중앙남로 21-15,37.53541313643856,126.86737371672054,3,에이스 양천구 목동
양천구,신월동,금하뜨라네,금하뜨라네,금하뜨라네아파트,서울 양천구 신월동 142-14,서울 양천구 가로공원로56길 10,37.534118231784255,126.8238291655869,3,금하뜨라네 양천구 신월동
양천구,신정동,세양청마루2차주상복합,세양청마루2차주상복합,세양청마루2차아파트,서울 양천구 신정동 201-1,서울 양천구 목동남로4길 2,37.508257330119854,126.8645489853341,3,세양청마루2차주상복합 양천구 신정동
양천구,신월동,코아루2단지,코아루2단지,신월코아루2단지아파트,서울 양천구 신월동 1058,서울 양천구 남부순환로56길 15,37.531586249696055,126.82861064069716,3,코아루2단지 양천구 신월동
양천구,신정동,대림,대림,대림아크로빌아파트,서울 양천구 신정동 324-7,서울 양천구 목동서로 401,37.5154235507383,126.859608840621,3,대림 양천구 신정동
양천구,신정동,삼백훼미리,삼백훼미리,삼백훼미리타운아파트,서울 강서구 화곡동 915-16,서울 강서구 곰달래로20길 31-11,37.5288644105617,126.84360360543,1,삼백훼미리 양천구 신정동
양천구,목동,대원칸타빌,대원칸타빌,대원칸타빌1차아파트,서울 양천구 목동 808-5,서울 양천구 목동로 224,37.528580614981834,126.86478376322638,3,대원칸타빌 양천구 목동
양천구,신월동,동방,동방,동방숯가마사우나,서울 양천구 신월동 607-1,서울 양천구 신월로 220,37.52141960867665,126.84648225990752,3,동방 양천구 신월동
양천구,신월동,예건미예뜰1동,예건미예뜰,예건미예뜰아파트,서울 양천구 신월동 494-4,서울 양천구 오목로19길 5,37.52394495024709,126.84704836999558,3,예건미예뜰 양천구 신월동
양천구,신정동,영림,영림,장안우드 영림몰딩도어,서울 양천구 신정동 892-1,서울 양천구 국회대로 226,37.528932789275046,126.86004284633093,3,영림 양천구 신정동
양천구,신정동,학마을1단지,학마을1단지,학마을1단지아파트,서울 양천구 신정동 1293,서울 양천구 신정로14길 6,37.508052197828064,126.84431772886543,3,학마을1단지 양천구 신정동
양천구,신월동,길훈,길훈,길훈아파트,서울 양천구 신월동 341-1,서울 양천구 지양로 101,37.52364633964433,126.8309094090647,3,길훈 양천구 신월동
양천구,신월동,대외,대외,대외아파트,서울 양천구 신월동 470-1,서울 양천구 중앙로55길 13,37.5264048010736,126.847836384728,3,대외 양천구 신월동
양천구,신월동,신안약수,신안약수,신안약수아파트,서울 양천구 신월동 591-1,서울 양천구 중앙로29길 55,37.51652210574863,126.84744471669852,3,신안약수 양천구 신월동
양천구,목동,목동신시가지3,목동신시가지3,목동신시가지3단지아파트,서울 양천구 목동 903,서울 양천구 목동서로 100,37.533948987744026,126.87309218221968,3,목동신시가지3 양천구 목동
양천구,신월동,보금자리,보금자리,보금자리아파트,서울 양천구 신월동 1001-5,서울 양천구 남부순환로 586,37.5165147683659,126.839196427557,3,보금자리 양천구 신월동
양천구,신정동,이펜하우스4단지,이펜하우스4단지,신정이펜하우스4단지아파트,서울 양천구 신정동 1317,서울 양천구 신정이펜1로 51,37.51075323973607,126.82982553798782,3,이펜하우스4단지 양천구 신정동
양천구,신월동,해주,해주,해주아파트,서울 양천구 신월동 217-8,서울 양천구 곰달래로2길 32,37.5271006664646,126.834648491006,3,해주 양천구 신월동
양천구,목동,목동금호베스트빌,목동금호베스트빌,목동금호베스트빌아파트,서울 양천구 목동 549,서울 양천구 목동중앙북로8길 111,37.54499728604307,126.8683751569276,3,목동금호베스트빌 양천구 목동
양천구,신정동,아이파크,아이파크,신정아이파크아파트,서울 양천구 신정동 1296,서울 양천구 목동동로 180,37.52155740587851,126.8721538981559,3,아이파크 양천구 신정동
양천구,신월동,두원B동,두원B동,두원아파트 B동,서울 양천구 신월동 485-2,서울 양천구 오목로11길 17-10,37.52431813286471,126.84373527266386,3,두원B동 양천구 신월동
양천구,신월동,삼종레이빌101동,삼종레이빌,삼종레이빌아파트,서울 양천구 신월동 519-12,서울 양천구 오목로4길 5,37.52112614156091,126.84055756281094,3,삼종레이빌 양천구 신월동
양천구,목동,대원칸타빌2,대원칸타빌2,대원칸타빌2단지아파트,서울 양천구 목동 941,서울 양천구 목동중앙로 11,37.53218334658922,126.86683637310608,3,대원칸타빌2 양천구 목동
양천구,목동,동구햇살아파트,동구햇살아파트,동구햇살아파트,서울 양천구 목동 724-2,서울 양천구 목동중앙남로 51-18,37.53863249044219,126.86505979858748,3,동구햇살아파트 양천구 목동
양천구,신정동,이지라이프,이지라이프,이지라이프아파트,서울 양천구 신정동 929-25,서울 양천구 오목로 137,37.52465935807832,126.85265007856904,3,이지라이프 양천구 신정동
양천구,신정동,동문굿모닝탑,동문굿모닝탑,동문굿모닝탑아파트,서울 양천구 신정동 324-10,서울 양천구 목동동로 53,37.51505730264274,126.86075874716536,3,동문굿모닝탑 양천구 신정동
양천구,신월동,수명산롯데캐슬,수명산롯데캐슬,수명산롯데캐슬아파트,서울 양천구 신월동 1036,서울 양천구 월정로 303,37.54455686699445,126.82849495210446,3,수명산롯데캐슬 양천구 신월동
양천구,목동,트라팰리스웨스턴에비뉴,트라팰리스웨스턴에비뉴,목동트라팰리스웨스턴에비뉴아파트,서울 양천구 목동 962,서울 양천구 오목로 299,37.52599561138993,126.87038151563104,3,트라팰리스웨스턴에비뉴 양천구 목동
양천구,신정동,세양청마루,세양청마루,세양청마루아파트,서울 양천구 신정동 1306,서울 양천구 목동남로2길 60-30,37.50715349874025,126.86367784524776,3,세양청마루 양천구 신정동
양천구,목동,목동현대1,목동현대1,서울양천 목동현대A 재개발임대주택 1 전기차충전소,서울 양천구 목동 931,서울 양천구 목동동로12길 59,37.5234951498719,126.877818154482,3,목동현대1 양천구 목동
양천구,신월동,한우리아파트,한우리아파트,한우리아파트,서울 양천구 신월동 467-12,서울 양천구 중앙로55길 29,37.52615026393047,126.84609471543992,3,한우리아파트 양천구 신월동
양천구,신정동,현대힐타운,현대힐타운,타워아파트,서울 양천구 신정동 963-1,서울 양천구 중앙로48길 34,37.52380466034917,126.85512015681208,3,현대힐타운 양천구 신정동
양천구,신월동,양천벽산블루밍3단지,양천벽산블루밍3단지,양천벽산블루밍3단지아파트,서울 양천구 신월동 1048,서울 양천구 월정로7길 24,37.5238305882157,126.83896352599488,3,양천벽산블루밍3단지 양천구 신월동
양천구,목동,현대I-PARK,현대I-PARK,윤선생우리집앞영어교실 현대아이파크캠퍼스,서울 양천구 신정동 1296,서울 양천구 목동동로 180,37.5212341967261,126.873222317439,3,현대I-PARK 양천구 목동
양천구,신월동,궁전,궁전,궁전아파트,서울 양천구 신월동 127-1,서울 양천구 곰달래로5길 11,37.53070360400992,126.83388931566904,3,궁전 양천구 신월동
양천구,신정동,해풍,해풍,해풍빌딩,서울 양천구 신정동 905-2,서울 양천구 신정중앙로 68,37.5266713464001,126.859343404128,3,해풍 양천구 신정동
양천구,신월동,수명산SKVIEW,수명산SKVIEW,수명산SKVIEW아파트,서울 양천구 신월동 1053,서울 양천구 월정로 306,37.544053529352496,126.82933798582124,3,수명산SKVIEW 양천구 신월동
양천구,신정동,목동우성2,목동우성2,목동2차우성아파트(337-2),서울 양천구 신정동 337-2,서울 양천구 목동남로4길 6-46,37.5063433959698,126.865160916643,3,목동우성2 양천구 신정동
양천구,신월동,두원A동,두원A동,두원아파트 A동,서울 양천구 신월동 485-2,서울 양천구 오목로11길 17-10,37.52430352221021,126.84358823909524,3,두원A동 양천구 신월동
양천구,목동,신동아파밀리에,신동아파밀리에,신동아파밀리에아파트,서울 양천구 목동 772-7,서울 양천구 목동중앙로 57,37.53486408508968,126.86949271045984,3,신동아파밀리에 양천구 목동
양천구,신월동,신월2차보람쉬움,신월2차보람쉬움,신월2차보람쉬움아파트,서울 양천구 신월동 1039,서울 양천구 오목로1길 46,37.52462456439166,126.83713369249372,3,신월2차보람쉬움 양천구 신월동
양천구,신정동,유원목동,유원목동,유원목동아파트,서울 양천구 신정동 87-39,서울 양천구 신목로 77,37.52165894876656,126.87357680256336,3,유원목동 양천구 신정동
양천구,신월동,상아아름,상아아름,상아아름아파트,서울 양천구 신월동 447-3,서울 양천구 월정로 62,37.52531547076599,126.84165277375229,3,상아아름 양천구 신월동
양천구,신월동,삼익플라주행복한마을,삼익플라주행복한마을,삼익플라주행복한마을아파트,서울 양천구 신월동 1068,서울 양천구 오목로1길 35,37.524104695036435,126.83648774260767,3,삼익플라주행복한마을 양천구 신월동
양천구,신월동,리슈리안,리슈리안,리슈리안아파트,서울 양천구 신월동 500-21,서울 양천구 중앙로 311,37.52382618592771,126.85070030273216,3,리슈리안 양천구 신월동
양천구,목동,성원2,성원2,목동2차성원아파트,서울 양천구 목동 709-2,서울 양천구 목동중앙남로 100,37.5421593204863,126.863768022252,3,성원2 양천구 목동
양천구,신정동,삼성,삼성,삼성전자서비스 신정휴대폰센터,서울 양천구 신정동 1268,서울 양천구 중앙로 181,37.51296901767926,126.85570438802507,3,삼성 양천구 신정동
양천구,신월동,신도신월1차,신도신월1차,신도신월1차아파트,서울 양천구 신월동 1029,서울 양천구 신월로20길 33,37.51804894171553,126.84646880440444,3,신도신월1차 양천구 신월동
양천구,신정동,중앙하이츠,중앙하이츠,양천중앙하이츠아파트,서울 양천구 신정동 1314,서울 양천구 목동남로2길 60-7,37.505502992436405,126.86379394431272,3,중앙하이츠 양천구 신정동
양천구,신월동,당곡,당곡,당곡아파트,서울 양천구 신월동 547-9,서울 양천구 남부순환로 575,37.5176615475726,126.839714301107,3,당곡 양천구 신월동
양천구,신월동,누리애,누리애,누리애아파트,서울 양천구 신월동 410-10,서울 양천구 오목로1길 45,37.52490232308304,126.83666248001146,3,누리애 양천구 신월동
양천구,목동,동도(729-5),동도,동도빌라,서울 양천구 목동 806-17,서울 양천구 목동중앙서로6길 48,37.53051090438201,126.86508574480337,3,동도 양천구 목동
양천구,목동,롯데캐슬위너,롯데캐슬위너,목동롯데캐슬위너아파트,서울 양천구 목동 956,서울 양천구 목동중앙북로 38,37.54689171628831,126.86724022255044,3,롯데캐슬위너 양천구 목동
양천구,신월동,장수마을2단지동원데쟈뷰,장수마을2단지동원데쟈뷰,장수마을2단지동원데쟈뷰아파트,서울 양천구 신월동 1049,서울 양천구 오목로 76-2,37.522308084865934,126.84585826201118,3,장수마을2단지동원데쟈뷰 양천구 신월동
양천구,신월동,성호그린,성호그린,성호아파트,서울 양천구 신월동 241-9,서울 양천구 곰달래로10길 33-3,37.527329908703834,126.83818105821864,3,성호그린 양천구 신월동
양천구,목동,목동효성,목동효성,목동효성아파트,서울 양천구 목동 539-4,서울 양천구 목동중앙북로24길 65,37.543975142093586,126.87632955357554,3,목동효성 양천구 목동
양천구,신월동,삼정그린뷰,삼정그린뷰,삼정그린뷰아파트,서울 양천구 신월동 1041,서울 양천구 오목로3길 17,37.52280287484714,126.83854491395977,3,삼정그린뷰 양천구 신월동
양천구,목동,대원칸타빌3,대원칸타빌3,목동대원칸타빌3단지아파트,서울 양천구 목동 944,서울 양천구 목동중앙로 9,37.53089184522488,126.867310447037,3,대원칸타빌3 양천구 목동
양천구,목동,건영,건영,건영아파트,서울 양천구 목동 928,서울 양천구 목동중앙본로22길 63,37.54187744479869,126.87277549533542,3,건영 양천구 목동
양천구,신정동,블레스빌,블레스빌,반석목동블레스빌아파트,서울 양천구 신정동 340,서울 양천구 신목로12길 5,37.52149882947356,126.8746653062802,3,블레스빌 양천구 신정동
양천구,신월동,롯데캐슬(1057-0),롯데캐슬,신정뉴타운롯데캐슬아파트,서울 양천구 신월동 1063,서울 양천구 중앙로29길 61,37.518753151722066,126.84757139143105,3,롯데캐슬 양천구 신월동
양천구,신월동,덕현해밀(101동),덕현해밀,덕현해밀,서울 강서구 화곡동 453-18,서울 강서구 곰달래로31라길 30-6,37.533640727388814,126.85280438340318,1,덕현해밀 양천구 신월동
양천구,신정동,동일아파트,동일아파트,동일아파트,서울 양천구 신정동 911-9,서울 양천구 은행정로17길 2,37.526606395789315,126.858523335864,3,동일아파트 양천구 신정동
양천구,신월동,신월6차보람,신월6차보람,신월6차보람아파트,서울 양천구 신월동 125,서울 양천구 곰달래로7길 7,37.53027986838162,126.8349854041016,3,신월6차보람 양천구 신월동
양천구,신월동,정원,정원,정원아파트,서울 양천구 신월동 113-14,서울 양천구 곰달래로11길 32,37.532604284522336,126.83551316638618,3,정원 양천구 신월동
양천구,신정동,목동파크자이(101동~108동),목동파크자이,목동파크자이아파트,서울 양천구 신정동 1325,서울 양천구 목동남로4길 80,37.50926957377279,126.86891069024786,3,목동파크자이 양천구 신정동
양천구,신월동,수명,수명,수명아파트,서울 양천구 신월동 12-4,서울 양천구 화곡로3길 15,37.5409291354123,126.82704587353,3,수명 양천구 신월동
양천구,신정동,목동우성3,목동우성3,서울양천 목동2차우성아파트 3 전기차충전소,서울 양천구 신정동 337-2,서울 양천구 목동남로4길 6-46,37.50673131311578,126.86479716891354,3,목동우성3 양천구 신정동
양천구,신월동,삼익플라주,삼익플라주,삼익1차플라주아파트,서울 양천구 신월동 1042,서울 양천구 신월로 181,37.519561350412495,126.84275992627929,3,삼익플라주 양천구 신월동
양천구,목동,지오트레벨,지오트레벨,지오트레벨아파트,서울 양천구 목동 729-2,서울 양천구 목동중앙남로9길 31,37.53780851363253,126.86465508707178,3,지오트레벨 양천구 목동
양천구,신월동,대운,대운,대운아파트,서울 양천구 신월동 109-2,서울 양천구 월정로31길 23,37.5336792931957,126.8330273751,3,대운 양천구 신월동
양천구,신정동,이펜하우스3단지,이펜하우스3단지,신정이펜하우스3단지아파트,서울 양천구 신정동 1316,서울 양천구 신정이펜1로 50,37.51252061085087,126.83080330608188,3,이펜하우스3단지 양천구 신정동
양천구,목동,부영2,부영2,부영그린2차아파트관리사무소,서울 양천구 목동 908-28,서울 양천구 목동동로 401,37.5363756322775,126.881125852645,3,부영2 양천구 목동
양천구,목동,목동이-편한세상,목동이-편한세상,목동이편한세상아파트,서울 양천구 목동 950,서울 양천구 목동중앙로7길 32,37.539140855323375,126.87170749602872,3,목동이-편한세상 양천구 목동
양천구,목동,세종그랑시아,세종그랑시아,세종그랑시아아파트,서울 양천구 목동 722-5,서울 양천구 목동중앙남로3가길 59,37.53855926345043,126.86405970445784,3,세종그랑시아 양천구 목동
양천구,신월동,훼미리주상복합,훼미리주상복합,훼미리아파트,서울 양천구 신월동 166-27,서울 양천구 가로공원로64길 13,37.53474301459326,126.82837713282704,3,훼미리주상복합 양천구 신월동
양천구,신월동,청솔,청솔,청솔아파트,서울 양천구 신월동 446-2,서울 양천구 월정로 50,37.5242674710947,126.842225144477,3,청솔 양천구 신월동
양천구,신정동,목동2삼성래미안,목동2삼성래미안,래미안목동아델리체아파트 게이트2,서울 양천구 신정동 1326,서울 양천구 중앙로43길 14,37.5207367795533,126.85151753492,3,목동2삼성래미안 양천구 신정동
양천구,신정동,청우,청우,청우아파트,서울 양천구 신정동 881-6,서울 양천구 국회대로 224,37.528827085241,126.859800939122,3,청우 양천구 신정동
양천구,목동,신목,신목,신목중학교,서울 양천구 목동 902-1,서울 양천구 목동중앙로 88,37.537015777274874,126.87289237500104,3,신목 양천구 목동
양천구,목동,목동두산위브,목동두산위브,목동두산위브아파트,서울 양천구 목동 953,서울 양천구 목동중앙본로 85,37.5433517043347,126.86967706940584,3,목동두산위브 양천구 목동
양천구,목동,청학,청학,청학빌딩,서울 양천구 목동 405-25,서울 양천구 오목로 344,37.5240729007012,126.875430256211,3,청학 양천구 목동
양천구,신월동,디아이빌102동,디아이빌,디아이빌아파트,서울 양천구 신월동 331-101,서울 양천구 지양로17길 1,37.5233582516585,126.82857063964,3,디아이빌 양천구 신월동
양천구,신월동,벽산블루밍2단지,벽산블루밍2단지,벽산블루밍2단지아파트,서울 양천구 신월동 1023,서울 양천구 신정로13길 51,37.51375711902676,126.84143287869756,3,벽산블루밍2단지 양천구 신월동
양천구,신정동,대성유니드2차,대성유니드2차,신정대성유니드2차아파트,서울 양천구 신정동 1198-3,서울 양천구 중앙로29길 108,37.521014586214015,126.8489106712656,3,대성유니드2차 양천구 신정동
양천구,목동,목동2차아이파크,목동2차아이파크,목동2차아이파크아파트 경비실,서울 양천구 목동 758-2,서울 양천구 목동중앙로 79,37.536491417446406,126.87042558060382,3,목동2차아이파크 양천구 목동
양천구,목동,월드메르디앙,월드메르디앙,월드메르디앙,서울 양천구 목동 324-103,서울 양천구 목동중앙남로16나길 38-10,37.54397196847697,126.86519727794948,3,월드메르디앙 양천구 목동
양천구,신월동,삼동,삼동,삼동4차아파트,서울 양천구 신월동 109-1,서울 양천구 월정로31길 27,37.5335167935621,126.83280145721,3,삼동 양천구 신월동
양천구,목동,월드메르디앙2,월드메르디앙2,코웨이 목4동2지점,서울 양천구 목동 948,서울 양천구 목동중앙본로1길 5,37.5384943324639,126.870418720417,3,월드메르디앙2 양천구 목동
양천구,목동,애드웰(534),애드웰,애드웰아파트(774-10번지),서울 양천구 목동 774-10,서울 양천구 목동중앙서로 45,37.53331372599163,126.86891613613044,3,애드웰 양천구 목동
양천구,목동,목동가든스위트,목동가든스위트,목동가든스위트아파트,서울 양천구 목동 907-5,서울 양천구 목동서로 65,37.53615335439255,126.87873207569,3,목동가든스위트 양천구 목동
양천구,목동,한일,한일,한일포토사진관,서울 양천구 목동 614-12,서울 양천구 등촌로 212,37.5484770044426,126.863665994946,3,한일 양천구 목동
양천구,목동,부영그린타운1,부영그린타운1,부영그린타운1차아파트,서울 양천구 목동 907-12,서울 양천구 목동동로 393,37.5361979979381,126.880098785296,3,부영그린타운1 양천구 목동
양천구,목동,목동트윈빌,목동트윈빌,목동트윈빌아파트,서울 양천구 목동 905-22,서울 양천구 목동동로 339,37.53218601468518,126.87676423904634,3,목동트윈빌 양천구 목동
양천구,신정동,이스타팰리스,이스타팰리스,이스타팰리스아파트,서울 양천구 신정동 1007-11,서울 양천구 목동로 163,37.52318185614211,126.86482065705712,3,이스타팰리스 양천구 신정동
양천구,신월동,금강,금강,금강아파트,서울 양천구 신월동 207-24,서울 양천구 남부순환로64길 23,37.5269334146571,126.8336035376396,3,금강 양천구 신월동
양천구,신월동,상진지오벨리,상진지오벨리,상진지오벨리아파트,서울 양천구 신월동 1059,서울 양천구 화곡로 85,37.53982558591725,126.83152914723024,3,상진지오벨리 양천구 신월동
양천구,신월동,청성넥스빌,청성넥스빌,청성넥스빌아파트,서울 양천구 신월동 1035,서울 양천구 신월로9길 16,37.518937559683934,126.83985636288207,3,청성넥스빌 양천구 신월동
양천구,신월동,예지보금자리,예지보금자리,보금자리아파트,서울 양천구 신월동 1001-5,서울 양천구 남부순환로 586,37.5165147683659,126.839196427557,3,예지보금자리 양천구 신월동
양천구,신월동,신월2차미소지움,신월2차미소지움,신성미소지움2차아파트,서울 양천구 신월동 1040,서울 양천구 오목로10길 7-8,37.521514145484026,126.8450499419683,3,신월2차미소지움 양천구 신월동
양천구,목동,현대,현대,현대백화점 목동점,서울 양천구 목동 916,서울 양천구 목동동로 257,37.526654089298255,126.87525853214666,3,현대 양천구 목동
양천구,목동,삼도,삼도,삼도아파트,서울 양천구 목동 315-3,서울 양천구 목동중앙본로19길 6,37.54228404681,126.868886854152,3,삼도 양천구 목동
양천구,신월동,신월동방원,신월동방원,신월동방원아파트,서울 양천구 신월동 1032,서울 양천구 곰달래로2길 31,37.52742581010096,126.83520890253044,3,신월동방원 양천구 신월동
양천구,신월동,신정두산위브,신정두산위브,신정뉴타운두산위브아파트,서울 양천구 신월동 1055,서울 양천구 신월로20길 7,37.51915072198694,126.84566566865897,3,신정두산위브 양천구 신월동
양천구,신월동,정은스카이빌(1044),정은스카이빌,정은스카이빌,서울 양천구 신월동 412-11,서울 양천구 월정로11길 4,37.52584876266212,126.84023980267038,3,정은스카이빌 양천구 신월동
양천구,신정동,쌍용,쌍용,쌍용아파트,서울 양천구 신정동 334,서울 양천구 신목로 9,37.5176182930803,126.875594824458,3,쌍용 양천구 신정동
양천구,신정동,장미,장미,장미휴게텔,서울 양천구 신정동 902-10,서울 양천구 오목로 233,37.5261578947636,126.86328125773,3,장미 양천구 신정동
양천구,목동,목화,목화,목화아파트,서울 양천구 목동 736-4,서울 양천구 목동중앙남로4길 11-17,37.53732494898984,126.8672764197423,3,목화 양천구 목동
양천구,신정동,동양부로미(926-4),동양부로미,동양부로미,서울 양천구 신정동 119-55,서울 양천구 신목로4길 37-1,37.52114376949581,126.87631294860414,3,동양부로미 양천구 신정동
양천구,목동,성보,성보,성보아파트,서울 양천구 목동 773-5,서울 양천구 목동중앙서로 47,37.53331769622381,126.8692464974965,3,성보 양천구 목동
양천구,신정동,롯데캐슬,롯데캐슬,신정롯데캐슬아파트,서울 양천구 신정동 1309,서울 양천구 신목로12길 22,37.51984474555491,126.87481286598134,3,롯데캐슬 양천구 신정동
양천구,신월동,두원빌드피아(510-3),두원빌드피아,두원빌드피아아파트(444-7번지),서울 양천구 신월동 444-7,서울 양천구 오목로7길 6,37.52265134749515,126.8424299079248,3,두원빌드피아 양천구 신월동
양천구,목동,CG아름채목동아파트,CG아름채목동아파트,목동CG아름채아파트,서울 양천구 목동 555-4,서울 양천구 목동중앙본로28길 10,37.543464766669786,126.8708955537544,3,CG아름채목동아파트 양천구 목동
양천구,목동,스카이빌아파트,스카이빌아파트,스카이빌아파트,서울 양천구 목동 772-11,서울 양천구 목동중앙로 47-10,37.53423671981449,126.86924941866428,3,스카이빌아파트 양천구 목동
양천구,신월동,정은스카이빌2차,정은스카이빌2차,정은스카이빌2차아파트,서울 양천구 신월동 1051,서울 양천구 신월로9길 36,37.52039987926721,126.83918809033116,3,정은스카이빌2차 양천구 신월동
양천구,목동,목동롯데캐슬마에스트로,목동롯데캐슬마에스트로,목동롯데캐슬마에스트로아파트,서울 양천구 목동 965,서울 양천구 목동중앙북로8길 71,37.5455720224797,126.86588353115224,3,목동롯데캐슬마에스트로 양천구 목동
양천구,목동,금호1,금호1,목동금호1차아파트 관리사무소,서울 양천구 목동 934,서울 양천구 목동동로 258,37.524953631915494,126.87500569603608,3,금호1 양천구 목동
양천구,신정동,현대,현대,현대오일뱅크 양정주유소,서울 양천구 신정동 872-1,서울 양천구 국회대로 158,37.5280614459939,126.852575507679,3,현대 양천구 신정동
양천구,목동,목동대림,목동대림,목동대림아파트,서울 양천구 목동 405,서울 양천구 목동동로12길 23,37.5235022265701,126.87425922988288,3,목동대림 양천구 목동
양천구,신정동,명지해드는터,명지해드는터,명지해드는터아파트,서울 양천구 신정동 1300,서울 양천구 신목로 43,37.51872156864128,126.87263383125584,3,명지해드는터 양천구 신정동
양천구,신월동,근상아트프리즘,근상아트프리즘,근상아트프리즘아파트,서울 양천구 신월동 45-2,서울 양천구 남부순환로 328,37.53743295251415,126.8268367084078,3,근상아트프리즘 양천구 신월동
양천구,신월동,벽산블루밍1단지,벽산블루밍1단지,벽산블루밍1단지아파트,서울 양천구 신월동 1022,서울 양천구 신정로13길 50,37.51364640685798,126.8421886883736,3,벽산블루밍1단지 양천구 신월동
양천구,신월동,신월동로마파빌리온,신월동로마파빌리온,신월로마파빌리온아파트,서울 양천구 신월동 538-1,서울 양천구 신월로13길 16,37.51945136083808,126.84136200798704,3,신월동로마파빌리온 양천구 신월동
양천구,신월동,제일캐슬,제일캐슬,제일캐슬아파트,서울 양천구 신월동 494-8,서울 양천구 오목로19길 1,37.5235637645495,126.84700050440073,3,제일캐슬 양천구 신월동
양천구,신정동,파인빌,파인빌,파인빌아파트,서울 양천구 신정동 339,서울 양천구 신목로12길 17,37.5206923227077,126.875413252444,3,파인빌 양천구 신정동
양천구,목동,웨스트빌,웨스트빌,목동웨스트빌아파트,서울 양천구 목동 954,서울 양천구 목동중앙본로 48,37.54012180358096,126.86902642057385,3,웨스트빌 양천구 목동
양천구,신월동,태진,태진,태진아파트,서울 양천구 신월동 467-3,서울 양천구 중앙로55길 25,37.52618712774873,126.84672816230288,3,태진 양천구 신월동
양천구,신월동,우진,우진,우진파크빌,서울 양천구 신월동 195-31,서울 양천구 남부순환로60길 26-2,37.53092225714886,126.82802158929312,3,우진 양천구 신월동
양천구,목동,상진지오벨리(548),상진지오벨리,상진지오벨리아파트(743-19번지),서울 양천구 목동 743-19,서울 양천구 목동중앙본로5길 26,37.538660972488415,126.8679382299298,3,상진지오벨리 양천구 목동
양천구,신정동,대림아크로빌,대림아크로빌,대림아크로빌아파트,서울 양천구 신정동 324-7,서울 양천구 목동서로 401,37.5154235507383,126.859608840621,3,대림아크로빌 양천구 신정동
양천구,신정동,이연에버리치,이연에버리치,이연에버리치아파트,서울 양천구 신정동 888-8,서울 양천구 신정중앙로21길 10,37.5271648878868,126.8622250433661,3,이연에버리치 양천구 신정동
양천구,신월동,태형,태형,태형아파트,서울 양천구 신월동 134-17,서울 양천구 곰달래로5길 37,37.53276676630968,126.83252254697015,3,태형 양천구 신월동
양천구,신월동,아름다운세상,아름다운세상,아름다운세상,서울 양천구 신월동 159-45,서울 양천구 남부순환로40길 26,37.53446690990283,126.82748507900448,3,아름다운세상 양천구 신월동
양천구,목동,우성,우성,목동우성1차아파트,서울 양천구 목동 200,서울 양천구 목동중앙로 143,37.5413001112101,126.87550570018308,3,우성 양천구 목동
양천구,신월동,수명산태승훼미리,수명산태승훼미리,수명산태승훼미리아파트,서울 양천구 신월동 18-17,서울 양천구 월정로 262,37.54131687539079,126.83099397799684,3,수명산태승훼미리 양천구 신월동
양천구,신월동,삼종레이빌102동,삼종레이빌,삼종레이빌아파트,서울 양천구 신월동 519-12,서울 양천구 오목로4길 5,37.52112614156091,126.84055756281094,3,삼종레이빌 양천구 신월동
양천구,신월동,해태,해태,해태아파트,서울 양천구 신월동 514-3,서울 양천구 월정로 21,37.52177460857365,126.84305844963082,3,해태 양천구 신월동
양천구,신정동,길훈로즈빌,길훈로즈빌,길훈로즈빌아파트,서울 양천구 신정동 1297,서울 양천구 목동동로 190,37.52247912622086,126.87131973669338,3,길훈로즈빌 양천구 신정동
양천구,신월동,청송그린힐,청송그린힐,청송그린힐아파트,서울 양천구 신월동 981-4,서울 양천구 신월로 119,37.516598312642664,126.8370425473274,3,청송그린힐 양천구 신월동
양천구,신정동,보람쉬움,보람쉬움,신정보람쉬움아파트,서울 양천구 신정동 921-11,서울 양천구 오목로35길 5,37.52557830681988,126.85550815017078,3,보람쉬움 양천구 신정동
양천구,신월동,신도브래뉴2차,신도브래뉴2차,신도브래뉴신월2차아파트,서울 양천구 신월동 1031,서울 양천구 화곡로3길 34,37.54210171916885,126.8279257586704,3,신도브래뉴2차 양천구 신월동
양천구,신월동,코아루1단지,코아루1단지,신월코아루1단지아파트,서울 양천구 신월동 197-2,서울 양천구 남부순환로56길 9,37.53172462236457,126.8295923564656,3,코아루1단지 양천구 신월동
양천구,신정동,예지보금자리(101동),예지보금자리,예지보금자리아파트,서울 양천구 신정동 927-9,서울 양천구 오목로29길 25,37.52688425079688,126.85363219686978,3,예지보금자리 양천구 신정동
양천구,신월동,대주파크빌,대주파크빌,대주파크빌아파트,서울 양천구 신월동 1028,서울 양천구 남부순환로85길 16,37.51449026863034,126.84258053908134,3,대주파크빌 양천구 신월동
양천구,신월동,우정,우정,우정아파트,서울 양천구 신월동 350-3,서울 양천구 지양로15길 24,37.52251910646301,126.8289764104331,3,우정 양천구 신월동
양천구,신정동,주건드림빌,주건드림빌,주건드림빌아파트,서울 양천구 신정동 1302,서울 양천구 은행정로13길 3,37.5246848252926,126.858745299326,3,주건드림빌 양천구 신정동
양천구,신정동,예지보금자리(102동),예지보금자리,예지보금자리아파트,서울 양천구 신정동 927-9,서울 양천구 오목로29길 25,37.52688425079688,126.85363219686978,3,예지보금자리 양천구 신정동
양천구,목동,목동성원,목동성원,목동2차성원아파트,서울 양천구 목동 709-2,서울 양천구 목동중앙남로 100,37.5421593204863,126.863768022252,3,목동성원 양천구 목동
양천구,신정동,SM엘루이아파트,SM엘루이아파트,SM엘루이아파트,서울 양천구 신정동 1014-5,서울 양천구 은행정로4길 25,37.52151422833868,126.86258837498744,3,SM엘루이아파트 양천구 신정동
양천구,목동,근상프리즘,근상프리즘,목동근상프리즘아파트,서울 양천구 목동 955,서울 양천구 목동중앙본로2길 45,37.54104621112189,126.8706451332298,3,근상프리즘 양천구 목동
양천구,신월동,대방샤인힐,대방샤인힐,신월대방샤인힐아파트,서울 양천구 신월동 1017,서울 양천구 신월로9길 37,37.52046381898355,126.83850470599512,3,대방샤인힐 양천구 신월동
양천구,목동,애드웰(774-10),애드웰,애드웰아파트(774-10번지),서울 양천구 목동 774-10,서울 양천구 목동중앙서로 45,37.53331372599163,126.86891613613044,3,애드웰 양천구 목동
양천구,목동,목동성원(926-8),목동성원,목동2차성원아파트,서울 양천구 목동 709-2,서울 양천구 목동중앙남로 100,37.5421593204863,126.863768022252,3,목동성원 양천구 목동
양천구,신정동,정은스카이빌2차,정은스카이빌2차,정은스카이빌2차아파트,서울 양천구 신월동 1051,서울 양천구 신월로9길 36,37.52039987926721,126.83918809033116,2,정은스카이빌2차 양천구 신정동
양천구,신정동,신정숲속마을,신정숲속마을,신정숲속마을아파트,서울 양천구 신정동 1324,서울 양천구 신정로 110,37.50619021358685,126.83465956146304,3,신정숲속마을 양천구 신정동
양천구,목동,정은스카이빌(959),정은스카이빌,스카이빌아파트,서울 양천구 목동 772-11,서울 양천구 목동중앙로 47-10,37.53423671981449,126.86924941866428,3,정은스카이빌 양천구 목동
양천구,신정동,건영,건영,건영아파트,서울 양천구 신정동 890-13,서울 양천구 목동로25길 9,37.52767726144583,126.86274450502933,3,건영 양천구 신정동
양천구,목동,목동성원초원,목동성원초원,목동성원초원아파트,서울 양천구 목동 751-4,서울 양천구 목동중앙본로 20,37.538880366222074,126.87078917861126,3,목동성원초원 양천구 목동
양천구,신월동,보람쉬움1,보람쉬움1,신월1차보람쉬움아파트 101동,서울 양천구 신월동 416-1,서울 양천구 남부순환로67길 15,37.52437288453838,126.83756977580504,3,보람쉬움1 양천구 신월동
양천구,신월동,신성미소지움,신성미소지움,신성미소지움아파트,서울 양천구 신월동 1020,서울 양천구 오목로 76-1,37.5226370148234,126.846599676609,3,신성미소지움 양천구 신월동
양천구,신정동,은행,은행,우리은행 신정동금융센터,서울 양천구 신정동 981-16,서울 양천구 신월로 337,37.52194190834863,126.8585219628358,3,은행 양천구 신정동
양천구,목동,상진지오밸리나동,상진지오밸리나동,상진지오벨리아파트(743-19번지) 나동,서울 양천구 목동 743-19,서울 양천구 목동중앙본로5길 26,37.538891780952376,126.86807473225576,3,상진지오밸리나동 양천구 목동
양천구,신월동,세아쎄닛빌,세아쎄닛빌,세아쎄닛빌아파트,서울 양천구 신월동 547-5,서울 양천구 남부순환로 569,37.518234257796266,126.83947326803312,3,세아쎄닛빌 양천구 신월동
양천구,신정동,마이홈,마이홈,마이홈아파트,서울 양천구 신정동 1194-5,서울 양천구 중앙로29길 120-13,37.52212732252016,126.84820706541016,3,마이홈 양천구 신정동
양천구,신정동,목동휘버스,목동휘버스,목동휘버스아파트,서울 양천구 목동 729-12,서울 양천구 목동중앙남로7길 36,37.53756881578425,126.86462723373944,2,목동휘버스 양천구 신정동
양천구,신정동,일진아이윌,일진아이윌,일진아이윌아파트,서울 양천구 신정동 1218-1,서울 양천구 중앙로29길 74,37.51835465188851,126.84877350681955,3,일진아이윌 양천구 신정동
양천구,신월동,새롬,새롬,새롬아파트,서울 양천구 신월동 458-1,서울 양천구 중앙로57길 35,37.5264697120614,126.845093994727,3,새롬 양천구 신월동
양천구,목동,수산팰리스,수산팰리스,수산팰리스아파트,서울 양천구 목동 541,서울 양천구 목동중앙북로16길 71,37.542938632016664,126.8742809083869,3,수산팰리스 양천구 목동
양천구,목동,금호아파트(768),금호아파트,금호아파트,서울 양천구 목동 768-5,서울 양천구 목동중앙남로3길 11,37.53587042108938,126.86699726983666,3,금호아파트 양천구 목동
양천구,신정동,신호,신호,신호아파트,서울 양천구 신정동 948-24,서울 양천구 오목로 160,37.52465533986033,126.85522937596338,3,신호 양천구 신정동
양천구,신월동,올림푸스(150-1),올림푸스,올림푸스,서울 양천구 신월동 500-22,서울 양천구 중앙로49길 4,37.52356492039341,126.85072005463245,3,올림푸스 양천구 신월동
양천구,목동,삼익,삼익,목동삼익아파트,서울 양천구 목동 933,서울 양천구 목동동로12길 45,37.522834349666425,126.8765997552522,3,삼익 양천구 목동
양천구,신정동,예지아파트,예지아파트,예지아파트,서울 양천구 신정동 911-11,서울 양천구 은행정로17길 6,37.52668450197269,126.8582890096676,3,예지아파트 양천구 신정동
양천구,목동,동해아파트,동해아파트,동해아파트,서울 양천구 목동 405-293,서울 양천구 목동동로14길 13,37.52440277456151,126.87299296560074,3,동해아파트 양천구 목동
양천구,신월동,타워빌,타워빌,수명산타워빌아파트,서울 양천구 신월동 8-2,서울 양천구 월정로 293,37.54299642843175,126.82855736700644,3,타워빌 양천구 신월동
양천구,목동,목동진흥,목동진흥,목동진흥아파트,서울 양천구 목동 539-6,서울 양천구 목동중앙북로16가길 47,37.5437118373888,126.876126308534,3,목동진흥 양천구 목동
양천구,신정동,청원,청원,청원아파트,서울 양천구 신정동 911-8,서울 양천구 은행정로 75,37.5266237598865,126.858728067848,3,청원 양천구 신정동
양천구,신월동,장수마을,장수마을,장수마을2단지동원데쟈뷰아파트,서울 양천구 신월동 1049,서울 양천구 오목로 76-2,37.522308084865934,126.84585826201118,3,장수마을 양천구 신월동
양천구,신월동,우당,우당,우당아파트,서울 양천구 신월동 506-1,서울 양천구 오목로 90,37.52299507600163,126.8475763367338,3,우당 양천구 신월동
양천구,신정동,심미,심미,심미에셈빌아파트,서울 양천구 신정동 883,서울 양천구 목동로23길 34,37.527951228163246,126.8597301740657,3,심미 양천구 신정동
양천구,신정동,신이모닝빌,신이모닝빌,신이모닝빌아파트,서울 양천구 신정동 982-1,서울 양천구 은행정로 30,37.5223263388613,126.8597836920948,3,신이모닝빌 양천구 신정동
양천구,신월동,강국,강국,강국아파트,서울 양천구 신월동 24-5,서울 양천구 월정로 245,37.5399235576452,126.83199510382832,3,강국 양천구 신월동
양천구,목동,금호어울림,금호어울림,목동금호어울림아파트,서울 양천구 목동 951,서울 양천구 목동중앙서로 37,37.53370172654245,126.86781120660338,3,금호어울림 양천구 목동
양천구,신월동,은성마을승윤노블리안,은성마을승윤노블리안,은성마을승윤노블리안아파트,서울 양천구 신월동 1065,서울 양천구 화곡로5길 15,37.540847592490984,126.82796937530728,3,은성마을승윤노블리안 양천구 신월동
양천구,신월동,오투힐,오투힐,오투힐아파트,서울 양천구 신월동 541-1,서울 양천구 신월로9길 20,37.51907241956897,126.83964228111384,3,오투힐 양천구 신월동
양천구,신월동,대림타운,대림타운,대림타운,서울 강서구 화곡동 330-30,서울 강서구 강서로18마길 31,37.53606801307513,126.84852277069108,1,대림타운 양천구 신월동
양천구,신정동,보성주상복합,보성주상복합,목동보성팰리스아파트,서울 양천구 신정동 992-1,서울 양천구 오목로 232,37.52570260160348,126.86303320630994,3,보성주상복합 양천구 신정동
양천구,신정동,정은SKY빌,정은SKY빌,정은SKY빌아파트,서울 양천구 신정동 1194-3,서울 양천구 중앙로29길 120-11,37.52217770444226,126.84745017058512,3,정은SKY빌 양천구 신정동
양천구,신월동,방주아크빌,방주아크빌,방주아크빌아파트,서울 양천구 신월동 426-3,서울 양천구 오목로7길 35,37.52476267172898,126.8406222250358,3,방주아크빌 양천구 신월동
양천구,목동,일신파스텔,일신파스텔,일신파스텔아파트,서울 양천구 목동 721-2,서울 양천구 등촌로 110,37.53978274131117,126.86399072501112,3,일신파스텔 양천구 목동
양천구,신월동,흥양훼미리,흥양훼미리,흥양훼미리6차,서울 강서구 화곡동 892-36,서울 강서구 강서로5라길 25,37.529528328633354,126.849757844608,1,흥양훼미리 양천구 신월동
양천구,신정동,목동해오름102동,목동해오름,해오름공인중개사사무소,서울 양천구 신정동 318-1,서울 양천구 목동서로 277,37.5224589602915,126.869364998353,3,목동해오름 양천구 신정동
양천구,목동,진도1103동,진도,진도2차아파트,서울 양천구 목동 936,서울 양천구 목동동로 250,37.52566413470694,126.87379403800344,3,진도 양천구 목동
양천구,신정동,동원데쟈뷰,동원데쟈뷰,동원데쟈뷰아파트,서울 양천구 신정동 938-7,서울 양천구 오목로23길 31,37.5268039961358,126.84998956851466,3,동원데쟈뷰 양천구 신정동
양천구,신정동,목동캐슬아파트,목동캐슬아파트,목동캐슬아파트,서울 양천구 신정동 296-28,서울 양천구 목동동로10길 22,37.5191389519841,126.872003052194,3,목동캐슬아파트 양천구 신정동
양천구,신정동,리치펠리스,리치펠리스,리치펠리스아파트,서울 양천구 신정동 881-14,서울 양천구 은행정로20길 1,37.528224291333615,126.85902371826528,3,리치펠리스 양천구 신정동
양천구,신월동,삼익2차플라주,삼익2차플라주,삼익2차플라주아파트,서울 양천구 신월동 1046,서울 양천구 신월로13길 13,37.519151656909536,126.84093731727148,3,삼익2차플라주 양천구 신월동
양천구,목동,목동보미리즌빌,목동보미리즌빌,목동보미리즌빌아파트,서울 양천구 목동 739-1,서울 양천구 목동중앙본로7길 45,37.53915292176822,126.86633970339912,3,목동보미리즌빌 양천구 목동
양천구,신월동,한우리(101동),한우리,한우리아파트,서울 양천구 신월동 467-12,서울 양천구 중앙로55길 29,37.52615026393047,126.84609471543992,3,한우리 양천구 신월동
양천구,신월동,탑건위너빌,탑건위너빌,탑건위너빌아파트(418-4번지),서울 양천구 신월동 418-4,서울 양천구 오목로1길 27,37.5233987250457,126.83678793284676,3,탑건위너빌 양천구 신월동
양천구,목동,명지해드는터,명지해드는터,명지해드는터아파트,서울 양천구 목동 957,서울 양천구 목동중앙서로11길 49-5,37.53430277571684,126.86708151563283,3,명지해드는터 양천구 목동
양천구,신월동,이형원앙,이형원앙,이형원앙아파트,서울 양천구 신월동 516-7,서울 양천구 오목로 46-6,37.52139920274815,126.84261579849064,3,이형원앙 양천구 신월동
양천구,신월동,삼익4차플라주,삼익4차플라주,삼익4차플라주아파트,서울 양천구 신월동 1056,서울 양천구 신월로 203,37.52087578018377,126.8447028493675,3,삼익4차플라주 양천구 신월동
양천구,신월동,길성,길성,길성아파트,서울 양천구 신월동 538-6,서울 양천구 신월로15길 7,37.51902645935589,126.84163891596988,3,길성 양천구 신월동
양천구,신월동,은성,은성,은성아파트,서울 양천구 신월동 110-1,서울 양천구 곰달래로5길 30,37.5324113599566,126.833505383146,3,은성 양천구 신월동
양천구,신월동,대림(주상복합),대림,신월대림아파트,서울 양천구 신월동 491-1,서울 양천구 오목로13길 7,37.52371235821064,126.8448734453618,3,대림 양천구 신월동
양천구,목동,엘리시아,엘리시아,도화엘리시아,서울 양천구 목동 499-31,서울 양천구 목동중앙북로10길 45,37.5452555502053,126.868895229061,3,엘리시아 양천구 목동
양천구,목동,목동노블레스,목동노블레스,목동노블레스아파트,서울 양천구 목동 945,서울 양천구 목동중앙남로 12-3,37.53594087666899,126.86876671366642,3,목동노블레스 양천구 목동
양천구,신월동,미리내아파트,미리내아파트,미리내아파트,서울 양천구 신월동 54-10,서울 양천구 화곡로4길 3,37.53898363963803,126.82749843465947,3,미리내아파트 양천구 신월동
양천구,신정동,프리우스,프리우스,프리우스아파트,서울 양천구 신정동 86-6,서울 양천구 목동동로12길 22,37.52251403945163,126.87361382175058,3,프리우스 양천구 신정동
양천구,신정동,목동그린빌라트,목동그린빌라트,목동그린빌라트,서울 양천구 신정동 118-19,서울 양천구 목동동로12길 38,37.52237539200974,126.87541045386268,3,목동그린빌라트 양천구 신정동
양천구,신정동,신세계하이츠,신세계하이츠,신세계하이츠아파트,서울 양천구 신정동 979-34,서울 양천구 은행정로7길 14,37.52239899594568,126.8580041261171,3,신세계하이츠 양천구 신정동
양천구,신정동,럭키,럭키,럭키아파트,서울 양천구 신정동 958-10,서울 양천구 오목로40길 17,37.52325303361276,126.85791087659209,3,럭키 양천구 신정동
양천구,신월동,샤인팰리스,샤인팰리스,샤인팰리스아파트,서울 양천구 신월동 13-3,서울 양천구 화곡로3길 20-19,37.54123711920365,126.82817215347124,3,샤인팰리스 양천구 신월동
양천구,신월동,중흥,중흥,중흥아파트,서울 양천구 신월동 452-14,서울 양천구 중앙로57길 46,37.526489637441586,126.84380427734968,3,중흥 양천구 신월동
양천구,신월동,유림웰스빌,유림웰스빌,유림웰스빌아파트,서울 양천구 신월동 548-1,서울 양천구 남부순환로 585,37.5168220917386,126.83991970339018,3,유림웰스빌 양천구 신월동
양천구,신월동,수명산그린시아,수명산그린시아,수명산그린시아아파트,서울 양천구 신월동 1070,서울 양천구 월정로 299,37.54349019366168,126.82856981493786,3,수명산그린시아 양천구 신월동
양천구,신정동,신정동로마,신정동로마,신정동로마아파트 경로당,서울 양천구 신정동 962-18,서울 양천구 오목로38길 16,37.5238244174915,126.856543237142,3,신정동로마 양천구 신정동
양천구,신월동,동도하이츠,동도하이츠,동도 하이츠빌라,서울 양천구 신월동 123-20,서울 양천구 곰달래로9길 21,37.531698032336706,126.83497775424628,3,동도하이츠 양천구 신월동
양천구,목동,건진,건진,건진아빌라,서울 양천구 목동 772-15,서울 양천구 목동중앙남로 11-19,37.53493916502758,126.8689472338174,3,건진 양천구 목동
양천구,신월동,온누리,온누리,온누리베일리아파트,서울 양천구 신월동 207-43,서울 양천구 남부순환로 454,37.527499080455875,126.83348801885404,3,온누리 양천구 신월동
양천구,신월동,은일로즈힐,은일로즈힐,은일로즈힐아파트,서울 양천구 신월동 1003-4,서울 양천구 신월로 116,37.515913309075465,126.83686757975438,3,은일로즈힐 양천구 신월동
양천구,신정동,제일에비앙102동,제일에비앙,제일에비앙아파트,서울 양천구 신정동 990-16,서울 양천구 목동로21길 7,37.5251220741943,126.862789912367,3,제일에비앙 양천구 신정동
양천구,신월동,동도센트리움,동도센트리움,동도센트리움아파트,서울 양천구 신월동 1052,서울 양천구 오목로17길 7,37.52374311261479,126.84634401114836,3,동도센트리움 양천구 신월동
양천구,신정동,이펜하우스5단지,이펜하우스5단지,신정이펜하우스5단지아파트,서울 양천구 신정동 1318,서울 양천구 신정이펜1로 27,37.51075816249608,126.83327751347504,3,이펜하우스5단지 양천구 신정동
양천구,신정동,이펜하우스1단지,이펜하우스1단지,신정이펜하우스1단지아파트,서울 양천구 신정동 1321,서울 양천구 신정이펜1로 99,37.51464489072024,126.82687580072415,3,이펜하우스1단지 양천구 신정동
양천구,신월동,대진아파트,대진아파트,대진아파트,서울 양천구 신월동 411-3,서울 양천구 월정로11길 26,37.5255196740697,126.838091072136,3,대진아파트 양천구 신월동
양천구,신정동,동국화이트빌A동,동국화이트빌A동,동국화이트빌아파트,서울 양천구 신정동 879-18,서울 양천구 은행정로19길 1,37.52787770160274,126.85851754094024,3,동국화이트빌A동 양천구 신정동
양천구,신월동,삼익플라주(81-10),삼익플라주,삼익1차플라주아파트,서울 양천구 신월동 1042,서울 양천구 신월로 181,37.519561350412495,126.84275992627929,3,삼익플라주 양천구 신월동
양천구,목동,신한훼미리,신한훼미리,신한훼미리아파트,서울 양천구 목동 408-59,서울 양천구 오목로52길 19-1,37.524756342405816,126.867591687775,3,신한훼미리 양천구 목동
양천구,목동,대원,대원,대원칸타빌2단지아파트,서울 양천구 목동 941,서울 양천구 목동중앙로 11,37.53218334658922,126.86683637310608,3,대원 양천구 목동
양천구,신월동,오진참사랑,오진참사랑,오진참사랑아파트,서울 양천구 신월동 506-3,서울 양천구 오목로 100-6,37.523057392298696,126.84839070499912,3,오진참사랑 양천구 신월동
양천구,신정동,목동해오름103동,목동해오름,해오름공인중개사사무소,서울 양천구 신정동 318-1,서울 양천구 목동서로 277,37.5224589602915,126.869364998353,3,목동해오름 양천구 신정동
양천구,신월동,미진,미진,미진아파트,서울 양천구 신월동 510-7,서울 양천구 오목로10길 5,37.52198061676543,126.84417680142384,3,미진 양천구 신월동
양천구,신월동,거산,거산,거산아파트,서울 양천구 신월동 21-4,서울 양천구 월정로 249,37.540220704387146,126.83186657736393,3,거산 양천구 신월동
양천구,신월동,보람,보람,보람찬탁구,서울 양천구 신월동 513-15,서울 양천구 월정로 20,37.5215825988252,126.843665186152,3,보람 양천구 신월동
양천구,신정동,힐탑이루미,힐탑이루미,힐탑이루미아파트,서울 양천구 신정동 1305,서울 양천구 은행정로17길 80,37.52772509697548,126.8502083301619,3,힐탑이루미 양천구 신정동
양천구,신월동,우창,우창,우창아파트,서울 양천구 신월동 530-7,서울 양천구 신월로17길 21,37.5206808463135,126.841748540265,3,우창 양천구 신월동
양천구,신정동,삼천리,삼천리,삼천리자전거 신정점,서울 양천구 신정동 1052-1,서울 양천구 중앙로 234,37.51738946133422,126.8543362253334,3,삼천리 양천구 신정동
양천구,신월동,두원빌드피아(444-7),두원빌드피아,두원빌드피아아파트(444-7번지),서울 양천구 신월동 444-7,서울 양천구 오목로7길 6,37.52265134749515,126.8424299079248,3,두원빌드피아 양천구 신월동
양천구,신정동,정은스카이빌3차,정은스카이빌3차,정은스카이빌3차아파트,서울 양천구 신정동 1192-1,서울 양천구 중앙로45길 28-12,37.52212226010884,126.84988581951468,3,정은스카이빌3차 양천구 신정동
양천구,신정동,팰리스필,팰리스필,팰리스필아파트,서울 양천구 신정동 872-6,서울 양천구 신정중앙로15길 5-15,37.527880445392334,126.8541076657784,3,팰리스필 양천구 신정동
양천구,신월동,신월휘버스,신월휘버스,신월휘버스아파트,서울 양천구 신월동 1024,서울 양천구 신월로22길 10,37.5199586612976,126.846157206175,3,신월휘버스 양천구 신월동
양천구,신월동,덕현해밀(102동),덕현해밀,덕현해밀,서울 강서구 화곡동 453-18,서울 강서구 곰달래로31라길 30-6,37.533640727388814,126.85280438340318,1,덕현해밀 양천구 신월동
양천구,목동,목동태진드림피아,목동태진드림피아,목동태진드림피아아파트,서울 양천구 목동 755-2,서울 양천구 목동중앙로5가길 31,37.5378888965839,126.87045144918812,3,목동태진드림피아 양천구 목동
양천구,신월동,덕수펠리체(45),덕수펠리체,덕수펠리체,서울 양천구 신월동 68-1,서울 양천구 월정로38길 4,37.53839037536098,126.83349209007991,3,덕수펠리체 양천구 신월동
양천구,신월동,신라이프,신라이프,신라이프아파트,서울 양천구 신월동 48-13,서울 양천구 가로공원로 83,37.5356790152931,126.825211499934,3,신라이프 양천구 신월동
양천구,신정동,뉴타운,뉴타운,뉴타운아파트,서울 양천구 신정동 952-1,서울 양천구 오목로 172,37.5248767794931,126.85653669697648,3,뉴타운 양천구 신정동
양천구,신월동,연흥,연흥,연흥공업사,서울 양천구 신월동 42-5,서울 양천구 화곡로 34,37.5390670690115,126.82541178482,3,연흥 양천구 신월동
양천구,신월동,수명산타워빌,수명산타워빌,수명산타워빌아파트,서울 양천구 신월동 8-2,서울 양천구 월정로 293,37.54299642843175,126.82855736700644,3,수명산타워빌 양천구 신월동
양천구,목동,목동리버힐,목동리버힐,목동리버힐아파트,서울 양천구 목동 520-11,서울 양천구 목동중앙로13나길 20,37.5458206414593,126.880069795931,3,목동리버힐 양천구 목동
양천구,신월동,나이아가라,나이아가라,나이아가라아파트,서울 양천구 신월동 507-3,서울 양천구 오목로 88,37.52291171632687,126.84721450923006,3,나이아가라 양천구 신월동
양천구,신월동,상신,상신,상신아파트,서울 양천구 신월동 439-25,서울 양천구 오목로3길 3,37.5218348301481,126.839596776333,3,상신 양천구 신월동
양천구,신월동,목동센트럴아이파크위브1단지,목동센트럴아이파크위브1단지,목동센트럴아이파크위브 1단지상가 주차장,서울 양천구 신월동 1075,서울 양천구 남부순환로83길 17,37.5169253942449,126.841693126616,3,목동센트럴아이파크위브1단지 양천구 신월동
양천구,신정동,신정동경남아너스빌2차,신정동경남아너스빌2차,신정경남아너스빌2차아파트,서울 양천구 신정동 294-70,서울 양천구 신목로5길 21,37.51745923201471,126.8717717713636,3,신정동경남아너스빌2차 양천구 신정동
양천구,목동,리버하이츠,리버하이츠,리버하이츠아파트,서울 양천구 목동 131-45,서울 양천구 목동중앙로13다길 28,37.544025394596254,126.88140112359208,3,리버하이츠 양천구 목동
양천구,신월동,삼혜아트빌,삼혜아트빌,삼혜아트빌아파트,서울 양천구 신월동 1007-4,서울 양천구 남부순환로82길 2,37.5161473204321,126.839314854419,3,삼혜아트빌 양천구 신월동
양천구,신월동,삼백,삼백,삼백아파트,서울 양천구 신월동 440-10,서울 양천구 오목로3길 5-16,37.52184650188658,126.83890444182435,3,삼백 양천구 신월동
양천구,신월동,흥인아이젠,흥인아이젠,흥인아이젠아파트,서울 양천구 신월동 545-2,서울 양천구 신월로 155,37.5177963520105,126.840790880499,3,흥인아이젠 양천구 신월동
양천구,신월동,삼구,삼구,삼구아파트,서울 양천구 신월동 604-4,서울 양천구 신월로24길 28-6,37.519681416912114,126.846360258773,3,삼구 양천구 신월동
양천구,신월동,유림,유림,유림,서울 양천구 신월동 912-11,서울 양천구 지양로15길 3-1,37.52318752898265,126.83139914231296,3,유림 양천구 신월동
양천구,신월동,서울,서울,경기둘레길 부천55코스,서울 양천구 신월동 350-42,,37.5158332832762,126.823205919955,3,서울 양천구 신월동
양천구,신월동,목동센트럴아이파크위브4단지,목동센트럴아이파크위브4단지,목동센트럴아이파크위브4단지 정문 주차장,서울 양천구 신월동 1078,서울 양천구 남부순환로83길 47,37.5169702090589,126.844226810518,3,목동센트럴아이파크위브4단지 양천구 신월동
양천구,신월동,목동센트럴아이파크위브2단지,목동센트럴아이파크위브2단지,목동센트럴아이파크위브2단지 주차장,서울 양천구 신월동 1076,서울 양천구 남부순환로83길 18,37.5151084313355,126.8412897604,3,목동센트럴아이파크위브2단지 양천구 신월동
양천구,신정동,태화상가빌라트,태화상가빌라트,태화상가빌라트,서울 양천구 신정동 1021-7,서울 양천구 중앙로32길 67,37.520452708340834,126.86092971426392,3,태화상가빌라트 양천구 신정동
양천구,목동,신화타워,신화타워,신화타워아파트,서울 양천구 목동 502-1,서울 양천구 목동중앙북로 60,37.5469521478186,126.869725118571,3,신화타워 양천구 목동
양천구,신월동,목동센트럴아이파크위브3단지,목동센트럴아이파크위브3단지,목동센트럴아이파크위브3단지 후문주차장,서울 양천구 신월동 1077-2,,37.5175943561711,126.84540983826,3,목동센트럴아이파크위브3단지 양천구 신월동
양천구,목동,인우,인우,인우아파트,서울 양천구 목동 771-31,서울 양천구 목동중앙남로 11-32,37.53465796057984,126.86886400092128,3,인우 양천구 목동
양천구,신월동,디아이빌101동(331-101),디아이빌,디아이빌아파트,서울 양천구 신월동 331-101,서울 양천구 지양로17길 1,37.5233582516585,126.82857063964,3,디아이빌 양천구 신월동
양천구,신월동,청정,청정,청정아파트,서울 양천구 신월동 602-3,서울 양천구 신월로20길 5-11,37.52019196419116,126.84542370969136,3,청정 양천구 신월동
양천구,목동,목동훼미리,목동훼미리,목동훼미리아파트,서울 양천구 목동 315-4,서울 양천구 목동중앙본로19길 8,37.54230100737168,126.86874425115757,3,목동훼미리 양천구 목동
양천구,신월동,세제뉴타운,세제뉴타운,세제뉴타운아파트,서울 양천구 신월동 529-2,서울 양천구 신월로15길 15,37.51981166952254,126.84129337354256,3,세제뉴타운 양천구 신월동
양천구,신월동,명산그린빌,명산그린빌,명산그린빌아파트,서울 양천구 신월동 547-1,서울 양천구 남부순환로 565,37.518468099169176,126.83916508785282,3,명산그린빌 양천구 신월동
양천구,목동,웨스트빌(102동),웨스트빌,목동웨스트빌아파트,서울 양천구 목동 954,서울 양천구 목동중앙본로 48,37.54012180358096,126.86902642057385,3,웨스트빌 양천구 목동
양천구,신월동,디아이빌(331-107),디아이빌,디아이빌아파트,서울 양천구 신월동 331-101,서울 양천구 지양로17길 1,37.5233582516585,126.82857063964,3,디아이빌 양천구 신월동
양천구,목동,삼성(528-7),삼성,삼성증권 목동지점,서울 양천구 목동 406-21,서울 양천구 오목로 325,37.525063125353405,126.87375545588544,3,삼성 양천구 목동
양천구,신월동,대신,대신,대신아파트,서울 양천구 신월동 481-9,서울 양천구 오목로13길 16-1,37.52442321586826,126.84553602527951,3,대신 양천구 신월동
양천구,신월동,남영시티빌,남영시티빌,남영시티아파트,서울 양천구 신월동 488-3,서울 양천구 오목로11길 9-12,37.5235846192904,126.843661008751,3,남영시티빌 양천구 신월동
양천구,신정동,흥영,흥영,흥영빌딩아파트,서울 양천구 신정동 911-4,서울 양천구 신정중앙로 58,37.5268931859431,126.857999001806,3,흥영 양천구 신정동
양천구,신월동,양천홈타운2차아파트,양천홈타운2차아파트,양천홈타운2차아파트,서울 양천구 신월동 461-5,서울 양천구 중앙로55길 56,37.5259463921447,126.843168495605,3,양천홈타운2차아파트 양천구 신월동
양천구,신월동,행복한세상,행복한세상,행복한세상아파트,서울 양천구 신월동 29-7,서울 양천구 남부순환로 297,37.540122815148315,126.82586984392556,3,행복한세상 양천구 신월동
양천구,목동,동구햇살아파트2차,동구햇살아파트2차,동구햇살2차아파트,서울 양천구 목동 715-3,서울 양천구 목동중앙남로 80,37.54097196029477,126.86547650565984,3,동구햇살아파트2차 양천구 목동
양천구,신월동,은하아파트,은하아파트,은하아파트,서울 양천구 신월동 140-23,서울 양천구 곰달래로1길 50,37.53395380616632,126.83092234522752,3,은하아파트 양천구 신월동
양천구,목동,상진지오벨리,상진지오벨리,상진지오벨리아파트(743-19번지),서울 양천구 목동 743-19,서울 양천구 목동중앙본로5길 26,37.538660972488415,126.8679382299298,3,상진지오벨리 양천구 목동
양천구,신정동,미광,미광,미광아파트,서울 양천구 신정동 881-16,서울 양천구 은행정로 98,37.5285051435519,126.858805975208,3,미광 양천구 신정동
양천구,신월동,에이원,에이원,에이원아파트,서울 양천구 신월동 413-3,서울 양천구 월정로11길 9,37.52551851304295,126.83988302240054,3,에이원 양천구 신월동
양천구,신월동,빛여울,빛여울,빛여울아파트,서울 양천구 신월동 151-6,서울 양천구 가로공원로 78,37.53509783407819,126.82457925858463,3,빛여울 양천구 신월동
양천구,목동,상진지오밸리가동,상진지오밸리가동,상진지오벨리아파트(743-19번지) 가동,서울 양천구 목동 743-19,서울 양천구 목동중앙본로5길 26,37.538657367231814,126.86793710480912,3,상진지오밸리가동 양천구 목동
양천구,신월동,훼미리,훼미리,훼미리아파트,서울 양천구 신월동 166-27,서울 양천구 가로공원로64길 13,37.53474301459326,126.82837713282704,3,훼미리 양천구 신월동
양천구,목동,엘리온,엘리온,엘리온아파트,서울 양천구 목동 803-2,서울 양천구 목동중앙서로8길 29,37.531382666552,126.86631284137133,3,엘리온 양천구 목동
양천구,신정동,동림,동림,동림아파트,서울 양천구 신정동 1019-4,서울 양천구 은행정로6길 6,37.5212196183209,126.860299335021,3,동림 양천구 신정동
양천구,신정동,신일해피트리,신일해피트리,신일해피트리아파트,서울 양천구 신정동 1219-1,서울 양천구 중앙로29길 64,37.51750767980133,126.84875033053152,3,신일해피트리 양천구 신정동
양천구,목동,삼성(766-1),삼성,삼성증권 목동지점,서울 양천구 목동 406-21,서울 양천구 오목로 325,37.525063125353405,126.87375545588544,3,삼성 양천구 목동
양천구,신월동,보아스청와,보아스청와,보아스아파트,서울 양천구 신월동 422-7,서울 양천구 오목로3길 32,37.52414364941619,126.83860650638522,3,보아스청와 양천구 신월동
양천구,목동,왕자상가아파트,왕자상가아파트,왕자아파트,서울 양천구 목동 736-3,서울 양천구 목동중앙남로 38,37.5372363342113,126.866994843879,3,왕자상가아파트 양천구 목동
양천구,신정동,목동동보,목동동보,동보빌라,서울 양천구 목동 654-2,서울 양천구 목동중앙남로16마길 49,37.54586275136843,126.86405096956024,2,목동동보 양천구
양천구,신정동,제이월드,제이월드,제이월드아파트,서울 양천구 신정동 1020-3,서울 양천구 은행정로4길 6,37.520898918428614,126.8603474437966,3,제이월드 양천구 신정동
양천구,신월동,태산,태산,태산주택,서울 양천구 신월동 108-19,서울 양천구 월정로29길 22,37.53294875277602,126.83378703660264,3,태산 양천구 신월동
양천구,신월동,보람아파트,보람아파트,보람아파트,서울 양천구 신월동 457-6,서울 양천구 중앙로55길 20,37.52661951351936,126.84735062223908,3,보람아파트 양천구 신월동
양천구,신월동,원능한빛,원능한빛,원능한빛아파트,서울 양천구 신월동 1016,서울 양천구 남부순환로73길 16,37.5197523576412,126.840071810603,3,원능한빛 양천구 신월동
양천구,신월동,영남타운,영남타운,영남타운아파트,서울 양천구 신월동 547-7,서울 양천구 남부순환로 571,37.51783529006201,126.83960307539752,3,영남타운 양천구 신월동
양천구,신정동,태경아파트,태경아파트,태경하이츠아파트,서울 양천구 신정동 955-13,서울 양천구 은행정로11길 12,37.5240604926111,126.858045096242,3,태경아파트 양천구 신정동
양천구,신정동,밀레스트,밀레스트,밀레스트아파트,서울 양천구 신정동 891-1,서울 양천구 신정중앙로17길 14,37.528150123805595,126.86029998699736,3,밀레스트 양천구 신정동
양천구,신월동,라온미브아파트,라온미브아파트,라온미브아파트,서울 양천구 신월동 138-2,서울 양천구 남부순환로 385,37.53307936719584,126.83059508357437,3,라온미브아파트 양천구 신월동
양천구,신월동,성림,성림,성림푸드,서울 양천구 신월동 158-22,서울 양천구 남부순환로40길 42-1,37.5338182803926,126.826931053088,3,성림 양천구 신월동
양천구,목동,목동에버하임,목동에버하임,목동에버하임,서울 양천구 목동 966,서울 양천구 목동중앙북로 68,37.5465720785372,126.870683112446,3,목동에버하임 양천구 목동
양천구,신월동,스카이캐슬아파트(512-8),스카이캐슬아파트,스카이캐슬아파트,서울 양천구 신월동 512-8,서울 양천구 신월로 201,37.5205495275653,126.844634522031,3,스카이캐슬아파트 양천구 신월동
양천구,신월동,삼도(101),삼도,삼도아파트,서울 양천구 신월동 558-3,서울 양천구 남부순환로 591,37.51616659249952,126.84023782249866,3,삼도 양천구 신월동
양천구,목동,래디앙아파트,래디앙아파트,래디앙아파트,서울 양천구 목동 408-294,서울 양천구 오목로52길 23,37.52445412296663,126.86805377779984,3,래디앙아파트 양천구 목동
양천구,목동,청포도아파트,청포도아파트,청포도아파트,서울 양천구 목동 745-1,서울 양천구 목동중앙본로5길 23,37.53868122529174,126.86832402867388,3,청포도아파트 양천구 목동
양천구,신정동,신정그랑프리,신정그랑프리,신정그랑프리아파트,서울 양천구 신정동 1147-5,서울 양천구 중앙로23길 12,37.5160331286443,126.854074175554,3,신정그랑프리 양천구 신정동
양천구,신월동,청남,청남,청남아파트,서울 양천구 신월동 56-6,서울 양천구 남부순환로31길 24,37.5387372680261,126.829083073757,3,청남 양천구 신월동
양천구,목동,효원빌라트,효원빌라트,효원빌라트,서울 양천구 목동 135-6,서울 양천구 목동중앙로13길 2,37.54484988186526,126.88237523316498,3,효원빌라트 양천구 목동
양천구,신정동,로마아트빌,로마아트빌,로마아파트,서울 양천구 신정동 1148-7,서울 양천구 중앙로23길 22,37.5168688767527,126.853764875436,3,로마아트빌 양천구 신정동
양천구,신월동,홍익아파트,홍익아파트,홍익아파트,서울 양천구 신월동 494-1,서울 양천구 오목로17길 12,37.52417245277942,126.84670060874431,3,홍익아파트 양천구 신월동
양천구,신정동,헤브론,헤브론,헤브론아파트,서울 양천구 신정동 893-6,서울 양천구 국회대로 244,37.52910718196885,126.8619985980878,3,헤브론 양천구 신정동
양천구,신정동,푸른힐,푸른힐,푸른힐아파트,서울 양천구 신정동 949-1,서울 양천구 오목로 166,37.52477488640648,126.85573142845608,3,푸른힐 양천구 신정동
양천구,목동,행복자,행복자,행복자아파트,서울 양천구 목동 627-2,서울 양천구 목동중앙북로8가길 23,37.54659384385466,126.86596204402407,3,행복자 양천구 목동
양천구,신월동,세진아파트,세진아파트,세진아파트,서울 양천구 신월동 518-2,서울 양천구 오목로 30,37.5215720172268,126.84113693017,3,세진아파트 양천구 신월동
양천구,신월동,로즈그린타운,로즈그린타운,로즈그린타운아파트,서울 양천구 신월동 535-7,서울 양천구 신월로 185,37.5195297020445,126.843352736138,3,로즈그린타운 양천구 신월동
양천구,목동,미래드림캐슬,미래드림캐슬,미래드림캐슬아파트,서울 양천구 목동 713-30,서울 양천구 목동중앙남로 99,37.541673037664815,126.86399068586124,3,미래드림캐슬 양천구 목동
양천구,신정동,보성제이드,보성제이드,보성제이드아파트,서울 양천구 신정동 906-4,서울 양천구 은행정로 72,37.5260980573177,126.85913179814877,3,보성제이드 양천구 신정동
양천구,신월동,레미앙,레미앙,레미앙아파트,서울 양천구 신월동 1002-1,서울 양천구 신월로 120,37.51612649432067,126.83726527638936,3,레미앙 양천구 신월동
양천구,신정동,래미안목동아델리체(101동~118동),래미안목동아델리체,래미안목동아델리체아파트,서울 양천구 신정동 1326,서울 양천구 중앙로43길 14,37.519313142616056,126.85147510847378,3,래미안목동아델리체 양천구 신정동
양천구,신월동,엘림(986-13),엘림,엘림아파트,서울 양천구 신월동 986-13,서울 양천구 지양로3길 8,37.518737917655024,126.83619177359432,3,엘림 양천구 신월동
양천구,신정동,춘당아네시스,춘당아네시스,춘당아네시스아파트,서울 양천구 신정동 889-15,서울 양천구 신정중앙로19길 7,37.52730552976472,126.86152789931845,3,춘당아네시스 양천구 신정동
양천구,목동,미성,미성,미성헤어라인,서울 양천구 목동 770-1,서울 양천구 목동중앙남로 15-1,37.535644789917,126.868264876053,3,미성 양천구 목동
양천구,목동,목동다솔,목동다솔,다솔아파트,서울 양천구 목동 713-29,서울 양천구 목동중앙남로3가길 131,37.54145420737819,126.86408839419768,3,목동다솔 양천구 목동
양천구,신정동,제일에비앙101동,제일에비앙,제일에비앙아파트,서울 양천구 신정동 990-16,서울 양천구 목동로21길 7,37.5251220741943,126.862789912367,3,제일에비앙 양천구 신정동
양천구,신월동,엘림,엘림,엘림아파트,서울 양천구 신월동 986-13,서울 양천구 지양로3길 8,37.518737917655024,126.83619177359432,3,엘림 양천구 신월동
양천구,신월동,스위트드림아파트,스위트드림아파트,스위트드림아파트,서울 양천구 신월동 1074,서울 양천구 곰달래로11길 56,37.5345172652594,126.834336817982,3,스위트드림아파트 양천구 신월동
양천구,신월동,삼도(102),삼도,삼도아파트,서울 양천구 신월동 558-3,서울 양천구 남부순환로 591,37.51616659249952,126.84023782249866,3,삼도 양천구 신월동
양천구,신정동,까치마을,까치마을,까치마을아파트,서울 양천구 신정동 739-17,서울 양천구 남부순환로 700-5,37.50661648729093,126.84332543485849,3,까치마을 양천구 신정동
양천구,신월동,양천홈타운1차,양천홈타운1차,양천홈타운1차아파트,서울 양천구 신월동 456-1,서울 양천구 중앙로57길 9,37.5269592750619,126.848114690082,3,양천홈타운1차 양천구 신월동
양천구,신정동,목동해오름101동,목동해오름,해오름공인중개사사무소,서울 양천구 신정동 318-1,서울 양천구 목동서로 277,37.5224589602915,126.869364998353,3,목동해오름 양천구 신정동
양천구,목동,동원,동원,동원빌라 가동,서울 양천구 목동 231-103,서울 양천구 목동중앙본로18길 54,37.5406942147875,126.871741042844,3,동원 양천구 목동
양천구,신월동,양천홈타운3차,양천홈타운3차,양천홈타운3차,서울 양천구 신월동 470-26,서울 양천구 중앙로53길 14,37.52591338546414,126.84824917105814,3,양천홈타운3차 양천구 신월동
양천구,신월동,온누리베일리,온누리베일리,온누리베일리아파트,서울 양천구 신월동 207-43,서울 양천구 남부순환로 454,37.527499080455875,126.83348801885404,3,온누리베일리 양천구 신월동
양천구,신월동,우진(72-5),우진,우진파크빌,서울 양천구 신월동 195-31,서울 양천구 남부순환로60길 26-2,37.53092225714886,126.82802158929312,3,우진 양천구 신월동
양천구,신정동,목동신세계아파트,목동신세계아파트,목동신세계아파트,서울 양천구 신정동 119-175,서울 양천구 신목로6길 36-7,37.52145352645621,126.8761337046318,3,목동신세계아파트 양천구 신정동
양천구,신정동,성재세인트,성재세인트,성재세인트아파트,서울 양천구 신정동 976-3,서울 양천구 은행정로7길 39-1,37.52184042261758,126.85507644355243,3,성재세인트 양천구 신정동
양천구,목동,동도빌라트,동도빌라트,동도아파트(806-25번지),서울 양천구 목동 806-25,서울 양천구 국회대로 271,37.53027845957731,126.86509747700016,3,동도빌라트 양천구 목동
양천구,신월동,대운2차,대운2차,대운2차아파트,서울 양천구 신월동 57-5,서울 양천구 남부순환로33길 17,37.53824726851308,126.82918263026818,3,대운2차 양천구 신월동
양천구,신월동,삼성,삼성,삼성쉐르빌,서울 양천구 신월동 67-3,서울 양천구 월정로38길 4-10,37.53848138260955,126.83413682896789,3,삼성 양천구 신월동
양천구,신월동,조광,조광,조광아파트,서울 양천구 신월동 558-1,서울 양천구 남부순환로 589,37.5164079136038,126.840128718352,3,조광 양천구 신월동
양천구,신정동,청자,청자,청자아파트,서울 양천구 신정동 915-12,서울 양천구 은행정로15길 22,37.52578523957828,126.85674311363292,3,청자 양천구 신정동
양천구,신월동,경희,경희,양천경희한의원,서울 양천구 신월동 575-24,서울 양천구 신월로 180,37.5187909046878,126.843371248249,3,경희 양천구 신월동
양천구,목동,우당,우당,우당아파트,서울 양천구 목동 808-9,서울 양천구 국회대로 276,37.5296052034009,126.86570508895193,3,우당 양천구 목동
양천구,신정동,중앙하이츠목동펠리시티,중앙하이츠목동펠리시티,목동중앙하이츠펠리시티아파트,서울 양천구 신정동 988-5,서울 양천구 오목로 212,37.5254302870722,126.861307372222,3,중앙하이츠목동펠리시티 양천구 신정동
양천구,신정동,제이클래스목동주상복합,제이클래스목동주상복합,킴스편의점 신정점,서울 양천구 신정동 922-1,서울 양천구 오목로 147,37.524951516325565,126.85356244027926,3,제이클래스목동주상복합 양천구 신정동
양천구,신월동,신월보성,신월보성,신월보성아파트,서울 양천구 신월동 465-5,서울 양천구 오목로13길 33,37.525863461863494,126.84450245473316,3,신월보성 양천구 신월동
양천구,신정동,동국화이트빌B동,동국화이트빌B동,동국화이트빌아파트,서울 양천구 신정동 879-18,서울 양천구 은행정로19길 1,37.52787770160274,126.85851754094024,3,동국화이트빌B동 양천구 신정동
양천구,신정동,래미안목동아델리체(119동~123동),래미안목동아델리체,래미안목동아델리체아파트,서울 양천구 신정동 1326,서울 양천구 중앙로43길 14,37.519313142616056,126.85147510847378,3,래미안목동아델리체 양천구 신정동
양천구,신월동,대영월드(B동),대영월드,대영월드아파트,서울 양천구 신월동 59-7,서울 양천구 남부순환로31길 33-1,37.5390075808689,126.830341798197,3,대영월드 양천구 신월동
양천구,신정동,호반써밋목동,호반써밋목동,호반써밋목동아파트,서울 양천구 신정동 1327,서울 양천구 중앙로29길 11,37.51654901558716,126.85303477996884,3,호반써밋목동 양천구 신정동
양천구,목동,목동성삼하이츠,목동성삼하이츠,성삼하이츠아파트,서울 양천구 목동 406-38,서울 양천구 목동서로 238,37.525905981225335,126.86917345683094,3,목동성삼하이츠 양천구 목동
양천구,목동,상록,상록,상록아파트,서울 양천구 목동 806-18,서울 양천구 국회대로 269,37.53019161694477,126.86479443131816,3,상록 양천구 목동
양천구,신정동,지오프레저101동,지오프레저,지오프레저아파트,서울 양천구 신정동 958-16,서울 양천구 은행정로11나길 10,37.52328217562014,126.8581687455588,3,지오프레저 양천구 신정동
양천구,목동,목동글로리파크,목동글로리파크,목동글로리파크아파트,서울 양천구 목동 773-3,서울 양천구 목동중앙로 43,37.53353244298296,126.86952557877832,3,목동글로리파크 양천구 목동
양천구,신월동,신목동비바힐스,신목동비바힐스,신목동비바힐스아파트,서울 양천구 신월동 981-2,,37.5168056164374,126.83775019556,3,신목동비바힐스 양천구 신월동
양천구,신월동,세진,세진,세진아파트,서울 양천구 신월동 518-2,서울 양천구 오목로 30,37.5215720172268,126.84113693017,3,세진 양천구 신월동
양천구,신정동,상진,상진,상진설비,서울 양천구 신정동 1023-25,서울 양천구 신월로36길 17-1,37.5201048990621,126.858634026445,3,상진 양천구 신정동
양천구,목동,연지프로빌,연지프로빌,연지프로빌아파트,서울 양천구 목동 405-300,서울 양천구 오목로54길 1,37.52424380023577,126.87346157729588,3,연지프로빌 양천구 목동
양천구,목동,태청,태청,태청아파트,서울 양천구 목동 624-5,서울 양천구 목동중앙북로4길 43,37.5466576334051,126.864226055596,3,태청 양천구 목동
강서구,화곡동,일성스카이빌,일성스카이빌,일성스카이빌아파트,서울 강서구 화곡동 914-3,서울 강서구 강서로5나길 50,37.528792891159256,126.8453980436188,3,일성스카이빌 강서구 화곡동
강서구,가양동,강서한강자이,강서한강자이,강서한강자이아파트,서울 강서구 가양동 1500,서울 강서구 양천로55길 55,37.56624478062903,126.84895972005737,3,강서한강자이 강서구 가양동
강서구,등촌동,코오롱하늘채,코오롱하늘채,코오롱하늘채아파트,서울 강서구 등촌동 714,서울 강서구 공항대로55길 19,37.55431018681333,126.86068461598684,3,코오롱하늘채 강서구 등촌동
강서구,방화동,한오,한오,한오아파트,서울 강서구 방화동 547-11,서울 강서구 양천로14길 86-5,37.56908001888919,126.8084622907313,3,한오 강서구 방화동
강서구,화곡동,계명(350-34),계명,계명워너스,서울 강서구 화곡동 46-37,서울 강서구 까치산로14길 41-9,37.544529502123595,126.8493882745336,3,계명 강서구 화곡동
강서구,화곡동,강서뉴타워,강서뉴타워,강서뉴타워아파트,서울 강서구 화곡동 1071-19,서울 강서구 화곡로18길 24,37.5391066610451,126.835414022386,3,강서뉴타워 강서구 화곡동
강서구,내발산동,마곡수명산파크5단지,마곡수명산파크5단지,마곡수명산파크5단지아파트,서울 강서구 내발산동 749,서울 강서구 수명로2길 105,37.55140212822092,126.82690398173058,3,마곡수명산파크5단지 강서구 내발산동
강서구,화곡동,한울아파트,한울아파트,한울아파트,서울 강서구 화곡동 899-8,서울 강서구 강서로7길 18,37.52972544767578,126.84679672247408,3,한울아파트 강서구 화곡동
강서구,마곡동,한림리첸빌102동,한림리첸빌,한림리첸빌아파트,서울 강서구 마곡동 1168,서울 강서구 양천로 128,37.5731354185611,126.81816446189109,3,한림리첸빌 강서구 마곡동
강서구,마곡동,마곡엠밸리10단지,마곡엠밸리10단지,마곡엠밸리10단지아파트,서울 강서구 마곡동 747,서울 강서구 마곡중앙1로 72,37.559601057252536,126.81899980047989,3,마곡엠밸리10단지 강서구 마곡동
강서구,가양동,가양2단지(성지),가양2단지,가양2단지성지아파트,서울 강서구 가양동 1461,서울 강서구 허준로 47,37.57041674787212,126.84714016116638,3,가양2단지 강서구 가양동
강서구,가양동,가양6단지,가양6단지,가양6단지아파트,서울 강서구 가양동 1485,서울 강서구 허준로 175,37.56323020308249,126.85929280899492,3,가양6단지 강서구 가양동
강서구,방화동,신세계아파트,신세계아파트,신세계아파트,서울 강서구 방화동 903,서울 강서구 양천로10길 37,37.57107502702703,126.8091465505611,3,신세계아파트 강서구 방화동
강서구,등촌동,대동황토방,대동황토방,대동황토방1차아파트,서울 강서구 등촌동 631-9,서울 강서구 공항대로59길 103,37.55592120832054,126.8622536035898,3,대동황토방 강서구 등촌동
강서구,마곡동,마곡엠밸리8단지,마곡엠밸리8단지,마곡엠밸리8단지아파트,서울 강서구 마곡동 741,서울 강서구 마곡서1로 81,37.563900335238614,126.82000015033874,3,마곡엠밸리8단지 강서구 마곡동
강서구,화곡동,강서힐스테이트,강서힐스테이트,강서힐스테이트아파트,서울 강서구 화곡동 1165,서울 강서구 우현로 67,37.54675178573402,126.84011485946368,3,강서힐스테이트 강서구 화곡동
강서구,염창동,염창2차보람,염창2차보람,염창보람2차아파트,서울 강서구 염창동 271-4,서울 강서구 공항대로59다길 61,37.552567543084216,126.86683180058492,3,염창2차보람 강서구 염창동
강서구,염창동,염창동예성그린캐슬,염창동예성그린캐슬,염창예성그린캐슬아파트,서울 강서구 염창동 242-8,서울 강서구 양천로65길 46,37.55533605318809,126.86740632057904,3,염창동예성그린캐슬 강서구 염창동
강서구,등촌동,주공3,주공3,등촌주공3단지아파트,서울 강서구 등촌동 688,서울 강서구 강서로56나길 37,37.561643003835755,126.84110960908755,3,주공3 강서구 등촌동
강서구,화곡동,남광아파트,남광아파트,남광아파트,서울 강서구 화곡동 920-15,서울 강서구 곰달래로18길 3,37.53000406330272,126.84149126201368,3,남광아파트 강서구 화곡동
강서구,화곡동,중앙화곡하이츠,중앙화곡하이츠,중앙하이츠아파트,서울 강서구 화곡동 351-89,서울 강서구 강서로17가길 46,37.53571572533554,126.84368547031292,3,중앙화곡하이츠 강서구 화곡동
강서구,화곡동,한양아이클래스,한양아이클래스,한양아이클래스,서울 강서구 화곡동 926-5,서울 강서구 강서로7길 107,37.52885047447924,126.84193379067624,3,한양아이클래스 강서구 화곡동
강서구,마곡동,마곡엠벨리(14단지),마곡엠벨리,마곡엠밸리9단지아파트,서울 강서구 마곡동 744,서울 강서구 공항대로 103,37.56199729395976,126.8187314187724,3,마곡엠벨리 강서구 마곡동
강서구,염창동,동아,동아,염창동아1차아파트,서울 강서구 염창동 292,서울 강서구 양천로69길 58,37.55469784121982,126.87286234897358,3,동아 강서구 염창동
강서구,내발산동,청솔102동,청솔,청솔펠리체,서울 강서구 내발산동 695-5,서울 강서구 강서로47라길 38,37.5513172137832,126.832371275091,3,청솔 강서구 내발산동
강서구,내발산동,우장산힐스테이트,우장산힐스테이트,우장산힐스테이트아파트,서울 강서구 내발산동 657,서울 강서구 강서로 348,37.55629539035237,126.83896612119196,3,우장산힐스테이트 강서구 내발산동
강서구,방화동,방화동동부센트레빌(875번지),방화동동부센트레빌,방화동부센트레빌아파트,서울 강서구 방화동 875,서울 강서구 방화대로45길 32,37.57470179939911,126.81497740346472,3,방화동동부센트레빌 강서구 방화동
강서구,마곡동,마곡엠벨리(15단지),마곡엠벨리,마곡엠밸리9단지아파트,서울 강서구 마곡동 744,서울 강서구 공항대로 103,37.56199729395976,126.8187314187724,3,마곡엠벨리 강서구 마곡동
강서구,내발산동,마곡수명산파크6단지,마곡수명산파크6단지,마곡수명산파크6단지아파트,서울 강서구 내발산동 759,서울 강서구 수명로2길 63,37.55036965968804,126.8257294477695,3,마곡수명산파크6단지 강서구 내발산동
강서구,화곡동,올림푸스,올림푸스,올림푸스,서울 강서구 화곡동 26-17,서울 강서구 화곡로42길 25-12,37.54659919199232,126.84735854874808,3,올림푸스 강서구 화곡동
강서구,등촌동,두보아파트,두보아파트,두보아파트,서울 강서구 등촌동 365-195,,37.551220038873325,126.85788948777392,3,두보아파트 강서구 등촌동
강서구,내발산동,우장산월드메르디앙,우장산월드메르디앙,우장산월드메르디앙아파트,서울 강서구 내발산동 734,서울 강서구 우장산로 8,37.55438427424342,126.83823235448732,3,우장산월드메르디앙 강서구 내발산동
강서구,방화동,방화5,방화5,방화5단지아파트,서울 강서구 방화동 814,서울 강서구 금낭화로 287-19,37.577188249249225,126.81025282111108,3,방화5 강서구 방화동
강서구,염창동,현대1,현대1,서울강서 염창현대아파트 1 전기차충전소,서울 강서구 염창동 288,서울 강서구 양천로75길 57,37.5533142737277,126.87489044348,3,현대1 강서구 염창동
강서구,방화동,마곡중앙하이츠아파트,마곡중앙하이츠아파트,마곡중앙하이츠아파트,서울 강서구 방화동 852,서울 강서구 양천로6길 28,37.57088920087895,126.80679480031296,3,마곡중앙하이츠아파트 강서구 방화동
강서구,화곡동,"우장산아이파크,이편한세상","우장산아이파크,이편한세상",우장산아이파크이편한세상아파트,서울 강서구 화곡동 1159,서울 강서구 강서로 266,37.54942822036064,126.83781756883712,3,"우장산아이파크,이편한세상 강서구 화곡동"
강서구,화곡동,드림시드아파트,드림시드아파트,드림시드1차아파트,서울 강서구 화곡동 899-13,서울 강서구 강서로7길 20-10,37.53002528923573,126.84664903392256,3,드림시드아파트 강서구 화곡동
강서구,화곡동,우장산청솔(992-10),우장산청솔,우장산청솔아파트,서울 강서구 화곡동 992-10,서울 강서구 화곡로53길 75,37.55204678752979,126.84471967583367,3,우장산청솔 강서구 화곡동
강서구,화곡동,강서동도센트리움,강서동도센트리움,강서동도센트리움,서울 강서구 화곡동 1161,서울 강서구 공항대로46길 28,37.55468004221825,126.85288184243714,3,강서동도센트리움 강서구 화곡동
강서구,등촌동,우당,우당,우당아파트,서울 강서구 등촌동 653-13,서울 강서구 공항대로 461-45,37.55460094317833,126.85819089577458,3,우당 강서구 등촌동
강서구,염창동,동아3,동아3,기업은행 동아3차아파트 상가 ATM,서울 강서구 염창동 258-1,서울 강서구 양천로 731,37.550179632261795,126.8774000317916,3,동아3 강서구 염창동
강서구,화곡동,원흥타운,원흥타운,원흥타운아파트,서울 강서구 화곡동 1087-5,서울 강서구 화곡로18길 30-11,37.53853015573525,126.83551033356922,3,원흥타운 강서구 화곡동
강서구,방화동,개화산경남아너스빌,개화산경남아너스빌,개화산경남아너스빌아파트,서울 강서구 방화동 887,서울 강서구 양천로14가길 23,37.571894815409806,126.80851847323729,3,개화산경남아너스빌 강서구 방화동
강서구,화곡동,삼성,삼성,삼성빌라트,서울 강서구 화곡동 410-3,서울 강서구 초록마을로26길 9-9,37.537781958006995,126.85012598477472,3,삼성 강서구 화곡동
강서구,화곡동,우공아파트,우공아파트,우공아파트,서울 강서구 화곡동 922-18,서울 강서구 월정로20길 42,37.52965196832494,126.8409670641236,3,우공아파트 강서구 화곡동
강서구,마곡동,마곡엠밸리6단지,마곡엠밸리6단지,마곡엠밸리6단지아파트,서울 강서구 마곡동 743,서울 강서구 마곡서1로 100,37.56575310518382,126.8196221692863,3,마곡엠밸리6단지 강서구 마곡동
강서구,화곡동,계명아파트다동,계명아파트다동,계명아파트(다동),서울 강서구 화곡동 343-45,서울 강서구 강서로 43-18,37.531149227521745,126.84625641180276,3,계명아파트다동 강서구 화곡동
강서구,화곡동,삼도,삼도,삼도아파트,서울 강서구 화곡동 913-1,서울 강서구 곰달래로20길 31-10,37.528680788094306,126.84374087949084,3,삼도 강서구 화곡동
강서구,가양동,강변,강변,강변아파트,서울 강서구 가양동 1475,서울 강서구 허준로 139,37.56521522448027,126.85566705807918,3,강변 강서구 가양동
강서구,화곡동,유림노르웨이숲(919-1),유림노르웨이숲,유림노르웨이숲아파트,서울 강서구 화곡동 919-1,서울 강서구 곰달래로 96,37.53009333471815,126.8435727557954,3,유림노르웨이숲 강서구 화곡동
강서구,방화동,장미,장미,장미아파트,서울 강서구 방화동 841,서울 강서구 양천로 125,37.57429846387405,126.8174914797613,3,장미 강서구 방화동
강서구,등촌동,제일(코오롱),제일,등촌제일교회,서울 강서구 등촌동 643-7,서울 강서구 화곡로66길 118,37.5554492915851,126.859370817181,3,제일 강서구 등촌동
강서구,마곡동,신안,신안,신안,서울 강서구 마곡동 327-53,서울 강서구 방화대로34길 120,37.57128051358926,126.82366922210711,3,신안 강서구 마곡동
강서구,염창동,염창2차한화꿈에그린,염창2차한화꿈에그린,염창한화꿈에그린2차아파트,서울 강서구 염창동 302,서울 강서구 공항대로63길 16,37.55171702865703,126.86685594739777,3,염창2차한화꿈에그린 강서구 염창동
강서구,화곡동,화곡보람,화곡보람,화곡보람2차아파트,서울 강서구 화곡동 1149,서울 강서구 공항대로48길 12,37.5540379993252,126.8546338619796,3,화곡보람 강서구 화곡동
강서구,마곡동,마곡힐스테이트,마곡힐스테이트,마곡힐스테이트아파트,서울 강서구 마곡동 1589,서울 강서구 마곡중앙3로 74,37.564601848129286,126.818000710849,3,마곡힐스테이트 강서구 마곡동
강서구,화곡동,오복뜨란체,오복뜨란체,오복뜨란채아파트,서울 강서구 화곡동 1021-7,서울 강서구 강서로41길 33,37.54446620762252,126.83570550028207,3,오복뜨란체 강서구 화곡동
강서구,내발산동,천우캐슬,천우캐슬,천우캐슬아파트,서울 강서구 내발산동 702-7,서울 강서구 우장산로2길 72,37.55163258979641,126.8368938724553,3,천우캐슬 강서구 내발산동
강서구,등촌동,등촌동아이파크,등촌동아이파크,등촌아이파크아파트,서울 강서구 등촌동 715,서울 강서구 등촌로 163,37.54391753935604,126.86022983444474,3,등촌동아이파크 강서구 등촌동
강서구,염창동,이너스내안에201동,이너스내안에,이너스내안에아파트,서울 강서구 염창동 254-2,서울 강서구 양천로75길 22-21,37.55073989226885,126.87638175020686,3,이너스내안에 강서구 염창동
강서구,마곡동,한솔솔파크,한솔솔파크,마곡한솔솔파크아파트,서울 강서구 마곡동 716,서울 강서구 양천로30길 77,37.56967982036183,126.8233164322922,3,한솔솔파크 강서구 마곡동
강서구,방화동,방화4단지,방화4단지,방화4단지아파트,서울 강서구 방화동 831,서울 강서구 방화대로47가길 22,37.577000642372525,126.8146637956922,3,방화4단지 강서구 방화동
강서구,방화동,한숲마을대림,한숲마을대림,마곡한숲대림아파트,서울 강서구 방화동 862,서울 강서구 방화대로50길 7,37.57725015596032,126.81751597345443,3,한숲마을대림 강서구 방화동
강서구,내발산동,천우네오젠,천우네오젠,천우네오젠아파트,서울 강서구 내발산동 665-17,서울 강서구 우장산로 13,37.554759963687594,126.83887209707032,3,천우네오젠 강서구 내발산동
강서구,내발산동,롯데2,롯데2,롯데백화점 김포공항점 주차장 게이트2,서울 강서구 방화동 886,,37.5640748404144,126.801818623284,2,롯데2 강서구 내발산동
강서구,방화동,삼미,삼미,삼미아파트,서울 강서구 방화동 585-4,서울 강서구 초원로 30,37.56740052826007,126.8084394253564,3,삼미 강서구 방화동
강서구,화곡동,우성(353-27),우성,우성,서울 강서구 화곡동 351-30,서울 강서구 가로공원로76가길 83-17,37.53535770775017,126.84276523453016,3,우성 강서구 화곡동
강서구,방화동,방화그린,방화그린,방화삼정그린코아아파트,서울 강서구 방화동 567-4,서울 강서구 방화동로 126,37.57197597229787,126.81192326744709,3,방화그린 강서구 방화동
강서구,등촌동,한사랑2삼성,한사랑2삼성,한사랑2차삼성아파트,서울 강서구 등촌동 634-2,서울 강서구 공항대로59길 64,37.55461156744604,126.86416183082495,3,한사랑2삼성 강서구 등촌동
강서구,화곡동,에이원,에이원,에이원아파트,서울 강서구 화곡동 392-58,서울 강서구 강서로12길 41,37.53217218059496,126.84929885765358,3,에이원 강서구 화곡동
강서구,화곡동,리치아파트,리치아파트,리치아파트,서울 강서구 화곡동 924-1,서울 강서구 월정로20길 60,37.5296984121968,126.842005538677,3,리치아파트 강서구 화곡동
강서구,방화동,대림e-편한세상,대림e-편한세상,방화동 대림e편한세상 전기차충전소,서울 강서구 방화동 874,서울 강서구 양천로6길 57,37.570122016376,126.808183425632,3,대림e-편한세상 강서구 방화동
강서구,방화동,청솔,청솔,방화3단지청솔아파트,서울 강서구 방화동 832,서울 강서구 방화대로47길 55,37.575632056712,126.81296460332922,3,청솔 강서구 방화동
강서구,등촌동,동성,동성,등촌동성아파트,서울 강서구 등촌동 691-1,서울 강서구 강서로68길 108,37.56386927605083,126.84579983574528,3,동성 강서구 등촌동
강서구,마곡동,마곡엠밸리12단지,마곡엠밸리12단지,마곡엠밸리12단지아파트,서울 강서구 마곡동 746-1,서울 강서구 공항대로 140,37.55929987929169,126.82299801280304,3,마곡엠밸리12단지 강서구 마곡동
강서구,화곡동,태승,태승,태승아파트,서울 강서구 화곡동 887-11,서울 강서구 국회대로7길 171,37.52884914239203,126.85131478644978,3,태승 강서구 화곡동
강서구,화곡동,화곡예다움,화곡예다움,화곡예다움아파트,서울 강서구 화곡동 461-4,서울 강서구 등촌로13자길 79,37.536709139904566,126.8539388533446,3,화곡예다움 강서구 화곡동
강서구,화곡동,우장산롯데캐슬,우장산롯데캐슬,우장산롯데캐슬아파트,서울 강서구 화곡동 1145,서울 강서구 공항대로 382,37.555186577852744,126.84804044324358,3,우장산롯데캐슬 강서구 화곡동
강서구,화곡동,은하센트리움,은하센트리움,은하센트리움아파트,서울 강서구 화곡동 894-9,서울 강서구 강서로8길 11,37.529955753432,126.848621114597,3,은하센트리움 강서구 화곡동
강서구,내발산동,마곡수명산파크7단지,마곡수명산파크7단지,마곡수명산파크7단지아파트,서울 강서구 내발산동 756,서울 강서구 수명로2가길 22,37.54829652294917,126.82274226031494,3,마곡수명산파크7단지 강서구 내발산동
강서구,등촌동,임광,임광,그린임광아파트,서울 강서구 등촌동 562-5,서울 강서구 등촌로 113,37.54047939622499,126.8633682625169,3,임광 강서구 등촌동
강서구,마곡동,마곡13단지힐스테이트마스터,마곡13단지힐스테이트마스터,마곡13단지힐스테이트마스터아파트,서울 강서구 마곡동 748,서울 강서구 마곡중앙1로 71,37.55771609731765,126.81777865696876,3,마곡13단지힐스테이트마스터 강서구 마곡동
강서구,화곡동,도양라비앙아파트,도양라비앙아파트,도양라비앙아파트,서울 강서구 화곡동 918-14,서울 강서구 곰달래로22길 15,37.52970179462331,126.84455444819258,3,도양라비앙아파트 강서구 화곡동
강서구,화곡동,대림e편한세상,대림e편한세상,방화동e편한세상아파트,서울 강서구 방화동 874,서울 강서구 양천로6길 57,37.5700994916236,126.80818348339636,2,대림e편한세상 강서구
강서구,화곡동,성재센트리움아파트(343-35),성재센트리움아파트,성재센트리움아파트(918-38),서울 강서구 화곡동 918-38,서울 강서구 곰달래로22길 5,37.53015920069868,126.84432496619564,3,성재센트리움아파트 강서구 화곡동
강서구,화곡동,프라임주택,프라임주택,프라임주택,서울 강서구 화곡동 924-14,서울 강서구 강서로7길 108,37.52915746792092,126.84174873524069,3,프라임주택 강서구 화곡동
강서구,염창동,무학,무학,염창무학아파트,서울 강서구 염창동 255,서울 강서구 양천로77길 45,37.55139600220708,126.87655720734318,3,무학 강서구 염창동
강서구,염창동,염창1차한화꿈에그린,염창1차한화꿈에그린,염창한화꿈에그린1차아파트,서울 강서구 염창동 281-22,서울 강서구 공항대로75길 17,37.548181228985264,126.87314500745944,3,염창1차한화꿈에그린 강서구 염창동
강서구,방화동,한진로즈힐,한진로즈힐,별별탁구장 무인24시 마곡점,서울 강서구 방화동 579,서울 강서구 양천로24가길 59,37.5709744843263,126.813321501065,3,한진로즈힐 강서구 방화동
강서구,등촌동,부영,부영,부영아파트,서울 강서구 등촌동 691-3,서울 강서구 강서로56나길 110,37.56355649410892,126.84364090076735,3,부영 강서구 등촌동
강서구,내발산동,진한연립,진한연립,진한빌라,서울 강서구 내발산동 720-4,서울 강서구 강서로 263-29,37.54921287566909,126.83456570747369,3,진한연립 강서구 내발산동
강서구,방화동,태청,태청,태청아파트,서울 강서구 방화동 319-9,서울 강서구 방화대로49길 6-21,37.57814929152867,126.81631830731106,3,태청 강서구 방화동
강서구,화곡동,강서그랜드아이파크주상복합,강서그랜드아이파크주상복합,그랜드아이파크아파트,서울 강서구 화곡동 1095,서울 강서구 화곡로 347,37.55485549494153,126.85125068373078,3,강서그랜드아이파크주상복합 강서구 화곡동
강서구,화곡동,화곡동복지,화곡동복지,곰달래어르신복지센터,서울 강서구 화곡동 890,서울 강서구 강서로5길 50,37.5290406461714,126.848862806645,3,화곡동복지 강서구 화곡동
강서구,내발산동,문국,문국,문국아파트,서울 강서구 내발산동 708-1,서울 강서구 강서로47가길 24,37.55157730454164,126.8353617065196,3,문국 강서구 내발산동
강서구,화곡동,태영방송인,태영방송인,태영방송인아파트,서울 강서구 화곡동 1140,서울 강서구 등촌로13자길 74,37.53746934094379,126.85374275931876,3,태영방송인 강서구 화곡동
강서구,화곡동,대호스카이빌,대호스카이빌,대호스카이빌,서울 강서구 화곡동 161-7,서울 강서구 곰달래로31마길 43,37.5345337138729,126.85360593403595,3,대호스카이빌 강서구 화곡동
강서구,화곡동,요산페어뷰,요산페어뷰,요산페어뷰아파트,서울 강서구 화곡동 377-21,서울 강서구 가로공원로 177-3,37.53730482084038,126.83552773410575,3,요산페어뷰 강서구 화곡동
강서구,등촌동,삼형.그레이스빌,삼형.그레이스빌,삼형그레이스빌아파트,서울 강서구 등촌동 564-7,서울 강서구 등촌로 91,37.53826633144267,126.86318673906084,3,삼형.그레이스빌 강서구 등촌동
강서구,마곡동,마곡삼성아파트,마곡삼성아파트,마곡삼성아파트,서울 강서구 마곡동 1478,서울 강서구 방화대로34길 113,37.572212217592,126.82191923935102,3,마곡삼성아파트 강서구 마곡동
강서구,염창동,대림,대림,대림아파트,서울 강서구 염창동 262-2,서울 강서구 공항대로75길 42,37.548176764652325,126.87572511535204,3,대림 강서구 염창동
강서구,염창동,삼성한아름,삼성한아름,삼성한아름아파트,서울 강서구 염창동 264-27,서울 강서구 양천로 686-5,37.5499861395408,126.87167306652148,3,삼성한아름 강서구 염창동
강서구,화곡동,명지해드는터,명지해드는터,명지해드는터아파트,서울 강서구 화곡동 473-4,서울 강서구 등촌로13아길 44,37.53683448579544,126.85622866628736,3,명지해드는터 강서구 화곡동
강서구,화곡동,미주,미주,미주아파트,서울 강서구 화곡동 474-1,서울 강서구 등촌로13자길 51,37.53744592417745,126.85521257227852,3,미주 강서구 화곡동
강서구,내발산동,롯데1차,롯데1차,우장산롯데1차아파트,서울 강서구 내발산동 728,서울 강서구 우장산로 38,37.55412505065589,126.8410803033173,3,롯데1차 강서구 내발산동
강서구,화곡동,성재센트리움,성재센트리움,성재센트리움아파트(918-38),서울 강서구 화곡동 918-38,서울 강서구 곰달래로22길 5,37.53015920069868,126.84432496619564,3,성재센트리움 강서구 화곡동
강서구,염창동,극동상록수,극동상록수,극동상록수아파트,서울 강서구 염창동 280,서울 강서구 공항대로71길 31,37.548864877951715,126.8721163258115,3,극동상록수 강서구 염창동
강서구,화곡동,그라비스,그라비스,그라비스아파트,서울 강서구 화곡동 840-6,서울 강서구 강서로10길 193,37.531434969663145,126.858614907772,3,그라비스 강서구 화곡동
강서구,염창동,금호타운,금호타운,염창금호타운아파트,서울 강서구 염창동 240-32,서울 강서구 양천로 595,37.55631737112409,126.86513656296268,3,금호타운 강서구 염창동
강서구,염창동,성원,성원,강변성원아파트,서울 강서구 염창동 295,서울 강서구 양천로69길 65,37.55557907969578,126.87208674520782,3,성원 강서구 염창동
강서구,화곡동,천우네오젠(790-3),천우네오젠,천우네오젠,서울 강서구 화곡동 407-15,서울 강서구 초록마을로37길 13,37.535118244570214,126.84565087160168,3,천우네오젠 강서구 화곡동
강서구,공항동,해태,해태,해태아파트,서울 강서구 공항동 1371,서울 강서구 방화대로 259,37.56367490333814,126.8157924500495,3,해태 강서구 공항동
강서구,가양동,가양강나루현대,가양강나루현대,가양강나루1차현대아파트,서울 강서구 가양동 448-1,서울 강서구 양천로 507,37.5607550796946,126.8569704563428,3,가양강나루현대 강서구 가양동
강서구,등촌동,천우네오젠(507-11),천우네오젠,천우네오젠,서울 강서구 등촌동 365-106,서울 강서구 공항대로58나길 57,37.55068618515629,126.8590063188285,3,천우네오젠 강서구 등촌동
강서구,화곡동,성광(343-38),성광,성광2차아파트,서울 강서구 화곡동 343-38,서울 강서구 곰달래로23길 12,37.53110931389496,126.84604945399244,3,성광 강서구 화곡동
강서구,방화동,형제,형제,형제아파트,서울 강서구 방화동 615-103,서울 강서구 개화동로25길 39,37.56595095526884,126.80796321568263,3,형제 강서구 방화동
강서구,내발산동,마곡수명산파크2단지,마곡수명산파크2단지,마곡수명산파크2단지아파트,서울 강서구 내발산동 741,서울 강서구 강서로47길 158,37.55450594637768,126.827440027664,3,마곡수명산파크2단지 강서구 내발산동
강서구,화곡동,우공팰리스,우공팰리스,우공팰리스아파트(916-32번지),서울 강서구 화곡동 916-32,서울 강서구 강서로7길 82,37.52936855119486,126.84328690943944,3,우공팰리스 강서구 화곡동
강서구,화곡동,근상프리즘,근상프리즘,근상프리즘,서울 강서구 화곡동 102-294,서울 강서구 까치산로4다길 13-3,37.53973149769263,126.8457545121036,3,근상프리즘 강서구 화곡동
강서구,내발산동,강서월드메르디앙,강서월드메르디앙,강서월드메르디앙아파트,서울 강서구 내발산동 659-1,서울 강서구 공항대로42길 54-26,37.55686666500421,126.84301204387228,3,강서월드메르디앙 강서구 내발산동
강서구,화곡동,디아인스,디아인스,디아인스,서울 강서구 화곡동 1075-27,서울 강서구 강서로 159-3,37.5408103311008,126.840581283451,3,디아인스 강서구 화곡동
강서구,염창동,관음삼성,관음삼성,관음삼성아파트,서울 강서구 염창동 268,서울 강서구 양천로 656,37.55272507043058,126.86911753741504,3,관음삼성 강서구 염창동
강서구,화곡동,미성아파트(연립),미성아파트,미성아파트,서울 강서구 화곡동 409-248,서울 강서구 초록마을로 176,37.53595516407228,126.8448797689181,3,미성아파트 강서구 화곡동
강서구,방화동,동성,동성,방화7단지동성아파트,서울 강서구 방화동 817,서울 강서구 금낭화로23길 8,37.579602388652475,126.81218031734548,3,동성 강서구 방화동
강서구,화곡동,동양,동양,동양하이츠빌라,서울 강서구 화곡동 424-92,서울 강서구 곰달래로19가길 38-18,37.53137185124932,126.84020539550716,3,동양 강서구 화곡동
강서구,화곡동,길성그랑프리텔,길성그랑프리텔,길성그랑프리텔아파트,서울 강서구 화곡동 1157,서울 강서구 우장산로 82,37.55229952395464,126.84506771042987,3,길성그랑프리텔 강서구 화곡동
강서구,화곡동,NS파크APT,NS파크APT,NS파크아파트,서울 강서구 화곡동 1076-9,서울 강서구 화곡로 176-22,37.5409082249446,126.841686562894,3,NS파크APT 강서구 화곡동
강서구,내발산동,홍익,홍익,홍익아파트,서울 강서구 내발산동 673-7,서울 강서구 우장산로8길 49,37.55234364728256,126.84031453978928,3,홍익 강서구 내발산동
강서구,등촌동,대림,대림,등촌대림아파트,서울 강서구 등촌동 694,서울 강서구 공항대로39길 100,37.56234221190834,126.8465862142214,3,대림 강서구 등촌동
강서구,화곡동,산내들,산내들,산내들,서울 강서구 화곡동 858-7,서울 강서구 곰달래로 190-1,37.53106369752952,126.85412069888972,3,산내들 강서구 화곡동
강서구,염창동,삼성하나로,삼성하나로,삼성하나로아파트,서울 강서구 염창동 248-3,서울 강서구 양천로73길 5,37.55162891346033,126.87190790172669,3,삼성하나로 강서구 염창동
강서구,화곡동,삼성다빈치(917-14),삼성다빈치,삼성다빈치,서울 강서구 화곡동 917-14,서울 강서구 강서로7길 70,37.52938995459286,126.84380049242176,3,삼성다빈치 강서구 화곡동
강서구,화곡동,우성(410-56),우성,우성,서울 강서구 화곡동 351-30,서울 강서구 가로공원로76가길 83-17,37.53535770775017,126.84276523453016,3,우성 강서구 화곡동
강서구,화곡동,그랜드아이파크,그랜드아이파크,그랜드아이파크아파트,서울 강서구 화곡동 1095,서울 강서구 화곡로 347,37.55485549494153,126.85125068373078,3,그랜드아이파크 강서구 화곡동
강서구,화곡동,한백e,한백e,한백e아트빌,서울 강서구 화곡동 342-42,서울 강서구 강서로12길 8-22,37.53095009849001,126.84834078988897,3,한백e 강서구 화곡동
강서구,내발산동,신세계5차,신세계5차,신세계아파트,서울 강서구 내발산동 675-6,서울 강서구 우장산로2길 21-22,37.55348215604167,126.83872999021516,3,신세계5차 강서구 내발산동
강서구,등촌동,태진아름,태진아름,태진아름아파트,서울 강서구 등촌동 676,서울 강서구 등촌로53길 39,37.549539989981234,126.8611812331928,3,태진아름 강서구 등촌동
강서구,등촌동,주공10,주공10,등촌주공10단지아파트,서울 강서구 등촌동 702,서울 강서구 화곡로63가길 71,37.56236253032433,126.84836542054995,3,주공10 강서구 등촌동
강서구,염창동,송촌,송촌,송촌스페이스향아파트,서울 강서구 염창동 264-18,서울 강서구 공항대로71길 49,37.549492734088886,126.87282139825015,3,송촌 강서구 염창동
강서구,화곡동,태성비리치,태성비리치,태성비리치맨션,서울 강서구 화곡동 465-6,서울 강서구 곰달래로49길 114,37.536166417372165,126.8551415024294,3,태성비리치 강서구 화곡동
강서구,화곡동,한솔(61-116),한솔,한솔부동산,서울 강서구 화곡동 102-40,서울 강서구 까치산로4길 60,37.5404038244398,126.845893433748,3,한솔 강서구 화곡동
강서구,화곡동,청송평화,청송평화,청송평화하이맨션,서울 강서구 화곡동 102-309,서울 강서구 강서로24길 24,37.53870222189976,126.84412730200629,3,청송평화 강서구 화곡동
강서구,방화동,신동아,신동아,신동아아파트,서울 강서구 방화동 796,서울 강서구 방화대로37길 15,37.570101055240734,126.815957737393,3,신동아 강서구 방화동
강서구,공항동,송정제이빌101동,송정제이빌,송정제이빌아파트,서울 강서구 공항동 42-23,서울 강서구 공항대로4길 21,37.56019305047577,126.81097501102842,3,송정제이빌 강서구 공항동
강서구,염창동,강변코아루,강변코아루,강변코아루아파트,서울 강서구 염창동 303,서울 강서구 양천로71길 54,37.55329923201239,126.87345773592187,3,강변코아루 강서구 염창동
강서구,마곡동,마곡우림필유아파트,마곡우림필유아파트,마곡우림필유아파트,서울 강서구 마곡동 1467,서울 강서구 양천로28길 29,37.571840121731995,126.82133262762228,3,마곡우림필유아파트 강서구 마곡동
강서구,염창동,염창힐스테이트,염창힐스테이트,염창힐스테이트아파트,서울 강서구 염창동 306,서울 강서구 양천로73길 24,37.551385613671634,126.87355150504912,3,염창힐스테이트 강서구 염창동
강서구,등촌동,다울,다울,다울아파트,서울 강서구 등촌동 637-26,서울 강서구 양천로62길 38,37.55635819388302,126.8599576173215,3,다울 강서구 등촌동
강서구,화곡동,성광,성광,성광2차아파트,서울 강서구 화곡동 343-38,서울 강서구 곰달래로23길 12,37.53110931389496,126.84604945399244,3,성광 강서구 화곡동
강서구,가양동,대림경동아파트,대림경동아파트,대림경동아파트,서울 강서구 가양동 1474,서울 강서구 허준로 121,37.566348466387105,126.85403041152964,3,대림경동아파트 강서구 가양동
강서구,가양동,한강타운,한강타운,한강아파트,서울 강서구 가양동 1460,서울 강서구 허준로 23,37.57138611385956,126.84498743003442,3,한강타운 강서구 가양동
강서구,화곡동,까치산(101동),까치산,까치산,서울 강서구 화곡동 산 162-17,,37.536816963976655,126.84384949492836,3,까치산 강서구 화곡동
강서구,방화동,방화동2차태승훼미리,방화동2차태승훼미리,방화태승훼미리2차아파트,서울 강서구 방화동 885,서울 강서구 양천로14길 86-13,37.56908273273187,126.80791442568216,3,방화동2차태승훼미리 강서구 방화동
강서구,화곡동,임탑-B,임탑-B,임탑B아파트,서울 강서구 화곡동 925-24,서울 강서구 월정로20길 62-11,37.52940773609274,126.84226522839818,3,임탑-B 강서구 화곡동
강서구,방화동,"월드메르디앙201동,202동","월드메르디앙201동,",방화2차월드메르디앙아파트 201동,서울 강서구 방화동 879,서울 강서구 양천로1길 117,37.57445201486159,126.81030391267882,3,"월드메르디앙201동, 강서구 방화동"
강서구,염창동,강변힐스테이트,강변힐스테이트,강변힐스테이트아파트,서울 강서구 염창동 299,서울 강서구 양천로75길 19,37.55125332371525,126.87454307099104,3,강변힐스테이트 강서구 염창동
강서구,방화동,신안네트빌2단지,신안네트빌2단지,마곡신안네트빌2단지아파트,서울 강서구 방화동 869,서울 강서구 양천로14길 61,37.5702387582166,126.80961391828208,3,신안네트빌2단지 강서구 방화동
강서구,화곡동,율창(885-1),율창,율창아파트(885-1),서울 강서구 화곡동 885-1,서울 강서구 국회대로7길 123,37.52914802913136,126.85400677083936,3,율창 강서구 화곡동
강서구,화곡동,초록,초록,초록아파트,서울 강서구 화곡동 1139,서울 강서구 강서로45다길 30-27,37.54568504857448,126.83362523577524,3,초록 강서구 화곡동
강서구,화곡동,드림시드아파트1차,드림시드아파트1차,드림시드1차아파트,서울 강서구 화곡동 899-13,서울 강서구 강서로7길 20-10,37.53002528923573,126.84664903392256,3,드림시드아파트1차 강서구 화곡동
강서구,내발산동,보람,보람,보람하이빌아파트,서울 강서구 내발산동 711-1,서울 강서구 강서로47라길 48-7,37.55072815932713,126.83251065697634,3,보람 강서구 내발산동
강서구,등촌동,등촌라인(조합),등촌라인,라인아파트,서울 강서구 등촌동 628-15,서울 강서구 화곡로68길 33,37.55919733174115,126.85628983326644,3,등촌라인 강서구 등촌동
강서구,염창동,롯데캐슬,롯데캐슬,염창롯데캐슬아파트,서울 강서구 염창동 272-11,서울 강서구 공항대로65길 21,37.55076004904695,126.86835597013769,3,롯데캐슬 강서구 염창동
강서구,등촌동,등마루,등마루,등마루공원,서울 강서구 등촌동 641-5,,37.5559947400585,126.857405089846,3,등마루 강서구 등촌동
강서구,내발산동,마곡수명산파크1단지,마곡수명산파크1단지,마곡수명산파크1단지아파트,서울 강서구 내발산동 742,서울 강서구 강서로47길 108,37.55437660917771,126.83020624000032,3,마곡수명산파크1단지 강서구 내발산동
강서구,화곡동,제이월드,제이월드,제이월드,서울 강서구 화곡동 339-7,서울 강서구 강서로18길 37,37.5343081655922,126.847670981958,3,제이월드 강서구 화곡동
강서구,내발산동,신세계3차101동,신세계3차,신세계3차아파트,서울 강서구 내발산동 731,서울 강서구 강서로50길 72,37.554805543307495,126.8405899540455,3,신세계3차 강서구 내발산동
강서구,방화동,개화,개화,개화주유소,서울 강서구 방화동 488-1,서울 강서구 양천로 57,37.57354346400312,126.81008660813347,3,개화 강서구 방화동
강서구,내발산동,마곡수명산파크3단지,마곡수명산파크3단지,마곡수명산파크3단지아파트,서울 강서구 내발산동 751,서울 강서구 수명로1길 110,37.552819164769616,126.8249134524411,3,마곡수명산파크3단지 강서구 내발산동
강서구,화곡동,유원펠리체(924-17),유원펠리체,유원펠리체아파트,서울 강서구 화곡동 924-17,서울 강서구 곰달래로18길 21,37.5292437028518,126.841553963187,3,유원펠리체 강서구 화곡동
강서구,화곡동,성재센트리움아파트,성재센트리움아파트,성재센트리움아파트(918-38),서울 강서구 화곡동 918-38,서울 강서구 곰달래로22길 5,37.53015920069868,126.84432496619564,3,성재센트리움아파트 강서구 화곡동
강서구,화곡동,명주캐슬(61-9),명주캐슬,명주캐슬아파트,서울 강서구 화곡동 61-9,서울 강서구 화곡로34길 23,37.5435885985815,126.845008793169,3,명주캐슬 강서구 화곡동
강서구,화곡동,계명아파트나동,계명아파트나동,계명아파트(나동),서울 강서구 화곡동 343-44,서울 강서구 강서로 43-22,37.53082851931052,126.8462932736229,3,계명아파트나동 강서구 화곡동
강서구,화곡동,우장산한화꿈에그린,우장산한화꿈에그린,우장산한화꿈에그린아파트,서울 강서구 화곡동 1151,서울 강서구 우장산로 103,37.55400723619155,126.84739097249935,3,우장산한화꿈에그린 강서구 화곡동
강서구,화곡동,화곡푸르지오,화곡푸르지오,화곡푸르지오아파트,서울 강서구 화곡동 1091,서울 강서구 화곡로13길 107,37.544622377545736,126.83144140674756,3,화곡푸르지오 강서구 화곡동
강서구,등촌동,현대,현대,현대자동차 블루핸즈 등촌현대서비스,서울 강서구 등촌동 635-15,서울 강서구 공항대로59길 65,37.5546465202415,126.863220175803,3,현대 강서구 등촌동
강서구,화곡동,경동엠파이어스테이트,경동엠파이어스테이트,경동엠파이어스테이트,서울 강서구 화곡동 1111-3,서울 강서구 화곡로 344,37.554302147229905,126.85185951468262,3,경동엠파이어스테이트 강서구 화곡동
강서구,화곡동,희훈리치파크,희훈리치파크,희훈리치파크아파트,서울 강서구 화곡동 1011-6,서울 강서구 강서로45다길 30-17,37.54638116476041,126.83401295745676,3,희훈리치파크 강서구 화곡동
강서구,마곡동,마곡현대아파트,마곡현대아파트,마곡현대2차아파트,서울 강서구 마곡동 1171,서울 강서구 양천로 140,37.57309791813475,126.81897280047214,3,마곡현대아파트 강서구 마곡동
강서구,화곡동,천우(401-2),천우,천우그린빌,서울 강서구 화곡동 409-223,서울 강서구 초록마을로36길 9,37.53615412521397,126.84544507723908,3,천우 강서구 화곡동
강서구,화곡동,스카이(924-10),스카이,화곡더리브스카이아파트,서울 강서구 화곡동 1175,서울 강서구 가로공원로80길 40,37.5354010848441,126.83951228379,3,스카이 강서구 화곡동
강서구,마곡동,마곡엠밸리7단지,마곡엠밸리7단지,마곡엠밸리7단지아파트,서울 강서구 마곡동 743-4,서울 강서구 마곡서로 133,37.56563606787209,126.82386023376502,3,마곡엠밸리7단지 강서구 마곡동
강서구,가양동,동신대아,동신대아,동신대아아파트,서울 강서구 가양동 1459,서울 강서구 강서로 532,37.57217323107033,126.84335573944188,3,동신대아 강서구 가양동
강서구,방화동,마곡드림힐,마곡드림힐,마곡드림힐아파트,서울 강서구 방화동 872,서울 강서구 양천로24길 54-9,37.57060777750792,126.81503733785672,3,마곡드림힐 강서구 방화동
강서구,방화동,통일(479-3),통일,통일아파트,서울 강서구 방화동 479-3,서울 강서구 금낭화로15길 33-5,37.574932586006,126.81051664671514,3,통일 강서구 방화동
강서구,마곡동,마곡청구아파트,마곡청구아파트,마곡청구아파트,서울 강서구 마곡동 1181,서울 강서구 양천로26길 103,37.573007058778806,126.8214317196582,3,마곡청구아파트 강서구 마곡동
강서구,내발산동,길성그랑프리텔,길성그랑프리텔,길성그랑프리텔아파트,서울 강서구 내발산동 730,서울 강서구 강서로46길 79,37.5516357377581,126.839188902044,3,길성그랑프리텔 강서구 내발산동
강서구,화곡동,계명나동(56-29),계명나동,계명아파트(나동),서울 강서구 화곡동 343-44,서울 강서구 강서로 43-22,37.53082851931052,126.8462932736229,3,계명나동 강서구 화곡동
강서구,염창동,신동아,신동아,염창신동아아파트,서울 강서구 염창동 289,서울 강서구 양천로67길 32,37.5550208120568,126.869118049378,3,신동아 강서구 염창동
강서구,등촌동,보람,보람,보람부동산,서울 강서구 등촌동 509-1,서울 강서구 등촌로 217,37.5492082627163,126.863361383967,3,보람 강서구 등촌동
강서구,방화동,홍익아파트,홍익아파트,홍익아파트,서울 강서구 방화동 861,서울 강서구 양천로7길 8,37.57334326190107,126.80830194823396,3,홍익아파트 강서구 방화동
강서구,등촌동,대림e편한세상,대림e편한세상,방화동e편한세상아파트,서울 강서구 방화동 874,서울 강서구 양천로6길 57,37.5700994916236,126.80818348339636,2,대림e편한세상 강서구
강서구,내발산동,마곡수명산파크4단지,마곡수명산파크4단지,마곡수명산파크4단지아파트,서울 강서구 내발산동 753,서울 강서구 수명로1길 16,37.55123468662581,126.82335092981924,3,마곡수명산파크4단지 강서구 내발산동
강서구,등촌동,등촌6차보람,등촌6차보람,등촌6차보람아파트,서울 강서구 등촌동 716,서울 강서구 화곡로66길 174,37.5541081895131,126.862071339798,3,등촌6차보람 강서구 등촌동
강서구,등촌동,주공5,주공5,등촌주공5단지아파트,서울 강서구 등촌동 695,서울 강서구 공항대로39길 74,37.56045148168028,126.8448697425571,3,주공5 강서구 등촌동
강서구,등촌동,월드메르디앙,월드메르디앙,등촌월드메르디앙아파트,서울 강서구 등촌동 711,서울 강서구 양천로 420,37.564606340453565,126.8472244740728,3,월드메르디앙 강서구 등촌동
강서구,등촌동,"등촌7,8단지주공아파트","등촌7,8단지주공아파트",등촌주공7단지아파트,서울 강서구 등촌동 707,서울 강서구 공항대로43길 104,37.5605071743958,126.85175102635,3,"등촌7,8단지주공아파트 강서구 등촌동"
강서구,염창동,지오빌,지오빌,지오빌아파트,서울 강서구 염창동 57,서울 강서구 양천로67길 50-33,37.55499667896548,126.87010948357204,3,지오빌 강서구 염창동
강서구,공항동,공항동부센트레빌,공항동부센트레빌,강서센트레빌4차아파트,서울 강서구 공항동 1374,서울 강서구 남부순환로 11,37.56106328703832,126.808104788442,3,공항동부센트레빌 강서구 공항동
강서구,등촌동,정우아파트(570-11),정우아파트,정우아파트,서울 강서구 등촌동 570-11,서울 강서구 등촌로13마길 29-3,37.53764411582893,126.86119197403912,3,정우아파트 강서구 등촌동
강서구,화곡동,서광프리메라,서광프리메라,서광프리메라아파트,서울 강서구 화곡동 981-1,서울 강서구 화곡로 292,37.55034015520182,126.84877454245732,3,서광프리메라 강서구 화곡동
강서구,마곡동,마곡일성트루엘아파트,마곡일성트루엘아파트,마곡일성트루엘아파트,서울 강서구 마곡동 1535,서울 강서구 방화대로34길 110,37.57106479377282,126.8222128872752,3,마곡일성트루엘아파트 강서구 마곡동
강서구,내발산동,내츄럴1차,내츄럴1차,내츄럴1차아파트,서울 강서구 내발산동 695,서울 강서구 강서로47마길 37-4,37.55142018302601,126.83191724423298,3,내츄럴1차 강서구 내발산동
강서구,화곡동,까치산(102동),까치산,까치산,서울 강서구 화곡동 산 162-17,,37.536816963976655,126.84384949492836,3,까치산 강서구 화곡동
강서구,방화동,방화3차태승훼미리,방화3차태승훼미리,방화태승훼미리3차아파트,서울 강서구 방화동 889,서울 강서구 초원로 27,37.56803127318557,126.80846950389822,3,방화3차태승훼미리 강서구 방화동
강서구,염창동,삼정그린코아,삼정그린코아,삼정그린코아아파트,서울 강서구 염창동 282,서울 강서구 공항대로75길 30,37.547966652353985,126.87470247989614,3,삼정그린코아 강서구 염창동
강서구,화곡동,한신베네스트아파트,한신베네스트아파트,한신베네스트아파트,서울 강서구 화곡동 915-26,서울 강서구 강서로7길 79,37.52911360170702,126.84331233218198,3,한신베네스트아파트 강서구 화곡동
강서구,방화동,삼정코아,삼정코아,방화삼정그린코아아파트,서울 강서구 방화동 567-4,서울 강서구 방화동로 126,37.57197597229787,126.81192326744709,3,삼정코아 강서구 방화동
강서구,방화동,한미(286-1),한미,한미아파트,서울 강서구 방화동 286-5,서울 강서구 양천로23길 8,37.5739497261735,126.81571733598,3,한미 강서구 방화동
강서구,등촌동,정우아파트,정우아파트,정우아파트,서울 강서구 등촌동 570-11,서울 강서구 등촌로13마길 29-3,37.53764411582893,126.86119197403912,3,정우아파트 강서구 등촌동
강서구,방화동,방화동진로아파트,방화동진로아파트,방화10단지진로아파트,서울 강서구 방화동 804,서울 강서구 금낭화로 258,37.577044754925275,126.8084328347476,3,방화동진로아파트 강서구 방화동
강서구,화곡동,은하수,은하수,은하수쉐르빌,서울 강서구 화곡동 391-11,서울 강서구 곰달래로27길 15,37.53148412732333,126.8502517245478,3,은하수 강서구 화곡동
강서구,가양동,마곡보타닉,마곡보타닉,마곡보타닉투웨니퍼스트오피스텔,서울 강서구 가양동 257-1,서울 강서구 양천로47길 12,37.57101323553539,126.83836845420149,3,마곡보타닉 강서구 가양동
강서구,염창동,벽산늘푸른,벽산늘푸른,벽산늘푸른아파트,서울 강서구 염창동 290,서울 강서구 양천로63길 52,37.55805201871336,126.86612939617466,3,벽산늘푸른 강서구 염창동
강서구,염창동,태영,태영,태영송화아파트,서울 강서구 염창동 270-1,서울 강서구 공항대로61길 60,37.55337164030442,126.86719364598152,3,태영 강서구 염창동
강서구,화곡동,탑건진선미,탑건진선미,탑건진선미아파트,서울 강서구 화곡동 1155,서울 강서구 초록마을로 166,37.53624513505396,126.84614185784604,3,탑건진선미 강서구 화곡동
강서구,가양동,강서한강월드메르디앙,강서한강월드메르디앙,강서한강월드메르디앙아파트,서울 강서구 가양동 1462,서울 강서구 허준로 16-9,37.569849583139174,126.84404883176788,3,강서한강월드메르디앙 강서구 가양동
강서구,염창동,태진한솔,태진한솔,태진한솔아파트,서울 강서구 염창동 263,서울 강서구 공항대로71길 54,37.54903994676218,126.87404886097418,3,태진한솔 강서구 염창동
강서구,화곡동,세한(410-150),세한,세한그린빌리지,서울 강서구 화곡동 424-63,서울 강서구 곰달래로17길 33,37.53173304493016,126.84079293941684,3,세한 강서구 화곡동
강서구,염창동,강변한솔솔파크,강변한솔솔파크,강변한솔솔파크아파트,서울 강서구 염창동 300,서울 강서구 양천로63길 38,37.55671494230657,126.86613178817396,3,강변한솔솔파크 강서구 염창동
강서구,화곡동,우장산에스케이뷰,우장산에스케이뷰,우장산에스케이뷰아파트,서울 강서구 화곡동 1158,서울 강서구 우현로 26,37.54817747811346,126.84303479536308,3,우장산에스케이뷰 강서구 화곡동
강서구,마곡동,마곡푸르지오,마곡푸르지오,마곡나루역보타닉푸르지오시티오피스텔,서울 강서구 마곡동 760,서울 강서구 마곡중앙5로 6,37.56720593568497,126.82713454892362,3,마곡푸르지오 강서구 마곡동
강서구,염창동,극동,극동,극동아파트,서울 강서구 염창동 246-23,서울 강서구 양천로69길 18,37.552947237765856,126.87123115520713,3,극동 강서구 염창동
강서구,염창동,이너스내안에,이너스내안에,이너스내안에아파트,서울 강서구 염창동 254-2,서울 강서구 양천로75길 22-21,37.55073989226885,126.87638175020686,3,이너스내안에 강서구 염창동
강서구,염창동,강변월드메르디앙,강변월드메르디앙,염창강변월드메르디앙아파트,서울 강서구 염창동 240-1,서울 강서구 양천로63길 51,37.55776644990591,126.86537841320714,3,강변월드메르디앙 강서구 염창동
강서구,염창동,주상복합태진가람,주상복합태진가람,태진가람아파트,서울 강서구 염창동 263-2,서울 강서구 양천로 706,37.54951957105882,126.87432417487658,3,주상복합태진가람 강서구 염창동
강서구,방화동,신안네트빌1단지,신안네트빌1단지,마곡신안네트빌1단지아파트,서울 강서구 방화동 868,서울 강서구 양천로14길 37,37.57105776156236,126.81017328971956,3,신안네트빌1단지 강서구 방화동
강서구,염창동,월드메르디앙,월드메르디앙,염창월드메르디앙아파트,서울 강서구 염창동 297,서울 강서구 양천로71길 38,37.55279756332049,126.87279314877183,3,월드메르디앙 강서구 염창동
강서구,염창동,삼성한마음,삼성한마음,한마음삼성아파트,서울 강서구 염창동 244-2,서울 강서구 양천로 637,37.55446487771129,126.86829060409346,3,삼성한마음 강서구 염창동
강서구,화곡동,투원씨A동,투원씨A동,화곡투원씨아파트 A동,서울 강서구 화곡동 29-38,서울 강서구 까치산로15길 11,37.546821971864226,126.84753915082815,3,투원씨A동 강서구 화곡동
강서구,마곡동,벽산,벽산,마곡벽산아파트,서울 강서구 마곡동 429,서울 강서구 양천로47길 118,37.575733715814906,126.83783751371529,3,벽산 강서구 마곡동
강서구,화곡동,신보,신보,신보아파트,서울 강서구 화곡동 46-116,서울 강서구 까치산로12길 13,37.544738047163,126.847604499643,3,신보 강서구 화곡동
강서구,내발산동,태승훼미리3차,태승훼미리3차,태승훼미리3차아파트,서울 강서구 내발산동 732,서울 강서구 강서로45길 138,37.55136185152991,126.83144886362366,3,태승훼미리3차 강서구 내발산동
강서구,화곡동,스위트드림아파트,스위트드림아파트,스위트드림아파트,서울 강서구 화곡동 1168,서울 강서구 화곡로21길 71,37.543969499458306,126.83616826632728,3,스위트드림아파트 강서구 화곡동
강서구,염창동,현대아이파크,현대아이파크,현대아이파크아파트,서울 강서구 염창동 282-19,서울 강서구 공항대로 637,37.54756249554714,126.87592643077085,3,현대아이파크 강서구 염창동
강서구,화곡동,서림골드,서림골드,서림골드아파트,서울 강서구 화곡동 111-149,서울 강서구 화곡로35길 23-17,37.5450584121194,126.842500442249,3,서림골드 강서구 화곡동
강서구,화곡동,타워빌,타워빌,타워빌아파트,서울 강서구 화곡동 1009-8,서울 강서구 강서로43길 28,37.5472325933089,126.834644770108,3,타워빌 강서구 화곡동
강서구,화곡동,화곡3차보람,화곡3차보람,화곡3차보람아파트,서울 강서구 화곡동 1150,서울 강서구 등촌로13바길 18-11,37.53681838913737,126.8578172545044,3,화곡3차보람 강서구 화곡동
강서구,가양동,빛고을우방,빛고을우방,우방아파트,서울 강서구 가양동 448-9,서울 강서구 양천로 521,37.5601075445282,126.85794957210088,3,빛고을우방 강서구 가양동
강서구,화곡동,신도금잔디,신도금잔디,신도금잔디아파트,서울 강서구 화곡동 1138,서울 강서구 국회대로7길 91,37.52936286789449,126.85579952352026,3,신도금잔디 강서구 화곡동
강서구,마곡동,마곡엠밸리4단지,마곡엠밸리4단지,마곡엠밸리4단지아파트,서울 강서구 마곡동 738,서울 강서구 마곡서로 175,37.56891668623279,126.82392495259778,3,마곡엠밸리4단지 강서구 마곡동
강서구,화곡동,태영(379-56),태영,태영아트빌,서울 강서구 화곡동 371-2,서울 강서구 가로공원로80길 6,37.53693796913944,126.8386886869764,3,태영 강서구 화곡동
강서구,염창동,강서쌍용예가,강서쌍용예가,강서쌍용예가아파트,서울 강서구 염창동 308,서울 강서구 양천로 613,37.55539996604737,126.86655514481326,3,강서쌍용예가 강서구 염창동
강서구,내발산동,광남캐스빌,광남캐스빌,광남아파트,서울 강서구 내발산동 719,서울 강서구 강서로45나길 60,37.550658887308735,126.835792625845,3,광남캐스빌 강서구 내발산동
강서구,화곡동,보람,보람,화곡보람2차아파트,서울 강서구 화곡동 1149,서울 강서구 공항대로48길 12,37.5540379993252,126.8546338619796,3,보람 강서구 화곡동
강서구,화곡동,한솔스위트벨리,한솔스위트벨리,한솔스위트밸리아파트,서울 강서구 화곡동 404-2,서울 강서구 강서로 130-7,37.53903288822375,126.84276770096837,3,한솔스위트벨리 강서구 화곡동
강서구,가양동,일신건영휴먼빌,일신건영휴먼빌,일신건영휴먼빌아파트,서울 강서구 가양동 1496,서울 강서구 강서로 490,37.56891729849286,126.84219892782085,3,일신건영휴먼빌 강서구 가양동
강서구,화곡동,청우,청우,청우,서울 강서구 화곡동 821-23,서울 강서구 곰달래로49가길 7-18,37.53494328069298,126.85696545892912,3,청우 강서구 화곡동
강서구,내발산동,유니드,유니드,대성유니드아파트,서울 강서구 내발산동 712-2,서울 강서구 강서로45길 104,37.55023120194067,126.83215303486978,3,유니드 강서구 내발산동
강서구,방화동,방화메이빌,방화메이빌,메이빌아파트,서울 강서구 방화동 902,서울 강서구 금낭화로 162,37.57958361694589,126.8139815312408,3,방화메이빌 강서구 방화동
강서구,등촌동,등촌동보람쉬움아파트,등촌동보람쉬움아파트,등촌3차보람쉬움아파트,서울 강서구 등촌동 641-4,서울 강서구 화곡로66길 80,37.55638045325882,126.85747678666232,3,등촌동보람쉬움아파트 강서구 등촌동
강서구,내발산동,그린씨티,그린씨티,그린씨티아파트,서울 강서구 내발산동 716-16,서울 강서구 강서로47라길 79,37.54965248149059,126.83322713179712,3,그린씨티 강서구 내발산동
강서구,등촌동,보람(640),보람,보람부동산,서울 강서구 등촌동 509-1,서울 강서구 등촌로 217,37.5492082627163,126.863361383967,3,보람 강서구 등촌동
강서구,화곡동,풍원팰리스,풍원팰리스,풍원팰리스아파트,서울 강서구 화곡동 925-5,서울 강서구 곰달래로20길 18,37.5294110712493,126.84273925241,3,풍원팰리스 강서구 화곡동
강서구,화곡동,팔라이스타워,팔라이스타워,팔라이스타워,서울 강서구 화곡동 919-2,서울 강서구 곰달래로22길 8,37.53005979540855,126.8441011657282,3,팔라이스타워 강서구 화곡동
강서구,등촌동,태영,태영,등촌태영아파트,서울 강서구 등촌동 632-2,서울 강서구 양천로 590,37.55570349542658,126.86409194460931,3,태영 강서구 등촌동
강서구,등촌동,계명위너스,계명위너스,계명위너스,서울 강서구 등촌동 646-29,서울 강서구 공항대로59길 35,37.55315093355766,126.8632794940727,3,계명위너스 강서구 등촌동
강서구,화곡동,청솔,청솔,청솔부동산,서울 강서구 화곡동 997-12,서울 강서구 화곡로53길 14,37.5514340000488,126.84809898762738,3,청솔 강서구 화곡동
강서구,가양동,중앙하이츠,중앙하이츠,가양중앙하이츠아파트,서울 강서구 가양동 1467,서울 강서구 허준로 55-20,37.569791486743874,126.8492649763875,3,중앙하이츠 강서구 가양동
강서구,염창동,밝은햇살,밝은햇살,밝은햇살아파트,서울 강서구 염창동 266,서울 강서구 공항대로65가길 25,37.55118530654731,126.86997011295148,3,밝은햇살 강서구 염창동
강서구,등촌동,"진로,미주아파트","진로,미주아파트",미주진로아파트,서울 강서구 등촌동 701,서울 강서구 공항대로 351-21,37.55983801962357,126.84703048681558,3,"진로,미주아파트 강서구 등촌동"
강서구,방화동,통일102동(597-24),통일,통일아파트,서울 강서구 방화동 479-3,서울 강서구 금낭화로15길 33-5,37.574932586006,126.81051664671514,3,통일 강서구 방화동
강서구,내발산동,내츄럴아파트3차,내츄럴아파트3차,내츄럴3차아파트,서울 강서구 내발산동 688-21,서울 강서구 강서로47라길 22,37.552238417925075,126.8320082047508,3,내츄럴아파트3차 강서구 내발산동
강서구,화곡동,다담센트빌,다담센트빌,헬로모닝,서울 강서구 화곡동 343-41,서울 강서구 곰달래로 119,37.5306696666177,126.846080904291,3,다담센트빌 강서구 화곡동
강서구,마곡동,마곡나루경남아파트,마곡나루경남아파트,마곡나루경남아파트,서울 강서구 마곡동 1577,서울 강서구 양천로30길 108,37.568138188722685,126.82209646374456,3,마곡나루경남아파트 강서구 마곡동
강서구,염창동,길훈,길훈,염창동길훈아파트,서울 강서구 염창동 294,서울 강서구 양천로65길 45,37.55586288368584,126.86798483754418,3,길훈 강서구 염창동
강서구,염창동,엠그린,엠그린,엠그린아파트,서울 강서구 염창동 241-24,서울 강서구 양천로65길 13,37.55580949615826,126.8661809409136,3,엠그린 강서구 염창동
강서구,염창동,e편한세상염창,e편한세상염창,e편한세상염창아파트,서울 강서구 염창동 309,서울 강서구 공항대로 583,37.54886600701802,126.87067122811288,3,e편한세상염창 강서구 염창동
강서구,등촌동,대림아르빌아파트,대림아르빌아파트,대림아르빌아파트,서울 강서구 등촌동 637-22,서울 강서구 양천로62길 46,37.5559938694991,126.859686681278,3,대림아르빌아파트 강서구 등촌동
강서구,내발산동,우장산타워빌,우장산타워빌,우장산타워빌아파트,서울 강서구 내발산동 704-2,서울 강서구 우장산로4길 60,37.55193012049468,126.83835082690086,3,우장산타워빌 강서구 내발산동
강서구,화곡동,우림루미아트아파트,우림루미아트아파트,우림루미아트아파트 경비실,서울 강서구 방화동 546-1,서울 강서구 양천로14길 118,37.5680933987764,126.808999084909,2,우림루미아트아파트 강서구
강서구,등촌동,서광등촌마을아파트,서광등촌마을아파트,서광등촌마을아파트,서울 강서구 등촌동 638,서울 강서구 공항대로45길 68-6,37.5576955333808,126.857166441402,3,서광등촌마을아파트 강서구 등촌동
강서구,염창동,삼현팰리채,삼현팰리채,삼현펠리체아파트,서울 강서구 염창동 250-1,서울 강서구 양천로73가길 28,37.55053522351161,126.87369326736776,3,삼현팰리채 강서구 염창동
강서구,염창동,한강동아,한강동아,한강동아2차아파트,서울 강서구 염창동 293,서울 강서구 양천로73길 80,37.55397397977552,126.87420805086856,3,한강동아 강서구 염창동
강서구,내발산동,청솔샤르망1003동,청솔샤르망,청솔샤르망아파트,서울 강서구 내발산동 676-23,서울 강서구 우장산로4길 40,37.552917231000485,126.8387300758299,3,청솔샤르망 강서구 내발산동
강서구,염창동,일신건영휴먼빌,일신건영휴먼빌,염창일신건영휴먼빌아파트,서울 강서구 염창동 298,서울 강서구 양천로71가길 22,37.55223891262285,126.87360212090196,3,일신건영휴먼빌 강서구 염창동
강서구,화곡동,태창네스트힐,태창네스트힐,태창네스트힐아파트,서울 강서구 화곡동 1146,서울 강서구 초록마을로 121,37.53760277250938,126.8509274190942,3,태창네스트힐 강서구 화곡동
강서구,화곡동,강동,강동,강동주택,서울 강서구 화곡동 29-85,서울 강서구 까치산로14가길 5,37.54548367557144,126.84869608992771,3,강동 강서구 화곡동
강서구,화곡동,푸른숲2차(474-18),푸른숲2차,푸른숲2차아파트,서울 강서구 화곡동 474-18,서울 강서구 등촌로13자길 39-10,37.5375257231107,126.855629927372,3,푸른숲2차 강서구 화곡동
강서구,화곡동,수산동우,수산동우,수산동우아파트,서울 강서구 화곡동 1018-32,서울 강서구 강서로37길 78,37.54364802589206,126.8330820905634,3,수산동우 강서구 화곡동
강서구,마곡동,마곡엠밸리11단지,마곡엠밸리11단지,마곡엠밸리11단지아파트,서울 강서구 마곡동 746,서울 강서구 공항대로 124,37.559600502194634,126.8209996835074,3,마곡엠밸리11단지 강서구 마곡동
강서구,내발산동,한울앤하우스,한울앤하우스,한울앤하우스아파트,서울 강서구 내발산동 696-21,서울 강서구 강서로47다길 28,37.551581656079215,126.8339652113419,3,한울앤하우스 강서구 내발산동
강서구,내발산동,청솔샤르망1002동,청솔샤르망,청솔샤르망아파트,서울 강서구 내발산동 676-23,서울 강서구 우장산로4길 40,37.552917231000485,126.8387300758299,3,청솔샤르망 강서구 내발산동
강서구,화곡동,중앙(931-9),중앙,화곡중앙시장,서울 강서구 화곡동 362-1,서울 강서구 월정로30길 60,37.534798903271806,126.839281633072,3,중앙 강서구 화곡동
강서구,마곡동,마곡엠밸리2단지,마곡엠밸리2단지,마곡엠밸리2단지아파트,서울 강서구 마곡동 735,서울 강서구 마곡서1로 146,37.56882641652689,126.82141227031752,3,마곡엠밸리2단지 강서구 마곡동
강서구,화곡동,웰라이빌,웰라이빌,웰라이빌아파트,서울 강서구 화곡동 927-1,서울 강서구 강서로5나길 104,37.52857134084351,126.84274101533846,3,웰라이빌 강서구 화곡동
강서구,화곡동,찬누리,찬누리,찬누리,서울 강서구 화곡동 916-11,서울 강서구 월정로20길 78,37.52983144798804,126.8431230272596,3,찬누리 강서구 화곡동
강서구,내발산동,명진에버그린,명진에버그린,에버그린아파트,서울 강서구 내발산동 716,서울 강서구 강서로45라길 55-29,37.5501438334595,126.83344557753756,3,명진에버그린 강서구 내발산동
강서구,화곡동,남광쉐르빌(923-10),남광쉐르빌,남광쉐르빌,서울 강서구 화곡동 424-165,서울 강서구 곰달래로15길 12,37.53065958787299,126.83985619411776,3,남광쉐르빌 강서구 화곡동
강서구,화곡동,삼백,삼백,삼백훼미리타운아파트,서울 강서구 화곡동 915-16,서울 강서구 곰달래로20길 31-11,37.5288644105617,126.84360360543,3,삼백 강서구 화곡동
강서구,방화동,원미,원미,원미아파트,서울 강서구 방화동 614-11,서울 강서구 개화동로27길 43,37.564810033935295,126.8089123907715,3,원미 강서구 방화동
강서구,화곡동,푸른숲,푸른숲,푸른숲아파트,서울 강서구 화곡동 460-1,서울 강서구 곰달래로35길 116,37.5363191348216,126.853315057213,3,푸른숲 강서구 화곡동
강서구,등촌동,우성,우성,우성아파트,서울 강서구 등촌동 630-11,서울 강서구 화곡로68길 115,37.5573601429746,126.859991958599,3,우성 강서구 등촌동
강서구,방화동,동부센트레빌,동부센트레빌,방화동부센트레빌아파트,서울 강서구 방화동 875,서울 강서구 방화대로45길 32,37.57470179939911,126.81497740346472,3,동부센트레빌 강서구 방화동
강서구,방화동,치현마을동일스위트리버,치현마을동일스위트리버,치현마을동일스위트리버아파트,서울 강서구 방화동 880,서울 강서구 금낭화로24가길 28,37.579294581021465,126.8158219013084,3,치현마을동일스위트리버 강서구 방화동
강서구,염창동,보람더하임105동,보람더하임,보람더하임1차아파트,서울 강서구 염창동 305,서울 강서구 양천로 666,37.55162715426829,126.8702963994256,3,보람더하임 강서구 염창동
강서구,마곡동,마곡보타닉경남아너스빌,마곡보타닉경남아너스빌,마곡보타닉경남아너스빌아파트,서울 강서구 마곡동 1252,서울 강서구 양천로26길 38,37.57224148549467,126.81865452137544,3,마곡보타닉경남아너스빌 강서구 마곡동
강서구,염창동,우성2,우성2,우성에스비타워2,서울 강서구 마곡동 728-134,서울 강서구 공항대로 220,37.558700016400046,126.83176281555689,2,우성2 강서구
강서구,가양동,가양우성,가양우성,가양우성아파트,서울 강서구 가양동 14-3,서울 강서구 양천로 489,37.562229320530854,126.85419690538473,3,가양우성 강서구 가양동
강서구,내발산동,청솔101동,청솔,청솔펠리체,서울 강서구 내발산동 695-5,서울 강서구 강서로47라길 38,37.5513172137832,126.832371275091,3,청솔 강서구 내발산동
강서구,등촌동,등촌5차보람쉬움,등촌5차보람쉬움,등촌5차보람쉬움아파트,서울 강서구 등촌동 633-28,서울 강서구 공항대로61길 43,37.552941440607,126.86602084175854,3,등촌5차보람쉬움 강서구 등촌동
강서구,화곡동,해태드림타운,해태드림타운,해태드림타운아파트,서울 강서구 화곡동 900-1,서울 강서구 강서로7길 28,37.529689498442,126.846173425872,3,해태드림타운 강서구 화곡동
강서구,내발산동,덕현중앙타워빌,덕현중앙타워빌,덕현중앙아파트,서울 강서구 내발산동 676-12,서울 강서구 강서로48길 25,37.5527513435797,126.83799596540108,3,덕현중앙타워빌 강서구 내발산동
강서구,등촌동,신세계,신세계,신세계아파트,서울 강서구 등촌동 515-41,서울 강서구 등촌로39길 63-36,37.546946311391565,126.85839437559794,3,신세계 강서구 등촌동
강서구,방화동,현대,현대,현대자동차 방화대리점,서울 강서구 방화동 620-213,서울 강서구 개화동로 551,37.563509358151656,126.80691912273988,3,현대 강서구 방화동
강서구,화곡동,곰달래,곰달래,곰달래도서관,서울 강서구 화곡동 890,서울 강서구 강서로5길 50,37.52911310500611,126.84915907010613,3,곰달래 강서구 화곡동
강서구,화곡동,천우네오젠9차,천우네오젠9차,천우네오젠9차아파트,서울 강서구 화곡동 916-6,서울 강서구 강서로7길 86,37.5293897363339,126.842956514225,3,천우네오젠9차 강서구 화곡동
강서구,내발산동,제이월드에메랄드,제이월드에메랄드,제이월드아파트,서울 강서구 내발산동 674-32,서울 강서구 우장산로8길 28-7,37.55313690783675,126.84059803504029,3,제이월드에메랄드 강서구 내발산동
강서구,등촌동,등촌동현대2차,등촌동현대2차,등촌동2차현대아파트,서울 강서구 등촌동 655-46,서울 강서구 화곡로64길 50,37.55628824263333,126.85573860136849,3,등촌동현대2차 강서구 등촌동
강서구,화곡동,뉴파인,뉴파인,뉴파인,서울 강서구 화곡동 1070-39,서울 강서구 화곡로14길 7,37.53930160695941,126.8343613097796,3,뉴파인 강서구 화곡동
강서구,내발산동,한서2차APT,한서2차APT,"한서1,2차아파트",서울 강서구 내발산동 716-5,서울 강서구 강서로45라길 55-21,37.55010377982824,126.83379421534164,3,한서2차APT 강서구 내발산동
강서구,가양동,한보구암마을,한보구암마을,한보구암마을아파트,서울 강서구 가양동 1495,서울 강서구 허준로 76,37.56809723323131,126.84896503500646,3,한보구암마을 강서구 가양동
강서구,방화동,월드메르디앙101동,월드메르디앙,방화2차월드메르디앙아파트,서울 강서구 방화동 879,서울 강서구 양천로1길 117,37.574706043038425,126.81027157165369,3,월드메르디앙 강서구 방화동
강서구,화곡동,상진지오벨리,상진지오벨리,상진지오벨리아파트,서울 강서구 화곡동 1160,서울 강서구 등촌로13다길 29,37.53499339024821,126.85968077967593,3,상진지오벨리 강서구 화곡동
강서구,염창동,염창3차보람,염창3차보람,염창보람3차아파트,서울 강서구 염창동 301,서울 강서구 양천로71가길 21,37.552877958366985,126.87382511707064,3,염창3차보람 강서구 염창동
강서구,내발산동,수명산태송팰리채,수명산태송팰리채,수명산태송팰리채아파트,서울 강서구 내발산동 688-4,서울 강서구 강서로47마길 15,37.55270233058134,126.83130551515664,3,수명산태송팰리채 강서구 내발산동
강서구,화곡동,일광,일광,일광오피스텔,서울 강서구 화곡동 343-33,서울 강서구 강서로 47-9,37.53181470390888,126.84597785885362,3,일광 강서구 화곡동
강서구,염창동,염창3우성,염창3우성,서울시 강서구 염창우성3차 전기차충전소,서울 강서구 염창동 272-28,서울 강서구 공항대로63길 14,37.55089455464921,126.86697736686202,3,염창3우성 강서구 염창동
강서구,등촌동,등촌동성원,등촌동성원,등촌성원상떼뷰오피스텔,서울 강서구 등촌동 673-6,서울 강서구 공항대로 291,37.558788098163326,126.84003481881128,3,등촌동성원 강서구 등촌동
강서구,화곡동,일현세일,일현세일,센트럴포레더클래스아파트,서울 강서구 화곡동 901-10,서울 강서구 강서로5가길 50,37.52916398695141,126.84530903355406,3,일현세일 강서구 화곡동
강서구,내발산동,다울,다울,다울아파트,서울 강서구 내발산동 675-10,서울 강서구 우장산로6길 64-6,37.5532818336704,126.83850974043978,3,다울 강서구 내발산동
강서구,화곡동,정원,정원,하늘정원만화방,서울 강서구 화곡동 343-53,서울 강서구 강서로 43,37.5315315921185,126.846518105035,3,정원 강서구 화곡동
강서구,화곡동,크로스캐슬,크로스캐슬,크로스캐슬아파트,서울 강서구 화곡동 918-6,서울 강서구 곰달래로 110,37.530195199792054,126.84497881217378,3,크로스캐슬 강서구 화곡동
강서구,방화동,마곡우림1차아파트,마곡우림1차아파트,마곡우림1차아파트,서울 강서구 방화동 873,서울 강서구 양천로24길 34,37.57187272563176,126.81500704206428,3,마곡우림1차아파트 강서구 방화동
강서구,방화동,청성(877-0),청성,청성아파트,서울 강서구 방화동 877,서울 강서구 금낭화로 12,37.56636842259915,126.81207319454649,3,청성 강서구 방화동
강서구,방화동,방화3차우림필유,방화3차우림필유,방화3차우림필유아파트,서울 강서구 방화동 546-1,서울 강서구 양천로14길 118,37.568405864850256,126.80833271337832,3,방화3차우림필유 강서구 방화동
강서구,화곡동,송이,송이,송이아파트,서울 강서구 화곡동 1130-1,서울 강서구 화곡로58길 68,37.55220690401822,126.8544156085077,3,송이 강서구 화곡동
강서구,화곡동,양용아네스,양용아네스,양용아네스아파트,서울 강서구 화곡동 472-13,서울 강서구 등촌로13바길 28-7,37.53643257128364,126.85765958469764,3,양용아네스 강서구 화곡동
강서구,화곡동,강서아이파크,강서아이파크,강서아이파크아파트,서울 강서구 화곡동 980-21,서울 강서구 화곡로 296,37.55053876798169,126.84908195224736,3,강서아이파크 강서구 화곡동
강서구,마곡동,한림리첸빌101동,한림리첸빌,한림리첸빌아파트,서울 강서구 마곡동 1168,서울 강서구 양천로 128,37.5731354185611,126.81816446189109,3,한림리첸빌 강서구 마곡동
강서구,마곡동,마곡태승훼미리아파트,마곡태승훼미리아파트,마곡태승훼미리아파트,서울 강서구 마곡동 1454,서울 강서구 방화대로40길 66,37.57131188989137,126.81998231472944,3,마곡태승훼미리아파트 강서구 마곡동
강서구,마곡동,마곡엠밸리5단지,마곡엠밸리5단지,마곡엠밸리5단지아파트,서울 강서구 마곡동 740,서울 강서구 마곡서1로 111-11,37.5659306274417,126.817878629558,3,마곡엠밸리5단지 강서구 마곡동
강서구,화곡동,성삼하이츠,성삼하이츠,성삼하이츠아파트,서울 강서구 화곡동 1142,서울 강서구 곰달래로59길 36,37.53408556427212,126.86307671012128,3,성삼하이츠 강서구 화곡동
강서구,화곡동,우영,우영,우영아파트,서울 강서구 화곡동 1147,서울 강서구 국회대로7길 21,37.52983972206633,126.85972663767244,3,우영 강서구 화곡동
강서구,화곡동,우장산롯데,우장산롯데,우장산롯데캐슬아파트,서울 강서구 화곡동 1145,서울 강서구 공항대로 382,37.555186577852744,126.84804044324358,3,우장산롯데 강서구 화곡동
강서구,방화동,마곡서광(치현마을),마곡서광,마곡서광아파트,서울 강서구 방화동 860,서울 강서구 양천로27길 129,37.579310767756766,126.81929965175613,3,마곡서광 강서구 방화동
강서구,화곡동,진성아파트102동,진성아파트,진성아파트,서울 강서구 화곡동 1133-7,서울 강서구 까치산로 166-10,37.55170909285909,126.85331545597144,3,진성아파트 강서구 화곡동
강서구,마곡동,마곡금호어울림,마곡금호어울림,마곡금호어울림아파트,서울 강서구 마곡동 717,서울 강서구 양천로47길 94,37.57463061029238,126.83762708549372,3,마곡금호어울림 강서구 마곡동
강서구,내발산동,내발산우신웨스트빌,내발산우신웨스트빌,내발산우신웨스트빌아파트,서울 강서구 내발산동 733,서울 강서구 우장산로2길 21-6,37.55345044689663,126.83794465720123,3,내발산우신웨스트빌 강서구 내발산동
강서구,화곡동,현대홈타운(923-2),현대홈타운,현대홈타운,서울 강서구 화곡동 46-195,서울 강서구 까치산로14가길 11,37.545168645675005,126.84894567360328,3,현대홈타운 강서구 화곡동
강서구,화곡동,세교예지안5차,세교예지안5차,세교예지안5차오피스텔,서울 강서구 화곡동 914-32,서울 강서구 곰달래로22길 27,37.5291044521043,126.844570395145,3,세교예지안5차 강서구 화곡동
강서구,염창동,태진드림피아,태진드림피아,드림피아아파트,서울 강서구 염창동 296,서울 강서구 양천로 663,37.55248569076559,126.8710146651999,3,태진드림피아 강서구 염창동
강서구,내발산동,새신아,새신아,새신아아파트,서울 강서구 내발산동 673-6,서울 강서구 우장산로8길 45,37.552499015916055,126.84060844714098,3,새신아 강서구 내발산동
강서구,마곡동,마곡승윤노블리안아파트,마곡승윤노블리안아파트,마곡승윤노블리안아파트,서울 강서구 마곡동 1360,서울 강서구 방화대로44길 42,37.57139298149285,126.81763553876722,3,마곡승윤노블리안아파트 강서구 마곡동
강서구,내발산동,신세계4차,신세계4차,신세계4차아파트,서울 강서구 내발산동 665-6,서울 강서구 강서로50길 38,37.55491570245281,126.83943536050336,3,신세계4차 강서구 내발산동
강서구,화곡동,위하우스아파트,위하우스아파트,위하우스아파트,서울 강서구 화곡동 916-2,서울 강서구 월정로20길 86-4,37.529753454508445,126.84341960277672,3,위하우스아파트 강서구 화곡동
강서구,내발산동,타워힐101동,타워힐,타워힐아파트,서울 강서구 내발산동 661-2,서울 강서구 공항대로42길 51-8,37.55513346496301,126.8432510791432,3,타워힐 강서구 내발산동
강서구,화곡동,한백아파트,한백아파트,한백이아파트(925-1번지),서울 강서구 화곡동 925-1,서울 강서구 곰달래로20길 12,37.529818274219686,126.84270219445764,3,한백아파트 강서구 화곡동
강서구,화곡동,메종드로제,메종드로제,메종드로제아파트,서울 강서구 화곡동 926-3,서울 강서구 곰달래로18길 33-21,37.5288162616927,126.842627368159,3,메종드로제 강서구 화곡동
강서구,내발산동,태승훼미리,태승훼미리,태승훼미리아파트,서울 강서구 내발산동 722-16,서울 강서구 강서로45길 18,37.548267627119145,126.83513700333636,3,태승훼미리 강서구 내발산동
강서구,화곡동,대진,대진,화곡대진빌라,서울 강서구 화곡동 868-16,서울 강서구 곰달래로41길 28,37.5335809415276,126.855463295909,3,대진 강서구 화곡동
강서구,방화동,삼성꽃마을,삼성꽃마을,삼성꽃마을아파트,서울 강서구 방화동 858,서울 강서구 양천로18길 27,37.57237839017318,126.81342100781669,3,삼성꽃마을 강서구 방화동
강서구,방화동,삼도,삼도,삼도아파트,서울 강서구 방화동 140-2,서울 강서구 양천로27길 95,37.57756431346775,126.81908425132492,3,삼도 강서구 방화동
강서구,내발산동,내안에이너스,내안에이너스,이너스내안에아파트,서울 강서구 내발산동 689-12,서울 강서구 강서로45길 158,37.55220192608317,126.83105993610158,3,내안에이너스 강서구 내발산동
강서구,마곡동,마곡엠밸리3단지,마곡엠밸리3단지,마곡엠밸리3단지아파트,서울 강서구 마곡동 736,서울 강서구 마곡서1로 132,37.56853192166552,126.81971960602073,3,마곡엠밸리3단지 강서구 마곡동
강서구,공항동,스카이,스카이,스카이빌라,서울 강서구 공항동 14-28,서울 강서구 공항대로13길 26,37.562228278988954,126.81373380918332,3,스카이 강서구 공항동
강서구,화곡동,화곡대진,화곡대진,화곡대진빌라,서울 강서구 화곡동 868-16,서울 강서구 곰달래로41길 28,37.5335809415276,126.855463295909,3,화곡대진 강서구 화곡동
강서구,화곡동,천우중앙,천우중앙,천우중앙아파트,서울 강서구 화곡동 1072-22,서울 강서구 화곡로18길 19,37.53944452297273,126.83605257187035,3,천우중앙 강서구 화곡동
강서구,내발산동,낙원연립재건축조합아파트,낙원연립재건축조합아파트,낙원아파트,서울 강서구 내발산동 708-14,서울 강서구 강서로47나길 39,37.55102434228533,126.83489554500608,3,낙원연립재건축조합아파트 강서구 내발산동
강서구,마곡동,마곡경남아너스빌,마곡경남아너스빌,마곡보타닉경남아너스빌아파트,서울 강서구 마곡동 1252,서울 강서구 양천로26길 38,37.57224148549467,126.81865452137544,3,마곡경남아너스빌 강서구 마곡동
강서구,염창동,여명,여명,여명아파트,서울 강서구 염창동 242-10,서울 강서구 양천로67길 21,37.5552391062023,126.867727903571,3,여명 강서구 염창동
강서구,마곡동,마곡엠밸리1단지,마곡엠밸리1단지,마곡엠밸리1단지아파트,서울 강서구 마곡동 734,서울 강서구 마곡서1로 131,37.56842182518171,126.81842947299282,3,마곡엠밸리1단지 강서구 마곡동
강서구,화곡동,근상프리즘(342-35),근상프리즘,근상프리즘,서울 강서구 화곡동 102-294,서울 강서구 까치산로4다길 13-3,37.53973149769263,126.8457545121036,3,근상프리즘 강서구 화곡동
강서구,화곡동,벨라팰리스,벨라팰리스,벨라팰리스,서울 강서구 화곡동 343-71,서울 강서구 곰달래로23길 26,37.53168585676075,126.84597472969294,3,벨라팰리스 강서구 화곡동
강서구,방화동,강서센트레빌3차,강서센트레빌3차,강서센트레빌3차아파트,서울 강서구 방화동 893,서울 강서구 방화대로41길 6,37.57119418799374,126.81610333566294,3,강서센트레빌3차 강서구 방화동
강서구,화곡동,은하(400-60),은하,은하드림빌,서울 강서구 화곡동 369-15,서울 강서구 가로공원로82길 41-23,37.53634551013994,126.84030792766023,3,은하 강서구 화곡동
강서구,화곡동,지석,지석,지석아파트,서울 강서구 화곡동 926-4,서울 강서구 곰달래로18길 33-13,37.528820239899474,126.84223252561036,3,지석 강서구 화곡동
강서구,가양동,보광드림타운,보광드림타운,보광드림타운아파트,서울 강서구 가양동 448-10,서울 강서구 화곡로72길 56,37.56049001753224,126.85832460654603,3,보광드림타운 강서구 가양동
강서구,내발산동,청솔수(711-6),청솔수,청솔수아파트,서울 강서구 내발산동 711-6,서울 강서구 강서로47마길 71,37.55031456270031,126.83248329111365,3,청솔수 강서구 내발산동
강서구,화곡동,우공팰리스102동,우공팰리스,우공팰리스아파트(916-32번지),서울 강서구 화곡동 916-32,서울 강서구 강서로7길 82,37.52936855119486,126.84328690943944,3,우공팰리스 강서구 화곡동
강서구,화곡동,성재,성재,성재센트리움아파트(918-38),서울 강서구 화곡동 918-38,서울 강서구 곰달래로22길 5,37.53015920069868,126.84432496619564,3,성재 강서구 화곡동
강서구,방화동,길성그랑프리텔,길성그랑프리텔,길성그랑프리텔아파트,서울 강서구 방화동 867,서울 강서구 방화대로 319,37.569182263335655,126.81610035866792,3,길성그랑프리텔 강서구 방화동
강서구,화곡동,궁전(912-1)B동,궁전B동,궁전아파트 B동,서울 강서구 화곡동 911-14,서울 강서구 강서로5나길 77,37.52820760220556,126.84361968390304,3,궁전B동 강서구 화곡동
강서구,방화동,방신서광,방신서광,마곡서광2차아파트,서울 강서구 방화동 871,서울 강서구 양천로14길 17,37.57202084074539,126.81068250153008,3,방신서광 강서구 방화동
강서구,내발산동,수산오성,수산오성,수산오성아파트,서울 강서구 내발산동 721-3,서울 강서구 강서로45나길 15,37.54871452536403,126.8351394139516,3,수산오성 강서구 내발산동
강서구,화곡동,동훈타마르(921-18),동훈타마르,동훈타마르아파트,서울 강서구 화곡동 921-18,서울 강서구 곰달래로 70,37.529916217895,126.84048907482578,3,동훈타마르 강서구 화곡동
강서구,화곡동,태경(347-13),태경,태경아트빌,서울 강서구 화곡동 1078-11,서울 강서구 강서로31길 31,37.53946230016144,126.83981473974691,3,태경 강서구 화곡동
강서구,내발산동,청솔해오름,청솔해오름,청솔해오름아파트,서울 강서구 내발산동 660-1,서울 강서구 공항대로42길 23-8,37.5565107482891,126.8436737317055,3,청솔해오름 강서구 내발산동
강서구,화곡동,계명(1075-31),계명,계명워너스,서울 강서구 화곡동 46-37,서울 강서구 까치산로14길 41-9,37.544529502123595,126.8493882745336,3,계명 강서구 화곡동
강서구,화곡동,에스타워,에스타워,에스타워,서울 강서구 화곡동 372-31,서울 강서구 가로공원로76길 26-9,37.53561994875818,126.836824662071,3,에스타워 강서구 화곡동
강서구,화곡동,동양하우징(899-4),동양하우징,동양하우징,서울 강서구 화곡동 1046-1,서울 강서구 화곡로15길 54,37.54226664480196,126.83489788627858,3,동양하우징 강서구 화곡동
강서구,화곡동,신원센스빌,신원센스빌,신원센스빌,서울 강서구 화곡동 392-75,서울 강서구 강서로16길 44-46,37.53236624279714,126.84957113066147,3,신원센스빌 강서구 화곡동
강서구,내발산동,청솔샤르망1004동,청솔샤르망,청솔샤르망아파트,서울 강서구 내발산동 676-23,서울 강서구 우장산로4길 40,37.552917231000485,126.8387300758299,3,청솔샤르망 강서구 내발산동
강서구,화곡동,세림아파트,세림아파트,세림,서울 강서구 화곡동 899-2,서울 강서구 곰달래로24길 4,37.53024879703133,126.84669496175394,3,세림아파트 강서구 화곡동
강서구,화곡동,남경리버빌(343-48),남경리버빌,남경리버빌,서울 강서구 화곡동 55-19,서울 강서구 초록마을로10길 2,37.54213228810837,126.8489517997144,3,남경리버빌 강서구 화곡동
강서구,화곡동,덕현타워,덕현타워,덕현제왕타워아파트,서울 강서구 화곡동 1026-2,서울 강서구 화곡로31다길 21,37.54513600937247,126.8379219202872,3,덕현타워 강서구 화곡동
강서구,화곡동,임탑-A,임탑-A,임탑A아파트,서울 강서구 화곡동 915-30,서울 강서구 곰달래로20길 31-5,37.52888184541744,126.84316234993652,3,임탑-A 강서구 화곡동
강서구,화곡동,신일골드빌,신일골드빌,신일골드빌아파트,서울 강서구 화곡동 1012-1,서울 강서구 강서로43길 17,37.54674699210713,126.83531575044212,3,신일골드빌 강서구 화곡동
강서구,마곡동,길훈,길훈,길훈아파트,서울 강서구 마곡동 1565,서울 강서구 양천로30길 98,37.568822983042736,126.82212200145686,3,길훈 강서구 마곡동
강서구,화곡동,그레이스(786-10),그레이스,킹덤그레이스,서울 강서구 화곡동 111-84,서울 강서구 화곡로 219,37.545043323846,126.844030363649,3,그레이스 강서구 화곡동
강서구,화곡동,한백E타운아파트,한백E타운아파트,한백e타운아파트,서울 강서구 화곡동 46-219,서울 강서구 까치산로12길 7-6,37.5449146073414,126.847576982473,3,한백E타운아파트 강서구 화곡동
강서구,화곡동,승윤노블리안,승윤노블리안,승윤노블리안아파트,서울 강서구 화곡동 916-14,서울 강서구 곰달래로20길 13,37.529674542014824,126.84302379769284,3,승윤노블리안 강서구 화곡동
강서구,등촌동,신송타워,신송타워,신송타워아파트,서울 강서구 등촌동 662-3,서울 강서구 화곡로63길 93,37.55846591122552,126.84781195526966,3,신송타워 강서구 등촌동
강서구,화곡동,예지보금자리,예지보금자리,예지보금자리아파트,서울 강서구 화곡동 788-39,서울 강서구 곰달래로56길 39,37.5302775272872,126.86118299956782,3,예지보금자리 강서구 화곡동
강서구,등촌동,코오롱오투빌2,코오롱오투빌2,등촌코오롱오투빌2차아파트,서울 강서구 등촌동 712,서울 강서구 양천로62길 41,37.55573149831277,126.86029378425746,3,코오롱오투빌2 강서구 등촌동
강서구,화곡동,화곡한강,화곡한강,화곡한강아파트,서울 강서구 화곡동 1059-19,서울 강서구 화곡로31가길 18,37.54508054725712,126.84220844914007,3,화곡한강 강서구 화곡동
강서구,내발산동,천우네오젠(693),천우네오젠,천우네오젠아파트,서울 강서구 내발산동 665-17,서울 강서구 우장산로 13,37.554759963687594,126.83887209707032,3,천우네오젠 강서구 내발산동
강서구,화곡동,프라임하우스(916-9),프라임하우스,프라임하우스,서울 강서구 화곡동 397-36,서울 강서구 강서로18길 61-5,37.53488793835071,126.84870618506932,3,프라임하우스 강서구 화곡동
강서구,방화동,청성,청성,청성아파트,서울 강서구 방화동 877,서울 강서구 금낭화로 12,37.56636842259915,126.81207319454649,3,청성 강서구 방화동
강서구,내발산동,예스빌,예스빌,예스빌아파트,서울 강서구 내발산동 687-2,서울 강서구 강서로47길 63,37.552783511982334,126.83263620201735,3,예스빌 강서구 내발산동
강서구,등촌동,천우네오젠,천우네오젠,천우네오젠,서울 강서구 등촌동 365-106,서울 강서구 공항대로58나길 57,37.55068618515629,126.8590063188285,3,천우네오젠 강서구 등촌동
강서구,화곡동,서부인터빌아파트,서부인터빌아파트,서부인터빌아파트,서울 강서구 화곡동 1074-18,서울 강서구 화곡로26가길 10,37.54096827757244,126.83945169663396,3,서부인터빌아파트 강서구 화곡동
강서구,화곡동,진흥,진흥,진흥아파트,서울 강서구 화곡동 824-13,서울 강서구 곰달래로53길 66,37.53450883427094,126.8583239881012,3,진흥 강서구 화곡동
강서구,등촌동,나성,나성,나성아파트,서울 강서구 등촌동 635-6,서울 강서구 화곡로66길 173,37.5546204616462,126.86250497623678,3,나성 강서구 등촌동
강서구,화곡동,태승훼밀리,태승훼밀리,태승훼미리아파트,서울 강서구 내발산동 722-16,서울 강서구 강서로45길 18,37.548267627119145,126.83513700333636,2,태승훼밀리 강서구 화곡동
강서구,방화동,경동팰리스힐,경동팰리스힐,경동팰리스힐,서울 강서구 방화동 898,서울 강서구 양천로14길 44,37.57127021317367,126.80950035952245,3,경동팰리스힐 강서구 방화동
강서구,화곡동,화곡6차보람쉬움,화곡6차보람쉬움,화곡6차보람쉬움더하임아파트,서울 강서구 화곡동 1154,서울 강서구 우장산로15길 47,37.55530554118345,126.8508921623656,3,화곡6차보람쉬움 강서구 화곡동
강서구,화곡동,세림,세림,세림,서울 강서구 화곡동 899-2,서울 강서구 곰달래로24길 4,37.53024879703133,126.84669496175394,3,세림 강서구 화곡동
강서구,화곡동,살렘,살렘,살렘하우스,서울 강서구 화곡동 56-536,서울 강서구 초록마을로18길 2,37.54126934699577,126.85053766613912,3,살렘 강서구 화곡동
강서구,등촌동,지엠벨리,지엠벨리,지엠벨리아파트,서울 강서구 등촌동 656-17,서울 강서구 화곡로 374,37.5568149309025,126.853225093638,3,지엠벨리 강서구 등촌동
강서구,내발산동,한서3차,한서3차,한서3차아파트,서울 강서구 내발산동 698-11,서울 강서구 강서로47다길 10-6,37.55246366272648,126.83391572382835,3,한서3차 강서구 내발산동
강서구,등촌동,심미에셈빌,심미에셈빌,심미에셈빌아파트,서울 강서구 등촌동 634-13,서울 강서구 공항대로59다길 1,37.55386877713263,126.86384177371768,3,심미에셈빌 강서구 등촌동
강서구,화곡동,탑건화곡동진선미,탑건화곡동진선미,화곡동탑건진선미아파트,서울 강서구 화곡동 786-9,서울 강서구 곰달래로60가길 31,37.52995791453289,126.86138949713704,3,탑건화곡동진선미 강서구 화곡동
강서구,화곡동,동우(24-134),동우,동우하이빌,서울 강서구 화곡동 1017-24,서울 강서구 화곡로13길 90-45,37.544049538070176,126.83412449372416,3,동우 강서구 화곡동
강서구,등촌동,해태골든팰리스,해태골든팰리스,해태골든팰리스아파트,서울 강서구 등촌동 510-7,서울 강서구 등촌로51가길 15,37.54801804963505,126.86258952820454,3,해태골든팰리스 강서구 등촌동
강서구,화곡동,화곡삼익,화곡삼익,화곡삼익아파트,서울 강서구 화곡동 1141,서울 강서구 강서로5라길 58,37.52944377442133,126.85129211068464,3,화곡삼익 강서구 화곡동
강서구,내발산동,천우명덕,천우명덕,천우명덕아파트,서울 강서구 내발산동 680-5,서울 강서구 공항대로36길 126,37.55304732148704,126.83506762691326,3,천우명덕 강서구 내발산동
강서구,내발산동,이너스101동,이너스,이너스아파트,서울 강서구 내발산동 688-5,서울 강서구 강서로47길 83,37.55288641778384,126.8315042782968,3,이너스 강서구 내발산동
강서구,방화동,동일스위트리버2차,동일스위트리버2차,방화동일스위트2차아파트,서울 강서구 방화동 895,서울 강서구 금낭화로24가길 6,37.57880857615739,126.81616272411324,3,동일스위트리버2차 강서구 방화동
강서구,등촌동,청솔펠리체,청솔펠리체,청솔펠리체아파트,서울 강서구 등촌동 651,서울 강서구 공항대로55길 9-37,37.55386412157,126.859862694071,3,청솔펠리체 강서구 등촌동
강서구,염창동,노블레스아파트,노블레스아파트,노블레스아파트,서울 강서구 염창동 266-3,서울 강서구 공항대로65가길 17,37.55098127931886,126.87042426518782,3,노블레스아파트 강서구 염창동
강서구,화곡동,현대그린,현대그린,현대그린마트 화곡점,서울 강서구 화곡동 958-12,서울 강서구 까치산로 134,37.5492659149851,126.851415695215,3,현대그린 강서구 화곡동
강서구,화곡동,우장산청솔(992-11),우장산청솔,우장산청솔아파트,서울 강서구 화곡동 992-10,서울 강서구 화곡로53길 75,37.55204678752979,126.84471967583367,3,우장산청솔 강서구 화곡동
강서구,화곡동,오케이B,오케이B,오케이아파트 B동,서울 강서구 화곡동 102-90,서울 강서구 까치산로4길 98-25,37.53862411218522,126.84640173579136,3,오케이B 강서구 화곡동
강서구,화곡동,화곡동성재,화곡동성재,성재센트리움아파트(918-38),서울 강서구 화곡동 918-38,서울 강서구 곰달래로22길 5,37.53015920069868,126.84432496619564,3,화곡동성재 강서구 화곡동
강서구,화곡동,우성,우성,우성,서울 강서구 화곡동 351-30,서울 강서구 가로공원로76가길 83-17,37.53535770775017,126.84276523453016,3,우성 강서구 화곡동
강서구,공항동,송정제이빌102동,송정제이빌,송정제이빌아파트,서울 강서구 공항동 42-23,서울 강서구 공항대로4길 21,37.56019305047577,126.81097501102842,3,송정제이빌 강서구 공항동
강서구,화곡동,우성(343-39),우성,우성,서울 강서구 화곡동 351-30,서울 강서구 가로공원로76가길 83-17,37.53535770775017,126.84276523453016,3,우성 강서구 화곡동
강서구,화곡동,대한아파트,대한아파트,대한아파트,서울 강서구 화곡동 381-18,서울 강서구 강서로29길 34,37.539267816862335,126.83991246375062,3,대한아파트 강서구 화곡동
강서구,화곡동,천우(916-7),천우,천우그린빌,서울 강서구 화곡동 409-223,서울 강서구 초록마을로36길 9,37.53615412521397,126.84544507723908,3,천우 강서구 화곡동
강서구,가양동,디아이빌102동,디아이빌,디아이빌,서울 강서구 가양동 239-36,서울 강서구 양천로49길 75,37.57172696000334,126.83979094102204,3,디아이빌 강서구 가양동
강서구,화곡동,우공팰리스101동,우공팰리스,우공팰리스아파트(916-32번지),서울 강서구 화곡동 916-32,서울 강서구 강서로7길 82,37.52936855119486,126.84328690943944,3,우공팰리스 강서구 화곡동
강서구,화곡동,남촌,남촌,남촌빌라,서울 강서구 화곡동 1038-24,서울 강서구 강서로37길 45,37.543483163122936,126.83501967425288,3,남촌 강서구 화곡동
강서구,방화동,지니스힐,지니스힐,지니스힐아파트,서울 강서구 방화동 537-1,서울 강서구 양천로14가길 35,37.5719228897217,126.808052025103,3,지니스힐 강서구 방화동
강서구,화곡동,블루힐,블루힐,블루힐,서울 강서구 화곡동 380-11,서울 강서구 강서로29길 82,37.53833288529558,126.8374976346884,3,블루힐 강서구 화곡동
강서구,등촌동,신원,신원,등촌신원아파트,서울 강서구 등촌동 641,서울 강서구 화곡로66길 50,37.55709969553958,126.8561942671286,3,신원 강서구 등촌동
강서구,내발산동,청솔숲속마을101동,청솔숲속마을,청솔숲속마을아파트,서울 강서구 내발산동 673-11,서울 강서구 강서로46길 60,37.55120751063846,126.83966512280608,3,청솔숲속마을 강서구 내발산동
강서구,화곡동,은창,은창,은창아파트,서울 강서구 화곡동 1143,서울 강서구 국회대로7길 157,37.52892226905578,126.8521484327834,3,은창 강서구 화곡동
강서구,화곡동,호용그린피아,호용그린피아,호용그린피아아파트,서울 강서구 화곡동 1153,서울 강서구 화곡로43가길 44,37.548611137893424,126.8439256097539,3,호용그린피아 강서구 화곡동
강서구,화곡동,천우(401-25),천우,천우그린빌,서울 강서구 화곡동 409-223,서울 강서구 초록마을로36길 9,37.53615412521397,126.84544507723908,3,천우 강서구 화곡동
강서구,화곡동,한울에이치밸리움A동,한울에이치밸리움A동,화곡한울에이치밸리움아파트(A동),서울 강서구 화곡동 1065-4,서울 강서구 강서로33길 23,37.5416194760399,126.838626551271,3,한울에이치밸리움A동 강서구 화곡동
강서구,화곡동,한울에이치밸리움B동,한울에이치밸리움B동,화곡한울에이치밸리움아파트(B동),서울 강서구 화곡동 1065-2,서울 강서구 강서로33길 27,37.5416192346864,126.838450034145,3,한울에이치밸리움B동 강서구 화곡동
강서구,화곡동,우성(343-75),우성,우성,서울 강서구 화곡동 351-30,서울 강서구 가로공원로76가길 83-17,37.53535770775017,126.84276523453016,3,우성 강서구 화곡동
강서구,방화동,보람,보람,보람홈타운,서울 강서구 방화동 482-4,서울 강서구 금낭화로15길 21,37.57446791866124,126.81066951472371,3,보람 강서구 방화동
강서구,화곡동,근상프리즘(955-9),근상프리즘,근상프리즘,서울 강서구 화곡동 102-294,서울 강서구 까치산로4다길 13-3,37.53973149769263,126.8457545121036,3,근상프리즘 강서구 화곡동
강서구,방화동,신라힐,신라힐,신라힐아파트,서울 강서구 방화동 647-20,서울 강서구 초원로 20,37.56757576037445,126.80760135920012,3,신라힐 강서구 방화동
강서구,화곡동,우진,우진,우진주택,서울 강서구 화곡동 381-6,서울 강서구 강서로29길 28,37.53950776399943,126.84012014518808,3,우진 강서구 화곡동
강서구,방화동,통일101동(597-38),통일,통일아파트,서울 강서구 방화동 479-3,서울 강서구 금낭화로15길 33-5,37.574932586006,126.81051664671514,3,통일 강서구 방화동
강서구,내발산동,우장산태승훼미리,우장산태승훼미리,우장산태승훼미리아파트,서울 강서구 내발산동 671-28,서울 강서구 우장산로6길 8,37.5541709864835,126.840401177881,3,우장산태승훼미리 강서구 내발산동
강서구,화곡동,세교예지안2차,세교예지안2차,세교예지안2차,서울 강서구 화곡동 925-11,서울 강서구 월정로20길 68-5,37.52958832370518,126.84255560292726,3,세교예지안2차 강서구 화곡동
강서구,화곡동,계명가동,계명가동,계명아파트 가동,서울 강서구 화곡동 56-28,서울 강서구 초록마을로 75,37.541517565978296,126.85088907398614,3,계명가동 강서구 화곡동
강서구,화곡동,오케이A,오케이A,오케이아파트 A동,서울 강서구 화곡동 102-90,서울 강서구 까치산로4길 98-25,37.53857698052607,126.84618685174286,3,오케이A 강서구 화곡동
강서구,등촌동,풍성애뜨란아파트,풍성애뜨란아파트,풍성애뜨란아파트,서울 강서구 등촌동 654-79,서울 강서구 공항대로51길 23,37.55540106509962,126.8574729932553,3,풍성애뜨란아파트 강서구 등촌동
강서구,화곡동,남광아파트(1131-11),남광아파트,남광아파트,서울 강서구 화곡동 920-15,서울 강서구 곰달래로18길 3,37.53000406330272,126.84149126201368,3,남광아파트 강서구 화곡동
강서구,화곡동,루체비스타,루체비스타,루체비스타아파트,서울 강서구 화곡동 897-2,서울 강서구 강서로10길 19,37.53036517323206,126.84890651959893,3,루체비스타 강서구 화곡동
강서구,등촌동,등촌파밀리에더클래식101동,등촌파밀리에더클래식,등촌파밀리에더클래식아파트,서울 강서구 등촌동 722,서울 강서구 공항대로53가길 22,37.55479433821937,126.8586760383992,3,등촌파밀리에더클래식 강서구 등촌동
강서구,방화동,강서센트레빌3차(894-0),강서센트레빌3차,강서센트레빌3차아파트,서울 강서구 방화동 893,서울 강서구 방화대로41길 6,37.57119418799374,126.81610333566294,3,강서센트레빌3차 강서구 방화동
강서구,화곡동,부영,부영,부영아파트,서울 강서구 화곡동 24-147,서울 강서구 초록마을로3길 28,37.5452992378885,126.84680672556,3,부영 강서구 화곡동
강서구,내발산동,현대파크,현대파크,현대파크아파트,서울 강서구 내발산동 675,서울 강서구 우장산로2길 25,37.5535959633049,126.83762067464562,3,현대파크 강서구 내발산동
강서구,내발산동,청솔숲속마을102동,청솔숲속마을,청솔숲속마을아파트,서울 강서구 내발산동 673-11,서울 강서구 강서로46길 60,37.55120751063846,126.83966512280608,3,청솔숲속마을 강서구 내발산동
강서구,내발산동,청솔파인힐(736-0),청솔파인힐,청솔파인힐아파트,서울 강서구 내발산동 736,서울 강서구 강서로47가길 20-35,37.55167101598305,126.83343991579436,3,청솔파인힐 강서구 내발산동
강서구,화곡동,프라임팰리스(1024-23),프라임팰리스,프라임팰리스아파트,서울 강서구 화곡동 1024-23,서울 강서구 강서로33가길 86,37.545093152441225,126.83624614923129,3,프라임팰리스 강서구 화곡동
강서구,내발산동,광성금강,광성금강,금강아파트,서울 강서구 내발산동 715-5,서울 강서구 강서로45라길 15,37.548716129987035,126.83371355588316,3,광성금강 강서구 내발산동
강서구,등촌동,등촌파밀리에더클래식201동,등촌파밀리에더클래식,등촌파밀리에더클래식아파트,서울 강서구 등촌동 722,서울 강서구 공항대로53가길 22,37.55479433821937,126.8586760383992,3,등촌파밀리에더클래식 강서구 등촌동
강서구,염창동,삼천리,삼천리,삼천리아파트,서울 강서구 염창동 70-20,서울 강서구 양천로67길 71-16,37.556616027100674,126.8711659913121,3,삼천리 강서구 염창동
강서구,화곡동,세교예지안6차,세교예지안6차,세교예지안6차,서울 강서구 화곡동 924-15,서울 강서구 곰달래로18길 25,37.529116668175526,126.84155875723462,3,세교예지안6차 강서구 화곡동
강서구,화곡동,"동서1,2호(381-11)","동서1,2호",동서아파트,서울 강서구 화곡동 381-11,서울 강서구 강서로29길 44,37.53909058864887,126.83944667076084,3,"동서1,2호 강서구 화곡동"
강서구,화곡동,투원씨B동,투원씨B동,화곡투원씨아파트 B동,서울 강서구 화곡동 29-38,서울 강서구 까치산로15길 11,37.54690740567846,126.84741450045242,3,투원씨B동 강서구 화곡동
강서구,마곡동,마곡동후포아파트(14-21),마곡동후포아파트,마곡후포아파트,서울 강서구 마곡동 14-21,서울 강서구 양천로47나길 13-8,37.57174448087224,126.83810425479292,3,마곡동후포아파트 강서구 마곡동
강서구,화곡동,가화(424-59)나동,가화나동,가화맨션 나동,서울 강서구 화곡동 46-74,서울 강서구 까치산로14길 49-9,37.5441600936788,126.849389017694,3,가화나동 강서구 화곡동
강서구,방화동,태승훼미리4차,태승훼미리4차,방화4차태승훼미리아파트,서울 강서구 방화동 891,서울 강서구 금낭화로13길 36,37.5719105869501,126.80935609882316,3,태승훼미리4차 강서구 방화동
강서구,화곡동,금호,금호,강서금호어울림퍼스티어아파트,서울 강서구 화곡동 1176,서울 강서구 화곡로54길 43,37.5506635350944,126.850838037377,3,금호 강서구 화곡동
강서구,화곡동,윤탁아트리움,윤탁아트리움,윤탁아트리움아파트,서울 강서구 화곡동 1026-18,서울 강서구 강서로 206,37.54482822425335,126.83818171658996,3,윤탁아트리움 강서구 화곡동
강서구,화곡동,세양(453-4),세양,세양아파트,서울 강서구 화곡동 453-5,서울 강서구 곰달래로31라길 18-4,37.5338019937863,126.85207317853391,3,세양 강서구 화곡동
강서구,내발산동,원다벨라빌,원다벨라빌,원다벨라빌아파트,서울 강서구 내발산동 672-15,서울 강서구 우장산로6길 21,37.5536090289372,126.84059702947758,3,원다벨라빌 강서구 내발산동
강서구,내발산동,강성레스트빌아파트,강성레스트빌아파트,강성레스트빌아파트,서울 강서구 내발산동 717-20,서울 강서구 강서로45라길 52,37.54988148038583,126.834611758959,3,강성레스트빌아파트 강서구 내발산동
강서구,가양동,디아이빌101동,디아이빌,디아이빌,서울 강서구 가양동 239-36,서울 강서구 양천로49길 75,37.57172696000334,126.83979094102204,3,디아이빌 강서구 가양동
강서구,화곡동,무궁화,무궁화,무궁화아파트,서울 강서구 화곡동 935-9,서울 강서구 강서로7길 141,37.528668415911405,126.83988534029834,3,무궁화 강서구 화곡동
강서구,화곡동,로얄홈타운(103동),로얄홈타운,로얄홈타운,서울 강서구 화곡동 928-25,서울 강서구 강서로5나길 130-9,37.5287596447092,126.840720066185,3,로얄홈타운 강서구 화곡동
강서구,가양동,향교,향교,양천향교,서울 강서구 가양동 234,서울 강서구 양천로47나길 53,37.5730911256815,126.839835562738,3,향교 강서구 가양동
강서구,화곡동,프라임하우스(925-17),프라임하우스,프라임하우스,서울 강서구 화곡동 397-36,서울 강서구 강서로18길 61-5,37.53488793835071,126.84870618506932,3,프라임하우스 강서구 화곡동
강서구,화곡동,강서타워,강서타워,강서뉴타워아파트,서울 강서구 화곡동 1071-19,서울 강서구 화곡로18길 24,37.5391066610451,126.835414022386,3,강서타워 강서구 화곡동
강서구,내발산동,보람하이빌,보람하이빌,보람하이빌아파트,서울 강서구 내발산동 711-1,서울 강서구 강서로47라길 48-7,37.55072815932713,126.83251065697634,3,보람하이빌 강서구 내발산동
강서구,염창동,리버펠리스4동,리버펠리스,리버펠리스아파트,서울 강서구 염창동 257,서울 강서구 양천로77길 43,37.55095333523002,126.8771554565142,3,리버펠리스 강서구 염창동
강서구,화곡동,세양(453-5),세양,세양아파트,서울 강서구 화곡동 453-5,서울 강서구 곰달래로31라길 18-4,37.5338019937863,126.85207317853391,3,세양 강서구 화곡동
강서구,화곡동,태영그린(917-16),태영그린,태영그린아파트,서울 강서구 화곡동 917-16,서울 강서구 곰달래로22길 14,37.529736298218594,126.84407242407865,3,태영그린 강서구 화곡동
강서구,화곡동,신영,신영,신영베르디움,서울 강서구 화곡동 380-12,서울 강서구 강서로29길 84,37.53826058747992,126.837339385419,3,신영 강서구 화곡동
강서구,화곡동,은하,은하,은하드림빌,서울 강서구 화곡동 369-15,서울 강서구 가로공원로82길 41-23,37.53634551013994,126.84030792766023,3,은하 강서구 화곡동
강서구,화곡동,삼성홈타운,삼성홈타운,삼성홈타운,서울 강서구 화곡동 56-521,서울 강서구 초록마을로26길 49-5,37.53950178241594,126.84927392386456,3,삼성홈타운 강서구 화곡동
강서구,화곡동,광영다모은정아파트,광영다모은정아파트,광영다모은정아파트,서울 강서구 화곡동 1019-19,서울 강서구 강서로41길 48,37.54401502866561,126.83521765668247,3,광영다모은정아파트 강서구 화곡동
강서구,내발산동,청솔샤르망1001동,청솔샤르망,청솔샤르망아파트,서울 강서구 내발산동 676-23,서울 강서구 우장산로4길 40,37.552917231000485,126.8387300758299,3,청솔샤르망 강서구 내발산동
강서구,화곡동,신세계2차,신세계2차,신세계2차아파트,서울 강서구 화곡동 1009-6,서울 강서구 강서로45다길 12-9,37.54729160692236,126.83432213117244,3,신세계2차 강서구 화곡동
강서구,등촌동,세심,세심,세심노동법률사무소,서울 강서구 등촌동 633-3,서울 강서구 양천로 616,37.5545705327863,126.866099409118,3,세심 강서구 등촌동
강서구,내발산동,태승훼미리아파트5차,태승훼미리아파트5차,태승훼미리5차아파트,서울 강서구 내발산동 714-4,서울 강서구 강서로45길 49-4,37.54777794506604,126.8329008762074,3,태승훼미리아파트5차 강서구 내발산동
강서구,화곡동,삼우아파트,삼우아파트,삼우아파트,서울 강서구 화곡동 1088-8,서울 강서구 화곡로18길 44-27,37.537867230204434,126.83566114337242,3,삼우아파트 강서구 화곡동
강서구,염창동,이너스양화6차,이너스양화6차,이너스양화6차아파트,서울 강서구 염창동 250-3,서울 강서구 양천로73가길 38,37.5503016310458,126.87431833515,3,이너스양화6차 강서구 염창동
강서구,화곡동,강서뉴,강서뉴,강서뉴타워아파트,서울 강서구 화곡동 1071-19,서울 강서구 화곡로18길 24,37.5391066610451,126.835414022386,3,강서뉴 강서구 화곡동
강서구,화곡동,주얼리,주얼리,주얼리맨션,서울 강서구 화곡동 346-8,서울 강서구 강서로15길 13,37.53240575300344,126.84528310485916,3,주얼리 강서구 화곡동
강서구,화곡동,대우그린,대우그린,대우그린아파트,서울 강서구 화곡동 359-3,서울 강서구 월정로28길 20,37.53308751707889,126.83768098824152,3,대우그린 강서구 화곡동
강서구,화곡동,다울,다울,다울아파트,서울 강서구 화곡동 1061-34,서울 강서구 화곡로27가길 29,37.54320147570403,126.84184239354347,3,다울 강서구 화곡동
강서구,등촌동,삼성,삼성,삼성스토어 홈플러스강서모바일,서울 강서구 등촌동 639-11,서울 강서구 화곡로 398,37.5584702299659,126.854818786057,3,삼성 강서구 등촌동
강서구,공항동,발쿠치네하우스,발쿠치네하우스,공항동발쿠치네하우스아파트,서울 강서구 공항동 1378,서울 강서구 송정로 53,37.5596453813341,126.809937406348,3,발쿠치네하우스 강서구 공항동
강서구,내발산동,내츄럴4차아파트,내츄럴4차아파트,내츄럴4차아파트,서울 강서구 내발산동 687-27,서울 강서구 강서로47라길 11,37.5526605272001,126.832319603783,3,내츄럴4차아파트 강서구 내발산동
강서구,화곡동,청우(391-2),청우,청우,서울 강서구 화곡동 821-23,서울 강서구 곰달래로49가길 7-18,37.53494328069298,126.85696545892912,3,청우 강서구 화곡동
강서구,화곡동,한솔,한솔,한솔부동산,서울 강서구 화곡동 102-40,서울 강서구 까치산로4길 60,37.5404038244398,126.845893433748,3,한솔 강서구 화곡동
강서구,화곡동,오경아파트,오경아파트,오경아파트,서울 강서구 화곡동 894-12,서울 강서구 강서로8길 9,37.529929472154,126.848502376286,3,오경아파트 강서구 화곡동
강서구,염창동,한울밸리움,한울밸리움,등촌역한울에이치밸리움1차아파트,서울 강서구 염창동 274-18,서울 강서구 공항대로 531,37.55113519798463,126.86545484627824,3,한울밸리움 강서구 염창동
강서구,내발산동,신세계(697-5),신세계,신세계플러스,서울 강서구 내발산동 762,서울 강서구 강서로50길 34,37.555003716514335,126.83922693413352,3,신세계 강서구 내발산동
강서구,염창동,리버펠리스3동,리버펠리스,리버펠리스아파트,서울 강서구 염창동 257,서울 강서구 양천로77길 43,37.55095333523002,126.8771554565142,3,리버펠리스 강서구 염창동
강서구,화곡동,굿이모션(1103-3),굿이모션,굿이모션아파트,서울 강서구 화곡동 1103-3,서울 강서구 화곡로55길 22,37.55287749066878,126.84887353151812,3,굿이모션 강서구 화곡동
강서구,화곡동,혜성오피아파트,혜성오피아파트,혜성오피아파트,서울 강서구 화곡동 343-49,서울 강서구 강서로 43-6,37.531560000148545,126.8461922118316,3,혜성오피아파트 강서구 화곡동
강서구,화곡동,대종,대종,대종아파트,서울 강서구 화곡동 1077-1,서울 강서구 강서로31길 9,37.54022234214366,126.84085070138168,3,대종 강서구 화곡동
강서구,방화동,신마곡벽산블루밍,신마곡벽산블루밍,신마곡벽산블루밍메트로아파트,서울 강서구 방화동 904,서울 강서구 양천로10길 38,37.571220727873936,126.808429641383,3,신마곡벽산블루밍 강서구 방화동
강서구,등촌동,예지펠리스아파트,예지펠리스아파트,예지펠리스아파트,서울 강서구 등촌동 637-15,서울 강서구 화곡로66길 93,37.55636739804118,126.85860855812864,3,예지펠리스아파트 강서구 등촌동
강서구,화곡동,동진빌라(56-100),동진빌라,동진빌라,서울 강서구 화곡동 56-100,서울 강서구 초록마을로 93,37.54000932122773,126.8516264205588,3,동진빌라 강서구 화곡동
강서구,화곡동,로즈힐(1101-3),로즈힐,로즈힐,서울 강서구 화곡동 1062-6,서울 강서구 강서로34길 22,37.54286971767105,126.84102951544612,3,로즈힐 강서구 화곡동
강서구,공항동,장미,장미,장미공원,서울 강서구 공항동 668,,37.556708072560504,126.8138573304198,3,장미 강서구 공항동
강서구,화곡동,계명가동(343-65),계명가동,계명아파트 가동,서울 강서구 화곡동 56-28,서울 강서구 초록마을로 75,37.541517565978296,126.85088907398614,3,계명가동 강서구 화곡동
강서구,화곡동,화곡동복지다동,화곡동복지다동,복지 다동,서울 강서구 화곡동 354-54,서울 강서구 강서로17라길 3,37.53258025411506,126.8409925254024,3,화곡동복지다동 강서구 화곡동
강서구,등촌동,삼우지엔씨,삼우지엔씨,삼우지엔씨아파트,서울 강서구 등촌동 646-28,서울 강서구 공항대로59길 29-8,37.55305076705638,126.86314500517062,3,삼우지엔씨 강서구 등촌동
강서구,내발산동,명덕,명덕,명덕고등학교,서울 강서구 내발산동 169-1,서울 강서구 강서로47길 34-10,37.5539047148767,126.835458440435,3,명덕 강서구 내발산동
강서구,방화동,성옥,성옥,성옥아파트,서울 강서구 방화동 583-23,서울 강서구 양천로14길 85-17,37.569612128531475,126.8099007637593,3,성옥 강서구 방화동
강서구,염창동,등촌제이스카이,등촌제이스카이,등촌제이스카이아파트,서울 강서구 염창동 311,서울 강서구 공항대로 557,37.54989198557505,126.86799536924973,3,등촌제이스카이 강서구 염창동
강서구,화곡동,팔라이스아파트먼트(915-8),팔라이스아파트먼트,팔라이스아파트먼트,서울 강서구 화곡동 915-8,서울 강서구 강서로7길 69-5,37.5290252088189,126.84392117432697,3,팔라이스아파트먼트 강서구 화곡동
강서구,화곡동,일광2차,일광2차,일광2차아파트,서울 강서구 화곡동 343-21,서울 강서구 곰달래로 113,37.53062214417357,126.84556736572078,3,일광2차 강서구 화곡동
강서구,등촌동,보람하이빌,보람하이빌,보람하이빌아파트,서울 강서구 등촌동 518-7,서울 강서구 등촌로39길 63-31,37.54656745409777,126.85802958596274,3,보람하이빌 강서구 등촌동
강서구,내발산동,이너스102동,이너스,이너스아파트,서울 강서구 내발산동 688-5,서울 강서구 강서로47길 83,37.55288641778384,126.8315042782968,3,이너스 강서구 내발산동
강서구,화곡동,거성훼미리(29-68),거성훼미리,거성아파트,서울 강서구 화곡동 29-68,서울 강서구 까치산로16길 6,37.54643837280508,126.8484146560494,3,거성훼미리 강서구 화곡동
강서구,화곡동,오화(24-175),오화,오화주택,서울 강서구 화곡동 424-10,서울 강서구 곰달래로19길 29,37.53161779811644,126.84219608603958,3,오화 강서구 화곡동
강서구,등촌동,마곡루나플라체,마곡루나플라체,마곡루나플라체,서울 강서구 등촌동 725,서울 강서구 강서로56길 64,37.559049752623075,126.84231594191812,3,마곡루나플라체 강서구 등촌동
강서구,공항동,청성스카이,청성스카이,GS25 송정가온점,서울 강서구 공항동 22-5,서울 강서구 공항대로7길 27,37.56247472559131,126.81289450341971,3,청성스카이 강서구 공항동
강서구,마곡동,마곡엠밸리9단지,마곡엠밸리9단지,마곡엠밸리9단지아파트,서울 강서구 마곡동 744,서울 강서구 공항대로 103,37.56199729395976,126.8187314187724,3,마곡엠밸리9단지 강서구 마곡동
강서구,화곡동,근상프리즘(957-1),근상프리즘,근상프리즘,서울 강서구 화곡동 102-294,서울 강서구 까치산로4다길 13-3,37.53973149769263,126.8457545121036,3,근상프리즘 강서구 화곡동
강서구,화곡동,꿈동산(355-22),꿈동산,꿈동산아파트,서울 강서구 화곡동 355-22,서울 강서구 곰달래로15가길 34-16,37.5313451055887,126.839087660827,3,꿈동산 강서구 화곡동
강서구,염창동,리버펠리스1동,리버펠리스,리버펠리스아파트,서울 강서구 염창동 257,서울 강서구 양천로77길 43,37.55095333523002,126.8771554565142,3,리버펠리스 강서구 염창동
강서구,내발산동,삼대,삼대,삼대에코빌아파트,서울 강서구 내발산동 698-1,서울 강서구 강서로47길 55,37.55279055247994,126.8331545012842,3,삼대 강서구 내발산동
강서구,화곡동,신한빌라트(105-362),신한빌라트,신한빌라트,서울 강서구 화곡동 46-94,서울 강서구 까치산로14길 41-6,37.544231913410954,126.8491851918703,3,신한빌라트 강서구 화곡동
강서구,화곡동,궁전A동,궁전A동,궁전아파트 A동,서울 강서구 화곡동 911-14,서울 강서구 강서로5나길 77,37.52819630375428,126.84393308331136,3,궁전A동 강서구 화곡동
강서구,화곡동,계명(849-7),계명,계명워너스,서울 강서구 화곡동 46-37,서울 강서구 까치산로14길 41-9,37.544529502123595,126.8493882745336,3,계명 강서구 화곡동
강서구,내발산동,내츄럴2차,내츄럴2차,내츄럴2차아파트,서울 강서구 내발산동 696-2,서울 강서구 강서로47마길 37-22,37.55176029025865,126.83285577200444,3,내츄럴2차 강서구 내발산동
강서구,등촌동,등촌퀸즈포디엄삼익,등촌퀸즈포디엄삼익,등촌퀸즈포디엄삼익,서울 강서구 등촌동 511-4,서울 강서구 등촌로51가길 35,37.5473051033028,126.862369041432,3,등촌퀸즈포디엄삼익 강서구 등촌동
강서구,화곡동,창대,창대,창대빌라,서울 강서구 화곡동 372-12,서울 강서구 가로공원로 184-19,37.53615158386928,126.8368574469015,3,창대 강서구 화곡동
강서구,화곡동,한백e타운(46-219),한백e타운,한백e타운,서울 강서구 화곡동 98-140,서울 강서구 강서로26길 54-5,37.540208493198506,126.84534618872688,3,한백e타운 강서구 화곡동
강서구,화곡동,강서크라운팰리스,강서크라운팰리스,강서크라운팰리스오피스텔,서울 강서구 화곡동 998-5,서울 강서구 화곡로 305,37.55175352920693,126.84925151769974,3,강서크라운팰리스 강서구 화곡동
강서구,화곡동,제일에비앙,제일에비앙,제일에비앙아파트,서울 강서구 화곡동 901-7,서울 강서구 강서로5가길 42,37.529155363359685,126.8456043298406,3,제일에비앙 강서구 화곡동
강서구,화곡동,프라임하우스(916-5),프라임하우스,프라임하우스,서울 강서구 화곡동 397-36,서울 강서구 강서로18길 61-5,37.53488793835071,126.84870618506932,3,프라임하우스 강서구 화곡동
강서구,화곡동,에스엠케이아파트,에스엠케이아파트,오소필라테스,서울 강서구 화곡동 938-23,서울 강서구 곰달래로 60-1,37.5299806649383,126.839510321952,3,에스엠케이아파트 강서구 화곡동
강서구,화곡동,태경(381-7),태경,태경아트빌,서울 강서구 화곡동 1078-11,서울 강서구 강서로31길 31,37.53946230016144,126.83981473974691,3,태경 강서구 화곡동
강서구,화곡동,SPACE(920-5),SPACE,스페이스빌,서울 강서구 화곡동 468-4,서울 강서구 등촌로13자길 63-27,37.53639211036307,126.85550312813602,3,SPACE 강서구 화곡동
강서구,마곡동,마곡노블리안,마곡노블리안,마곡노블리안아파트,서울 강서구 마곡동 1397,서울 강서구 방화대로40길 37,37.57129958434012,126.81900545254544,3,마곡노블리안 강서구 마곡동
강서구,화곡동,프라임하우스(342-44),프라임하우스,프라임하우스,서울 강서구 화곡동 397-36,서울 강서구 강서로18길 61-5,37.53488793835071,126.84870618506932,3,프라임하우스 강서구 화곡동
강서구,방화동,마곡센트레빌,마곡센트레빌,마곡센트레빌아파트,서울 강서구 방화동 906,서울 강서구 양천로24길 13,37.5729223176542,126.81611833037248,3,마곡센트레빌 강서구 방화동
강서구,화곡동,로얄홈타운(102동),로얄홈타운,로얄홈타운,서울 강서구 화곡동 928-25,서울 강서구 강서로5나길 130-9,37.5287596447092,126.840720066185,3,로얄홈타운 강서구 화곡동
강서구,내발산동,원당,원당,원당아파트,서울 강서구 내발산동 650-1,서울 강서구 강서로52길 76,37.55731720349475,126.8423659950492,3,원당 강서구 내발산동
강서구,방화동,마곡우촌아파트,마곡우촌아파트,마곡우촌아파트,서울 강서구 방화동 907,서울 강서구 금낭화로 36-5,37.5686695300318,126.812052698256,3,마곡우촌아파트 강서구 방화동
강서구,등촌동,가양역두산위브,가양역두산위브,가양역두산위브아파트,서울 강서구 등촌동 726,서울 강서구 공항대로45길 15,37.556292197672256,126.85455591977234,3,가양역두산위브 강서구 등촌동
강서구,화곡동,우장산숲아이파크,우장산숲아이파크,우장산숲아이파크아파트,서울 강서구 화곡동 1173,서울 강서구 화곡로31다길 20,37.54487260541292,126.83967303327807,3,우장산숲아이파크 강서구 화곡동
강서구,내발산동,우장산신일해피트리,우장산신일해피트리,우장산역신일해피트리아파트,서울 강서구 내발산동 763,서울 강서구 강서로45길 92-5,37.5496422087015,126.832335418773,3,우장산신일해피트리 강서구 내발산동
강서구,화곡동,진성101동,진성,진성,서울 강서구 화곡동 164-19,서울 강서구 강서로18아길 10,37.53548578798508,126.85121675377547,3,진성 강서구 화곡동
강서구,방화동,다우하임더프라임아파트,다우하임더프라임아파트,GS25 방화사거리점,서울 강서구 방화동 450-1,서울 강서구 양천로 77,37.5736778449273,126.812423863036,3,다우하임더프라임아파트 강서구 방화동
강서구,내발산동,마곡에이치밸리움,마곡에이치밸리움,마곡에이치밸리움아파트,서울 강서구 내발산동 764,서울 강서구 공항대로42길 13,37.5571277059268,126.844185129185,3,마곡에이치밸리움 강서구 내발산동
강서구,가양동,한림타운,한림타운,한림타운아파트,서울 강서구 가양동 192-9,서울 강서구 강서로 511,37.57094524023693,126.8413796331176,3,한림타운 강서구 가양동
강서구,화곡동,아녜스타워4,아녜스타워4,아녜스타워4,서울 강서구 화곡동 914-37,서울 강서구 강서로7길 57,37.5292360633642,126.844619900854,3,아녜스타워4 강서구 화곡동
강서구,내발산동,다울아크로빌,다울아크로빌,다울아크로빌아파트,서울 강서구 내발산동 722-19,서울 강서구 강서로45나길 11-17,37.54834252411451,126.8345744207844,3,다울아크로빌 강서구 내발산동
강서구,등촌동,강서,강서,강서오토플렉스,서울 강서구 등촌동 838,서울 강서구 양천로 390,37.5657809900457,126.844960561259,3,강서 강서구 등촌동
강서구,화곡동,GMValley,GMValley,GMValley오피스텔,서울 강서구 화곡동 899-27,서울 강서구 곰달래로 116,37.5303680671248,126.845571283628,3,GMValley 강서구 화곡동
강서구,화곡동,계명(350-33),계명,계명워너스,서울 강서구 화곡동 46-37,서울 강서구 까치산로14길 41-9,37.544529502123595,126.8493882745336,3,계명 강서구 화곡동
강서구,내발산동,천우네오젠아파트,천우네오젠아파트,천우네오젠아파트,서울 강서구 내발산동 665-17,서울 강서구 우장산로 13,37.554759963687594,126.83887209707032,3,천우네오젠아파트 강서구 내발산동
강서구,마곡동,양진마니아,양진마니아,양진마니아아파트,서울 강서구 마곡동 1391,서울 강서구 방화대로42길 30-3,37.5717693716435,126.81865906205118,3,양진마니아 강서구 마곡동
강서구,염창동,루나클래식2,루나클래식2,루나클래식2오피스텔,서울 강서구 염창동 283-15,서울 강서구 공항대로81길 6,37.5475138105604,126.87675711537,3,루나클래식2 강서구 염창동
강서구,등촌동,천우네오젠102동,천우네오젠,천우네오젠,서울 강서구 등촌동 365-106,서울 강서구 공항대로58나길 57,37.55068618515629,126.8590063188285,3,천우네오젠 강서구 등촌동
강서구,화곡동,수정,수정,수정양화점,서울 강서구 화곡동 836-7,서울 강서구 곰달래로 221,37.5317247292179,126.85756331423,3,수정 강서구 화곡동
강서구,내발산동,태일,태일,태일아파트,서울 강서구 내발산동 697-12,서울 강서구 강서로47가길 20-38,37.5520673912414,126.83339489813032,3,태일 강서구 내발산동
강서구,화곡동,센트럴파크아파트,센트럴파크아파트,센트럴파크아파트,서울 강서구 화곡동 900-47,서울 강서구 강서로7길 52-12,37.5298509234053,126.844907118561,3,센트럴파크아파트 강서구 화곡동
강서구,화곡동,우장산휴먼빌,우장산휴먼빌,우장산휴먼빌아파트,서울 강서구 화곡동 1156,서울 강서구 우현로 18,37.547609045440765,126.84378737898538,3,우장산휴먼빌 강서구 화곡동
강서구,등촌동,천우네오젠101동,천우네오젠,천우네오젠,서울 강서구 등촌동 365-106,서울 강서구 공항대로58나길 57,37.55068618515629,126.8590063188285,3,천우네오젠 강서구 등촌동
강서구,염창동,DH팰리스,DH팰리스,DH팰리스,서울 강서구 화곡동 1067-17,서울 강서구 강서로33길 63,37.54109759488301,126.83651400516251,2,DH팰리스 강서구
강서구,내발산동,우장산동문디이스트,우장산동문디이스트,우장산동문디이스트아파트,서울 강서구 내발산동 765,서울 강서구 강서로45길 92-27,37.5495694182794,126.833744477932,3,우장산동문디이스트 강서구 내발산동
강서구,염창동,리버펠리스2동,리버펠리스,리버펠리스아파트,서울 강서구 염창동 257,서울 강서구 양천로77길 43,37.55095333523002,126.8771554565142,3,리버펠리스 강서구 염창동
강서구,화곡동,태영,태영,태영아트빌,서울 강서구 화곡동 371-2,서울 강서구 가로공원로80길 6,37.53693796913944,126.8386886869764,3,태영 강서구 화곡동
강서구,내발산동,센터스퀘어발산,센터스퀘어발산,센터스퀘어발산아파트,서울 강서구 내발산동 767,,37.557866909562,126.84109499216,3,센터스퀘어발산 강서구 내발산동
강서구,화곡동,로얄홈타운(928-23)101동,로얄홈타운,로얄홈타운,서울 강서구 화곡동 928-25,서울 강서구 강서로5나길 130-9,37.5287596447092,126.840720066185,3,로얄홈타운 강서구 화곡동
강서구,염창동,아르체움등촌,아르체움등촌,아르체움등촌,서울 강서구 염창동 275,,37.5498951511743,126.867603813165,3,아르체움등촌 강서구 염창동
강서구,공항동,더트루엘마곡HQ,더트루엘마곡HQ,더트루엘마곡HQ아파트,서울 강서구 공항동 1398,서울 강서구 공항대로 67,37.56130676420385,126.81500940161725,3,더트루엘마곡HQ 강서구 공항동
강서구,화곡동,화곡더리브스카이,화곡더리브스카이,화곡더리브스카이아파트,서울 강서구 화곡동 1175,서울 강서구 가로공원로80길 40,37.5354010848441,126.83951228379,3,화곡더리브스카이 강서구 화곡동
강서구,화곡동,동서3호(381-22),동서3호,동서아파트,서울 강서구 화곡동 381-11,서울 강서구 강서로29길 44,37.53909058864887,126.83944667076084,3,동서3호 강서구 화곡동
강서구,내발산동,신세계,신세계,신세계플러스,서울 강서구 내발산동 762,서울 강서구 강서로50길 34,37.555003716514335,126.83922693413352,3,신세계 강서구 내발산동
구로구,개봉동,한마을,한마을,한마을아파트,서울 구로구 개봉동 476,서울 구로구 경인로 382,37.49526607305872,126.86250078204634,3,한마을 구로구 개봉동
구로구,구로동,삼성래미안,삼성래미안,삼성래미안아파트,서울 구로구 구로동 256-1,서울 구로구 디지털로31길 90,37.48773177713954,126.89189949864326,3,삼성래미안 구로구 구로동
구로구,고척동,청구,청구,청구아파트,서울 구로구 고척동 326,서울 구로구 중앙로6길 5-15,37.50153862080172,126.86383733540784,3,청구 구로구 고척동
구로구,오류동,우림필유,우림필유,우림필유아파트,서울 구로구 오류동 348,서울 구로구 서해안로 2368,37.493858764336586,126.84645953399324,3,우림필유 구로구 오류동
구로구,구로동,구로아트빌라3동,구로아트빌라,구로아트빌라,서울 구로구 구로동 803-13,서울 구로구 도림로3길 22,37.48614123431215,126.88680691610006,3,구로아트빌라 구로구 구로동
구로구,개봉동,건양(346-33),건양,건양아파트,서울 구로구 개봉동 304-16,서울 구로구 개봉로17나길 16,37.4931301583044,126.854534877667,3,건양 구로구 개봉동
구로구,고척동,삼명,삼명,삼명아파트,서울 구로구 고척동 97-3,서울 구로구 경서로1길 14,37.49939570482591,126.85596573500834,3,삼명 구로구 고척동
구로구,오류동,한신플러스타운,한신플러스타운,한신플러스타운아파트,서울 구로구 오류동 341,서울 구로구 고척로 52,37.49838543363426,126.8410220865737,3,한신플러스타운 구로구 오류동
구로구,개봉동,개봉푸르지오,개봉푸르지오,개봉푸르지오아파트,서울 구로구 개봉동 492,서울 구로구 남부순환로 775,37.5004094376531,126.84813342649244,3,개봉푸르지오 구로구 개봉동
구로구,구로동,우민늘푸른,우민늘푸른,우민늘푸른아파트,서울 구로구 구로동 1279,서울 구로구 도림로20길 50,37.48801833174406,126.89392532709334,3,우민늘푸른 구로구 구로동
구로구,고척동,고척LIG리가2차,고척LIG리가2차,고척LIG리가2단지 상가동,서울 구로구 고척동 340-1,서울 구로구 중앙로12길 17-8,37.5054759491528,126.86222871994,3,고척LIG리가2차 구로구 고척동
구로구,구로동,구일우성,구일우성,구일우성아파트,서울 구로구 구로동 1259,서울 구로구 구일로2길 60,37.4902831858482,126.87691565779984,3,구일우성 구로구 구로동
구로구,개봉동,개봉동현대아이파크,개봉동현대아이파크,개봉동아이파크 상가동,서울 구로구 개봉동 489,서울 구로구 개봉로2길 133-15,37.4908707033343,126.86074033439,3,개봉동현대아이파크 구로구 개봉동
구로구,구로동,한신,한신,한신IT타워,서울 구로구 구로동 235,서울 구로구 디지털로 272,37.4824974276277,126.894453223125,3,한신 구로구 구로동
구로구,구로동,신구로자이,신구로자이,신구로자이나인스에비뉴아파트,서울 구로구 구로동 501,서울 구로구 구로중앙로 134,37.49989519507934,126.8841149857912,3,신구로자이 구로구 구로동
구로구,고척동,한일유앤아이,한일유앤아이,한일유앤아이아파트,서울 구로구 고척동 337,서울 구로구 중앙로15길 151,37.50799253325947,126.85115371186562,3,한일유앤아이 구로구 고척동
구로구,오류동,금강,금강,금강수목원아파트,서울 구로구 오류동 343,서울 구로구 오리로 1197,37.488278617900434,126.83238220538274,3,금강 구로구 오류동
구로구,오류동,동부(105동~106동),동부,동부골든아파트,서울 구로구 오류동 338,서울 구로구 고척로 49,37.49929163228453,126.83953192156004,3,동부 구로구 오류동
구로구,오류동,이좋은집,이좋은집,이좋은집오피스텔,서울 구로구 오류동 46-1,서울 구로구 경인로20나길 30,37.49489986812325,126.84201102544388,3,이좋은집 구로구 오류동
구로구,고척동,성원,성원,성원아파트,서울 구로구 고척동 322,서울 구로구 경인로47가길 10,37.50197685539793,126.86571387543108,3,성원 구로구 고척동
구로구,신도림동,미성,미성,미성아파트,서울 구로구 신도림동 290,서울 구로구 신도림로11가길 36,37.507333355246935,126.87647145886532,3,미성 구로구 신도림동
구로구,고척동,서울가든,서울가든,서울가든아파트,서울 구로구 고척동 141-1,서울 구로구 중앙로5길 62,37.50254753855083,126.86056936646122,3,서울가든 구로구 고척동
구로구,구로동,보람쉬움,보람쉬움,구로동보람쉬움아파트,서울 구로구 구로동 1271,서울 구로구 디지털로 318,37.48667007774381,126.8976178211169,3,보람쉬움 구로구 구로동
구로구,개봉동,거성,거성,거성푸르뫼아파트,서울 구로구 개봉동 60-101,서울 구로구 고척로 85,37.50092956545321,126.84349112186077,3,거성 구로구 개봉동
구로구,구로동,월드,월드,월드아파트,서울 구로구 구로동 1262,서울 구로구 구로중앙로 229,37.505548743266466,126.87587724238104,3,월드 구로구 구로동
구로구,구로동,구로두산,구로두산,구로두산아파트,서울 구로구 구로동 1265,서울 구로구 도림로 59,37.48934033417104,126.88926030675862,3,구로두산 구로구 구로동
구로구,구로동,우성(23),우성,구일우성아파트,서울 구로구 구로동 1259,서울 구로구 구일로2길 60,37.4902831858482,126.87691565779984,3,우성 구로구 구로동
구로구,구로동,현대의보아파트,현대의보아파트,현대의보아파트,서울 구로구 구로동 642-33,서울 구로구 구일로8길 121,37.49827967321722,126.87610640194164,3,현대의보아파트 구로구 구로동
구로구,오류동,경남아너스빌,경남아너스빌,경남아너스빌아파트,서울 구로구 오류동 344,서울 구로구 오류로 65,37.4906857085064,126.83988956003,3,경남아너스빌 구로구 오류동
구로구,구로동,대림역대성스카이렉스,대림역대성스카이렉스,대성스카이렉스아파트,서울 구로구 구로동 107-1,서울 구로구 공원로 27,37.49943678405865,126.89095077615444,3,대림역대성스카이렉스 구로구 구로동
구로구,구로동,성삼하이츠,성삼하이츠,성삼하이츠아파트,서울 구로구 구로동 1275,서울 구로구 구로중앙로18길 56,37.49563600655154,126.892553034634,3,성삼하이츠 구로구 구로동
구로구,구로동,구로현대,구로현대,구로현대아파트,서울 구로구 구로동 1256,서울 구로구 디지털로 319,37.48803841622684,126.89625004950184,3,구로현대 구로구 구로동
구로구,개봉동,동도센트리움(70-12),동도센트리움,동도센트리움아파트,서울 구로구 개봉동 70-12,서울 구로구 고척로22길 84,37.49827033592431,126.846649534874,3,동도센트리움 구로구 개봉동
구로구,구로동,비즈트위트레인보우,비즈트위트레인보우,비즈트위트레인보우,서울 구로구 구로동 44-5,서울 구로구 공원로6길 25,37.50215130939319,126.89170794296936,3,비즈트위트레인보우 구로구 구로동
구로구,고척동,대우,대우,고척대우아파트,서울 구로구 고척동 296,서울 구로구 고척로52길 48,37.5028484589891,126.856049577532,3,대우 구로구 고척동
구로구,구로동,극동,극동,극동아파트,서울 구로구 구로동 314,서울 구로구 구로중앙로7길 28,37.49103114570664,126.8898186677923,3,극동 구로구 구로동
구로구,천왕동,천왕이펜하우스1단지,천왕이펜하우스1단지,천왕이펜하우스1단지아파트,서울 구로구 천왕동 282,서울 구로구 천왕로 91,37.48609886805359,126.83738696637262,3,천왕이펜하우스1단지 구로구 천왕동
구로구,구로동,신도림LG자이,신도림LG자이,LG신도림자이아파트,서울 구로구 구로동 42,서울 구로구 새말로18길 64,37.50355726378704,126.89213001831396,3,신도림LG자이 구로구 구로동
구로구,구로동,우원그린빌,우원그린빌,우원그린빌아파트,서울 구로구 구로동 110-9,서울 구로구 구로중앙로28다길 22,37.50141703748264,126.88884891423908,3,우원그린빌 구로구 구로동
구로구,오류동,동부골든,동부골든,동부골든아파트,서울 구로구 오류동 338,서울 구로구 고척로 49,37.49929163228453,126.83953192156004,3,동부골든 구로구 오류동
구로구,신도림동,우성3,우성3,신도림우성3차아파트 302동,서울 구로구 신도림동 637,서울 구로구 신도림로21길 25,37.51291439170851,126.88470791022536,3,우성3 구로구 신도림동
구로구,천왕동,천왕연지타운2단지,천왕연지타운2단지,천왕연지타운2단지아파트,서울 구로구 천왕동 281,서울 구로구 오리로 1102-10,37.4840156743917,126.84334098327945,3,천왕연지타운2단지 구로구 천왕동
구로구,오류동,금강(343),금강,금강수목원아파트,서울 구로구 오류동 343,서울 구로구 오리로 1197,37.488278617900434,126.83238220538274,3,금강 구로구 오류동
구로구,고척동,해피그린(171-24),해피그린,해피그린아파트,서울 구로구 고척동 171-31,서울 구로구 고척로60길 26,37.505227717177775,126.85954650531414,3,해피그린 구로구 고척동
구로구,고척동,고척파크푸르지오,고척파크푸르지오,고척파크푸르지오아파트,서울 구로구 고척동 339,서울 구로구 중앙로 121,37.50761186307415,126.85811244173016,3,고척파크푸르지오 구로구 고척동
구로구,항동,현대홈타운스위트,현대홈타운스위트,서울수목원현대홈타운스위트아파트,서울 구로구 항동 233,서울 구로구 연동로13길 25,37.48426727506361,126.8200896118726,3,현대홈타운스위트 구로구 항동
구로구,오류동,목화수목원102동,목화수목원,목화수목원아파트,서울 구로구 오류동 108-40,서울 구로구 경인로2길 41,37.48869467684292,126.82662023466683,3,목화수목원 구로구 오류동
구로구,구로동,보광,보광,보광아파트,서울 구로구 구로동 440,서울 구로구 가마산로 231,37.49532355240305,126.88603088285336,3,보광 구로구 구로동
구로구,고척동,고척월드메르디앙,고척월드메르디앙,고척월드메르디앙아파트,서울 구로구 고척동 343,서울 구로구 중앙로8길 11,37.50294339124898,126.86314717295434,3,고척월드메르디앙 구로구 고척동
구로구,구로동,덕영드림,덕영드림,덕영드림아파트,서울 구로구 구로동 1282,서울 구로구 구로중앙로34길 17,37.50084661115184,126.88406827908672,3,덕영드림 구로구 구로동
구로구,신도림동,신성은하수,신성은하수,신성은하수아파트,서울 구로구 신도림동 640,서울 구로구 경인로66길 5,37.507643356618864,126.887342224626,3,신성은하수 구로구 신도림동
구로구,구로동,한신휴플러스(1280-0),한신휴플러스,한신휴플러스아파트,서울 구로구 구로동 1280,서울 구로구 디지털로31길 120,37.48850923587122,126.8907993161222,3,한신휴플러스 구로구 구로동
구로구,구로동,하나세인스톤2차,하나세인스톤2차,하나세인스톤2차,서울 구로구 구로동 97-4,서울 구로구 가마산로 284,37.496475168772655,126.8919219530759,3,하나세인스톤2차 구로구 구로동
구로구,온수동,온수힐스테이트,온수힐스테이트,온수힐스테이트아파트,서울 구로구 온수동 155,서울 구로구 부일로9길 127,37.49673142073229,126.8210277186938,3,온수힐스테이트 구로구 온수동
구로구,고척동,양우,양우,양우아파트,서울 구로구 고척동 328,서울 구로구 고척로52길 9,37.5048493562424,126.85659764841594,3,양우 구로구 고척동
구로구,구로동,유진빌라,유진빌라,유진캐슬,서울 구로구 개봉동 288-4,서울 구로구 개봉로10길 22,37.4875964388227,126.85771159155252,2,유진빌라 구로구 구로동
구로구,개봉동,제일아파트,제일아파트,SC제일은행 개봉현대아파트상가앞 ATM,서울 구로구 개봉동 481,서울 구로구 개봉로20길 6,37.49322483248618,126.85829797356652,3,제일아파트 구로구 개봉동
구로구,구로동,중앙하이츠(1269),중앙하이츠,중앙구로하이츠아파트,서울 구로구 구로동 685-124,서울 구로구 구일로8길 92,37.49678039242197,126.87609983206772,3,중앙하이츠 구로구 구로동
구로구,구로동,새솔금호,새솔금호,새솔금호아파트,서울 구로구 구로동 108-2,서울 구로구 공원로 35,37.50009572466166,126.89030746832265,3,새솔금호 구로구 구로동
구로구,개봉동,우성,우성,우성아파트,서울 구로구 개봉동 469,서울 구로구 고척로19길 69-6,37.504487004221716,126.84369631695093,3,우성 구로구 개봉동
구로구,고척동,삼익(2단지),삼익,삼익2차아파트,서울 구로구 고척동 331,서울 구로구 중앙로15길 125,37.507533300745045,126.85281494470134,3,삼익 구로구 고척동
구로구,개봉동,청실,청실,청실아파트,서울 구로구 개봉동 175-8,서울 구로구 경인로40길 25,37.495482706654805,126.85976830630192,3,청실 구로구 개봉동
구로구,구로동,그린플러스구로해담채2,그린플러스구로해담채2,구로그린플러스해담채2,서울 구로구 구로동 104-6,서울 구로구 가마산로27길 11-7,37.497172951883,126.89138039970608,3,그린플러스구로해담채2 구로구 구로동
구로구,궁동,다청림(101동),다청림,다청림,서울 구로구 궁동 197-25,서울 구로구 부일로19길 16,37.49407440795911,126.83660977464405,3,다청림 구로구 궁동
구로구,구로동,현대로얄,현대로얄,구로현대아파트,서울 구로구 구로동 701-76,서울 구로구 가마산로 97,37.48632644322136,126.87737894811292,3,현대로얄 구로구 구로동
구로구,구로동,대림오페라타워,대림오페라타워,대림오페라타워아파트,서울 구로구 구로동 98,서울 구로구 구로중앙로 60,37.4951465669544,126.88941457259617,3,대림오페라타워 구로구 구로동
구로구,구로동,순영웰라이빌2차,순영웰라이빌2차,구로2차순영웰라이빌아파트,서울 구로구 구로동 97-2,서울 구로구 가마산로 280,37.496020835382,126.891674954806,3,순영웰라이빌2차 구로구 구로동
구로구,신도림동,신도림 아르디에,신도림 아르디에,신도림아르디에,서울 구로구 신도림동 695,서울 구로구 경인로66길 19,37.5072859739144,126.887674146322,3,신도림 아르디에 구로구 신도림동
구로구,고척동,삼익(1단지),삼익,삼익2차아파트,서울 구로구 고척동 331,서울 구로구 중앙로15길 125,37.507533300745045,126.85281494470134,3,삼익 구로구 고척동
구로구,구로동,쌍용플래티넘노블,쌍용플래티넘노블,신도림쌍용플래티넘노블아파트,서울 구로구 구로동 46,서울 구로구 공원로 40,37.5011527090916,126.89139612226889,3,쌍용플래티넘노블 구로구 구로동
구로구,궁동,다청림102동(143-0),다청림,다청림,서울 구로구 궁동 197-25,서울 구로구 부일로19길 16,37.49407440795911,126.83660977464405,3,다청림 구로구 궁동
구로구,개봉동,현대,현대,현대1단지아파트,서울 구로구 개봉동 481,서울 구로구 개봉로20길 6,37.49207898790344,126.85849463174304,3,현대 구로구 개봉동
구로구,오류동,더메디치,더메디치,더메디치아파트,서울 구로구 오류동 350,서울 구로구 오리로13길 76,37.487972565978765,126.83006266492104,3,더메디치 구로구 오류동
구로구,개봉동,한진,한진,개봉한진타운아파트,서울 구로구 개봉동 478,서울 구로구 개봉로3길 87,37.48467909491101,126.85194169123484,3,한진 구로구 개봉동
구로구,신도림동,동아2,동아2,신도림2차동아아파트 관리사무소,서울 구로구 신도림동 644,서울 구로구 경인로 643,37.509257650730056,126.88515350736552,3,동아2 구로구 신도림동
구로구,오류동,동부(101동~103동),동부,동부골든아파트,서울 구로구 오류동 338,서울 구로구 고척로 49,37.49929163228453,126.83953192156004,3,동부 구로구 오류동
구로구,구로동,대림아르빌,대림아르빌,대림아르빌아파트,서울 구로구 구로동 1273,서울 구로구 도림천로12길 6,37.49051709944516,126.89524251285826,3,대림아르빌 구로구 구로동
구로구,개봉동,영화아이닉스,영화아이닉스,영화아이닉스아파트,서울 구로구 개봉동 488,서울 구로구 개봉로1길 188,37.48280519315499,126.84924543023853,3,영화아이닉스 구로구 개봉동
구로구,구로동,현대연예인,현대연예인,현대연예인아파트,서울 구로구 구로동 685-70,서울 구로구 구일로4길 46,37.49298641370115,126.87711476405934,3,현대연예인 구로구 구로동
구로구,구로동,(807-26),,구로역광장,서울 구로구 구로동,,37.5029260885328,126.880409866672,3, 구로구 구로동
구로구,신도림동,대림2,대림2,"신도림대림1,2차아파트",서울 구로구 신도림동 642,서울 구로구 신도림로 16,37.50584552747279,126.88059069115477,3,대림2 구로구 신도림동
구로구,오류동,동선,동선,동선아파트,서울 구로구 오류동 345,서울 구로구 경인로 158,37.49368728227118,126.83946249518112,3,동선 구로구 오류동
구로구,개봉동,비젼,비젼,비젼아파트,서울 구로구 개봉동 333-6,서울 구로구 개봉로17마길 9-17,37.491563067085586,126.8521633039295,3,비젼 구로구 개봉동
구로구,오류동,오류동휘버스,오류동휘버스,오류휘버스아파트,서울 구로구 오류동 31-4,서울 구로구 고척로18길 77,37.4977250997764,126.84585904723905,3,오류동휘버스 구로구 오류동
구로구,고척동,산업인,산업인,산업인아파트,서울 구로구 고척동 57-9,서울 구로구 경인로47다길 43,37.50450110760402,126.8669850809509,3,산업인 구로구 고척동
구로구,구로동,아스타빌,아스타빌,아스타빌아파트,서울 구로구 구로동 108-4,서울 구로구 가마산로27길 66,37.49961265175473,126.89016342107728,3,아스타빌 구로구 구로동
구로구,신도림동,디큐브시티,디큐브시티,디큐브시티아파트,서울 구로구 신도림동 692,서울 구로구 경인로 662,37.508082186005744,126.88833346754832,3,디큐브시티 구로구 신도림동
구로구,구로동,성락,성락,성락아파트,서울 구로구 구로동 145-23,서울 구로구 도림로20길 30,37.48854007933096,126.89299739654972,3,성락 구로구 구로동
구로구,개봉동,신개봉삼환,신개봉삼환,신개봉삼환아파트,서울 구로구 개봉동 170-30,서울 구로구 경인로38길 13,37.49663381384163,126.85794323247838,3,신개봉삼환 구로구 개봉동
구로구,개봉동,삼환,삼환,삼환아파트,서울 구로구 개봉동 470,서울 구로구 남부순환로95길 54,37.494755469491736,126.8544503066192,3,삼환 구로구 개봉동
구로구,고척동,센츄리,센츄리,센츄리아파트,서울 구로구 고척동 320,서울 구로구 중앙로12길 12,37.50445249441749,126.86230298225573,3,센츄리 구로구 고척동
구로구,구로동,(771-30),,구로역광장,서울 구로구 구로동,,37.5029260885328,126.880409866672,3, 구로구 구로동
구로구,구로동,구로지웰,구로지웰,구로지웰아파트,서울 구로구 구로동 1287,서울 구로구 구로동로28길 42,37.49063517304814,126.88650840040027,3,구로지웰 구로구 구로동
구로구,오류동,포스시티,포스시티,포스시티,서울 구로구 오류동 51-31,서울 구로구 경인로20길 6,37.495414368524706,126.8433838951488,3,포스시티 구로구 오류동
구로구,오류동,다청림(356),다청림,다청림,서울 구로구 오류동 356,서울 구로구 서해안로 2275,37.4904058884672,126.838194031717,3,다청림 구로구 오류동
구로구,궁동,뉴파인,뉴파인,뉴파인아파트,서울 구로구 궁동 236-4,서울 구로구 오리로21길 90,37.49648643667527,126.8259112783359,3,뉴파인 구로구 궁동
구로구,구로동,(770-52),,구로역광장,서울 구로구 구로동,,37.5029260885328,126.880409866672,3, 구로구 구로동
구로구,신도림동,신도림3차푸르지오,신도림3차푸르지오,신도림3차푸르지오오피스텔,서울 구로구 신도림동 435-10,서울 구로구 경인로 619-3,37.506843718340775,126.88408614959258,3,신도림3차푸르지오 구로구 신도림동
구로구,신도림동,신도림팰러티움,신도림팰러티움,신도림팰러티움아파트,서울 구로구 신도림동 412-3,서울 구로구 경인로 584,37.50395468935765,126.8818558486983,3,신도림팰러티움 구로구 신도림동
구로구,구로동,비즈트위트레드,비즈트위트레드,비즈트위트레드,서울 구로구 구로동 104-8,서울 구로구 가마산로 285,37.49709035324571,126.89170055040132,3,비즈트위트레드 구로구 구로동
구로구,구로동,골드마인(가동),골드마인,골드마인III오피스텔,서울 구로구 구로동 1130-23,서울 구로구 디지털로32다길 50,37.48099912176537,126.89865102178742,3,골드마인 구로구 구로동
구로구,구로동,럭키,럭키,럭키아파트,서울 구로구 구로동 1257,서울 구로구 도림로 107,37.49201172472776,126.89406894229306,3,럭키 구로구 구로동
구로구,오류동,한백고은,한백고은,한백고은아파트,서울 구로구 오류동 6-1,서울 구로구 고척로 19,37.49635108415267,126.83977795173416,3,한백고은 구로구 오류동
구로구,구로동,신도림로제리움,신도림로제리움,신도림로제리움,서울 구로구 구로동 43-1,서울 구로구 공원로8길 36,37.503429598560835,126.89144937164458,3,신도림로제리움 구로구 구로동
구로구,구로동,신도림태영타운,신도림태영타운,신도림태영타운아파트,서울 구로구 구로동 1267,서울 구로구 새말로 93,37.50607682913514,126.8886293802986,3,신도림태영타운 구로구 구로동
구로구,구로동,(797-19),,구로역광장,서울 구로구 구로동,,37.5029260885328,126.880409866672,3, 구로구 구로동
구로구,구로동,현대파크빌,현대파크빌,현대파크빌아파트,서울 구로구 구로동 108,서울 구로구 공원로 41,37.500369284991784,126.8899361325367,3,현대파크빌 구로구 구로동
구로구,구로동,신도림롯데아파트,신도림롯데아파트,신도림롯데아파트,서울 구로구 구로동 1263,서울 구로구 새말로 31,37.503499308748616,126.88420893889264,3,신도림롯데아파트 구로구 구로동
구로구,오류동,썬앤빌,썬앤빌,현대썬앤빌구로,서울 구로구 오류동 34-13,서울 구로구 경인로19가길 40,37.49696313793456,126.84470375449553,3,썬앤빌 구로구 오류동
구로구,구로동,성호메이플라워멤버스빌,성호메이플라워멤버스빌,성호오피스텔(메이플라워멤버스빌),서울 구로구 구로동 104-9,서울 구로구 가마산로 283,37.496899039097976,126.89137288049184,3,성호메이플라워멤버스빌 구로구 구로동
구로구,구로동,한신빌라,한신빌라,한신빌라,서울 구로구 구로동 791-19,서울 구로구 디지털로27라길 32-3,37.486044342772445,126.88914758075272,3,한신빌라 구로구 구로동
구로구,구로동,(751-37),,구로역광장,서울 구로구 구로동,,37.5029260885328,126.880409866672,3, 구로구 구로동
구로구,구로동,(747-53),,구로역광장,서울 구로구 구로동,,37.5029260885328,126.880409866672,3, 구로구 구로동
구로구,오류동,영풍마드레빌,영풍마드레빌,영풍마드레빌아파트,서울 구로구 오류동 342,서울 구로구 경인로8길 64,37.49145188155388,126.83879786603394,3,영풍마드레빌 구로구 오류동
구로구,개봉동,거성푸르뫼,거성푸르뫼,거성푸르뫼아파트,서울 구로구 개봉동 60-101,서울 구로구 고척로 85,37.50092956545321,126.84349112186077,3,거성푸르뫼 구로구 개봉동
구로구,구로동,동원(796-61),동원,동원빌딩,서울 구로구 구로동 1129-63,서울 구로구 디지털로32가길 96,37.4798787290338,126.896071392472,3,동원 구로구 구로동
구로구,신도림동,대림e-편한세상5,대림e-편한세상5,신도림5차e편한세상아파트 704동,서울 구로구 신도림동 647,서울 구로구 신도림로 32,37.507025963911,126.88070982811392,3,대림e-편한세상5 구로구 신도림동
구로구,개봉동,건영,건영,건영아파트,서울 구로구 개봉동 47-1,서울 구로구 고척로21나길 85-6,37.50114925277927,126.84067695320589,3,건영 구로구 개봉동
구로구,구로동,비즈트위트블루,비즈트위트블루,비즈트위트블루,서울 구로구 구로동 107-4,서울 구로구 공원로 15-12,37.49865305919194,126.89111363102752,3,비즈트위트블루 구로구 구로동
구로구,구로동,(780-67)우정빌라,우정빌라,우정아트빌라,서울 구로구 구로동 429-52,서울 구로구 구로동로28길 49-7,37.49119585683542,126.88677667364618,3,우정빌라 구로구 구로동
구로구,개봉동,현대홈타운,현대홈타운,현대홈타운2단지아파트,서울 구로구 개봉동 480,서울 구로구 개봉로20길 158,37.49161777697712,126.86162547026112,3,현대홈타운 구로구 개봉동
구로구,개봉동,건양,건양,건양아파트,서울 구로구 개봉동 304-16,서울 구로구 개봉로17나길 16,37.4931301583044,126.854534877667,3,건양 구로구 개봉동
구로구,신도림동,동아3,동아3,서울구로 신도림2차동아아파트3 전기차충전소,서울 구로구 신도림동 644,서울 구로구 경인로 643,37.508849883905675,126.88555338537329,3,동아3 구로구 신도림동
구로구,구로동,(747-26),,구로역광장,서울 구로구 구로동,,37.5029260885328,126.880409866672,3, 구로구 구로동
구로구,개봉동,한양아이클래스구로,한양아이클래스구로,한양아이클래스구로,서울 구로구 개봉동 493,서울 구로구 개봉로23가길 10,37.49541795974279,126.85686785812796,3,한양아이클래스구로 구로구 개봉동
구로구,개봉동,고운아파트,고운아파트,고운아파트,서울 구로구 개봉동 484,서울 구로구 경인로 271,37.499003383855886,126.85057897522192,3,고운아파트 구로구 개봉동
구로구,구로동,동도아르떼빌,동도아르떼빌,동도아르떼빌오피스텔,서울 구로구 구로동 106,서울 구로구 가마산로27길 34,37.4984459864177,126.891285824281,3,동도아르떼빌 구로구 구로동
구로구,구로동,우성(1058),우성,구일우성아파트,서울 구로구 구로동 1259,서울 구로구 구일로2길 60,37.4902831858482,126.87691565779984,3,우성 구로구 구로동
구로구,고척동,"우성,현대아파트","우성,현대아파트",현대우성아파트,서울 구로구 고척동 76-55,서울 구로구 중앙로1길 18-19,37.498841603961935,126.86279277801982,3,"우성,현대아파트 구로구 고척동"
구로구,개봉동,진로,진로,개봉동진로아파트,서울 구로구 개봉동 479,서울 구로구 개봉로15길 84-15,37.49051629325129,126.85088535546714,3,진로 구로구 개봉동
구로구,구로동,신도림현대,신도림현대,신도림현대아파트,서울 구로구 구로동 560,서울 구로구 새말로9길 45,37.50481276835494,126.88584907620655,3,신도림현대 구로구 구로동
구로구,신도림동,대림e-편한세상7,대림e-편한세상7,신도림7차e편한세상 경로당,서울 구로구 신도림동 649,서울 구로구 신도림로 56-13,37.5088750101487,126.882694104468,3,대림e-편한세상7 구로구 신도림동
구로구,구로동,로제리움2차,로제리움2차,로제리움2차,서울 구로구 구로동 97,서울 구로구 가마산로26길 5,37.49600222143869,126.89102927468105,3,로제리움2차 구로구 구로동
구로구,궁동,수정,수정,수정아파트,서울 구로구 궁동 198-39,서울 구로구 부일로 985,37.4934640369151,126.83697974394892,3,수정 구로구 궁동
구로구,궁동,선우쉐르빌,선우쉐르빌,선우쉐르빌,서울 구로구 궁동 211-2,서울 구로구 부일로15길 59,37.4949776604704,126.83179051691876,3,선우쉐르빌 구로구 궁동
구로구,구로동,(770-16),,구로역광장,서울 구로구 구로동,,37.5029260885328,126.880409866672,3, 구로구 구로동
구로구,개봉동,삼호,삼호,삼호아파트,서울 구로구 개봉동 471,서울 구로구 남부순환로95길 16,37.49432642026234,126.85726459384156,3,삼호 구로구 개봉동
구로구,구로동,(780-31),,구로역광장,서울 구로구 구로동,,37.5029260885328,126.880409866672,3, 구로구 구로동
구로구,개봉동,왕궁,왕궁,왕궁아파트,서울 구로구 개봉동 366-1,서울 구로구 개봉로1길 22,37.48569559458378,126.85497895197834,3,왕궁 구로구 개봉동
구로구,구로동,(739-43),,구로역광장,서울 구로구 구로동,,37.5029260885328,126.880409866672,3, 구로구 구로동
구로구,구로동,한일유앤아이,한일유앤아이,한일유앤아이아파트,서울 구로구 구로동 1281-1,서울 구로구 가마산로 87,37.48627904269408,126.8759905399035,3,한일유앤아이 구로구 구로동
구로구,오류동,유한수목원,유한수목원,유한수목원아파트,서울 구로구 오류동 108-76,서울 구로구 경인로2길 51,37.488320052430645,126.8261394143084,3,유한수목원 구로구 오류동
구로구,구로동,대림역포스큐,대림역포스큐,대림역포스큐,서울 구로구 구로동 106-2,서울 구로구 공원로 11,37.49817003247293,126.8919998020952,3,대림역포스큐 구로구 구로동
구로구,궁동,다청림(104동),다청림,다청림,서울 구로구 궁동 197-25,서울 구로구 부일로19길 16,37.49407440795911,126.83660977464405,3,다청림 구로구 궁동
구로구,구로동,에덴빌라,에덴빌라,에덴빌라,서울 구로구 개봉동 337-15,서울 구로구 개봉로15길 84-22,37.49081405524669,126.85122625207266,2,에덴빌라 구로구 구로동
구로구,구로동,대림우성2,대림우성2,구로 정현대림2차우성아파트상가 전기차충전소,서울 구로구 구로동 120,서울 구로구 도림천로 344,37.4941813310915,126.89404891594,3,대림우성2 구로구 구로동
구로구,구로동,다솜금호,다솜금호,다솜금호아파트,서울 구로구 구로동 43-4,서울 구로구 새말로16길 70,37.50255878592197,126.89195050532452,3,다솜금호 구로구 구로동
구로구,구로동,신안타워,신안타워,신안타워아파트,서울 구로구 구로동 100-8,서울 구로구 구로중앙로 68,37.49592795970241,126.8886896864974,3,신안타워 구로구 구로동
구로구,오류동,서해그랑블,서해그랑블,서해그랑블아파트,서울 구로구 오류동 351,서울 구로구 오리로13길 90-3,37.486951743052074,126.82944987749129,3,서해그랑블 구로구 오류동
구로구,천왕동,천왕이펜하우스3단지,천왕이펜하우스3단지,천왕이펜하우스3단지아파트,서울 구로구 천왕동 278,서울 구로구 천왕로 56,37.4827395206937,126.840403997067,3,천왕이펜하우스3단지 구로구 천왕동
구로구,오류동,대산,대산,대산아파트,서울 구로구 오류동 235-2,서울 구로구 오리로13길 18,37.48948668083045,126.83288607595811,3,대산 구로구 오류동
구로구,구로동,(743-6),,구로역광장,서울 구로구 구로동,,37.5029260885328,126.880409866672,3, 구로구 구로동
구로구,구로동,파인마루오피스텔,파인마루오피스텔,파인마루,서울 구로구 구로동 98-12,서울 구로구 구로중앙로18길 17,37.49522030035491,126.89022074109708,3,파인마루오피스텔 구로구 구로동
구로구,신도림동,대림1,대림1,"신도림대림1,2차아파트",서울 구로구 신도림동 642,서울 구로구 신도림로 16,37.50584552747279,126.88059069115477,3,대림1 구로구 신도림동
구로구,개봉동,천신하이츠,천신하이츠,천신하이츠아파트,서울 구로구 개봉동 333-3,서울 구로구 개봉로17마길 9-9,37.49158171436712,126.85266532830084,3,천신하이츠 구로구 개봉동
구로구,개봉동,동인,동인,동인아파트,서울 구로구 개봉동 335-1,서울 구로구 서해안로34가길 22,37.49361673630348,126.8488211375874,3,동인 구로구 개봉동
구로구,고척동,한효,한효,한효아파트,서울 구로구 고척동 52-332,서울 구로구 중앙로5길 24,37.5012982702575,126.86169808079,3,한효 구로구 고척동
구로구,고척동,고척LIG리가1차,고척LIG리가1차,구로 고척LIG리가1단지 전기차충전소,서울 구로구 고척동 340,서울 구로구 중앙로12길 7,37.5060479108247,126.861308176766,3,고척LIG리가1차 구로구 고척동
구로구,고척동,진성그린아파트,진성그린아파트,진성그린아파트,서울 구로구 고척동 167-102,서울 구로구 고척로47길 16-13,37.5056689932862,126.85489508554,3,진성그린아파트 구로구 고척동
구로구,구로동,(799-11),,구로역광장,서울 구로구 구로동,,37.5029260885328,126.880409866672,3, 구로구 구로동
구로구,고척동,동아한신,동아한신,동아한신아파트,서울 구로구 고척동 327,서울 구로구 중앙로6길 17,37.50091300657782,126.8651322315462,3,동아한신 구로구 고척동
구로구,개봉동,개봉동상우,개봉동상우,개봉동상우아파트,서울 구로구 개봉동 487,서울 구로구 남부순환로97길 74,37.49353932696978,126.86214209230506,3,개봉동상우 구로구 개봉동
구로구,항동,하버라인3단지,하버라인3단지,항동하버라인3단지아파트,서울 구로구 항동 242,서울 구로구 항동로 43,37.47937471642673,126.82422232053908,3,하버라인3단지 구로구 항동
구로구,구로동,(749-48),,구로역광장,서울 구로구 구로동,,37.5029260885328,126.880409866672,3, 구로구 구로동
구로구,오류동,오류동푸르지오,오류동푸르지오,오류푸르지오아파트,서울 구로구 오류동 346,서울 구로구 오류로8길 11,37.49160694628738,126.84152946950137,3,오류동푸르지오 구로구 오류동
구로구,구로동,SR친오애,SR친오애,SR친오애아파트,서울 구로구 구로동 97-5,서울 구로구 가마산로 286,37.496601541981995,126.89217621095447,3,SR친오애 구로구 구로동
구로구,천왕동,천왕이펜하우스2단지,천왕이펜하우스2단지,천왕이펜하우스2단지아파트,서울 구로구 천왕동 279-2,서울 구로구 천왕로 92,37.48496821566134,126.8387835311376,3,천왕이펜하우스2단지 구로구 천왕동
구로구,구로동,(750-6),,구로역광장,서울 구로구 구로동,,37.5029260885328,126.880409866672,3, 구로구 구로동
구로구,궁동,다청림(103동),다청림,다청림,서울 구로구 궁동 197-25,서울 구로구 부일로19길 16,37.49407440795911,126.83660977464405,3,다청림 구로구 궁동
구로구,개봉동,림괄,림괄,림괄지역주택조합추진위원,서울 구로구 개봉동 203-7,서울 구로구 남부순환로97길 3,37.4941042059391,126.85829065814,3,림괄 구로구 개봉동
구로구,구로동,금호,금호,다솜금호아파트,서울 구로구 구로동 43-4,서울 구로구 새말로16길 70,37.50255878592197,126.89195050532452,3,금호 구로구 구로동
구로구,개봉동,상우,상우,상우아파트,서울 구로구 개봉동 473,서울 구로구 남부순환로97길 50,37.493700134925,126.86097028756885,3,상우 구로구 개봉동
구로구,개봉동,대상,대상,개봉대상아파트,서울 구로구 개봉동 477,서울 구로구 개봉로1길 170,37.482315725775194,126.84978007035936,3,대상 구로구 개봉동
구로구,개봉동,율포그레이스빌,율포그레이스빌,율포그레이스빌아파트,서울 구로구 개봉동 483,서울 구로구 남부순환로95길 42-15,37.4948362451333,126.85566238611412,3,율포그레이스빌 구로구 개봉동
구로구,고척동,마젤란,마젤란,고척마젤란아파트,서울 구로구 고척동 338,서울 구로구 경인로47길 128,37.504306742102486,126.86404040501036,3,마젤란 구로구 고척동
구로구,구로동,비즈트위트그린,비즈트위트그린,비즈트위트그린,서울 구로구 구로동 98-10,서울 구로구 구로중앙로18길 23,37.49533853778701,126.89044220980148,3,비즈트위트그린 구로구 구로동
구로구,구로동,구로두산위브,구로두산위브,구로두산위브아파트,서울 구로구 구로동 1278,서울 구로구 디지털로31길 85,37.48607243263292,126.8902827476806,3,구로두산위브 구로구 구로동
구로구,구로동,신성미소지움,신성미소지움,신성미소지움아파트,서울 구로구 구로동 1274,서울 구로구 시흥대로161길 50,37.47945755723673,126.896641791156,3,신성미소지움 구로구 구로동
구로구,구로동,(740-24),,구로역광장,서울 구로구 구로동,,37.5029260885328,126.880409866672,3, 구로구 구로동
구로구,개봉동,영화,영화,영화아파트,서울 구로구 개봉동 475,서울 구로구 경인로40길 11,37.49618577415346,126.86000672929846,3,영화 구로구 개봉동
구로구,구로동,평화빌라,평화빌라,평화빌라,서울 구로구 구로동 749-51,서울 구로구 구로동로20길 64-12,37.48746649087681,126.88761902533945,3,평화빌라 구로구 구로동
구로구,구로동,한국현대,한국현대,한국현대아파트,서울 구로구 구로동 642-39,서울 구로구 구일로8길 107,37.49783561308109,126.87537885988132,3,한국현대 구로구 구로동
구로구,개봉동,두산,두산,두산아파트,서울 구로구 개봉동 472,서울 구로구 남부순환로95길 88,37.49497576603202,126.85263378300492,3,두산 구로구 개봉동
구로구,구로동,(798-24),,구로역광장,서울 구로구 구로동,,37.5029260885328,126.880409866672,3, 구로구 구로동
구로구,구로동,현대,현대,현대자동차블루핸즈 JS모터스,서울 구로구 구로동 703-3,서울 구로구 가마산로 77,37.4856068258919,126.875073540063,3,현대 구로구 구로동
구로구,구로동,현대상선,현대상선,현대아파트,서울 구로구 구로동 685-147,서울 구로구 구일로10길 53,37.49605144759373,126.87521446094668,3,현대상선 구로구 구로동
구로구,오류동,우창굿모닝,우창굿모닝,우창굿모닝아파트,서울 구로구 오류동 292-10,서울 구로구 오리로13길 105,37.4867651619526,126.8300246949033,3,우창굿모닝 구로구 오류동
구로구,궁동,다청림(106동),다청림,다청림,서울 구로구 궁동 197-25,서울 구로구 부일로19길 16,37.49407440795911,126.83660977464405,3,다청림 구로구 궁동
구로구,신도림동,대림e-편한세상4,대림e-편한세상4,신도림4차e편한세상아파트 1109동,서울 구로구 신도림동 646,서울 구로구 경인로65길 16-15,37.512089483810016,126.88699848099284,3,대림e-편한세상4 구로구 신도림동
구로구,개봉동,중앙힐,중앙힐,중앙힐아파트,서울 구로구 개봉동 322-12,서울 구로구 개봉로17마길 9-22,37.491770870537714,126.85190055545598,3,중앙힐 구로구 개봉동
구로구,구로동,(797-5),,구로역광장,서울 구로구 구로동,,37.5029260885328,126.880409866672,3, 구로구 구로동
구로구,고척동,삼환로즈빌,삼환로즈빌,삼환로즈빌아파트,서울 구로구 고척동 336,서울 구로구 경인로 343,37.49786650662572,126.85804041337704,3,삼환로즈빌 구로구 고척동
구로구,고척동,그랜드,그랜드,그랜드아파트,서울 구로구 고척동 323,서울 구로구 고척로27바길 47,37.50769255211916,126.8476617448148,3,그랜드 구로구 고척동
구로구,구로동,중앙하이츠,중앙하이츠,중앙구로하이츠아파트,서울 구로구 구로동 685-124,서울 구로구 구일로8길 92,37.49678039242197,126.87609983206772,3,중앙하이츠 구로구 구로동
구로구,고척동,하이리빙,하이리빙,하이리빙아파트,서울 구로구 고척동 333,서울 구로구 고척로 238,37.50611421221162,126.85946793734637,3,하이리빙 구로구 고척동
구로구,구로동,(743-8),,구로역광장,서울 구로구 구로동,,37.5029260885328,126.880409866672,3, 구로구 구로동
구로구,신도림동,동아1,동아1,신도림동아1차아파트 정문,서울 구로구 신도림동 643,서울 구로구 신도림로 87,37.5107269945252,126.882211637868,3,동아1 구로구 신도림동
구로구,구로동,대림역경남아너스빌,대림역경남아너스빌,서울구로 대림역경남아너스빌 전기차충전소,서울 구로구 구로동 1285,서울 구로구 구로중앙로8길 41-23,37.49367942113652,126.892994588185,3,대림역경남아너스빌 구로구 구로동
구로구,신도림동,우성1,우성1,서울구로 신도림우성3차아파트 1 전기차충전소,서울 구로구 신도림동 637,서울 구로구 신도림로21길 25,37.5130304143575,126.884496217515,3,우성1 구로구 신도림동
구로구,구로동,도림두산베어스타워,도림두산베어스타워,도림두산베어스타워아파트,서울 구로구 구로동 110-4,서울 구로구 공원로 47,37.501014129784856,126.88964114916016,3,도림두산베어스타워 구로구 구로동
구로구,고척동,우성꿈동산,우성꿈동산,우성꿈동산아파트,서울 구로구 고척동 321,서울 구로구 경인로47다길 34-7,37.50333980864576,126.8662723834787,3,우성꿈동산 구로구 고척동
구로구,오류동,오류동금호어울림,오류동금호어울림,오류동금호어울림아파트,서울 구로구 오류동 347,서울 구로구 고척로 41,37.49845498498622,126.83915373897533,3,오류동금호어울림 구로구 오류동
구로구,오류동,라인,라인,라인아파트,서울 구로구 오류동 334,서울 구로구 경인로 230-13,37.49665627750207,126.84706898624005,3,라인 구로구 오류동
구로구,고척동,벽산베스트블루밍,벽산베스트블루밍,벽산베스트블루밍아파트,서울 구로구 고척동 342,서울 구로구 고척로60길 30,37.504701019858715,126.8591177248595,3,벽산베스트블루밍 구로구 고척동
구로구,고척동,벽산,벽산,벽산블루밍아파트,서울 구로구 고척동 334,서울 구로구 경인로 390,37.49570074578218,126.86439525711728,3,벽산 구로구 고척동
구로구,구로동,(749-99),,구로역광장,서울 구로구 구로동,,37.5029260885328,126.880409866672,3, 구로구 구로동
구로구,구로동,(771-2),,구로역광장,서울 구로구 구로동,,37.5029260885328,126.880409866672,3, 구로구 구로동
구로구,구로동,(792-54),,구로역광장,서울 구로구 구로동,,37.5029260885328,126.880409866672,3, 구로구 구로동
구로구,구로동,선진빌라,선진빌라,선진빌라,서울 구로구 구로동 749-13,서울 구로구 구로동로20길 52-11,37.48761023160259,126.88717783356402,3,선진빌라 구로구 구로동
구로구,구로동,우방,우방,우방아파트,서울 구로구 구로동 642-46,서울 구로구 구일로 154-17,37.49761865432712,126.8747007046616,3,우방 구로구 구로동
구로구,구로동,한스타워,한스타워,한스타워아파트,서울 구로구 구로동 46-5,서울 구로구 공원로 34,37.5004465874592,126.89168665600512,3,한스타워 구로구 구로동
구로구,개봉동,길훈,길훈,길훈아파트,서울 구로구 오류동 150-42,서울 구로구 오류로8라길 20-8,37.49055042514598,126.8438293908713,2,길훈 구로구 개봉동
구로구,신도림동,대림3,대림3,대림역 2호선 3번출구,서울 구로구 구로동 1209,,37.49370767055869,126.89434924726676,2,대림3 구로구
구로구,오류동,삼천리,삼천리,삼천리자전거 오류점,서울 구로구 오류동 6-45,서울 구로구 경인로 171,37.4947228051117,126.840324221705,3,삼천리 구로구 오류동
구로구,궁동,대명하이빌102동,대명하이빌,대명하이빌아파트,서울 구로구 궁동 184-20,서울 구로구 오리로20길 26-8,37.497040631502195,126.83155745807,3,대명하이빌 구로구 궁동
구로구,천왕동,천왕이펜하우스4단지,천왕이펜하우스4단지,천왕이펜하우스4단지아파트,서울 구로구 천왕동 273,서울 구로구 천왕로 29,37.48044947612399,126.83798938302586,3,천왕이펜하우스4단지 구로구 천왕동
구로구,구로동,(747-52),,구로역광장,서울 구로구 구로동,,37.5029260885328,126.880409866672,3, 구로구 구로동
구로구,궁동,다청림(102동),다청림,다청림,서울 구로구 궁동 197-25,서울 구로구 부일로19길 16,37.49407440795911,126.83660977464405,3,다청림 구로구 궁동
구로구,신도림동,SKVIEW,SKVIEW,신도림SK뷰아파트,서울 구로구 신도림동 432-1,서울 구로구 경인로 638,37.507280460760285,126.88661892648796,3,SKVIEW 구로구 신도림동
구로구,구로동,(791-62),,구로역광장,서울 구로구 구로동,,37.5029260885328,126.880409866672,3, 구로구 구로동
구로구,고척동,신원프라자,신원프라자,신원프라자아파트,서울 구로구 고척동 324,서울 구로구 중앙로1길 18-18,37.4992750442967,126.86361979235554,3,신원프라자 구로구 고척동
구로구,신도림동,현대홈타운아파트,현대홈타운아파트,현대홈타운2단지아파트,서울 구로구 개봉동 480,서울 구로구 개봉로20길 158,37.49161777697712,126.86162547026112,2,현대홈타운아파트 구로구 신도림동
구로구,구로동,뉴홍현솔레디움,뉴홍현솔레디움,뉴홍현솔레디움아파트,서울 구로구 구로동 1270,서울 구로구 구로동로42길 77,37.4988746575115,126.88350588844492,3,뉴홍현솔레디움 구로구 구로동
구로구,천왕동,천왕연지타운1단지,천왕연지타운1단지,천왕연지타운1단지아파트,서울 구로구 천왕동 280,서울 구로구 오류로 30,37.486429523254984,126.84001623565464,3,천왕연지타운1단지 구로구 천왕동
구로구,궁동,대명하이빌101동,대명하이빌,대명하이빌아파트,서울 구로구 궁동 184-20,서울 구로구 오리로20길 26-8,37.497040631502195,126.83155745807,3,대명하이빌 구로구 궁동
구로구,구로동,한신휴플러스(1280-1),한신휴플러스,한신휴플러스아파트,서울 구로구 구로동 1280,서울 구로구 디지털로31길 120,37.48850923587122,126.8907993161222,3,한신휴플러스 구로구 구로동
구로구,구로동,순영웰라이빌1차,순영웰라이빌1차,순영웰라이빌1차아파트,서울 구로구 구로동 106-10,서울 구로구 가마산로27길 24,37.49828402283,126.89152241087,3,순영웰라이빌1차 구로구 구로동
구로구,구로동,(781-12),,구로역광장,서울 구로구 구로동,,37.5029260885328,126.880409866672,3, 구로구 구로동
구로구,신도림동,우성2,우성2,구로우성아파트 2동,서울 구로구 구로동 23,서울 구로구 공원로6가길 67,37.503609591341345,126.88928334158012,2,우성2 구로구 신도림동
구로구,구로동,대성아파트(749-11),대성아파트,대성스카이렉스아파트,서울 구로구 구로동 107-1,서울 구로구 공원로 27,37.49943678405865,126.89095077615444,3,대성아파트 구로구 구로동
구로구,구로동,(752-37),,구로역광장,서울 구로구 구로동,,37.5029260885328,126.880409866672,3, 구로구 구로동
구로구,구로동,태양,태양,태양특수고무,서울 구로구 구로동 606-1,서울 구로구 구로중앙로 197,37.5032354156643,126.877172610558,3,태양 구로구 구로동
구로구,온수동,리치안풍산,리치안풍산,리치안풍산아파트,서울 구로구 온수동 154,서울 구로구 부일로1길 126,37.495864776659936,126.81757396310064,3,리치안풍산 구로구 온수동
구로구,구로동,(798-22),,구로역광장,서울 구로구 구로동,,37.5029260885328,126.880409866672,3, 구로구 구로동
구로구,고척동,청솔우성,청솔우성,청솔우성아파트,서울 구로구 고척동 329,서울 구로구 중앙로 101,37.50621202026045,126.85988848192044,3,청솔우성 구로구 고척동
구로구,개봉동,창동,창동,창동아파트,서울 구로구 개봉동 20-1,서울 구로구 고척로21나길 48-80,37.50401353998724,126.84268849157507,3,창동 구로구 개봉동
구로구,오류동,은하수수목원,은하수수목원,은하수수목원아파트,서울 구로구 오류동 349,서울 구로구 경인로2길 29,37.488977484597235,126.8271612000656,3,은하수수목원 구로구 오류동
구로구,구로동,송림빌라,송림빌라,송림그린빌,서울 구로구 고척동 167-39,서울 구로구 고척로51길 19,37.50581155992174,126.85506445704222,2,송림빌라 구로구 구로동
구로구,구로동,구로에스케이뷰,구로에스케이뷰,구로SK뷰아파트,서울 구로구 구로동 567-4,서울 구로구 새말로 25,37.50254660485712,126.88294828782338,3,구로에스케이뷰 구로구 구로동
구로구,구로동,(744-3),,구로역광장,서울 구로구 구로동,,37.5029260885328,126.880409866672,3, 구로구 구로동
구로구,고척동,경남1,경남1,서울구로 대림역경남아너스빌아파트 1 전기차충전소,서울 구로구 구로동 1285,서울 구로구 구로중앙로8길 41-23,37.4936812221161,126.892993454816,2,경남1 구로구
구로구,구로동,대림빌라,대림빌라,대림빌라,서울 구로구 구로동 807-2,서울 구로구 구로동로8길 15,37.48655494723722,126.8860261137768,3,대림빌라 구로구 구로동
구로구,구로동,(792-9),,구로역광장,서울 구로구 구로동,,37.5029260885328,126.880409866672,3, 구로구 구로동
구로구,구로동,한신(792-29),한신,한신IT타워,서울 구로구 구로동 235,서울 구로구 디지털로 272,37.4824974276277,126.894453223125,3,한신 구로구 구로동
구로구,구로동,(794-17),,구로역광장,서울 구로구 구로동,,37.5029260885328,126.880409866672,3, 구로구 구로동
구로구,오류동,동보,동보,동보아파트,서울 구로구 오류동 337,서울 구로구 오리로13가길 30,37.4895914381143,126.830524861637,3,동보 구로구 오류동
구로구,구로동,(807-21),,구로역광장,서울 구로구 구로동,,37.5029260885328,126.880409866672,3, 구로구 구로동
구로구,구로동,(751-4),,구로역광장,서울 구로구 구로동,,37.5029260885328,126.880409866672,3, 구로구 구로동
구로구,궁동,대명그린(아),대명그린,대명그린아파트,서울 구로구 궁동 190-121,서울 구로구 부일로13길 66-5,37.49586148237602,126.83237882921448,3,대명그린 구로구 궁동
구로구,구로동,일신건영,일신건영,신도림일신건영아파트,서울 구로구 구로동 1261,서울 구로구 새말로9길 22,37.50366298706496,126.88574677929068,3,일신건영 구로구 구로동
구로구,신도림동,신도림2차푸르지오,신도림2차푸르지오,신도림푸르지오2차아파트,서울 구로구 신도림동 338,서울 구로구 경인로67길 23,37.510496126351526,126.8894507460324,3,신도림2차푸르지오 구로구 신도림동
구로구,구로동,태영빌라,태영빌라,태영빌라,서울 구로구 구로동 740-79,서울 구로구 구로동로12길 59-10,37.4890420728776,126.8863841688454,3,태영빌라 구로구 구로동
구로구,구로동,(770-50),,구로역광장,서울 구로구 구로동,,37.5029260885328,126.880409866672,3, 구로구 구로동
구로구,온수동,다청림시티,다청림시티,다청림시티,서울 구로구 온수동 157,서울 구로구 부일로1길 26-12,37.4922573022544,126.8212102731,3,다청림시티 구로구 온수동
구로구,가리봉동,미래하이츠,미래하이츠,미래하이츠,서울 구로구 가리봉동 117-3,서울 구로구 우마2길 51-4,37.483063327761805,126.89056528549033,3,미래하이츠 구로구 가리봉동
구로구,항동,동보수목원(16-36),동보수목원,동보수목원아파트,서울 구로구 항동 16-33,서울 구로구 연동로13길 18-46,37.48595895984766,126.82100819261642,3,동보수목원 구로구 항동
구로구,구로동,다울숲,다울숲,다울숲아파트,서울 구로구 구로동 1286,서울 구로구 가마산로20다길 46,37.4922553682147,126.888595628306,3,다울숲 구로구 구로동
구로구,구로동,이화우성,이화우성,이화우성아파트,서울 구로구 구로동 1260,서울 구로구 도림로22길 8,37.48983472382966,126.89388205190907,3,이화우성 구로구 구로동
구로구,구로동,남촌홈타운(730-2),남촌홈타운,남촌홈타운아파트,서울 구로구 구로동 730-2,서울 구로구 구로동로28길 64-12,37.4903371844366,126.887707446193,3,남촌홈타운 구로구 구로동
구로구,오류동,다청림,다청림,다청림,서울 구로구 오류동 356,서울 구로구 서해안로 2275,37.4904058884672,126.838194031717,3,다청림 구로구 오류동
구로구,구로동,초롱타운,초롱타운,초롱타운아파트,서울 구로구 구로동 468,서울 구로구 구로동로43길 44-6,37.495830047723366,126.88068692857092,3,초롱타운 구로구 구로동
구로구,구로동,(752-6),,구로역광장,서울 구로구 구로동,,37.5029260885328,126.880409866672,3, 구로구 구로동
구로구,구로동,우리유앤미,우리유앤미,우리유앤미아파트,서울 구로구 구로동 1277,서울 구로구 구로동로43길 10,37.49653016597166,126.8816187604173,3,우리유앤미 구로구 구로동
구로구,구로동,(740-23),,구로역광장,서울 구로구 구로동,,37.5029260885328,126.880409866672,3, 구로구 구로동
구로구,가리봉동,효성,효성,효성아파트,서울 구로구 가리봉동 139,서울 구로구 남부순환로 1299,37.47889775384336,126.89530395825984,3,효성 구로구 가리봉동
구로구,구로동,(797-22),,구로역광장,서울 구로구 구로동,,37.5029260885328,126.880409866672,3, 구로구 구로동
구로구,오류동,한가람,한가람,한가람아파트,서울 구로구 오류동 63-4,서울 구로구 경인로22길 62,37.49628505237027,126.8470606965286,3,한가람 구로구 오류동
구로구,항동,하버라인4단지,하버라인4단지,항동하버라인4단지아파트,서울 구로구 항동 84,서울 구로구 항동로 72,37.48140483625259,126.82614978517884,3,하버라인4단지 구로구 항동
구로구,구로동,종인아네스트,종인아네스트,종인아네스트,서울 구로구 구로동 110,서울 구로구 공원로7길 11,37.50191132100979,126.88845801257352,3,종인아네스트 구로구 구로동
구로구,구로동,(718-17)문화아트빌라,문화아트빌라,문화아트빌라,서울 구로구 구로동 718-17,서울 구로구 구로동로15길 25,37.487768645494285,126.88329925587526,3,문화아트빌라 구로구 구로동
구로구,항동,하버라인2단지,하버라인2단지,항동하버라인2단지아파트,서울 구로구 항동 237,서울 구로구 연동로 234,37.481894629248735,126.82227740103296,3,하버라인2단지 구로구 항동
구로구,구로동,해담채3,해담채3,구로그린플러스해담채3,서울 구로구 구로동 104-3,서울 구로구 가마산로27길 11-15,37.4969788910682,126.89100636938912,3,해담채3 구로구 구로동
구로구,고척동,한성,한성,한성아파트,서울 구로구 고척동 227-6,서울 구로구 중앙로15길 132-62,37.50823366943403,126.85377267408305,3,한성 구로구 고척동
구로구,구로동,(792-6),,구로역광장,서울 구로구 구로동,,37.5029260885328,126.880409866672,3, 구로구 구로동
구로구,구로동,일동행복세상,일동행복세상,일동행복세상아파트,서울 구로구 구로동 446-54,서울 구로구 가마산로19길 30,37.4945312071287,126.884730520947,3,일동행복세상 구로구 구로동
구로구,오류동,한백힐,한백힐,한백힐아파트,서울 구로구 오류동 9-3,서울 구로구 고척로 6,37.49542296732317,126.84105211383232,3,한백힐 구로구 오류동
구로구,구로동,미래타워,미래타워,미래타워아파트,서울 구로구 구로동 1272,서울 구로구 디지털로32길 92,37.48270762286699,126.89992972365606,3,미래타워 구로구 구로동
구로구,구로동,대림역와이즈플레이스,대림역와이즈플레이스,대림역와이즈플레이스,서울 구로구 구로동 98-4,서울 구로구 가마산로 268,37.4955826178597,126.89034234029062,3,대림역와이즈플레이스 구로구 구로동
구로구,구로동,마인드에코프라움,마인드에코프라움,마인드에코프라움,서울 구로구 구로동 98-14,서울 구로구 구로중앙로18길 11,37.495114696583,126.890020740179,3,마인드에코프라움 구로구 구로동
구로구,구로동,(752-17),,구로역광장,서울 구로구 구로동,,37.5029260885328,126.880409866672,3, 구로구 구로동
구로구,개봉동,레오,레오,레오아파트,서울 구로구 개봉동 304-12,서울 구로구 개봉로17나길 28,37.49321399437014,126.8538392774212,3,레오 구로구 개봉동
구로구,구로동,영화참마음,영화참마음,영화참마음아파트,서울 구로구 구로동 1268,서울 구로구 구일로8길 79,37.497037883538,126.87420862405108,3,영화참마음 구로구 구로동
구로구,구로동,희훈타워빌,희훈타워빌,희훈타워빌아파트,서울 구로구 구로동 110-1,서울 구로구 공원로 63,37.501993675891754,126.88884353573356,3,희훈타워빌 구로구 구로동
구로구,구로동,(792-98),,구로역광장,서울 구로구 구로동,,37.5029260885328,126.880409866672,3, 구로구 구로동
구로구,궁동,우남푸르미아,우남푸르미아,궁동우남푸르미아아파트,서울 구로구 궁동 290,서울 구로구 부일로 927,37.49355835824653,126.82975147922072,3,우남푸르미아 구로구 궁동
구로구,구로동,(792-86),,구로역광장,서울 구로구 구로동,,37.5029260885328,126.880409866672,3, 구로구 구로동
구로구,구로동,우성에비뉴,우성에비뉴,우성에비뉴아파트,서울 구로구 구로동 1284,서울 구로구 디지털로32가길 26,37.48237828936441,126.8983291906428,3,우성에비뉴 구로구 구로동
구로구,구로동,(781-26),,구로역광장,서울 구로구 구로동,,37.5029260885328,126.880409866672,3, 구로구 구로동
구로구,구로동,삼호빌라,삼호빌라,삼호빌라,서울 영등포구 대림동 801-5,서울 영등포구 대림로41길 26-5,37.500384067320674,126.89428329613634,1,삼호빌라 구로구 구로동
구로구,구로동,효성,효성,효성아파트,서울 구로구 구로동 110-10,서울 구로구 구로중앙로28다길 24,37.501579094729706,126.88871748735076,3,효성 구로구 구로동
구로구,고척동,예인,예인,예인아파트,서울 구로구 고척동 215-3,서울 구로구 중앙로15길 84,37.5069993942505,126.85531776679125,3,예인 구로구 고척동
구로구,개봉동,수영힐(나동),수영힐,수영힐아파트,서울 구로구 개봉동 61-2,서울 구로구 고척로19가길 13,37.50150787249677,126.8447520191062,3,수영힐 구로구 개봉동
구로구,개봉동,신세기,신세기,신세기아파트,서울 구로구 개봉동 306-3,서울 구로구 개봉로19길 85,37.49385304719243,126.85330542407692,3,신세기 구로구 개봉동
구로구,항동,한양수자인에듀힐즈,한양수자인에듀힐즈,한양수자인에듀힐즈아파트,서울 구로구 항동 241,서울 구로구 항동로 42,37.477899536972465,126.82589335438304,3,한양수자인에듀힐즈 구로구 항동
구로구,구로동,(744-23),,구로역광장,서울 구로구 구로동,,37.5029260885328,126.880409866672,3, 구로구 구로동
구로구,구로동,(771-28),,구로역광장,서울 구로구 구로동,,37.5029260885328,126.880409866672,3, 구로구 구로동
구로구,고척동,개봉청구,개봉청구,개봉청구아파트,서울 구로구 고척동 269-1,서울 구로구 고척로40길 19,37.50201708592427,126.85116557475293,3,개봉청구 구로구 고척동
구로구,오류동,골든팰리스,골든팰리스,명성드림아파트,서울 구로구 오류동 81-24,서울 구로구 경인로11길 2-4,37.494191000526854,126.83884173451808,3,골든팰리스 구로구 오류동
구로구,구로동,(796-11),,구로역광장,서울 구로구 구로동,,37.5029260885328,126.880409866672,3, 구로구 구로동
구로구,구로동,근상프리즘,근상프리즘,근상프리즘팰리스오피스텔,서울 구로구 구로동 685-204,서울 구로구 구일로8길 6,37.49368170433221,126.87259155476724,3,근상프리즘 구로구 구로동
구로구,구로동,(747-33),,구로역광장,서울 구로구 구로동,,37.5029260885328,126.880409866672,3, 구로구 구로동
구로구,개봉동,LIPe-푸른아파트,LIPe-푸른아파트,e-푸른아파트,서울 구로구 개봉동 491,서울 구로구 개봉로17아길 41-13,37.49307415523055,126.85009776319198,3,LIPe-푸른아파트 구로구 개봉동
구로구,신도림동,우성5,우성5,신길우성5차아파트 상가,서울 영등포구 신길동 4933,서울 영등포구 도신로 98,37.5072320524977,126.903090953676,1,우성5 구로구 신도림동
구로구,구로동,정창빌라,정창빌라,정창빌라,서울 구로구 구로동 748-43,서울 구로구 구로동로18길 56-18,37.48652900238444,126.88715684573192,3,정창빌라 구로구 구로동
구로구,구로동,(797-26),,구로역광장,서울 구로구 구로동,,37.5029260885328,126.880409866672,3, 구로구 구로동
구로구,고척동,예주유니츠,예주유니츠,예주유니츠아파트,서울 구로구 고척동 335,서울 구로구 중앙로14길 7,37.50656299319736,126.8610595361016,3,예주유니츠 구로구 고척동
구로구,구로동,하나세인스톤1차,하나세인스톤1차,하나세인스톤1차,서울 구로구 구로동 110-8,서울 구로구 구로중앙로28다길 16,37.5012549843352,126.888984864211,3,하나세인스톤1차 구로구 구로동
구로구,천왕동,천왕이펜하우스6단지,천왕이펜하우스6단지,천왕이펜하우스6단지아파트,서울 구로구 천왕동 275,서울 구로구 천왕로 9,37.47838982228981,126.84134709821916,3,천왕이펜하우스6단지 구로구 천왕동
구로구,오류동,오류동역솔리스타,오류동역솔리스타,오류동역솔리스타,서울 구로구 오류동 75-2,서울 구로구 경인로20나길 63,37.493999034701815,126.84079730809668,3,오류동역솔리스타 구로구 오류동
구로구,구로동,(743-19),,구로역광장,서울 구로구 구로동,,37.5029260885328,126.880409866672,3, 구로구 구로동
구로구,구로동,(749-21),,구로역광장,서울 구로구 구로동,,37.5029260885328,126.880409866672,3, 구로구 구로동
구로구,구로동,(740-42),,구로역광장,서울 구로구 구로동,,37.5029260885328,126.880409866672,3, 구로구 구로동
구로구,구로동,동산빌라,동산빌라,구로3동 동산빌라앞 개방화장실,서울 구로구 구로동 792-78,서울 구로구 디지털로27라길 39-11,37.486461793748774,126.88849229352915,3,동산빌라 구로구 구로동
구로구,구로동,(745-43),,구로역광장,서울 구로구 구로동,,37.5029260885328,126.880409866672,3, 구로구 구로동
구로구,구로동,늘푸른주상복합,늘푸른주상복합,늘푸른오피스텔,서울 구로구 구로동 110-11,서울 구로구 구로중앙로28다길 30,37.5017411507586,126.888584928974,3,늘푸른주상복합 구로구 구로동
구로구,구로동,(793-13),,구로역광장,서울 구로구 구로동,,37.5029260885328,126.880409866672,3, 구로구 구로동
구로구,구로동,예원아파트,예원아파트,예원아파트,서울 구로구 구로동 43-2,서울 구로구 새말로16길 56,37.50323603846579,126.89161929355195,3,예원아파트 구로구 구로동
구로구,온수동,두양그린B동,두양그린B동,두양그린아파트 B동,서울 구로구 온수동 99-1,서울 구로구 부일로1길 136-3,37.49525834151426,126.81579439166214,3,두양그린B동 구로구 온수동
구로구,구로동,케어빌(98-8),케어빌,케어빌아파트,서울 구로구 구로동 98-8,서울 구로구 구로중앙로18길 27,37.495482961498226,126.8907258365442,3,케어빌 구로구 구로동
구로구,구로동,(793-44),,구로역광장,서울 구로구 구로동,,37.5029260885328,126.880409866672,3, 구로구 구로동
구로구,궁동,다청림101동(143-1),다청림,다청림,서울 구로구 궁동 197-25,서울 구로구 부일로19길 16,37.49407440795911,126.83660977464405,3,다청림 구로구 궁동
구로구,구로동,(751-3),,구로역광장,서울 구로구 구로동,,37.5029260885328,126.880409866672,3, 구로구 구로동
구로구,천왕동,천왕이펜하우스5단지,천왕이펜하우스5단지,천왕이펜하우스5단지아파트,서울 구로구 천왕동 277,서울 구로구 천왕로 10,37.4798214446763,126.841287541954,3,천왕이펜하우스5단지 구로구 천왕동
구로구,구로동,(749-4),,구로역광장,서울 구로구 구로동,,37.5029260885328,126.880409866672,3, 구로구 구로동
구로구,구로동,(739-19),,구로역광장,서울 구로구 구로동,,37.5029260885328,126.880409866672,3, 구로구 구로동
구로구,구로동,우진체리쉬,우진체리쉬,우진체리쉬오피스텔,서울 구로구 구로동 97-10,서울 구로구 구로중앙로18길 53,37.496127420115066,126.89196542603828,3,우진체리쉬 구로구 구로동
구로구,구로동,(742-66),,구로역광장,서울 구로구 구로동,,37.5029260885328,126.880409866672,3, 구로구 구로동
구로구,고척동,해피그린(171-31),해피그린,해피그린아파트,서울 구로구 고척동 171-31,서울 구로구 고척로60길 26,37.505227717177775,126.85954650531414,3,해피그린 구로구 고척동
구로구,오류동,비에이치수반애수목원아파트,비에이치수반애수목원아파트,비에이치수반애수목원아파트,서울 구로구 오류동 241-2,서울 구로구 오리로13길 56,37.4886892429841,126.830953182963,3,비에이치수반애수목원아파트 구로구 오류동
구로구,구로동,(748-5),,구로역광장,서울 구로구 구로동,,37.5029260885328,126.880409866672,3, 구로구 구로동
구로구,오류동,양지쉐르빌아파트,양지쉐르빌아파트,양지쉐르빌아파트,서울 구로구 오류동 193-17,서울 구로구 서해안로 2283,37.4909657032682,126.83906576995,3,양지쉐르빌아파트 구로구 오류동
구로구,구로동,비즈트위트오렌지,비즈트위트오렌지,비즈트위트오렌지,서울 구로구 구로동 44-8,서울 구로구 공원로6가길 8,37.50211317338691,126.89138794554998,3,비즈트위트오렌지 구로구 구로동
구로구,구로동,제일(805-14),제일,아름제일병원,서울 구로구 구로동 25,서울 구로구 새말로 94,37.50546228943992,126.89049866895944,3,제일 구로구 구로동
구로구,구로동,다원그린빌,다원그린빌,다원그린빌아파트,서울 구로구 구로동 685-154,서울 구로구 구일로10길 49,37.49576591179381,126.8744425780181,3,다원그린빌 구로구 구로동
구로구,구로동,(744-18),,구로역광장,서울 구로구 구로동,,37.5029260885328,126.880409866672,3, 구로구 구로동
구로구,구로동,(718-28),,구로역광장,서울 구로구 구로동,,37.5029260885328,126.880409866672,3, 구로구 구로동
구로구,구로동,계영주택(738-27),계영주택,계영주택,서울 구로구 구로동 750-13,서울 구로구 구로동로8길 48,37.487808258445945,126.88697400762103,3,계영주택 구로구 구로동
구로구,구로동,(739-29),,구로역광장,서울 구로구 구로동,,37.5029260885328,126.880409866672,3, 구로구 구로동
구로구,구로동,(743-18),,구로역광장,서울 구로구 구로동,,37.5029260885328,126.880409866672,3, 구로구 구로동
구로구,구로동,(750-13),,구로역광장,서울 구로구 구로동,,37.5029260885328,126.880409866672,3, 구로구 구로동
구로구,구로동,(740-33),,구로역광장,서울 구로구 구로동,,37.5029260885328,126.880409866672,3, 구로구 구로동
구로구,구로동,궁전아트빌라,궁전아트빌라,궁전아트빌라,서울 구로구 구로동 740-29,서울 구로구 구로동로12길 59-8,37.4891143163456,126.88655366915395,3,궁전아트빌라 구로구 구로동
구로구,구로동,(747-19),,구로역광장,서울 구로구 구로동,,37.5029260885328,126.880409866672,3, 구로구 구로동
구로구,항동,항동중흥에스클래스베르데카운티,항동중흥에스클래스베르데카운티,중흥S-클래스베르데카운티아파트,서울 구로구 항동 236,서울 구로구 연동로 233,37.480964465431576,126.8208697361377,3,항동중흥에스클래스베르데카운티 구로구 항동
구로구,오류동,길훈,길훈,길훈아파트,서울 구로구 오류동 150-42,서울 구로구 오류로8라길 20-8,37.49055042514598,126.8438293908713,3,길훈 구로구 오류동
구로구,구로동,(803-29),,구로역광장,서울 구로구 구로동,,37.5029260885328,126.880409866672,3, 구로구 구로동
구로구,항동,유한오크팰리스,유한오크팰리스,유한오크팰리스아파트,서울 구로구 항동 234,서울 구로구 연동로13길 18-41,37.48547425514779,126.8198470143176,3,유한오크팰리스 구로구 항동
구로구,구로동,(791-2)태영빌라,태영빌라,태영빌라,서울 구로구 구로동 740-79,서울 구로구 구로동로12길 59-10,37.4890420728776,126.8863841688454,3,태영빌라 구로구 구로동
구로구,구로동,청우아트빌라3차,청우아트빌라3차,청우아트빌라3차,서울 구로구 구로동 740-9,서울 구로구 구로동로12길 45,37.48865467289028,126.88641867731748,3,청우아트빌라3차 구로구 구로동
구로구,구로동,(797-15),,구로역광장,서울 구로구 구로동,,37.5029260885328,126.880409866672,3, 구로구 구로동
구로구,구로동,(741-7),,구로역광장,서울 구로구 구로동,,37.5029260885328,126.880409866672,3, 구로구 구로동
구로구,항동,동보수목원,동보수목원,동보수목원아파트,서울 구로구 항동 16-33,서울 구로구 연동로13길 18-46,37.48595895984766,126.82100819261642,3,동보수목원 구로구 항동
구로구,구로동,(746-17),,구로역광장,서울 구로구 구로동,,37.5029260885328,126.880409866672,3, 구로구 구로동
구로구,구로동,(797-43),,구로역광장,서울 구로구 구로동,,37.5029260885328,126.880409866672,3, 구로구 구로동
구로구,구로동,행복주택,행복주택,행복드림빌2,서울 구로구 구로동 88-20,서울 구로구 구로중앙로19나길 25,37.49345969642092,126.8892157778916,3,행복주택 구로구 구로동
구로구,구로동,하나세인스톤3차,하나세인스톤3차,하나세인스톤3차,서울 구로구 구로동 46-4,서울 구로구 공원로6길 16-22,37.50055678129846,126.89198279370288,3,하나세인스톤3차 구로구 구로동
구로구,구로동,(792-78),,구로역광장,서울 구로구 구로동,,37.5029260885328,126.880409866672,3, 구로구 구로동
구로구,궁동,다청림(107동),다청림,다청림,서울 구로구 궁동 197-25,서울 구로구 부일로19길 16,37.49407440795911,126.83660977464405,3,다청림 구로구 궁동
구로구,구로동,(749-96),,구로역광장,서울 구로구 구로동,,37.5029260885328,126.880409866672,3, 구로구 구로동
구로구,구로동,(749-8),,구로역광장,서울 구로구 구로동,,37.5029260885328,126.880409866672,3, 구로구 구로동
구로구,구로동,(745-15),,구로역광장,서울 구로구 구로동,,37.5029260885328,126.880409866672,3, 구로구 구로동
구로구,구로동,골드마인(나동),골드마인,골드마인III오피스텔,서울 구로구 구로동 1130-23,서울 구로구 디지털로32다길 50,37.48099912176537,126.89865102178742,3,골드마인 구로구 구로동
구로구,온수동,온수동,온수동,온수동자동차정비,서울 구로구 온수동 99-8,서울 구로구 부일로1길 154,37.4945800751662,126.816496030759,3,온수동 구로구 온수동
구로구,구로동,(796-39)중앙빌라,중앙빌라,중앙하이츠빌,서울 구로구 구로동 339-13,서울 구로구 구로동로28길 33-9,37.49126712148474,126.88592849310896,3,중앙빌라 구로구 구로동
구로구,개봉동,화신,화신,화신아파트,서울 구로구 개봉동 486,서울 구로구 고척로27길 76,37.50536254628344,126.84626406911028,3,화신 구로구 개봉동
구로구,구로동,(749-30),,구로역광장,서울 구로구 구로동,,37.5029260885328,126.880409866672,3, 구로구 구로동
구로구,구로동,(780-48),,구로역광장,서울 구로구 구로동,,37.5029260885328,126.880409866672,3, 구로구 구로동
구로구,구로동,M센트럴뷰,M센트럴뷰,M센트럴뷰아파트,서울 구로구 구로동 487-24,서울 구로구 구로동로42길 9,37.4963097116461,126.882815537061,3,M센트럴뷰 구로구 구로동
구로구,오류동,루체비스타,루체비스타,루체비스타,서울 구로구 오류동 6-63,서울 구로구 고척로 5,37.4952177400724,126.840533501042,3,루체비스타 구로구 오류동
구로구,구로동,(743-26),,구로역광장,서울 구로구 구로동,,37.5029260885328,126.880409866672,3, 구로구 구로동
구로구,구로동,대산빌라,대산빌라,대산빌라,서울 구로구 구로동 740-2,서울 구로구 구로동로12길 53,37.488970220506786,126.88662173083,3,대산빌라 구로구 구로동
구로구,구로동,(793-54),,구로역광장,서울 구로구 구로동,,37.5029260885328,126.880409866672,3, 구로구 구로동
구로구,구로동,(770-59),,구로역광장,서울 구로구 구로동,,37.5029260885328,126.880409866672,3, 구로구 구로동
구로구,오류동,시티월드,시티월드,시티월드아파트,서울 구로구 오류동 44-10,서울 구로구 경인로 176,37.49442467834738,126.84107119167184,3,시티월드 구로구 오류동
구로구,구로동,(792-103),,구로역광장,서울 구로구 구로동,,37.5029260885328,126.880409866672,3, 구로구 구로동
구로구,구로동,(796-25),,구로역광장,서울 구로구 구로동,,37.5029260885328,126.880409866672,3, 구로구 구로동
구로구,구로동,청우아트빌라,청우아트빌라,청우아트빌라,서울 구로구 구로동 740-14,서울 구로구 구로동로12길 59-21,37.48860044934669,126.88624915085228,3,청우아트빌라 구로구 구로동
구로구,온수동,두양그린A동,두양그린A동,두양그린아파트 A동,서울 구로구 온수동 99-1,서울 구로구 부일로1길 136-3,37.49525943790315,126.8164988918258,3,두양그린A동 구로구 온수동
구로구,구로동,세명,세명,세명산업,서울 구로구 구로동 606-1,서울 구로구 구로중앙로 198,37.50419650825023,126.87952569237406,3,세명 구로구 구로동
구로구,오류동,목화수목원아파트101동,목화수목원아파트,목화수목원아파트,서울 구로구 오류동 108-40,서울 구로구 경인로2길 41,37.48869467684292,126.82662023466683,3,목화수목원아파트 구로구 오류동
구로구,구로동,경성B,경성B,경성빌라 B동,서울 영등포구 대림동 801-15,서울 영등포구 대림로41길 30,37.5001532562093,126.894111725041,1,경성B 구로구 구로동
구로구,구로동,(797-57),,구로역광장,서울 구로구 구로동,,37.5029260885328,126.880409866672,3, 구로구 구로동
구로구,항동,항동제일풍경채포레스트,항동제일풍경채포레스트,항동제일풍경채포레스트아파트,서울 구로구 항동 246,서울 구로구 부광로 96-16,37.47572632038114,126.8158016423474,3,항동제일풍경채포레스트 구로구 항동
구로구,구로동,(780-60),,구로역광장,서울 구로구 구로동,,37.5029260885328,126.880409866672,3, 구로구 구로동
구로구,구로동,한신주택,한신주택,한신빌라,서울 구로구 구로동 791-19,서울 구로구 디지털로27라길 32-3,37.486044342772445,126.88914758075272,3,한신주택 구로구 구로동
구로구,구로동,(750-15),,구로역광장,서울 구로구 구로동,,37.5029260885328,126.880409866672,3, 구로구 구로동
구로구,구로동,우진,우진,우진체리쉬오피스텔,서울 구로구 구로동 97-10,서울 구로구 구로중앙로18길 53,37.496127420115066,126.89196542603828,3,우진 구로구 구로동
구로구,구로동,(740-56),,구로역광장,서울 구로구 구로동,,37.5029260885328,126.880409866672,3, 구로구 구로동
구로구,고척동,해피그린(171-21),해피그린,해피그린아파트,서울 구로구 고척동 171-31,서울 구로구 고척로60길 26,37.505227717177775,126.85954650531414,3,해피그린 구로구 고척동
구로구,구로동,(743-27),,구로역광장,서울 구로구 구로동,,37.5029260885328,126.880409866672,3, 구로구 구로동
구로구,구로동,(749-57),,구로역광장,서울 구로구 구로동,,37.5029260885328,126.880409866672,3, 구로구 구로동
구로구,구로동,(716-17),,구로역광장,서울 구로구 구로동,,37.5029260885328,126.880409866672,3, 구로구 구로동
구로구,궁동,호수2차B동,호수2차B동,호수2차아파트,서울 구로구 궁동 112-9,서울 구로구 오리로22가길 34,37.5003882772205,126.8299576300552,3,호수2차B동 구로구 궁동
구로구,구로동,(752-15),,구로역광장,서울 구로구 구로동,,37.5029260885328,126.880409866672,3, 구로구 구로동
구로구,구로동,(752-10),,구로역광장,서울 구로구 구로동,,37.5029260885328,126.880409866672,3, 구로구 구로동
구로구,구로동,(807-30),,구로역광장,서울 구로구 구로동,,37.5029260885328,126.880409866672,3, 구로구 구로동
구로구,구로동,구로아트빌라4동(806-33),구로아트빌라,구로아트빌라,서울 구로구 구로동 803-13,서울 구로구 도림로3길 22,37.48614123431215,126.88680691610006,3,구로아트빌라 구로구 구로동
구로구,구로동,(806-15),,구로역광장,서울 구로구 구로동,,37.5029260885328,126.880409866672,3, 구로구 구로동
구로구,항동,우남퍼스트빌더센트럴,우남퍼스트빌더센트럴,우남퍼스트빌더센트럴아파트,서울 구로구 항동 244,서울 구로구 항동로 8,37.47676671238863,126.82030543936052,3,우남퍼스트빌더센트럴 구로구 항동
구로구,구로동,대성,대성,대성스카이렉스아파트,서울 구로구 구로동 107-1,서울 구로구 공원로 27,37.49943678405865,126.89095077615444,3,대성 구로구 구로동
구로구,개봉동,신양지(나동),신양지,신양지아파트,서울 구로구 개봉동 318-36,서울 구로구 개봉로17바길 49,37.493508039533744,126.85120620820145,3,신양지 구로구 개봉동
구로구,구로동,(780-86),,구로역광장,서울 구로구 구로동,,37.5029260885328,126.880409866672,3, 구로구 구로동
구로구,구로동,(750-7),,구로역광장,서울 구로구 구로동,,37.5029260885328,126.880409866672,3, 구로구 구로동
구로구,구로동,(792-2),,구로역광장,서울 구로구 구로동,,37.5029260885328,126.880409866672,3, 구로구 구로동
구로구,오류동,은하수수목원2차(101동),은하수수목원2차,은하수수목원2차아파트(108-35),서울 구로구 오류동 108-35,서울 구로구 경인로2길 34,37.4891137547111,126.826695025034,3,은하수수목원2차 구로구 오류동
구로구,구로동,(747-10),,구로역광장,서울 구로구 구로동,,37.5029260885328,126.880409866672,3, 구로구 구로동
구로구,구로동,(742-64),,구로역광장,서울 구로구 구로동,,37.5029260885328,126.880409866672,3, 구로구 구로동
구로구,구로동,(718-18)삼성빌라트,삼성빌라트,삼성빌라트,서울 구로구 구로동 718-18,서울 구로구 구로동로15길 27,37.487741481207465,126.8831636128388,3,삼성빌라트 구로구 구로동
구로구,구로동,(718-12)부국주택,부국주택,부국주택,서울 구로구 구로동 718-12,서울 구로구 구로동로15길 21-8,37.48748932242062,126.88328838332065,3,부국주택 구로구 구로동
구로구,구로동,(718-24)경원주택,경원주택,경원주택,서울 구로구 구로동 743-39,서울 구로구 구로동로20길 41-1,37.488402781812454,126.88682611817944,3,경원주택 구로구 구로동
구로구,구로동,(717-20)한성,한성,한성상가,서울 구로구 구로동 609-16,서울 구로구 경인로55길 51,37.5033942354371,126.876541282106,3,한성 구로구 구로동
구로구,구로동,(749-29),,구로역광장,서울 구로구 구로동,,37.5029260885328,126.880409866672,3, 구로구 구로동
구로구,구로동,(806-63)태영빌라,태영빌라,태영빌라,서울 구로구 구로동 740-79,서울 구로구 구로동로12길 59-10,37.4890420728776,126.8863841688454,3,태영빌라 구로구 구로동
구로구,구로동,구로아트빌라5동(806-29),구로아트빌라,구로아트빌라,서울 구로구 구로동 803-13,서울 구로구 도림로3길 22,37.48614123431215,126.88680691610006,3,구로아트빌라 구로구 구로동
구로구,구로동,청우아트빌리지(738-39),청우아트빌리지,청우아트빌리지,서울 구로구 구로동 738-39,서울 구로구 구로동로14길 2-9,37.48755460516373,126.88554969770756,3,청우아트빌리지 구로구 구로동
구로구,구로동,동화,동화,동화마을어린이집,서울 구로구 구로동 1265,서울 구로구 도림로 59,37.489573053666355,126.8885781279256,3,동화 구로구 구로동
구로구,구로동,(748-20),,구로역광장,서울 구로구 구로동,,37.5029260885328,126.880409866672,3, 구로구 구로동
구로구,오류동,은하수수목원2차(102동),은하수수목원2차,은하수수목원2차아파트(108-35),서울 구로구 오류동 108-35,서울 구로구 경인로2길 34,37.4891137547111,126.826695025034,3,은하수수목원2차 구로구 오류동
구로구,고척동,진성,진성,진성쉐르빌,서울 구로구 고척동 220-15,서울 구로구 중앙로15길 91,37.50700046609578,126.8547228582694,3,진성 구로구 고척동
구로구,구로동,(718-29)청원아트빌라,청원아트빌라,청원아트빌라,서울 구로구 구로동 718-13,서울 구로구 구로동로15길 21-6,37.487597443159366,126.88328821511236,3,청원아트빌라 구로구 구로동
구로구,구로동,(747-51),,구로역광장,서울 구로구 구로동,,37.5029260885328,126.880409866672,3, 구로구 구로동
구로구,구로동,(807-23),,구로역광장,서울 구로구 구로동,,37.5029260885328,126.880409866672,3, 구로구 구로동
구로구,구로동,(770-8),,구로역광장,서울 구로구 구로동,,37.5029260885328,126.880409866672,3, 구로구 구로동
구로구,구로동,대신빌라,대신빌라,대신빌라,서울 구로구 구로동 779-24,서울 구로구 도림로14길 11,37.48737799135906,126.88931521594444,3,대신빌라 구로구 구로동
구로구,구로동,(717-15)경원주택5동,경원주택,경원주택,서울 구로구 구로동 743-39,서울 구로구 구로동로20길 41-1,37.488402781812454,126.88682611817944,3,경원주택 구로구 구로동
구로구,구로동,(798-55),,구로역광장,서울 구로구 구로동,,37.5029260885328,126.880409866672,3, 구로구 구로동
구로구,구로동,(793-24),,구로역광장,서울 구로구 구로동,,37.5029260885328,126.880409866672,3, 구로구 구로동
구로구,구로동,동산빌라1동,동산빌라,구로3동 동산빌라앞 개방화장실,서울 구로구 구로동 792-78,서울 구로구 디지털로27라길 39-11,37.486461793748774,126.88849229352915,3,동산빌라 구로구 구로동
구로구,구로동,승윤노블리안,승윤노블리안,승윤노블리안아파트,서울 구로구 구로동 1289,서울 구로구 구일로2길 29,37.48897445508896,126.87733165208948,3,승윤노블리안 구로구 구로동
구로구,구로동,(747-35),,구로역광장,서울 구로구 구로동,,37.5029260885328,126.880409866672,3, 구로구 구로동
구로구,구로동,(743-10),,구로역광장,서울 구로구 구로동,,37.5029260885328,126.880409866672,3, 구로구 구로동
구로구,구로동,영광빌라,영광빌라,영광빌라,서울 구로구 구로동 748-3,서울 구로구 구로동로18길 58,37.48716913727635,126.88759685673168,3,영광빌라 구로구 구로동
구로구,구로동,(744-45),,구로역광장,서울 구로구 구로동,,37.5029260885328,126.880409866672,3, 구로구 구로동
구로구,구로동,장미빌라,장미빌라,장미빌라,서울 구로구 개봉동 277-11,서울 구로구 개봉로14길 30,37.48863374838096,126.85867073940072,2,장미빌라 구로구 구로동
구로구,구로동,(793-16),,구로역광장,서울 구로구 구로동,,37.5029260885328,126.880409866672,3, 구로구 구로동
구로구,구로동,(807-29),,구로역광장,서울 구로구 구로동,,37.5029260885328,126.880409866672,3, 구로구 구로동
구로구,구로동,(780-62),,구로역광장,서울 구로구 구로동,,37.5029260885328,126.880409866672,3, 구로구 구로동
구로구,구로동,(793-46),,구로역광장,서울 구로구 구로동,,37.5029260885328,126.880409866672,3, 구로구 구로동
구로구,구로동,미도빌라B동,미도빌라B동,픽미픽미아이스 구로1호점,서울 구로구 구로동 795-7,서울 구로구 디지털로27길 124-39,37.4855266035558,126.887600448304,3,미도빌라B동 구로구 구로동
구로구,구로동,(742-68),,구로역광장,서울 구로구 구로동,,37.5029260885328,126.880409866672,3, 구로구 구로동
구로구,구로동,(748-51),,구로역광장,서울 구로구 구로동,,37.5029260885328,126.880409866672,3, 구로구 구로동
구로구,구로동,(752-45),,구로역광장,서울 구로구 구로동,,37.5029260885328,126.880409866672,3, 구로구 구로동
구로구,구로동,(792-17),,구로역광장,서울 구로구 구로동,,37.5029260885328,126.880409866672,3, 구로구 구로동
구로구,구로동,(717-22)함양주택,함양주택,함양빌라,서울 구로구 구로동 717-22,서울 구로구 구로동로15길 13-8,37.48751696530546,126.883910229385,3,함양주택 구로구 구로동
구로구,구로동,(780-41),,구로역광장,서울 구로구 구로동,,37.5029260885328,126.880409866672,3, 구로구 구로동
구로구,구로동,한양하이츠,한양하이츠,한양하이츠빌라,서울 구로구 구로동 799-24,서울 구로구 디지털로27길 124-18,37.485529477461256,126.88778022171918,3,한양하이츠 구로구 구로동
구로구,구로동,은진빌라(748-24),은진빌라,은진빌라,서울 구로구 구로동 748-24,서울 구로구 구로동로18길 62-12,37.48679060697157,126.88748435422612,3,은진빌라 구로구 구로동
구로구,구로동,(798-21),,구로역광장,서울 구로구 구로동,,37.5029260885328,126.880409866672,3, 구로구 구로동
구로구,구로동,(791-21)태영빌라,태영빌라,태영빌라,서울 구로구 구로동 740-79,서울 구로구 구로동로12길 59-10,37.4890420728776,126.8863841688454,3,태영빌라 구로구 구로동
구로구,구로동,경성빌라,경성빌라,경성그린빌,서울 구로구 구로동 486-47,서울 구로구 구로동로 215-5,37.49767855924783,126.8821303583136,3,경성빌라 구로구 구로동
구로구,구로동,(749-39),,구로역광장,서울 구로구 구로동,,37.5029260885328,126.880409866672,3, 구로구 구로동
구로구,구로동,(770-56),,구로역광장,서울 구로구 구로동,,37.5029260885328,126.880409866672,3, 구로구 구로동
구로구,구로동,(745-60),,구로역광장,서울 구로구 구로동,,37.5029260885328,126.880409866672,3, 구로구 구로동
구로구,구로동,(744-21),,구로역광장,서울 구로구 구로동,,37.5029260885328,126.880409866672,3, 구로구 구로동
구로구,구로동,(749-44),,구로역광장,서울 구로구 구로동,,37.5029260885328,126.880409866672,3, 구로구 구로동
구로구,구로동,(718-11)경원주택6동,경원주택,경원주택,서울 구로구 구로동 743-39,서울 구로구 구로동로20길 41-1,37.488402781812454,126.88682611817944,3,경원주택 구로구 구로동
구로구,구로동,(747-34),,구로역광장,서울 구로구 구로동,,37.5029260885328,126.880409866672,3, 구로구 구로동
구로구,구로동,청송빌라,청송빌라,청송빌라,서울 구로구 구로동 252,서울 구로구 디지털로27가길 5-49,37.48521815891775,126.89211116426586,3,청송빌라 구로구 구로동
구로구,구로동,(745-38),,구로역광장,서울 구로구 구로동,,37.5029260885328,126.880409866672,3, 구로구 구로동
구로구,구로동,(791-4),,구로역광장,서울 구로구 구로동,,37.5029260885328,126.880409866672,3, 구로구 구로동
구로구,구로동,(742-57),,구로역광장,서울 구로구 구로동,,37.5029260885328,126.880409866672,3, 구로구 구로동
구로구,구로동,대영빌라,대영빌라,대영리더스빌,서울 구로구 개봉동 108-22,서울 구로구 고척로31길 103,37.50647587830693,126.84602653954408,2,대영빌라 구로구
구로구,구로동,(745-14),,구로역광장,서울 구로구 구로동,,37.5029260885328,126.880409866672,3, 구로구 구로동
구로구,구로동,(770-29),,구로역광장,서울 구로구 구로동,,37.5029260885328,126.880409866672,3, 구로구 구로동
구로구,구로동,(806-46)돌담,돌담,돌담아파트,서울 구로구 구로동 806-46,서울 구로구 구로동로18길 44-37,37.48590641875293,126.88623062197006,3,돌담 구로구 구로동
구로구,구로동,(746-14),,구로역광장,서울 구로구 구로동,,37.5029260885328,126.880409866672,3, 구로구 구로동
구로구,구로동,(743-39),,구로역광장,서울 구로구 구로동,,37.5029260885328,126.880409866672,3, 구로구 구로동
구로구,구로동,(797-38),,구로역광장,서울 구로구 구로동,,37.5029260885328,126.880409866672,3, 구로구 구로동
구로구,구로동,(780-58),,구로역광장,서울 구로구 구로동,,37.5029260885328,126.880409866672,3, 구로구 구로동
구로구,구로동,(796-13),,구로역광장,서울 구로구 구로동,,37.5029260885328,126.880409866672,3, 구로구 구로동
구로구,구로동,송림주택,송림주택,송림그린빌,서울 구로구 고척동 167-39,서울 구로구 고척로51길 19,37.50581155992174,126.85506445704222,2,송림주택 구로구 구로동
구로구,구로동,(798-27),,구로역광장,서울 구로구 구로동,,37.5029260885328,126.880409866672,3, 구로구 구로동
구로구,항동,동보수목원(16-18),동보수목원,동보수목원아파트,서울 구로구 항동 16-33,서울 구로구 연동로13길 18-46,37.48595895984766,126.82100819261642,3,동보수목원 구로구 항동
구로구,구로동,(749-5),,구로역광장,서울 구로구 구로동,,37.5029260885328,126.880409866672,3, 구로구 구로동
구로구,구로동,(796-26),,구로역광장,서울 구로구 구로동,,37.5029260885328,126.880409866672,3, 구로구 구로동
구로구,구로동,(745-57),,구로역광장,서울 구로구 구로동,,37.5029260885328,126.880409866672,3, 구로구 구로동
구로구,구로동,(740-7),,구로역광장,서울 구로구 구로동,,37.5029260885328,126.880409866672,3, 구로구 구로동
구로구,구로동,(744-13),,구로역광장,서울 구로구 구로동,,37.5029260885328,126.880409866672,3, 구로구 구로동
구로구,구로동,(744-15),,구로역광장,서울 구로구 구로동,,37.5029260885328,126.880409866672,3, 구로구 구로동
구로구,구로동,(743-37),,구로역광장,서울 구로구 구로동,,37.5029260885328,126.880409866672,3, 구로구 구로동
구로구,구로동,(743-60),,구로역광장,서울 구로구 구로동,,37.5029260885328,126.880409866672,3, 구로구 구로동
구로구,구로동,(796-12),,구로역광장,서울 구로구 구로동,,37.5029260885328,126.880409866672,3, 구로구 구로동
구로구,구로동,(780-50),,구로역광장,서울 구로구 구로동,,37.5029260885328,126.880409866672,3, 구로구 구로동
구로구,구로동,(770-54),,구로역광장,서울 구로구 구로동,,37.5029260885328,126.880409866672,3, 구로구 구로동
구로구,구로동,(781-6),,구로역광장,서울 구로구 구로동,,37.5029260885328,126.880409866672,3, 구로구 구로동
구로구,구로동,(742-58),,구로역광장,서울 구로구 구로동,,37.5029260885328,126.880409866672,3, 구로구 구로동
구로구,구로동,(797-25),,구로역광장,서울 구로구 구로동,,37.5029260885328,126.880409866672,3, 구로구 구로동
구로구,구로동,(745-40),,구로역광장,서울 구로구 구로동,,37.5029260885328,126.880409866672,3, 구로구 구로동
구로구,구로동,보성,보성,보성운수,서울 구로구 구로동 145-17,서울 구로구 도림로 84,37.490042194805646,126.8931479045392,3,보성 구로구 구로동
구로구,구로동,장수(796-60),장수,장수경로당,서울 구로구 구로동 720-11,서울 구로구 구로동로17길 5-8,37.4880271323831,126.884110707201,3,장수 구로구 구로동
구로구,구로동,(794-12),,구로역광장,서울 구로구 구로동,,37.5029260885328,126.880409866672,3, 구로구 구로동
구로구,구로동,은진빌라,은진빌라,은진빌라,서울 구로구 구로동 748-24,서울 구로구 구로동로18길 62-12,37.48679060697157,126.88748435422612,3,은진빌라 구로구 구로동
구로구,구로동,(796-14),,구로역광장,서울 구로구 구로동,,37.5029260885328,126.880409866672,3, 구로구 구로동
구로구,구로동,(744-14),,구로역광장,서울 구로구 구로동,,37.5029260885328,126.880409866672,3, 구로구 구로동
구로구,구로동,(744-19),,구로역광장,서울 구로구 구로동,,37.5029260885328,126.880409866672,3, 구로구 구로동
구로구,구로동,(717-10),,구로역광장,서울 구로구 구로동,,37.5029260885328,126.880409866672,3, 구로구 구로동
구로구,구로동,(796-16),,구로역광장,서울 구로구 구로동,,37.5029260885328,126.880409866672,3, 구로구 구로동
구로구,구로동,(770-4),,구로역광장,서울 구로구 구로동,,37.5029260885328,126.880409866672,3, 구로구 구로동
구로구,구로동,(743-31),,구로역광장,서울 구로구 구로동,,37.5029260885328,126.880409866672,3, 구로구 구로동
구로구,구로동,(749-46),,구로역광장,서울 구로구 구로동,,37.5029260885328,126.880409866672,3, 구로구 구로동
구로구,구로동,(796-65)삼성주택,삼성주택,삼성드림빌,서울 구로구 구로동 745-62,서울 구로구 구로동로12길 8,37.48704109729171,126.88561832312077,3,삼성주택 구로구 구로동
구로구,구로동,안정빌라,안정빌라,안정빌라,서울 구로구 구로동 740-107,서울 구로구 구로동로12길 59-14,37.48887977211372,126.88626003458208,3,안정빌라 구로구 구로동
구로구,구로동,(749-49),,구로역광장,서울 구로구 구로동,,37.5029260885328,126.880409866672,3, 구로구 구로동
구로구,구로동,(794-13),,구로역광장,서울 구로구 구로동,,37.5029260885328,126.880409866672,3, 구로구 구로동
구로구,구로동,낙원빌라,낙원빌라,낙원빌리지,서울 구로구 구로동 1129-33,서울 구로구 디지털로32가길 76-3,37.48039294160646,126.89679878680776,3,낙원빌라 구로구 구로동
구로구,구로동,(743-5),,구로역광장,서울 구로구 구로동,,37.5029260885328,126.880409866672,3, 구로구 구로동
구로구,구로동,경성아파트,경성아파트,경성아파트,서울 구로구 구로동 779-64,서울 구로구 도림로 44-9,37.4876323861245,126.889647269112,3,경성아파트 구로구 구로동
구로구,오류동,오류동삼전솔하임,오류동삼전솔하임,오류동삼전솔하임,서울 구로구 오류동 9-231,서울 구로구 경인로 187,37.495608801987494,126.84189305665544,3,오류동삼전솔하임 구로구 오류동
구로구,구로동,(807-37),,구로역광장,서울 구로구 구로동,,37.5029260885328,126.880409866672,3, 구로구 구로동
구로구,구로동,(717-5)미래빌라,미래빌라,미래하이츠,서울 구로구 고척동 62-20,서울 구로구 안양천로537가길 38,37.5019791139248,126.867715609103,2,미래빌라 구로구 구로동
구로구,구로동,제일,제일,아름제일병원,서울 구로구 구로동 25,서울 구로구 새말로 94,37.50546228943992,126.89049866895944,3,제일 구로구 구로동
구로구,개봉동,태경하이빌,태경하이빌,태경하이빌아파트,서울 구로구 개봉동 367-2,서울 구로구 개봉로1길 46,37.48488843253403,126.85436090641278,3,태경하이빌 구로구 개봉동
구로구,구로동,(770-40),,구로역광장,서울 구로구 구로동,,37.5029260885328,126.880409866672,3, 구로구 구로동
구로구,구로동,(746-3),,구로역광장,서울 구로구 구로동,,37.5029260885328,126.880409866672,3, 구로구 구로동
구로구,구로동,(744-16),,구로역광장,서울 구로구 구로동,,37.5029260885328,126.880409866672,3, 구로구 구로동
구로구,구로동,(794-22),,구로역광장,서울 구로구 구로동,,37.5029260885328,126.880409866672,3, 구로구 구로동
구로구,구로동,코원,코원,코원,서울 구로구 구로동 97-8,서울 구로구 구로중앙로18길 59,37.49625017167567,126.89220046375212,3,코원 구로구 구로동
구로구,구로동,(779-3),,구로역광장,서울 구로구 구로동,,37.5029260885328,126.880409866672,3, 구로구 구로동
구로구,구로동,(718-22),,구로역광장,서울 구로구 구로동,,37.5029260885328,126.880409866672,3, 구로구 구로동
구로구,구로동,한일퍼스트빌(415-37),한일퍼스트빌,한일퍼스트빌아파트,서울 구로구 구로동 415-37,서울 구로구 구로동로35길 30,37.492859123320784,126.88217750996922,3,한일퍼스트빌 구로구 구로동
구로구,구로동,계영주택(746-49),계영주택,계영주택,서울 구로구 구로동 750-13,서울 구로구 구로동로8길 48,37.487808258445945,126.88697400762103,3,계영주택 구로구 구로동
구로구,구로동,(743-32),,구로역광장,서울 구로구 구로동,,37.5029260885328,126.880409866672,3, 구로구 구로동
구로구,구로동,(748-48),,구로역광장,서울 구로구 구로동,,37.5029260885328,126.880409866672,3, 구로구 구로동
구로구,오류동,오류그린,오류그린,동부그린,서울 구로구 오류동 236-5,서울 구로구 경인로6길 30,37.4896937350223,126.831492543563,3,오류그린 구로구 오류동
구로구,궁동,대명하이빌(103동),대명하이빌,대명하이빌아파트,서울 구로구 궁동 184-20,서울 구로구 오리로20길 26-8,37.497040631502195,126.83155745807,3,대명하이빌 구로구 궁동
구로구,구로동,서원빌라,서원빌라,서원그린빌라,서울 구로구 고척동 241-39,서울 구로구 고척로33라길 6-12,37.50675941861537,126.8493058488632,2,서원빌라 구로구
구로구,구로동,(740-21),,구로역광장,서울 구로구 구로동,,37.5029260885328,126.880409866672,3, 구로구 구로동
구로구,오류동,계림웨스트벨리,계림웨스트벨리,계림웨스트벨리,서울 구로구 오류동 360,서울 구로구 경인로 70,37.4904787971929,126.829805960475,3,계림웨스트벨리 구로구 오류동
구로구,구로동,번영빌라,번영빌라,번영빌라,서울 구로구 구로동 745-8,서울 구로구 구로동로18길 38-8,37.487339116864526,126.8863302127277,3,번영빌라 구로구 구로동
구로구,구로동,(752-13),,구로역광장,서울 구로구 구로동,,37.5029260885328,126.880409866672,3, 구로구 구로동
구로구,구로동,(807-16),,구로역광장,서울 구로구 구로동,,37.5029260885328,126.880409866672,3, 구로구 구로동
구로구,구로동,에덴,에덴,에덴빌딩,서울 구로구 구로동 794-33,서울 구로구 도림로 18,37.4860770938194,126.887573617801,3,에덴 구로구 구로동
구로구,구로동,(805-16),,구로역광장,서울 구로구 구로동,,37.5029260885328,126.880409866672,3, 구로구 구로동
구로구,구로동,한마음(796-72),한마음,한마음약국,서울 구로구 구로동 313-150,서울 구로구 도림로 67,37.4894789950933,126.891097549751,3,한마음 구로구 구로동
구로구,구로동,(743-33),,구로역광장,서울 구로구 구로동,,37.5029260885328,126.880409866672,3, 구로구 구로동
구로구,구로동,대승빌라,대승빌라,대승빌라,서울 구로구 구로동 745-16,서울 구로구 구로동로18길 34-5,37.4875013088715,126.88634127404768,3,대승빌라 구로구 구로동
구로구,구로동,(779-13),,구로역광장,서울 구로구 구로동,,37.5029260885328,126.880409866672,3, 구로구 구로동
구로구,구로동,(806-14),,구로역광장,서울 구로구 구로동,,37.5029260885328,126.880409866672,3, 구로구 구로동
구로구,궁동,궁동에스하임,궁동에스하임,궁동에스하임아파트,서울 구로구 궁동 293,서울 구로구 경인로15나길 65-4,37.4966150215156,126.835799078722,3,궁동에스하임 구로구 궁동
구로구,개봉동,신양지(가동),신양지,신양지아파트,서울 구로구 개봉동 318-36,서울 구로구 개봉로17바길 49,37.493508039533744,126.85120620820145,3,신양지 구로구 개봉동
구로구,구로동,(743-72),,구로역광장,서울 구로구 구로동,,37.5029260885328,126.880409866672,3, 구로구 구로동
구로구,구로동,(744-5),,구로역광장,서울 구로구 구로동,,37.5029260885328,126.880409866672,3, 구로구 구로동
구로구,구로동,(740-11),,구로역광장,서울 구로구 구로동,,37.5029260885328,126.880409866672,3, 구로구 구로동
구로구,구로동,구로오네뜨시티,구로오네뜨시티,구로오네뜨시티,서울 구로구 구로동 103-6,서울 구로구 가마산로 271,37.49635744338908,126.89029936625668,3,구로오네뜨시티 구로구 구로동
구로구,구로동,(779-26),,구로역광장,서울 구로구 구로동,,37.5029260885328,126.880409866672,3, 구로구 구로동
구로구,구로동,(751-5),,구로역광장,서울 구로구 구로동,,37.5029260885328,126.880409866672,3, 구로구 구로동
구로구,구로동,(796-51),,구로역광장,서울 구로구 구로동,,37.5029260885328,126.880409866672,3, 구로구 구로동
구로구,구로동,(748-32),,구로역광장,서울 구로구 구로동,,37.5029260885328,126.880409866672,3, 구로구 구로동
구로구,구로동,황산(780-55),황산,황산아파트,서울 구로구 구로동 791-12,서울 구로구 디지털로27라길 38,37.4862407622085,126.889147290529,3,황산 구로구 구로동
구로구,구로동,(797-37),,구로역광장,서울 구로구 구로동,,37.5029260885328,126.880409866672,3, 구로구 구로동
구로구,고척동,더헤리츠,더헤리츠,더헤리츠아파트,서울 구로구 고척동 352,서울 구로구 경서로 17,37.4992063882648,126.856619749198,3,더헤리츠 구로구 고척동
구로구,구로동,(717-23)함양주택,함양주택,함양빌라,서울 구로구 구로동 717-22,서울 구로구 구로동로15길 13-8,37.48751696530546,126.883910229385,3,함양주택 구로구 구로동
구로구,구로동,(779-2),,구로역광장,서울 구로구 구로동,,37.5029260885328,126.880409866672,3, 구로구 구로동
구로구,궁동,강남그린,강남그린,강남그린아파트,서울 구로구 궁동 178-13,서울 구로구 오리로20길 28,37.49717063105713,126.83110482517344,3,강남그린 구로구 궁동
구로구,구로동,(780-72)삼익빌라,삼익빌라,삼익연립,서울 구로구 개봉동 271-13,서울 구로구 개봉로11나길 44,37.48906691611659,126.851874233449,2,삼익빌라 구로구 구로동
구로구,구로동,(743-52),,구로역광장,서울 구로구 구로동,,37.5029260885328,126.880409866672,3, 구로구 구로동
구로구,구로동,(743-55),,구로역광장,서울 구로구 구로동,,37.5029260885328,126.880409866672,3, 구로구 구로동
구로구,구로동,(768-2),,구로역광장,서울 구로구 구로동,,37.5029260885328,126.880409866672,3, 구로구 구로동
구로구,구로동,(800-29),,구로역광장,서울 구로구 구로동,,37.5029260885328,126.880409866672,3, 구로구 구로동
구로구,구로동,(752-19),,구로역광장,서울 구로구 구로동,,37.5029260885328,126.880409866672,3, 구로구 구로동
구로구,구로동,(717-21)경원주택2동,경원주택,경원주택,서울 구로구 구로동 743-39,서울 구로구 구로동로20길 41-1,37.488402781812454,126.88682611817944,3,경원주택 구로구 구로동
구로구,구로동,(749-1),,구로역광장,서울 구로구 구로동,,37.5029260885328,126.880409866672,3, 구로구 구로동
구로구,개봉동,세이지움개봉,세이지움개봉,세이지움개봉아파트,서울 구로구 개봉동 503,,37.492704456727026,126.85565631146449,3,세이지움개봉 구로구 개봉동
구로구,구로동,(792-102),,구로역광장,서울 구로구 구로동,,37.5029260885328,126.880409866672,3, 구로구 구로동
구로구,개봉동,호반써밋개봉,호반써밋개봉,호반써밋개봉아파트,서울 구로구 개봉동 501,서울 구로구 고척로22길 36,37.49955709889462,126.84674755252531,3,호반써밋개봉 구로구 개봉동
구로구,구로동,(791-16),,구로역광장,서울 구로구 구로동,,37.5029260885328,126.880409866672,3, 구로구 구로동
구로구,구로동,(807-1),,구로역광장,서울 구로구 구로동,,37.5029260885328,126.880409866672,3, 구로구 구로동
구로구,오류동,천왕역모아엘가트레뷰,천왕역모아엘가트레뷰,천왕역모아엘가트레뷰아파트,서울 구로구 오류동 362,서울 구로구 오리로 1165,37.48753427246736,126.83745961241206,3,천왕역모아엘가트레뷰 구로구 오류동
구로구,구로동,(750-8),,구로역광장,서울 구로구 구로동,,37.5029260885328,126.880409866672,3, 구로구 구로동
구로구,구로동,(743-35),,구로역광장,서울 구로구 구로동,,37.5029260885328,126.880409866672,3, 구로구 구로동
금천구,시흥동,삼익,삼익,삼익아파트,서울 금천구 시흥동 5-13,서울 금천구 독산로50길 89,37.46327871273526,126.90944597880508,3,삼익 금천구 시흥동
금천구,독산동,금천롯데캐슬골드파크1차,금천롯데캐슬골드파크1차,금천롯데캐슬골드파크1차아파트,서울 금천구 독산동 1147,서울 금천구 벚꽃로 40,37.45972132441928,126.89404103977326,3,금천롯데캐슬골드파크1차 금천구 독산동
금천구,독산동,금천현대,금천현대,금천현대아파트,서울 금천구 독산동 711-2,서울 금천구 벚꽃로 73,37.46226424908729,126.89038536461202,3,금천현대 금천구 독산동
금천구,시흥동,오성로얄,오성로얄,오성로얄아파트,서울 금천구 시흥동 798-64,서울 금천구 독산로36길 73,37.46095331753581,126.90842698507714,3,오성로얄 금천구 시흥동
금천구,시흥동,힐캐슬,힐캐슬,힐캐슬아파트,서울 금천구 시흥동 960-6,서울 금천구 시흥대로12길 33,37.4391572150004,126.905393565722,3,힐캐슬 금천구 시흥동
금천구,가산동,두산,두산,두산위브아파트,서울 금천구 가산동 769,서울 금천구 가산로 99,37.47487022512437,126.89227753021405,3,두산 금천구 가산동
금천구,독산동,한신아파트,한신아파트,한신아파트,서울 금천구 독산동 1093-4,서울 금천구 한내로 62,37.45538365387064,126.88988228573116,3,한신아파트 금천구 독산동
금천구,시흥동,성지,성지,성지아파트,서울 금천구 시흥동 산 173-8,서울 금천구 시흥대로51길 55,37.450918245397766,126.8979242437796,3,성지 금천구 시흥동
금천구,독산동,진도3차아파트,진도3차아파트,진도3차아파트,서울 금천구 독산동 1136,서울 금천구 범안로17길 41,37.46834332864084,126.89329296908384,3,진도3차아파트 금천구 독산동
금천구,시흥동,남서울건영2,남서울건영2,CU ATM 금천홈풀러스점,서울 금천구 시흥동 992-2,서울 금천구 시흥대로59길 35,37.4529407156863,126.89861769052,3,남서울건영2 금천구 시흥동
금천구,시흥동,남서울힐스테이트,남서울힐스테이트,남서울힐스테이트아파트,서울 금천구 시흥동 1026,서울 금천구 시흥대로 165,37.44617350236848,126.90109718872206,3,남서울힐스테이트 금천구 시흥동
금천구,시흥동,럭키남서울아파트,럭키남서울아파트,남서울럭키아파트,서울 금천구 시흥동 1002-1,서울 금천구 시흥대로47길 43,37.448188251259694,126.8990625889819,3,럭키남서울아파트 금천구 시흥동
금천구,시흥동,우방,우방,관악우방아파트,서울 금천구 시흥동 1011,서울 금천구 금하로 750,37.449341461917875,126.91374372451028,3,우방 금천구 시흥동
금천구,시흥동,관악산벽산타운5,관악산벽산타운5,관악산 벽산타운5단지 관리사무소,서울 금천구 시흥동 1013,서울 금천구 금하로 816,37.4497247023779,126.920614527311,3,관악산벽산타운5 금천구 시흥동
금천구,시흥동,벽산3,벽산3,벽산타운3단지아파트,서울 금천구 시흥동 1006,서울 금천구 탑골로 84,37.453099750441275,126.91776288312364,3,벽산3 금천구 시흥동
금천구,시흥동,시흥목련,시흥목련,시흥목련아파트,서울 금천구 시흥동 1009,서울 금천구 금하로3길 26,37.45459055101624,126.89766608581944,3,시흥목련 금천구 시흥동
금천구,시흥동,남서울건영아파트,남서울건영아파트,건영1차아파트,서울 금천구 시흥동 992-2,서울 금천구 시흥대로59길 35,37.45288310519955,126.89868105869328,3,남서울건영아파트 금천구 시흥동
금천구,독산동,진도2차,진도2차,진도2차아파트,서울 금천구 독산동 1133,서울 금천구 두산로 36,37.47001102518929,126.89221893785272,3,진도2차 금천구 독산동
금천구,시흥동,금천리메인시티,금천리메인시티,금천리메인시티,서울 금천구 시흥동 883-11,서울 금천구 시흥대로 224,37.45394589422961,126.9013966306862,3,금천리메인시티 금천구 시흥동
금천구,시흥동,현대(220-2),현대,비단길현대시장,서울 금천구 시흥동 848-31,서울 금천구 독산로27길 52,37.4577266926762,126.90487738542274,3,현대 금천구 시흥동
금천구,독산동,금천롯데캐슬골드파크3차,금천롯데캐슬골드파크3차,금천롯데캐슬골드파크3차아파트,서울 금천구 독산동 1155,서울 금천구 시흥대로 291,37.46011751264842,126.89680518190217,3,금천롯데캐슬골드파크3차 금천구 독산동
금천구,시흥동,무지개,무지개,무지개아파트,서울 금천구 시흥동 109-1,서울 금천구 시흥대로73길 11,37.45607236421169,126.89830151879126,3,무지개 금천구 시흥동
금천구,시흥동,벽산,벽산,벽산5단지아파트,서울 금천구 시흥동 1013,서울 금천구 금하로 816,37.4482710161534,126.91877171285056,3,벽산 금천구 시흥동
금천구,독산동,독산주공14단지,독산주공14단지,주공14단지아파트,서울 금천구 독산동 1088,서울 금천구 한내로 69-54,37.46008372019975,126.88648225064904,3,독산주공14단지 금천구 독산동
금천구,독산동,서초파레스,서초파레스,서초파레스아파트,서울 금천구 독산동 1141,서울 금천구 시흥대로128길 19,37.47054727695845,126.8995480177533,3,서초파레스 금천구 독산동
금천구,독산동,독산현대,독산현대,독산현대아파트,서울 금천구 독산동 293-10,서울 금천구 범안로17길 12,37.46745827036097,126.89500792154976,3,독산현대 금천구 독산동
금천구,시흥동,산호시티빌,산호시티빌,도일산호시티빌아파트,서울 금천구 시흥동 999-1,서울 금천구 시흥대로 251,37.45625452218741,126.8995343603988,3,산호시티빌 금천구 시흥동
금천구,시흥동,현대(209),현대,비단길현대시장,서울 금천구 시흥동 848-31,서울 금천구 독산로27길 52,37.4577266926762,126.90487738542274,3,현대 금천구 시흥동
금천구,시흥동,금광,금광,금광포란재아파트,서울 금천구 시흥동 1014,서울 금천구 탑골로2길 24,37.45100850678899,126.91153574212328,3,금광 금천구 시흥동
금천구,독산동,진도1차,진도1차,진도아파트,서울 금천구 독산동 1002,서울 금천구 벚꽃로18길 36,37.467789547047786,126.89070737746016,3,진도1차 금천구 독산동
금천구,가산동,덕산,덕산,덕산아파트,서울 금천구 가산동 148-1,서울 금천구 시흥대로151길 45,37.47671436521786,126.89604864158166,3,덕산 금천구 가산동
금천구,가산동,드림캐슬2차,드림캐슬2차,드림캐슬2차아파트,서울 금천구 가산동 235-13,서울 금천구 두산로9가길 30,37.47311687951685,126.8913146077082,3,드림캐슬2차 금천구 가산동
금천구,독산동,세진웰빙102,세진웰빙102,세진웰빙타운아파트 102동,서울 금천구 독산동 992-42,서울 금천구 독산로92길 30,37.47373231196944,126.9049509362196,3,세진웰빙102 금천구 독산동
금천구,독산동,목화101,목화101,목화1차아파트,서울 금천구 독산동 1132,서울 금천구 문성로3길 8,37.47669642377238,126.904690548723,3,목화101 금천구 독산동
금천구,시흥동,시흥동월드메르디앙,시흥동월드메르디앙,월드메르디앙아파트,서울 금천구 시흥동 806,서울 금천구 독산로36길 36,37.45971972186858,126.90713091765258,3,시흥동월드메르디앙 금천구 시흥동
금천구,가산동,백운한비치(나),백운한비치,백운한비치,서울 금천구 가산동 238-118,서울 금천구 가산로7길 103,37.47260057521125,126.8883874050515,3,백운한비치 금천구 가산동
금천구,독산동,동은4차,동은4차,더보일링크랩하우스,서울 금천구 독산동 1156,서울 금천구 시흥대로 315,37.4609910209734,126.896264824591,3,동은4차 금천구 독산동
금천구,시흥동,하나어울림,하나어울림,하나어울림아파트,서울 금천구 시흥동 3-28,서울 금천구 독산로50길 163-17,37.4616094946705,126.913530698354,3,하나어울림 금천구 시흥동
금천구,시흥동,백운한비치,백운한비치,백운한비치아파트,서울 금천구 시흥동 1012,서울 금천구 탑골로2길 19,37.45144123597765,126.9118607198634,3,백운한비치 금천구 시흥동
금천구,시흥동,삼일,삼일,삼일아파트,서울 금천구 시흥동 948,서울 금천구 시흥대로24길 32,37.44125363643072,126.9062226146392,3,삼일 금천구 시흥동
금천구,시흥동,금강,금강,금강아파트,서울 금천구 시흥동 1008,서울 금천구 독산로50길 57-2,37.46315514921161,126.90811684719246,3,금강 금천구 시흥동
금천구,독산동,대덕트윈빌,대덕트윈빌,대덕트윈빌아파트,서울 금천구 독산동 1028,서울 금천구 시흥대로112길 6,37.467314073559294,126.89910470434722,3,대덕트윈빌 금천구 독산동
금천구,독산동,독산동중앙하이츠빌,독산동중앙하이츠빌,독산중앙하이츠빌아파트,서울 금천구 독산동 1140,서울 금천구 범안로 1136,37.4647711101432,126.88872232929808,3,독산동중앙하이츠빌 금천구 독산동
금천구,시흥동,메르시대신아파트,메르시대신아파트,메르시대신아파트,서울 금천구 시흥동 961-4,서울 금천구 시흥대로12길 28,37.4388784562387,126.904963396014,3,메르시대신아파트 금천구 시흥동
금천구,시흥동,시흥베르빌,시흥베르빌,시흥베르빌아파트,서울 금천구 시흥동 1015,서울 금천구 시흥대로77길 23,37.45772250965388,126.89771154969992,3,시흥베르빌 금천구 시흥동
금천구,독산동,계룡아파트,계룡아파트,계룡아파트,서울 금천구 독산동 332-14,서울 금천구 범안로15길 7,37.46714993369848,126.89278824581636,3,계룡아파트 금천구 독산동
금천구,독산동,라이프,라이프,라이프아파트,서울 금천구 독산동 1131,서울 금천구 벚꽃로 60,37.46108024907955,126.89226792761129,3,라이프 금천구 독산동
금천구,시흥동,한빛무궁화101동,한빛무궁화,한빛무궁화아파트,서울 금천구 시흥동 1016,서울 금천구 독산로36길 62,37.4603293398726,126.90781286380712,3,한빛무궁화 금천구 시흥동
금천구,독산동,삼성로얄,삼성로얄,삼성로얄아파트,서울 금천구 독산동 994-76,서울 금천구 독산로88길 8,37.47260286149852,126.90434981907693,3,삼성로얄 금천구 독산동
금천구,시흥동,대도훼미리,대도훼미리,대도훼미리아파트,서울 금천구 시흥동 989-11,서울 금천구 시흥대로45길 26,37.44900204836323,126.90033853977404,3,대도훼미리 금천구 시흥동
금천구,시흥동,한빛로얄,한빛로얄,한빛로얄아파트,서울 금천구 시흥동 796-7,서울 금천구 독산로40길 102,37.461869763701955,126.90975060406264,3,한빛로얄 금천구 시흥동
금천구,독산동,장미아파트B동,장미아파트B동,장미아파트 B동,서울 금천구 독산동 889-26,서울 금천구 문성로 27,37.476828764415224,126.9068146776386,3,장미아파트B동 금천구 독산동
금천구,시흥동,경남아파트,경남아파트,경남아파트,서울 금천구 시흥동 820-12,서울 금천구 독산로 78-1,37.4545979879119,126.9066489992604,3,경남아파트 금천구 시흥동
금천구,독산동,리치힐(1052-5),리치힐,리치힐,서울 금천구 독산동 993-55,서울 금천구 독산로88길 25,37.472849619952385,126.90532172311735,3,리치힐 금천구 독산동
금천구,시흥동,관악산신도브래뉴,관악산신도브래뉴,관악산신도브래뉴아파트,서울 금천구 시흥동 1017,서울 금천구 금하로24나길 48,37.44793358815916,126.91065787595112,3,관악산신도브래뉴 금천구 시흥동
금천구,시흥동,시흥(817-29),시흥,시흥사거리,서울 금천구 시흥동,,37.4547443452402,126.900504973844,3,시흥 금천구 시흥동
금천구,가산동,온누리,온누리,우리온누리약국,서울 금천구 가산동 60-51,서울 금천구 디지털로 200,37.47823873087637,126.8889601318848,3,온누리 금천구 가산동
금천구,독산동,이랜드해가든,이랜드해가든,금천이랜드해가든아파트,서울 금천구 독산동 1143,서울 금천구 벚꽃로6길 3,37.46101249911018,126.89306828306788,3,이랜드해가든 금천구 독산동
금천구,독산동,청호센트레빌,청호센트레빌,청호센트레빌아파트,서울 금천구 독산동 887-5,서울 금천구 문성로 14-1,37.4762175418663,126.90525642554724,3,청호센트레빌 금천구 독산동
금천구,독산동,청광플러스원,청광플러스원,청광플러스원아파트,서울 금천구 독산동 1139,서울 금천구 두산로11길 22,37.471245338792755,126.89413442972506,3,청광플러스원 금천구 독산동
금천구,독산동,독산동한양수자인,독산동한양수자인,한양수자인아파트,서울 금천구 독산동 1144,서울 금천구 시흥대로150길 6,37.47591709713127,126.89931472445394,3,독산동한양수자인 금천구 독산동
금천구,독산동,리치힐103동(992-0),리치힐,리치힐,서울 금천구 독산동 993-55,서울 금천구 독산로88길 25,37.472849619952385,126.90532172311735,3,리치힐 금천구 독산동
금천구,독산동,태영아파트,태영아파트,태영아파트,서울 금천구 독산동 1003-21,서울 금천구 범안로 1158,37.46620716082091,126.89047908218124,3,태영아파트 금천구 독산동
금천구,독산동,중앙아파트,중앙아파트,독산중앙하이츠빌아파트,서울 금천구 독산동 1140,서울 금천구 범안로 1136,37.4647711101432,126.88872232929808,3,중앙아파트 금천구 독산동
금천구,시흥동,건우한마음,건우한마음,건우한마음아파트,서울 금천구 시흥동 929-33,서울 금천구 금하로24길 91,37.44684800559669,126.90965564227224,3,건우한마음 금천구 시흥동
금천구,시흥동,탑스빌,탑스빌,탑스빌아파트,서울 금천구 시흥동 268-46,서울 금천구 금하로30길 34,37.448852800551435,126.9158101549736,3,탑스빌 금천구 시흥동
금천구,독산동,힐탑아파트4차(894-5),힐탑아파트4차,힐탑4차아파트,서울 금천구 독산동 894-5,서울 금천구 문성로3길 70,37.4772146116274,126.908240955654,3,힐탑아파트4차 금천구 독산동
금천구,시흥동,신화아파트(200-4),신화아파트,신화아파트,서울 금천구 시흥동 200-4,서울 금천구 독산로22길 86,37.45274883670642,126.91096634012897,3,신화아파트 금천구 시흥동
금천구,독산동,삼익,삼익,삼익아파트,서울 금천구 독산동 956,서울 금천구 남부순환로120길 22,37.47810596946835,126.90075891197232,3,삼익 금천구 독산동
금천구,독산동,한아마인드,한아마인드,한아마인드아파트,서울 금천구 독산동 1142,서울 금천구 범안로17길 9,37.46701416669366,126.89410422370857,3,한아마인드 금천구 독산동
금천구,시흥동,SM엘루이,SM엘루이,SM엘루이아파트,서울 금천구 시흥동 791-40,서울 금천구 시흥대로37길 20,37.446070958758945,126.90238787910644,3,SM엘루이 금천구 시흥동
금천구,독산동,명도힐스티지,명도힐스티지,명도힐스티지아파트,서울 금천구 독산동 962-32,서울 금천구 독산로 337,37.4769232841939,126.903342647441,3,명도힐스티지 금천구 독산동
금천구,가산동,비즈트위트바이올렛5차,비즈트위트바이올렛5차,비즈트위트바이올렛5차,서울 금천구 가산동 140-36,서울 금천구 디지털로12길 15,37.47812959435665,126.88980030390776,3,비즈트위트바이올렛5차 금천구 가산동
금천구,독산동,신도브래뉴,신도브래뉴,신도브래뉴아파트,서울 금천구 독산동 955,서울 금천구 시흥대로152길 25,37.477399141124025,126.90023979132596,3,신도브래뉴 금천구 독산동
금천구,독산동,아셈그린힐,아셈그린힐,아셈그린힐아파트,서울 금천구 독산동 184-3,서울 금천구 독산로78다길 22,37.46931936577882,126.90520182800655,3,아셈그린힐 금천구 독산동
금천구,독산동,호정타워,호정타워,호정타워아파트,서울 금천구 독산동 1069,서울 금천구 시흥대로88길 21,37.4611665700818,126.900279445494,3,호정타워 금천구 독산동
금천구,시흥동,칠성(3),칠성,칠성트레빌2차,서울 금천구 시흥동 978-8,서울 금천구 시흥대로2길 8-45,37.43416908427496,126.9052574763964,3,칠성 금천구 시흥동
금천구,가산동,삼익,삼익,삼익아파트,서울 금천구 가산동 234-46,서울 금천구 두산로9길 56,37.47289856868266,126.89299708882562,3,삼익 금천구 가산동
금천구,독산동,한아(987-21),한아,한아마인드아파트,서울 금천구 독산동 1142,서울 금천구 범안로17길 9,37.46701416669366,126.89410422370857,3,한아 금천구 독산동
금천구,가산동,드림케슬3차,드림케슬3차,드림케슬3차아파트,서울 금천구 가산동 237-81,서울 금천구 두산로3길 36-11,37.4725134634304,126.889651412792,3,드림케슬3차 금천구 가산동
금천구,가산동,원평5차,원평5차,원평5차아파트,서울 금천구 가산동 239-22,서울 금천구 벚꽃로24길 13,37.473905926510525,126.88721539402466,3,원평5차 금천구 가산동
금천구,시흥동,거상센스빌(960-5),거상센스빌,거상센스빌,서울 금천구 시흥동 959-10,서울 금천구 시흥대로14길 9,37.4398062341446,126.904631135853,3,거상센스빌 금천구 시흥동
금천구,가산동,가산지웰에스테이트2차,가산지웰에스테이트2차,가산지웰에스테이트2차,서울 금천구 가산동 143-6,서울 금천구 가산로9길 12-8,37.47743873713229,126.89100536009278,3,가산지웰에스테이트2차 금천구 가산동
금천구,시흥동,청우그린,청우그린,청우그린아파트,서울 금천구 시흥동 902-7,서울 금천구 시흥대로50길 12-27,37.4505623346465,126.90326808175202,3,청우그린 금천구 시흥동
금천구,시흥동,우림메르디앙,우림메르디앙,우림메르디앙,서울 금천구 시흥동 121-7,서울 금천구 시흥대로63길 17,37.45493022232636,126.89869977138656,3,우림메르디앙 금천구 시흥동
금천구,시흥동,예일,예일,예일아파트,서울 금천구 시흥동 920-35,서울 금천구 독산로10길 19,37.4502805478142,126.90692107935,3,예일 금천구 시흥동
금천구,독산동,힐탑아파트3차(894-3),힐탑아파트3차,힐탑3차아파트,서울 금천구 독산동 894-3,서울 금천구 문성로3길 64,37.4771828741136,126.907980967519,3,힐탑아파트3차 금천구 독산동
금천구,시흥동,와이즈플레이스,와이즈플레이스,시흥사거리와이즈플레이스,서울 금천구 시흥동 882-61,서울 금천구 시흥대로 236,37.45500964703139,126.90098609527408,3,와이즈플레이스 금천구 시흥동
금천구,독산동,동심,동심,동심,서울 금천구 독산동 899-16,서울 금천구 독산로108길 37,37.479687913494764,126.90598918863051,3,동심 금천구 독산동
금천구,시흥동,루체클래식,루체클래식,루체클래식아파트,서울 금천구 시흥동 977-1,서울 금천구 시흥대로2길 24,37.4346389188894,126.904641082327,3,루체클래식 금천구 시흥동
금천구,독산동,금천롯데캐슬골드파크2차201동202동,금천롯데캐슬골드파크2차201동,금천롯데캐슬골드파크2차아파트 201동,서울 금천구 독산동 1150,서울 금천구 벚꽃로 30,37.45824610886025,126.89375264268064,3,금천롯데캐슬골드파크2차201동 금천구 독산동
금천구,독산동,각산,각산,각산아파트,서울 금천구 독산동 1093-5,서울 금천구 한내로 52,37.45599364466275,126.88702416313224,3,각산 금천구 독산동
금천구,독산동,설악솔내음,설악솔내음,설악솔내음아파트,서울 금천구 독산동 1138,서울 금천구 독산로85길 7-8,37.47208485316968,126.90223649076611,3,설악솔내음 금천구 독산동
금천구,독산동,독산동아아파트,독산동아아파트,독산동아아파트,서울 금천구 독산동 183-1,서울 금천구 독산로78다길 52,37.469947366324355,126.90632695609318,3,독산동아아파트 금천구 독산동
금천구,독산동,예전이룸(965-1),예전이룸,예전이룸아파트,서울 금천구 독산동 965-1,서울 금천구 시흥대로150길 21-58,37.476685714211975,126.90044423764824,3,예전이룸 금천구 독산동
금천구,독산동,삼환아파트,삼환아파트,삼환아파트,서울 금천구 독산동 1006-132,서울 금천구 범안로12길 15,37.465783476545795,126.89221144251847,3,삼환아파트 금천구 독산동
금천구,독산동,세진(1037-31),세진,세진아파트,서울 금천구 독산동 1037-31,서울 금천구 독산로 211,37.46548559673486,126.90192857928874,3,세진 금천구 독산동
금천구,독산동,한아(987-22),한아,한아마인드아파트,서울 금천구 독산동 1142,서울 금천구 범안로17길 9,37.46701416669366,126.89410422370857,3,한아 금천구 독산동
금천구,시흥동,백운한비치Ⅱ,백운한비치Ⅱ,백운한비치II아파트,서울 금천구 시흥동 1018,서울 금천구 금하로23길 52,37.45349032936417,126.90972450685965,3,백운한비치Ⅱ 금천구 시흥동
금천구,독산동,대광아파트,대광아파트,대광아파트,서울 금천구 독산동 990-3,서울 금천구 독산로 299,37.4735991966179,126.90302134488076,3,대광아파트 금천구 독산동
금천구,독산동,동은노보빌(887-2),동은노보빌,동은노보빌아파트(887-1),서울 금천구 독산동 887-1,서울 금천구 문성로 8,37.47613411419001,126.90459177564644,3,동은노보빌 금천구 독산동
금천구,시흥동,금천,금천,금천구청,서울 금천구 시흥동 1020,서울 금천구 시흥대로73길 70,37.4568411485862,126.895456780022,3,금천 금천구 시흥동
금천구,독산동,리버스타운,리버스타운,리버스타운아파트,서울 금천구 독산동 1006-139,서울 금천구 범안로12길 41,37.46489003397183,126.89260722313504,3,리버스타운 금천구 독산동
금천구,독산동,힐탑,힐탑,힐탑아파트,서울 금천구 독산동 894-20,서울 금천구 문성로 39,37.47698202666334,126.90808070208554,3,힐탑 금천구 독산동
금천구,시흥동,영광아파트,영광아파트,영광아파트,서울 금천구 시흥동 992-12,서울 금천구 시흥대로57길 17,37.453075457020034,126.90025289198152,3,영광아파트 금천구 시흥동
금천구,가산동,주상복합두산,주상복합두산,두산아파트,서울 금천구 가산동 772,서울 금천구 가산로 106,37.475552548227654,126.89355743822328,3,주상복합두산 금천구 가산동
금천구,독산동,동양드림아파트,동양드림아파트,동양드림아파트,서울 금천구 독산동 378-77,서울 금천구 독산로58나길 56,37.4655759455681,126.906685088021,3,동양드림아파트 금천구 독산동
금천구,독산동,e편한세상독산더타워,e편한세상독산더타워,e편한세상독산더타워아파트,서울 금천구 독산동 1007-13,서울 금천구 범안로 1212,37.46582938143008,126.89618466513538,3,e편한세상독산더타워 금천구 독산동
금천구,가산동,가산지웰에스테이트,가산지웰에스테이트,가산지웰에스테이트,서울 금천구 가산동 140-9,서울 금천구 가산로 147,37.47838612700071,126.89049522767628,3,가산지웰에스테이트 금천구 가산동
금천구,독산동,동은노보빌(887-1),동은노보빌,동은노보빌아파트(887-1),서울 금천구 독산동 887-1,서울 금천구 문성로 8,37.47613411419001,126.90459177564644,3,동은노보빌 금천구 독산동
금천구,시흥동,칠성(977-2),칠성,칠성트레빌2차,서울 금천구 시흥동 978-8,서울 금천구 시흥대로2길 8-45,37.43416908427496,126.9052574763964,3,칠성 금천구 시흥동
금천구,독산동,한아101(994-33),한아101,한아프라임아파트 101동,서울 금천구 독산동 147-76,서울 금천구 시흥대로151길 23,37.47545160002662,126.89656138822195,3,한아101 금천구 독산동
금천구,가산동,백운한비치(가),백운한비치,백운한비치,서울 금천구 가산동 238-118,서울 금천구 가산로7길 103,37.47260057521125,126.8883874050515,3,백운한비치 금천구 가산동
금천구,독산동,리치힐(976-6),리치힐,리치힐,서울 금천구 독산동 993-55,서울 금천구 독산로88길 25,37.472849619952385,126.90532172311735,3,리치힐 금천구 독산동
금천구,시흥동,우성,우성,우성종합건재,서울 금천구 시흥동 984,서울 금천구 시흥대로 97,37.443320180489,126.901324692857,3,우성 금천구 시흥동
금천구,시흥동,백조,백조,백조아파트,서울 금천구 시흥동 818-14,서울 금천구 독산로24길 21,37.4552976358553,126.907235845322,3,백조 금천구 시흥동
금천구,독산동,리치힐101동(993-25),리치힐,리치힐,서울 금천구 독산동 993-55,서울 금천구 독산로88길 25,37.472849619952385,126.90532172311735,3,리치힐 금천구 독산동
금천구,가산동,가산양우내안에애플,가산양우내안에애플,가산양우내안애애플,서울 금천구 가산동 141-2,서울 금천구 남부순환로 1266,37.47872555659634,126.89119908060152,3,가산양우내안에애플 금천구 가산동
금천구,독산동,성웅,성웅,성웅아파트,서울 금천구 독산동 888-18,서울 금천구 문성로 15,37.47658699250868,126.9053023114098,3,성웅 금천구 독산동
금천구,시흥동,웨스트밸리,웨스트밸리,웨스트밸리아파트,서울 금천구 시흥동 992-20,서울 금천구 시흥대로57길 5,37.4525665567768,126.90045700039,3,웨스트밸리 금천구 시흥동
금천구,독산동,세심아파트,세심아파트,세심아파트,서울 금천구 독산동 181-139,서울 금천구 독산로80가길 29,37.47099083018093,126.9064454825914,3,세심아파트 금천구 독산동
금천구,가산동,백운한비치,백운한비치,백운한비치,서울 금천구 가산동 238-118,서울 금천구 가산로7길 103,37.47260057521125,126.8883874050515,3,백운한비치 금천구 가산동
금천구,시흥동,신세계,신세계,신세계타운,서울 금천구 시흥동 868,서울 금천구 시흥대로80길 26,37.45898867965992,126.90117977818684,3,신세계 금천구 시흥동
금천구,시흥동,신동힐탑,신동힐탑,신동힐탑아파트,서울 금천구 시흥동 882-11,서울 금천구 시흥대로 254,37.45639484602325,126.90032194916516,3,신동힐탑 금천구 시흥동
금천구,시흥동,애시안아파트,애시안아파트,애시안아파트,서울 금천구 시흥동 266-2746,서울 금천구 탑골로2길 55,37.450663970203934,126.91349809298436,3,애시안아파트 금천구 시흥동
금천구,독산동,한아(987-11),한아,한아마인드아파트,서울 금천구 독산동 1142,서울 금천구 범안로17길 9,37.46701416669366,126.89410422370857,3,한아 금천구 독산동
금천구,시흥동,거상센스빌(956-6),거상센스빌,거상센스빌,서울 금천구 시흥동 959-10,서울 금천구 시흥대로14길 9,37.4398062341446,126.904631135853,3,거상센스빌 금천구 시흥동
금천구,시흥동,유승셀르빌,유승셀르빌,유승셀르빌아파트,서울 금천구 시흥동 3-3,서울 금천구 독산로50길 151-1,37.46233337255996,126.91280193331932,3,유승셀르빌 금천구 시흥동
금천구,가산동,드림캐슬,드림캐슬,드림캐슬1차아파트,서울 금천구 가산동 235-57,서울 금천구 두산로5길 58,37.4731164836032,126.890885021889,3,드림캐슬 금천구 가산동
금천구,독산동,한아프라임102동,한아프라임,한아프라임아파트,서울 금천구 독산동 147-76,서울 금천구 시흥대로151길 23,37.47543900174237,126.89657949399373,3,한아프라임 금천구 독산동
금천구,시흥동,쉼터빌리지,쉼터빌리지,쉼터빌리지,서울 금천구 시흥동 971-4,서울 금천구 시흥대로2나길 7,37.43514237029542,126.90549353262044,3,쉼터빌리지 금천구 시흥동
금천구,독산동,리치힐102동(993-36),리치힐,리치힐,서울 금천구 독산동 993-55,서울 금천구 독산로88길 25,37.472849619952385,126.90532172311735,3,리치힐 금천구 독산동
금천구,독산동,정심아파트,정심아파트,정심아파트,서울 금천구 독산동 182-1,서울 금천구 독산로80가길 26,37.4707547746743,126.90645708134,3,정심아파트 금천구 독산동
금천구,시흥동,낙원,낙원,낙원아파트,서울 금천구 시흥동 952,서울 금천구 시흥대로26길 16,37.44168683418314,126.90485701272756,3,낙원 금천구 시흥동
금천구,시흥동,백운,백운,백운한비치아파트,서울 금천구 시흥동 1012,서울 금천구 탑골로2길 19,37.45144123597765,126.9118607198634,3,백운 금천구 시흥동
금천구,시흥동,백운스위트빌,백운스위트빌,백운스위트빌,서울 금천구 시흥동 653-5,서울 금천구 시흥대로22길 53-6,37.44117188010631,126.90766686932156,3,백운스위트빌 금천구 시흥동
금천구,독산동,독산오르페움타워,독산오르페움타워,독산오르페움타워아파트,서울 금천구 독산동 989,서울 금천구 독산로85길 36,37.4728102486093,126.901252023152,3,독산오르페움타워 금천구 독산동
금천구,독산동,한아102(994-73),한아102,한아프라임아파트 102동,서울 금천구 독산동 147-76,서울 금천구 시흥대로151길 23,37.47523047113819,126.89612644185954,3,한아102 금천구 독산동
금천구,가산동,해찬행복드림,해찬행복드림,해찬행복드림아파트,서울 금천구 가산동 153-9,서울 금천구 가산로5길 14,37.47367508563583,126.89382576804806,3,해찬행복드림 금천구 가산동
금천구,독산동,아이유하임(1159),아이유하임,아이유하임,서울 금천구 독산동 1159,서울 금천구 두산로9길 23,37.4714780779642,126.8924474464322,3,아이유하임 금천구 독산동
금천구,시흥동,스카이,스카이,현부스카이,서울 금천구 시흥동 828-19,서울 금천구 금하로23가길 28,37.45154452680087,126.91023089936051,3,스카이 금천구 시흥동
금천구,독산동,해찬아파트,해찬아파트,해찬아파트,서울 금천구 독산동 917-3,서울 금천구 독산로70길 103-16,37.46903683441762,126.90681982897796,3,해찬아파트 금천구 독산동
금천구,독산동,리치힐104동(992-43),리치힐,리치힐,서울 금천구 독산동 993-55,서울 금천구 독산로88길 25,37.472849619952385,126.90532172311735,3,리치힐 금천구 독산동
금천구,독산동,장미아파트A동,장미아파트A동,장미아파트 A동,서울 금천구 독산동 889-26,서울 금천구 문성로 27,37.476813293755235,126.90662024287856,3,장미아파트A동 금천구 독산동
금천구,독산동,백운,백운,백운주유소,서울 금천구 독산동 1077-3,서울 금천구 시흥대로 282,37.4588321431344,126.8993285928569,3,백운 금천구 독산동
금천구,가산동,G밸리페트라힐스,G밸리페트라힐스,G밸리페트라힐스,서울 금천구 가산동 139-15,서울 금천구 디지털로 207,37.4790497471817,126.889075381574,3,G밸리페트라힐스 금천구 가산동
금천구,독산동,리치힐(976-37),리치힐,리치힐,서울 금천구 독산동 993-55,서울 금천구 독산로88길 25,37.472849619952385,126.90532172311735,3,리치힐 금천구 독산동
금천구,시흥동,세종,세종,시흥세종아파트,서울 금천구 시흥동 797-2,서울 금천구 독산로50다길 22,37.4613873378528,126.91042937232017,3,세종 금천구 시흥동
금천구,시흥동,거상홈타운801동,거상홈타운,거상홈타운아파트,서울 금천구 시흥동 949-6,서울 금천구 시흥대로22길 48,37.440837194957645,126.9071452182986,3,거상홈타운 금천구 시흥동
금천구,시흥동,보르미아파트(948-9),보르미아파트,보르미아파트,서울 금천구 시흥동 948-9,서울 금천구 시흥대로24길 44,37.44120184593165,126.90681480469352,3,보르미아파트 금천구 시흥동
금천구,독산동,문성,문성,서울문성초등학교,서울 금천구 독산동 982,서울 금천구 시흥대로 460,37.4749621513514,126.899460711884,3,문성 금천구 독산동
금천구,시흥동,백운플러스타워,백운플러스타워,백운플러스타워,서울 금천구 시흥동 992-8,서울 금천구 시흥대로59길 13,37.453279848298,126.900088742723,3,백운플러스타워 금천구 시흥동
금천구,시흥동,거상장미,거상장미,거상장미아파트,서울 금천구 시흥동 953-5,서울 금천구 시흥대로28길 32,37.4422676164207,126.905516212768,3,거상장미 금천구 시흥동
금천구,가산동,가산피어니빌,가산피어니빌,가산피어니빌,서울 금천구 가산동 143-20,서울 금천구 디지털로12길 37,37.4772570068603,126.890327292304,3,가산피어니빌 금천구 가산동
금천구,시흥동,에벤에셀프라자,에벤에셀프라자,에벤에셀프라자,서울 금천구 시흥동 912-20,서울 금천구 금하로 720,37.4504158608184,126.909447924745,3,에벤에셀프라자 금천구 시흥동
금천구,독산동,푸른터,푸른터,푸른터,서울 금천구 독산동 957,서울 금천구 남부순환로120길 23,37.4780632737842,126.901419218461,3,푸른터 금천구 독산동
금천구,가산동,하이펠리스,하이펠리스,하이펠리스오피스텔,서울 금천구 가산동 143-3,서울 금천구 가산로 143,37.4778396543604,126.890970860967,3,하이펠리스 금천구 가산동
금천구,독산동,아이유하임,아이유하임,아이유하임,서울 금천구 독산동 1159,서울 금천구 두산로9길 23,37.4714780779642,126.8924474464322,3,아이유하임 금천구 독산동
금천구,시흥동,더유엘아파트,더유엘아파트,더유엘포레아파트,서울 금천구 시흥동 1033,서울 금천구 시흥대로2길 57-18,37.4358455367008,126.90596269927,3,더유엘아파트 금천구 시흥동
금천구,시흥동,한빛,한빛,한빛무궁화아파트,서울 금천구 시흥동 1016,서울 금천구 독산로36길 62,37.4603293398726,126.90781286380712,3,한빛 금천구 시흥동
금천구,시흥동,거상홈타운701동,거상홈타운,거상홈타운아파트,서울 금천구 시흥동 949-6,서울 금천구 시흥대로22길 48,37.440837194957645,126.9071452182986,3,거상홈타운 금천구 시흥동
금천구,독산동,독산솔리힐아파트,독산솔리힐아파트,독산솔리힐아파트,서울 금천구 독산동 1161,서울 금천구 독산로54길 303,37.47549426819715,126.90555240599204,3,독산솔리힐아파트 금천구 독산동
영등포구,영등포동7가,경남아너스빌,경남아너스빌,경남아너스빌아파트,서울 영등포구 영등포동7가 46-1,서울 영등포구 양산로 177,37.52399753749601,126.90262129376764,3,경남아너스빌 영등포구 영등포동7가
영등포구,문래동6가,현대2차,현대2차,현대2차아파트,서울 영등포구 문래동6가 45,서울 영등포구 문래로4길 6,37.52041159126262,126.88282875847958,3,현대2차 영등포구 문래동6가
영등포구,여의도동,미성,미성,미성아파트,서울 영등포구 여의도동 37-1,서울 영등포구 의사당대로 110,37.519679907071456,126.92478131647547,3,미성 영등포구 여의도동
영등포구,당산동3가,당산계룡리슈빌1단지,당산계룡리슈빌1단지,당산계룡리슈빌1단지,서울 영등포구 당산동3가 564,서울 영등포구 양산로25길 16,37.5250506830267,126.899248728953,3,당산계룡리슈빌1단지 영등포구 당산동3가
영등포구,여의도동,순복음(초원),순복음,여의도순복음교회,서울 영등포구 여의도동 11,서울 영등포구 국회대로76길 15,37.53099544758003,126.9231577611654,3,순복음 영등포구 여의도동
영등포구,문래동3가,문래자이,문래자이,문래자이아파트,서울 영등포구 문래동3가 54,서울 영등포구 당산로4길 12,37.5160710059939,126.8968311174426,3,문래자이 영등포구 문래동3가
영등포구,여의도동,여의도자이,여의도자이,여의도자이아파트,서울 영등포구 여의도동 47,서울 영등포구 여의동로3길 10,37.51817243109359,126.92605313373396,3,여의도자이 영등포구 여의도동
영등포구,문래동6가,문래미원,문래미원,문래미원아파트,서울 영등포구 문래동6가 54,서울 영등포구 문래로8길 5,37.51995381638247,126.8864515661319,3,문래미원 영등포구 문래동6가
영등포구,신길동,삼두,삼두,삼두아파트,서울 영등포구 신길동 2-3,서울 영등포구 여의대방로61길 19,37.514321949753274,126.92385805120344,3,삼두 영등포구 신길동
영등포구,양평동4가,삼호한숲,삼호한숲,삼호한숲아파트,서울 영등포구 양평동4가 94,서울 영등포구 선유로47길 34,37.53694621979464,126.89367729043676,3,삼호한숲 영등포구 양평동4가
영등포구,문래동6가,현대6차,현대6차,문래동현대6차아파트,서울 영등포구 문래동6가 55-1,서울 영등포구 선유서로 31,37.518439355061666,126.88380012716932,3,현대6차 영등포구 문래동6가
영등포구,신길동,선원가와인,선원가와인,선원가와인아파트,서울 영등포구 신길동 4943,서울 영등포구 신길로 214,37.51118077009029,126.91060064115028,3,선원가와인 영등포구 신길동
영등포구,신길동,신기목련아파트,신기목련아파트,신기목련아파트,서울 영등포구 신길동 4935,서울 영등포구 신길로42가길 34,37.50836569668235,126.91502855676356,3,신기목련아파트 영등포구 신길동
영등포구,신길동,삼성래미안,삼성래미안,신길동삼성래미안공인중개사사무소,서울 영등포구 신길동 4934-1,서울 영등포구 도신로56길 62,37.5065636561502,126.914985359504,3,삼성래미안 영등포구 신길동
영등포구,당산동4가,당산현대5차,당산현대5차,당산현대5차아파트,서울 영등포구 당산동4가 30-1,서울 영등포구 당산로42길 16,37.529660629133936,126.9008117020088,3,당산현대5차 영등포구 당산동4가
영등포구,당산동3가,당산계룡리슈빌2단지,당산계룡리슈빌2단지,당산계룡리슈빌2단지,서울 영등포구 당산동3가 566,서울 영등포구 양산로25길 8,37.5241603124576,126.899037249371,3,당산계룡리슈빌2단지 영등포구 당산동3가
영등포구,신길동,대방전철,대방전철,전철아파트,서울 영등포구 신길동 1343,서울 영등포구 여의대방로61길 6,37.514250613342,126.925020905736,3,대방전철 영등포구 신길동
영등포구,여의도동,삼부,삼부,삼부아파트,서울 영등포구 여의도동 30-3,서울 영등포구 국제금융로7길 27,37.52493718404563,126.93209650151724,3,삼부 영등포구 여의도동
영등포구,양평동3가,양평현대6차,양평현대6차,양평동6차현대아파트,서울 영등포구 양평동3가 101,서울 영등포구 선유로 207,37.53187088457966,126.89367770723769,3,양평현대6차 영등포구 양평동3가
영등포구,대림동,한솔솔파크,한솔솔파크,신대림한솔솔파크아파트,서울 영등포구 대림동 1123,서울 영등포구 도림천로 431,37.487349254083114,126.89950291020588,3,한솔솔파크 영등포구 대림동
영등포구,당산동,강변래미안,강변래미안,강변래미안아파트,서울 영등포구 당산동 376,서울 영등포구 버드나루로 130,37.5292640723793,126.908479301149,3,강변래미안 영등포구 당산동
영등포구,신길동,건영,건영,건영아파트,서울 영등포구 신길동 364,서울 영등포구 도림로 313,37.504802442141376,126.90139651094854,3,건영 영등포구 신길동
영등포구,신길동,경남,경남,신길동경남아파트 상가동,서울 영등포구 신길동 67-1,서울 영등포구 영등포로65길 3,37.5150282966418,126.918400797839,3,경남 영등포구 신길동
영등포구,양평동3가,거성파스텔,거성파스텔,거성파스텔아파트,서울 영등포구 양평동3가 90-1,서울 영등포구 선유로43가길 24,37.53139883211741,126.89177315090926,3,거성파스텔 영등포구 양평동3가
영등포구,신길동,한성,한성,씨앤에스유통 한성주유소,서울 영등포구 신길동 1155,서울 영등포구 여의대방로 227,37.50727008914893,126.9229310036014,3,한성 영등포구 신길동
영등포구,양평동2가,양평벽산블루밍,양평벽산블루밍,양평벽산블루밍아파트,서울 영등포구 양평동2가 23,서울 영등포구 선유서로21길 19,37.52224087324208,126.8830781624014,3,양평벽산블루밍 영등포구 양평동2가
영등포구,당산동1가,진로,진로,당산진로아파트,서울 영등포구 당산동1가 16-1,서울 영등포구 당산로 68,37.520721549633734,126.89633603252985,3,진로 영등포구 당산동1가
영등포구,신길동,프리가,프리가,프리가,서울 영등포구 신길동 65-21,서울 영등포구 영등포로 390,37.51330933886922,126.92128809705513,3,프리가 영등포구 신길동
영등포구,당산동2가,당산대우,당산대우,당산대우 아파트 전기차충전소,서울 영등포구 당산동2가 16-1,서울 영등포구 영등포로 106,37.5211288310552,126.893332094462,3,당산대우 영등포구
영등포구,여의도동,대우트럼프월드II,대우트럼프월드II,대우트럼프월드2차아파트 A동,서울 영등포구 여의도동 48,서울 영등포구 여의동로 97,37.51748105769585,126.92701303941062,3,대우트럼프월드II 영등포구 여의도동
영등포구,대림동,현대1,현대1,서울영등포 대림3동현대아파트 1 전기차충전소,서울 영등포구 대림동 785-1,서울 영등포구 도신로4길 14,37.5016630879111,126.893829124549,3,현대1 영등포구 대림동
영등포구,영등포동1가,헤렌어반,헤렌어반,헤렌어반,서울 영등포구 영등포동1가 144,서울 영등포구 경인로114가길 14,37.5172458037299,126.91352875631092,3,헤렌어반 영등포구 영등포동1가
영등포구,문래동3가,문래우정,문래우정,문래우정아파트,서울 영등포구 문래동3가 78,서울 영등포구 도림로 456,37.515560232824114,126.89288983087116,3,문래우정 영등포구 문래동3가
영등포구,문래동2가,남성,남성,남성맨션,서울 영등포구 문래동2가 35,서울 영등포구 경인로77길 21,37.51265771151467,126.89147672731238,3,남성 영등포구 문래동2가
영등포구,당산동5가,당산디오빌,당산디오빌,당산디오빌아파트,서울 영등포구 당산동5가 11-33,서울 영등포구 당산로 222,37.5332343136587,126.90226986624,3,당산디오빌 영등포구 당산동5가
영등포구,여의도동,대교,대교,마포대교,서울 영등포구 여의도동 85-2,,37.53323020730776,126.9356823021879,3,대교 영등포구 여의도동
영등포구,영등포동1가,여의도씨티아이,여의도씨티아이,여의도씨티아이,서울 영등포구 영등포동1가 113-1,서울 영등포구 경인로 882,37.517490560544886,126.9106824759224,3,여의도씨티아이 영등포구 영등포동1가
영등포구,양평동5가,양평한신,양평한신,양평동한신아파트,서울 영등포구 양평동5가 76,서울 영등포구 양평로24길 9,37.54011631266725,126.89210452836102,3,양평한신 영등포구 양평동5가
영등포구,영등포동1가,내이처해밀,내이처해밀,네이처해밀아파트,서울 영등포구 영등포동1가 145,서울 영등포구 경인로114길 62,37.517201059736,126.912720031828,3,내이처해밀 영등포구 영등포동1가
영등포구,영등포동1가,스테이72여의도,스테이72여의도,스테이72여의도,서울 영등포구 영등포동1가 75-4,서울 영등포구 경인로112길 4-7,37.5178070461971,126.913416123401,3,스테이72여의도 영등포구 영등포동1가
영등포구,양평동3가,삼익플라주201동,삼익플라주,삼익플라주아파트(201동),서울 영등포구 양평동3가 105,서울 영등포구 선유로40길 7,37.5305819360695,126.894104927223,3,삼익플라주 영등포구 양평동3가
영등포구,양평동2가,삼성래미안,삼성래미안,양평동삼성래미안아파트,서울 영등포구 양평동2가 38-1,서울 영등포구 영등포로3길 9,37.52438923566343,126.8825465095654,3,삼성래미안 영등포구 양평동2가
영등포구,대림동,다청림2동,다청림,다청림,서울 영등포구 대림동 684,서울 영등포구 대림로34사길 15,37.5005688764444,126.8995643587347,3,다청림 영등포구 대림동
영등포구,신길동,래미안영등포프레비뉴,래미안영등포프레비뉴,래미안프레비뉴아파트,서울 영등포구 신길동 4945,서울 영등포구 가마산로 442,37.50490147161546,126.9079967200798,3,래미안영등포프레비뉴 영등포구 신길동
영등포구,영등포동8가,삼환,삼환,영등포삼환아파트,서울 영등포구 영등포동8가 76-1,서울 영등포구 영중로 145,37.52957671268244,126.90504642689788,3,삼환 영등포구 영등포동8가
영등포구,영등포동7가,아크로타워스퀘어,아크로타워스퀘어,아크로타워스퀘어아파트,서울 영등포구 영등포동7가 203,서울 영등포구 국회대로54길 10,37.52375784194018,126.90705838475566,3,아크로타워스퀘어 영등포구 영등포동7가
영등포구,대림동,한신휴1차,한신휴1차,한신휴플러스아파트,서울 구로구 구로동 1280,서울 구로구 디지털로31길 120,37.48850923587122,126.8907993161222,1,한신휴1차 영등포구 대림동
영등포구,대림동,(1101-1),,대림차이나타운,서울 영등포구 대림동 1050-43,,37.4924039640497,126.897474301275,3, 영등포구 대림동
영등포구,도림동,영등포아트자이,영등포아트자이,영등포아트자이아파트,서울 영등포구 도림동 821,서울 영등포구 도영로 66,37.51109643400055,126.89981944726368,3,영등포아트자이 영등포구 도림동
영등포구,여의도동,은하,은하,은하아파트,서울 영등포구 여의도동 52,서울 영등포구 63로 7,37.51875084482083,126.93520606275834,3,은하 영등포구 여의도동
영등포구,당산동6가,유탑유블레스,유탑유블레스,유탑유블레스2차,서울 영등포구 당산동6가 336-4,서울 영등포구 당산로49길 11-4,37.53567526796904,126.90135927058569,3,유탑유블레스 영등포구 당산동6가
영등포구,당산동3가,삼익,삼익,삼익아파트,서울 영등포구 당산동3가 394,서울 영등포구 국회대로 552,37.527826233198944,126.89563383639076,3,삼익 영등포구 당산동3가
영등포구,신길동,보라매두산위브,보라매두산위브,보라매두산위브아파트,서울 영등포구 신길동 4497,서울 영등포구 여의대방로9길 5,37.49726127071176,126.91442595535796,3,보라매두산위브 영등포구 신길동
영등포구,대림동,우성1,우성1,대림우성아파트 1동,서울 영등포구 대림동 696,서울 영등포구 도림로 187,37.49660707942627,126.90054219107722,3,우성1 영등포구 대림동
영등포구,문래동3가,문래동원데자뷰,문래동원데자뷰,문래동동원데자뷰아파트,서울 영등포구 문래동3가 95,서울 영등포구 문래로20길 40,37.51727403317913,126.892001685988,3,문래동원데자뷰 영등포구 문래동3가
영등포구,당산동4가,한강아파트,한강아파트,한강아파트,서울 영등포구 당산동4가 29,서울 영등포구 영신로57길 5,37.52806106900873,126.90263750670408,3,한강아파트 영등포구 당산동4가
영등포구,문래동5가,문래현대5차,문래현대5차,문래현대5차아파트,서울 영등포구 문래동5가 23-1,서울 영등포구 선유서로9길 5,37.51750182838072,126.88330952646167,3,문래현대5차 영등포구 문래동5가
영등포구,당산동4가,당산반도유보라팰리스,당산반도유보라팰리스,당산반도유보라팰리스아파트,서울 영등포구 당산동4가 96,서울 영등포구 국회대로 597,37.52791357136274,126.90079252030516,3,당산반도유보라팰리스 영등포구 당산동4가
영등포구,여의도동,수정,수정,수정,서울 영등포구 여의도동 40,서울 영등포구 국제금융로7길 32,37.52376232236602,126.93376277310335,3,수정 영등포구 여의도동
영등포구,여의도동,롯데캐슬아이비,롯데캐슬아이비,롯데캐슬아이비아파트,서울 영등포구 여의도동 43-4,서울 영등포구 국제금융로 86,37.5201941032677,126.93174334056124,3,롯데캐슬아이비 영등포구 여의도동
영등포구,여의도동,한양,한양,한양아파트,서울 영등포구 여의도동 42,서울 영등포구 국제금융로 79,37.52147396340905,126.93250235453267,3,한양 영등포구 여의도동
영등포구,신길동,래미안에스티움,래미안에스티움,래미안에스티움아파트,서울 영등포구 신길동 4950,서울 영등포구 신풍로 77,37.5016056962076,126.91411564902936,3,래미안에스티움 영등포구 신길동
영등포구,도림동,한라,한라,한라아파트,서울 영등포구 도림동 231-1,서울 영등포구 도신로15라길 5-7,37.50758131913313,126.89737437700587,3,한라 영등포구 도림동
영등포구,대림동,문영칸타빌레,문영칸타빌레,대림동문영칸타빌레아파트,서울 영등포구 대림동 1061,서울 영등포구 도림천로 391,37.48976549593249,126.89710702434267,3,문영칸타빌레 영등포구 대림동
영등포구,영등포동3가,포레스트힐시티,포레스트힐시티,포레스트힐시티,서울 영등포구 영등포동3가 19-2,서울 영등포구 영중로6길 12,37.517880689337915,126.90716974166044,3,포레스트힐시티 영등포구 영등포동3가
영등포구,당산동,계명,계명,계명아파트,서울 영등포구 당산동 121-19,서울 영등포구 국회대로55길 31,37.52792601303804,126.90723196164838,3,계명 영등포구 당산동
영등포구,양평동3가,현대3차,현대3차,현대3차아파트,서울 영등포구 양평동3가 79,서울 영등포구 선유동2로 23,37.53130716012499,126.89502257291754,3,현대3차 영등포구 양평동3가
영등포구,당산동3가,당산한양,당산한양,당산한양아파트 정문,서울 영등포구 당산동3가 2-5,,37.5249432895868,126.902258057389,3,당산한양 영등포구
영등포구,대림동,우성2,우성2,대림우성아파트 2동,서울 영등포구 대림동 696,서울 영등포구 도림로 187,37.496574269894104,126.9011709839143,3,우성2 영등포구 대림동
영등포구,신길동,신길레전드힐스,신길레전드힐스,레전드힐스,서울 영등포구 신길동 261-22,서울 영등포구 가마산로 468,37.50561988571098,126.90839959853176,3,신길레전드힐스 영등포구 신길동
영등포구,당산동4가,브라운스톤당산,브라운스톤당산,브라운스톤당산아파트,서울 영등포구 당산동4가 98,서울 영등포구 영신로55길 8,37.52750011892467,126.90200017648144,3,브라운스톤당산 영등포구 당산동4가
영등포구,신길동,삼환,삼환,삼환아파트,서울 영등포구 신길동 897-1,서울 영등포구 여의대방로43나길 25,37.5067247946285,126.918622464212,3,삼환 영등포구 신길동
영등포구,당산동,훼미리하우스138,훼미리하우스138,훼미리하우스138,서울 영등포구 당산동 121-108,서울 영등포구 버드나루로17길 2,37.52756888402472,126.90795870614514,3,훼미리하우스138 영등포구 당산동
영등포구,신길동,슈와이,슈와이,슈와이아파트,서울 영등포구 신길동 401,서울 영등포구 도림로81길 9,37.501640319019344,126.90407755829686,3,슈와이 영등포구 신길동
영등포구,신길동,여의도리버뷰,여의도리버뷰,여의도리버뷰,서울 영등포구 신길동 4942,서울 영등포구 여의대방로61길 50,37.51621232609288,126.92121831084286,3,여의도리버뷰 영등포구 신길동
영등포구,영등포동7가,훼미리하우스117,훼미리하우스117,훼미리하우스117,서울 영등포구 영등포동7가 94-51,서울 영등포구 버드나루로 85,37.52579906060664,126.90879011261664,3,훼미리하우스117 영등포구 영등포동7가
영등포구,대림동,신대림신동아파밀리에,신대림신동아파밀리에,신대림신동아파밀리에아파트,서울 영등포구 대림동 1124,서울 영등포구 도림로54길 14,37.49511503711462,126.90273570299232,3,신대림신동아파밀리에 영등포구 대림동
영등포구,신길동,우창,우창,우창아파트,서울 영등포구 신길동 4501,서울 영등포구 여의대방로5길 6,37.4972993524492,126.91229538080287,3,우창 영등포구 신길동
영등포구,신길동,우성1,우성1,신길우성4차아파트 1 전기차충전소,서울 영등포구 신길동 102-8,서울 영등포구 영등포로64길 8,37.514600244765816,126.9169998109415,3,우성1 영등포구 신길동
영등포구,여의도동,라이프콤비,라이프콤비,라이프콤비빌딩,서울 영등포구 여의도동 61-4,서울 영등포구 63로 32,37.5189438906023,126.939024765835,3,라이프콤비 영등포구 여의도동
영등포구,여의도동,롯데캐슬엠파이어,롯데캐슬엠파이어,롯데캐슬엠파이어아파트,서울 영등포구 여의도동 36,서울 영등포구 의사당대로 127,37.52024133339142,126.92637235324804,3,롯데캐슬엠파이어 영등포구 여의도동
영등포구,여의도동,리버타워,리버타워,리버타워아파트,서울 영등포구 여의도동 61-5,서울 영등포구 63로 36,37.51940860176054,126.93862620919693,3,리버타워 영등포구 여의도동
영등포구,당산동5가,당산삼성래미안4차,당산삼성래미안4차,당산삼성래미안4차아파트,서울 영등포구 당산동5가 42,서울 영등포구 당산로 214,37.53293204452245,126.90283595709072,3,당산삼성래미안4차 영등포구 당산동5가
영등포구,영등포동,동도하이츠,동도하이츠,동도하이츠아파트,서울 영등포구 영등포동 585-25,서울 영등포구 신길로 276,37.5161216695701,126.91273599374286,3,동도하이츠 영등포구 영등포동
영등포구,문래동3가,예지팰리스77차,예지팰리스77차,예지팰리스77차아파트,서울 영등포구 문래동3가 99,서울 영등포구 영등포로20길 20,37.5202257683701,126.892056254232,3,예지팰리스77차 영등포구 문래동3가
영등포구,대림동,무림,무림,무림아파트,서울 영등포구 대림동 993-8,서울 영등포구 시흥대로 609,37.48735993194948,126.90366841388284,3,무림 영등포구 대림동
영등포구,양평동6가,한솔,한솔,한솔아파트,서울 영등포구 양평동6가 99,서울 영등포구 양평로30길 51,37.54448217265633,126.88782657018042,3,한솔 영등포구 양평동6가
영등포구,여의도동,공작,공작,공작아파트,서울 영등포구 여의도동 21-2,서울 영등포구 여의대로6길 17,37.52651802289671,126.92983700143964,3,공작 영등포구 여의도동
영등포구,문래동4가,문래동삼환,문래동삼환,문래동삼환아파트,서울 영등포구 문래동4가 43,서울 영등포구 도림로143길 32,37.51373251601488,126.88943353040304,3,문래동삼환 영등포구 문래동4가
영등포구,당산동5가,성원,성원,성원아파트,서울 영등포구 당산동5가 40,서울 영등포구 양평로 57,37.534244997218,126.89983374730292,3,성원 영등포구 당산동5가
영등포구,대림동,성원(650),성원,성원아파트,서울 영등포구 대림동 650,서울 영등포구 대림로 256,37.50366119182308,126.89650777984812,3,성원 영등포구 대림동
영등포구,양평동4가,경남아너스빌,경남아너스빌,경남아너스빌2차아파트,서울 영등포구 양평동4가 51-1,서울 영등포구 양평로17길 9,37.53575917256475,126.89623262567429,3,경남아너스빌 영등포구 양평동4가
영등포구,대림동,종인아네스트,종인아네스트,아네스트아파트,서울 영등포구 대림동 778-43,서울 영등포구 가마산로 315,37.49853007255367,126.89459124570745,3,종인아네스트 영등포구 대림동
영등포구,양평동2가,오목교벽산블루밍,오목교벽산블루밍,오목교벽산블루밍아파트,서울 영등포구 양평동2가 39-1,서울 영등포구 선유서로21길 30,37.52305627830748,126.88216963263062,3,오목교벽산블루밍 영등포구 양평동2가
영등포구,당산동2가,당산2가현대홈타운,당산2가현대홈타운,현대아파트,서울 영등포구 당산동2가 164,서울 영등포구 당산로 95,37.52402332414361,126.89486535351804,3,당산2가현대홈타운 영등포구
영등포구,대림동,G밸리소홈,G밸리소홈,G밸리소홈,서울 영등포구 대림동 1101-7,서울 영등포구 도림천로19길 11,37.4866578072999,126.9001245877903,3,G밸리소홈 영등포구 대림동
영등포구,당산동4가,당산현대3차,당산현대3차,현대3차아파트,서울 영등포구 당산동4가 88,서울 영등포구 당산로41길 23,37.5310849310045,126.89640314954976,3,당산현대3차 영등포구 당산동4가
영등포구,여의도동,장미,장미,장미아파트,서울 영등포구 여의도동 40,서울 영등포구 국제금융로7길 32,37.52360864105066,126.9344620228794,3,장미 영등포구 여의도동
영등포구,양평동1가,신동아,신동아,신동아아파트,서울 영등포구 양평동1가 20,서울 영등포구 영등포로12길 8,37.52218568749969,126.88654320721476,3,신동아 영등포구 양평동1가
영등포구,영등포동,순영웰라이빌,순영웰라이빌,순영웰라이빌아파트,서울 영등포구 영등포동 648,서울 영등포구 영등포로62길 42,37.5165383484294,126.9132999501032,3,순영웰라이빌 영등포구 영등포동
영등포구,대림동,성락,성락,성락빌딩,서울 영등포구 대림동 682-2,서울 영등포구 가마산로 364,37.5010298574851,126.899172445973,3,성락 영등포구 대림동
영등포구,영등포동,영일,영일,영일보링 자동차검사소,서울 영등포구 영등포동8가 61-2,서울 영등포구 영중로 126,37.5274674466089,126.906146471587,3,영일 영등포구 영등포동
영등포구,양평동1가,창건애드웰,창건애드웰,창건애드웰아파트,서울 영등포구 양평동1가 270,서울 영등포구 양산로 56,37.52491546010578,126.88911158506842,3,창건애드웰 영등포구 양평동1가
영등포구,영등포동,영등포푸르지오,영등포푸르지오,영등포푸르지오아파트,서울 영등포구 영등포동 647,서울 영등포구 도신로29길 28,37.51185180912726,126.90237014189154,3,영등포푸르지오 영등포구 영등포동
영등포구,대림동,신동아,신동아,신동아아파트,서울 영등포구 대림동 777-1,서울 영등포구 가마산로 312,37.49706150511465,126.89467246950473,3,신동아 영등포구 대림동
영등포구,여의도동,화랑,화랑,MPX갤러리,서울 영등포구 여의도동 23-1,서울 영등포구 국제금융로 10,37.525055132025,126.925960363952,3,화랑 영등포구 여의도동
영등포구,대림동,현대2,현대2,현대모닝빌2,서울 영등포구 대림동 738-15,서울 영등포구 대림로35나길 19,37.49710744594173,126.89773701419452,3,현대2 영등포구 대림동
영등포구,문래동3가,문래건영,문래건영,문래건영아파트,서울 영등포구 문래동3가 93-1,서울 영등포구 문래로 94-7,37.5184240893017,126.89241403810529,3,문래건영 영등포구 문래동3가
영등포구,여의도동,진주,진주,진주집,서울 영등포구 여의도동 36-2,서울 영등포구 국제금융로6길 33,37.52059128119736,126.9269500559961,3,진주 영등포구 여의도동
영등포구,여의도동,시범,시범,시범아파트,서울 영등포구 여의도동 50,서울 영등포구 63로 45,37.520777378761906,126.93720428886728,3,시범 영등포구 여의도동
영등포구,여의도동,광장,광장,한강공원여의도지구 녹음수광장,서울 영등포구 여의도동 85,,37.5249940540728,126.9371736041,3,광장 영등포구 여의도동
영등포구,신길동,신길자이,신길자이,신길센트럴자이아파트,서울 영등포구 신길동 4964,서울 영등포구 신길로29길 17,37.50299031177911,126.9078328169458,3,신길자이 영등포구 신길동
영등포구,대림동,코오롱,코오롱,대림코오롱아파트,서울 영등포구 대림동 607-1,서울 영등포구 도영로 2-5,37.50696556993943,126.89491190020088,3,코오롱 영등포구 대림동
영등포구,여의도동,목화,목화,목화아파트,서울 영등포구 여의도동 30,서울 영등포구 여의나루로 126,37.52600067430999,126.9326340308516,3,목화 영등포구 여의도동
영등포구,당산동,래미안당산1차,래미안당산1차,래미안당산1차아파트,서울 영등포구 당산동 374,서울 영등포구 당산로54길 11,37.53425705241458,126.90572160377532,3,래미안당산1차 영등포구 당산동
영등포구,신길동,우성2,우성2,신길우성2차아파트 203동,서울 영등포구 신길동 4518,서울 영등포구 대방천로 180,37.49827675666026,126.91204318458908,3,우성2 영등포구 신길동
영등포구,대림동,현대3차,현대3차,현대3차아파트,서울 영등포구 대림동 608-1,서울 영등포구 도신로 31,37.50553179384284,126.89561511706204,3,현대3차 영등포구 대림동
영등포구,문래동6가,문래베어스타운,문래베어스타운,문래베어스타운아파트,서울 영등포구 문래동6가 38-1,서울 영등포구 선유서로 40,37.519073248375285,126.8852210417388,3,문래베어스타운 영등포구 문래동6가
영등포구,영등포동8가,당산푸르지오,당산푸르지오,당산푸르지오아파트,서울 영등포구 영등포동8가 91,서울 영등포구 영중로 154,37.52976692485051,126.90630084746236,3,당산푸르지오 영등포구 영등포동8가
영등포구,양평동6가,동양,동양,동양아파트,서울 영등포구 양평동6가 100,서울 영등포구 양평로30가길 15,37.54252874621464,126.88967503497229,3,동양 영등포구 양평동6가
영등포구,신길동,신길센트럴아이파크,신길센트럴아이파크,신길센트럴아이파크아파트,서울 영등포구 신길동 4955,서울 영등포구 가마산로 426,37.5039335422694,126.90428045828668,3,신길센트럴아이파크 영등포구 신길동
영등포구,신길동,보라매경남아너스빌,보라매경남아너스빌,보라매경남아너스빌아파트,서울 영등포구 신길동 4780,서울 영등포구 여의대방로 25,37.49495871000058,126.910126943933,3,보라매경남아너스빌 영등포구 신길동
영등포구,신길동,신미,신미,신미아파트,서울 영등포구 신길동 340-1,서울 영등포구 신길로23길 20,37.50137164719848,126.90724673003504,3,신미 영등포구 신길동
영등포구,양평동5가,동보,동보,동보아파트,서울 영등포구 양평동5가 9-1,서울 영등포구 양평로23길 18,37.537943700755605,126.89079628690337,3,동보 영등포구 양평동5가
영등포구,영등포동1가,여의도의아침,여의도의아침,여의도의아침,서울 영등포구 영등포동1가 29,서울 영등포구 경인로114길 12,37.518276288833846,126.91440535640945,3,여의도의아침 영등포구 영등포동1가
영등포구,영등포동2가,이지리움S,이지리움S,이지리움S,서울 영등포구 영등포동2가 28-117,서울 영등포구 국회대로54길 65,37.52039037862582,126.9112005042708,3,이지리움S 영등포구 영등포동2가
영등포구,여의도동,리첸시아,리첸시아,여의도금호리첸시아아파트,서울 영등포구 여의도동 61,서울 영등포구 여의동로 213,37.518630646165235,126.93961775755258,3,리첸시아 영등포구 여의도동
영등포구,대림동,신대림자이1단지,신대림자이1단지,신대림자이1단지아파트,서울 영등포구 대림동 1121,서울 영등포구 시흥대로173길 13,37.48655161665039,126.9024347350014,3,신대림자이1단지 영등포구 대림동
영등포구,여의도동,삼익,삼익,삼익아파트,서울 영등포구 여의도동 51,서울 영등포구 국제금융로 109,37.51972700403244,126.93425049121922,3,삼익 영등포구 여의도동
영등포구,여의도동,서울,서울,한강,서울 영등포구 여의도동,,37.5250892160129,126.947545050571,3,서울 영등포구 여의도동
영등포구,당산동,드림시드,드림시드,드림시드아파트,서울 영등포구 당산동 171-19,서울 영등포구 국회대로53길 30,37.52817427572047,126.90670672124202,3,드림시드 영등포구 당산동
영등포구,당산동,강변한솔그라치아,강변한솔그라치아,강변한솔그라치아아파트,서울 영등포구 당산동 121-41,서울 영등포구 버드나루로22길 5,37.53091042450661,126.90760840325888,3,강변한솔그라치아 영등포구 당산동
영등포구,당산동3가,당산계룡리슈빌3단지,당산계룡리슈빌3단지,당산계룡리슈빌3단지,서울 영등포구 당산동3가 565,서울 영등포구 양산로25길 12,37.5246073017394,126.899145248642,3,당산계룡리슈빌3단지 영등포구 당산동3가
영등포구,문래동3가,문래금호어울림,문래금호어울림,문래동금호어울림아파트,서울 영등포구 문래동3가 97,서울 영등포구 문래로 137,37.51906115581227,126.8975453021886,3,문래금호어울림 영등포구 문래동3가
영등포구,당산동4가,당산롯데캐슬프레스티지,당산롯데캐슬프레스티지,당산롯데캐슬프레스티지아파트,서울 영등포구 당산동4가 99,서울 영등포구 영신로 237,37.52890812222096,126.90277329692134,3,당산롯데캐슬프레스티지 영등포구 당산동4가
영등포구,문래동5가,문래대림,문래대림,문래대림아파트,서울 영등포구 문래동5가 1,서울 영등포구 선유로 33,37.51699743547503,126.88814033125168,3,문래대림 영등포구 문래동5가
영등포구,양평동3가,우림루미아트,우림루미아트,양평우림루미아트아파트,서울 영등포구 양평동3가 102,서울 영등포구 선유로33길 23,37.52667843440964,126.88785436574976,3,우림루미아트 영등포구 양평동3가
영등포구,당산동5가,유원제일2차,유원제일2차,유원제일2차아파트,서울 영등포구 당산동5가 7-2,서울 영등포구 선유동2로 46,37.53291788974276,126.89885460480102,3,유원제일2차 영등포구 당산동5가
영등포구,도림동,도림청구,도림청구,도림청구아파트,서울 영등포구 도림동 221-1,서울 영등포구 도영로7길 7,37.50920143204647,126.89544148307608,3,도림청구 영등포구 도림동
영등포구,문래동3가,문래공원한신,문래공원한신,문래공원한신아파트,서울 영등포구 문래동3가 77-2,서울 영등포구 문래로20길 14,37.517560556749494,126.89299669443211,3,문래공원한신 영등포구 문래동3가
영등포구,대림동,신대림자이2단지,신대림자이2단지,신대림자이2단지아파트,서울 영등포구 대림동 1122,서울 영등포구 시흥대로 589-8,37.48600365117445,126.9022500153068,3,신대림자이2단지 영등포구 대림동
영등포구,당산동5가,당산효성1차,당산효성1차,당산효성1차아파트,서울 영등포구 당산동5가 12,서울 영등포구 당산로42길 13,37.5307154872544,126.90163280340576,3,당산효성1차 영등포구 당산동5가
영등포구,문래동3가,문래힐스테이트,문래힐스테이트,문래힐스테이트아파트,서울 영등포구 문래동3가 94,서울 영등포구 문래로 82,37.51836139943081,126.8908644214716,3,문래힐스테이트 영등포구 문래동3가
영등포구,양평동2가,상록수,상록수,상록수아파트,서울 영등포구 양평동2가 45,서울 영등포구 영등포로 17,37.52380185025385,126.8835248345384,3,상록수 영등포구 양평동2가
영등포구,양평동3가,현대2차,현대2차,현대2차아파트,서울 영등포구 양평동3가 79-4,서울 영등포구 선유동2로 29,37.53203565342255,126.8955691394356,3,현대2차 영등포구 양평동3가
영등포구,양평동3가,경남아너스빌,경남아너스빌,경남아너스빌1차아파트,서울 영등포구 양평동3가 55-1,서울 영등포구 선유로33길 22,37.527217697776315,126.88834454544272,3,경남아너스빌 영등포구 양평동3가
영등포구,영등포동7가,근상프리즘,근상프리즘,근상프리즘오피스텔,서울 영등포구 영등포동7가 29-130,서울 영등포구 국회대로54길 27,37.52322953775221,126.90896519025314,3,근상프리즘 영등포구 영등포동7가
영등포구,당산동4가,삼익플라주,삼익플라주,당산동삼익플라주아파트,서울 영등포구 당산동4가 97,서울 영등포구 당산로 175,37.5302287920143,126.898259750897,3,삼익플라주 영등포구 당산동4가
영등포구,영등포동4가,영등포그랑그루,영등포그랑그루,영등포대성그랑그루,서울 영등포구 영등포동4가 103,서울 영등포구 문래로 191,37.51849021409263,126.90323589181986,3,영등포그랑그루 영등포구
영등포구,신길동,포레나 신길,포레나 신길,포레나신길아파트,서울 영등포구 신길동 4937,서울 영등포구 신길로 119,37.502962849901806,126.9096061654484,3,포레나 신길 영등포구 신길동
영등포구,양평동4가,성원,성원,성원아파트,서울 영등포구 양평동4가 12,서울 영등포구 양평로17길 36,37.53424357318135,126.8940714647444,3,성원 영등포구 양평동4가
영등포구,영등포동1가,지엘리베라움,지엘리베라움,GOODTV GL타워,서울 영등포구 영등포동1가 28,서울 영등포구 경인로114길 14,37.518245820939235,126.91463501896092,3,지엘리베라움 영등포구 영등포동1가
영등포구,양평동3가,삼호,삼호,양평삼호아파트,서울 영등포구 양평동3가 66,서울 영등포구 선유로 172,37.52832102749041,126.89277768744076,3,삼호 영등포구 양평동3가
영등포구,대림동,보라매 신동아 파밀리에,보라매 신동아 파밀리에,보라매신동아파밀리에아파트,서울 영등포구 대림동 1125,서울 영등포구 디지털로 420,37.49309952463843,126.90499876942016,3,보라매 신동아 파밀리에 영등포구 대림동
영등포구,문래동5가,문래두산위브,문래두산위브,문래두산위브아파트,서울 영등포구 문래동5가 14,서울 영등포구 선유로9나길 8,37.51696817565673,126.88581020252435,3,문래두산위브 영등포구 문래동5가
영등포구,대림동,대림동갑을명가아파트,대림동갑을명가아파트,대림갑을명가아파트,서울 영등포구 대림동 1119,서울 영등포구 대림로22길 29,37.495674449855805,126.90369844513664,3,대림동갑을명가아파트 영등포구 대림동
영등포구,신길동,우성3,우성3,신길3동 우성1차아파트 경로당,서울 영등포구 신길동 365,서울 영등포구 도신로 68,37.505222670198,126.900750171796,3,우성3 영등포구 신길동
영등포구,신길동,루나플라체,루나플라체,루나플라체오피스텔,서울 영등포구 신길동 69-20,서울 영등포구 영등포로 395,37.5136612618094,126.92208967881,3,루나플라체 영등포구 신길동
영등포구,신길동,남서울,남서울,남서울교회,서울 영등포구 신길동 4003,서울 영등포구 신풍로16길 1,37.4994278843939,126.915251292404,3,남서울 영등포구 신길동
영등포구,영등포동5가,현대프라자,현대프라자,영등포현대프라자아파트,서울 영등포구 영등포동5가 49-1,서울 영등포구 양산로 214,37.52221324903039,126.90670961916705,3,현대프라자 영등포구 영등포동5가
영등포구,당산동3가,동부센트레빌,동부센트레빌,당산동부센트레빌아파트,서울 영등포구 당산동3가 561,서울 영등포구 영신로 191,37.52481707267833,126.90001378181697,3,동부센트레빌 영등포구 당산동3가
영등포구,양평동4가,약산,약산,약산,서울 영등포구 양평동4가 160-2,서울 영등포구 선유로 269,37.53669404762827,126.8978832467396,3,약산 영등포구 양평동4가
영등포구,신길동,우성5,우성5,신길우성5차아파트 상가,서울 영등포구 신길동 4933,서울 영등포구 도신로 98,37.5072320524977,126.903090953676,3,우성5 영등포구 신길동
영등포구,여의도동,"광장(1,2동)",광장,한강공원여의도지구 녹음수광장,서울 영등포구 여의도동 85,,37.5249940540728,126.9371736041,3,광장 영등포구 여의도동
영등포구,문래동6가,유원문래,유원문래,유원문래아파트,서울 영등포구 문래동6가 11-1,서울 영등포구 문래북로 22,37.520927439985115,126.887961389167,3,유원문래 영등포구 문래동6가
영등포구,문래동6가,현대1차,현대1차,문래현대1차아파트,서울 영등포구 문래동6가 46,서울 영등포구 문래로4길 14,37.5195376088936,126.88281881322064,3,현대1차 영등포구 문래동6가
영등포구,신길동,대성유니드,대성유니드,신길대성유니드아파트,서울 영등포구 신길동 389,서울 영등포구 가마산로50길 27,37.501743098114865,126.90305281140444,3,대성유니드 영등포구 신길동
영등포구,양평동4가,계명,계명,계명아파트,서울 영등포구 양평동4가 261,서울 영등포구 양평로18길 13,37.537724155179035,126.89714978403416,3,계명 영등포구 양평동4가
영등포구,문래동6가,대원,대원,대원아파트,서울 영등포구 문래동6가 47-1,서울 영등포구 문래로4길 26,37.518582548614745,126.88282143789954,3,대원 영등포구 문래동6가
영등포구,당산동3가,쌍용예가클래식,쌍용예가클래식,당산쌍용예가클래식아파트,서울 영등포구 당산동3가 559,서울 영등포구 당산로31길 32,37.52762710520383,126.89360680153608,3,쌍용예가클래식 영등포구 당산동3가
영등포구,당산동4가,현대2,현대2,현대해상 FG보상2센터,서울 영등포구 당산동3가 393-2,서울 영등포구 당산로 141,37.5274846136723,126.896498633572,2,현대2 영등포구 당산동4가
영등포구,당산동4가,당산삼성2차,당산삼성2차,당산삼성2차아파트,서울 영등포구 당산동4가 94-1,서울 영등포구 당산로36길 12,37.52802134822934,126.89827066828536,3,당산삼성2차 영등포구 당산동4가
영등포구,양평동1가,삼환,삼환,삼환아파트,서울 영등포구 양평동1가 245,서울 영등포구 영등포로 49,37.523014416794894,126.8872829163968,3,삼환 영등포구 양평동1가
영등포구,문래동6가,한신,한신,문래한신아파트,서울 영등포구 문래동6가 43,서울 영등포구 선유서로 43,37.519259493126015,126.88402961737614,3,한신 영등포구 문래동6가
영등포구,양평동6가,선유도삼성홈타운,선유도삼성홈타운,선유도삼성홈타운아파트,서울 영등포구 양평동6가 101,서울 영등포구 양평로28가길 44,37.54368025405215,126.88874772602271,3,선유도삼성홈타운 영등포구 양평동6가
영등포구,당산동,휴브리지빌딩,휴브리지빌딩,휴브리지,서울 영등포구 당산동 121-200,서울 영등포구 버드나루로 116,37.52851876584984,126.9082494211934,3,휴브리지빌딩 영등포구 당산동
영등포구,문래동5가,현대3차,현대3차,문래현대3차아파트,서울 영등포구 문래동5가 21,서울 영등포구 선유서로 6,37.51615143681402,126.88444163730895,3,현대3차 영등포구 문래동5가
영등포구,문래동3가,국화맨션,국화맨션,국화맨션,서울 영등포구 문래동3가 76-1,서울 영등포구 도림로 464,37.516425109665725,126.89279470984351,3,국화맨션 영등포구 문래동3가
영등포구,당산동4가,유원제일,유원제일,유원제일2차아파트,서울 영등포구 당산동5가 7-2,서울 영등포구 선유동2로 46,37.53291788974276,126.89885460480102,2,유원제일 영등포구 당산동4가
영등포구,당산동1가,신동아파밀리에,신동아파밀리에,당산신동아파밀리에아파트,서울 영등포구 당산동1가 457,서울 영등포구 영신로33길 3,37.52001305610377,126.9001649857992,3,신동아파밀리에 영등포구 당산동1가
영등포구,문래동3가,문래해태,문래해태,문래동해태아파트,서울 영등포구 문래동3가 13,서울 영등포구 영신로25길 8,37.51715702509878,126.90141419201072,3,문래해태 영등포구 문래동3가
영등포구,영등포동7가,브라운스톤영등포,브라운스톤영등포,영등포브라운스톤아파트,서울 영등포구 영등포동7가 202,서울 영등포구 버드나루로12가길 13,37.524256634422706,126.91127284777988,3,브라운스톤영등포 영등포구 영등포동7가
영등포구,문래동4가,리버뷰신안인스빌1단지,리버뷰신안인스빌1단지,리버뷰신안인스빌1단지아파트,서울 영등포구 문래동4가 67,서울 영등포구 도림로145길 28,37.51411911784696,126.88855069530784,3,리버뷰신안인스빌1단지 영등포구 문래동4가
영등포구,당산동5가,당산효성타운2차,당산효성타운2차,당산효성타운2차아파트,서울 영등포구 당산동5가 13,서울 영등포구 당산로42길 7,37.530666670133975,126.90036348314084,3,당산효성타운2차 영등포구 당산동5가
영등포구,당산동4가,당산금호어울림,당산금호어울림,당산1차금호어울림아파트,서울 영등포구 당산동4가 95,서울 영등포구 국회대로37길 22,37.528008182731114,126.90187846074066,3,당산금호어울림 영등포구 당산동4가
영등포구,영등포동1가,창방누리애,창방누리애,창방아파트,서울 영등포구 영등포동1가 40-1,서울 영등포구 경인로114가길 11-1,37.51734641172331,126.91434759832435,3,창방누리애 영등포구 영등포동1가
영등포구,양평동3가,월드메르디앙,월드메르디앙,월드메르디앙비즈센터,서울 영등포구 양평동3가 15-1,서울 영등포구 양산로 53,37.5256613408287,126.888953232726,3,월드메르디앙 영등포구 양평동3가
영등포구,문래동5가,문래모아미래도,문래모아미래도,문래동모아미래도아파트,서울 영등포구 문래동5가 67,서울 영등포구 선유로9나길 5,37.51701708184623,126.8870091495304,3,문래모아미래도 영등포구
영등포구,대림동,대림현대,대림현대,대림현대아파트,서울 영등포구 대림동 946-1,서울 영등포구 시흥대로187길 12,37.49302545068655,126.90817525418564,3,대림현대 영등포구 대림동
영등포구,양평동6가,리츠뷰,리츠뷰,리츠뷰아파트,서울 영등포구 양평동6가 95-4,서울 영등포구 양평로28사길 45,37.54479021380862,126.88772087243996,3,리츠뷰 영등포구 양평동6가
영등포구,영등포동7가,여의휴젠느,여의휴젠느,휴젠느오피스텔,서울 영등포구 영등포동7가 94-99,서울 영등포구 국회대로56길 13,37.52421945534044,126.90976944549308,3,여의휴젠느 영등포구 영등포동7가
영등포구,문래동6가,미주프라자,미주프라자,미주프라자,서울 영등포구 문래동6가 56-1,서울 영등포구 선유로 49,37.5182945517228,126.888746965403,3,미주프라자 영등포구 문래동6가
영등포구,대림동,쌍용플래티넘S,쌍용플래티넘S,대림동쌍용플래티넘S,서울 영등포구 대림동 717,서울 영등포구 대림로29길 13,37.4952967185272,126.898078730671,3,쌍용플래티넘S 영등포구 대림동
영등포구,당산동1가,코오롱,코오롱,당산코오롱아파트,서울 영등포구 당산동1가 9-1,서울 영등포구 영등포로28길 5,37.51995821216907,126.89924200219252,3,코오롱 영등포구 당산동1가
영등포구,영등포동5가,동남,동남,동남아파트,서울 영등포구 영등포동5가 24,서울 영등포구 영등포로37길 4,37.52060142787778,126.90566639100682,3,동남 영등포구 영등포동5가
영등포구,대림동,온누리,온누리,온누리아파트,서울 영등포구 대림동 1120,서울 영등포구 대림로22길 38,37.495383170330285,126.90449492078424,3,온누리 영등포구 대림동
영등포구,당산동3가,당산어울림2차,당산어울림2차,당산2차금호어울림아파트,서울 영등포구 당산동3가 563,서울 영등포구 양산로17길 22,37.52640135585969,126.89417871461568,3,당산어울림2차 영등포구 당산동3가
영등포구,문래동3가,태영데시앙,태영데시앙,문래태영데시앙아파트,서울 영등포구 문래동3가 96,서울 영등포구 문래북로 108,37.519542075583175,126.8972969138944,3,태영데시앙 영등포구 문래동3가
영등포구,신길동,메트하임,메트하임,메트하임아파트,서울 영등포구 신길동 2363,서울 영등포구 신풍로 93,37.50026049550844,126.91663231097765,3,메트하임 영등포구 신길동
영등포구,양평동3가,삼천리,삼천리,삼천리아파트,서울 영등포구 양평동3가 24,서울 영등포구 선유서로 115,37.52604559147207,126.88562101792706,3,삼천리 영등포구 양평동3가
영등포구,대림동,늘푸른,늘푸른,늘푸른아파트,서울 영등포구 대림동 974-1,서울 영등포구 시흥대로181길 17,37.49099462702844,126.90594335845353,3,늘푸른 영등포구 대림동
영등포구,신길동,삼성,삼성,삼성전자서비스 영등포센터,서울 영등포구 신길동 261,서울 영등포구 가마산로 476,37.505619511575226,126.90908158029136,3,삼성 영등포구 신길동
영등포구,신길동,여의,여의,여의대방더마크원아파트 (예정),서울 영등포구 신길동 459-5,,37.5082179490838,126.920221236469,3,여의 영등포구 신길동
영등포구,영등포동7가,삼성,삼성,삼성아파트,서울 영등포구 영등포동7가 94-41,서울 영등포구 버드나루로14가길 8,37.526061244177875,126.9099538899317,3,삼성 영등포구 영등포동7가
영등포구,영등포동8가,리안펠리체,리안펠리체,리안펠리체,서울 영등포구 영등포동8가 45-8,서울 영등포구 영중로 114-8,37.52646276057344,126.90605948926412,3,리안펠리체 영등포구 영등포동8가
영등포구,문래동4가,리버뷰신안인스빌2단지,리버뷰신안인스빌2단지,리버뷰신안인스빌2단지아파트,서울 영등포구 문래동4가 68,서울 영등포구 도림로143길 27,37.51324236156194,126.89039116023386,3,리버뷰신안인스빌2단지 영등포구 문래동4가
영등포구,양평동3가,삼익플라주101동,삼익플라주,삼익플라주아파트(201동),서울 영등포구 양평동3가 105,서울 영등포구 선유로40길 7,37.5305819360695,126.894104927223,3,삼익플라주 영등포구 양평동3가
영등포구,당산동,성재아이캐슬,성재아이캐슬,성재아이캐슬1차아파트,서울 영등포구 당산동 121-136,서울 영등포구 국회대로55길 20,37.527036397850566,126.90796614821136,3,성재아이캐슬 영등포구 당산동
영등포구,신길동,보라매정은벚꽃마을,보라매정은벚꽃마을,신길동 보라매정은벚꽃마을 전기차충전소,서울 영등포구 신길동 4944,서울 영등포구 대방천로14길 34,37.4959192474405,126.91021173629,3,보라매정은벚꽃마을 영등포구 신길동
영등포구,대림동,다청림1동,다청림,다청림,서울 영등포구 대림동 684,서울 영등포구 대림로34사길 15,37.5005688764444,126.8995643587347,3,다청림 영등포구 대림동
영등포구,도림동,동아에코빌,동아에코빌,동아에코빌아파트,서울 영등포구 도림동 165-1,서울 영등포구 도림로 365,37.50917096146392,126.89873170371632,3,동아에코빌 영등포구 도림동
영등포구,영등포동2가,현대팰리스,현대팰리스,현대팰리스오피스텔,서울 영등포구 영등포동2가 28-138,서울 영등포구 버드나루로5길 8,37.52195321581112,126.91066697534822,3,현대팰리스 영등포구 영등포동2가
영등포구,영등포동7가,리치,리치,메이슨리치,서울 영등포구 영등포동7가 94-183,서울 영등포구 국회대로56길 14,37.5239289880851,126.909319555053,3,리치 영등포구 영등포동7가
영등포구,당산동,드림리버빌,드림리버빌,드림리버빌아파트,서울 영등포구 당산동 378,서울 영등포구 버드나루로22길 7,37.53114860296892,126.90801087574616,3,드림리버빌 영등포구 당산동
영등포구,신길동,신풍두산위브,신풍두산위브,신풍두산위브센티움아파트,서울 영등포구 신길동 425-8,서울 영등포구 대방천로 155,37.49961004478887,126.90822599796348,3,신풍두산위브 영등포구 신길동
영등포구,양평동3가,태승훼밀리,태승훼밀리,양평동1차태승훼미리아파트,서울 영등포구 양평동3가 103,서울 영등포구 선유서로34길 6,37.52655342610279,126.88715088654295,3,태승훼밀리 영등포구 양평동3가
영등포구,영등포동,두산위브,두산위브,두산위브아파트,서울 영등포구 영등포동 649,서울 영등포구 신길로60나길 9,37.514854852239075,126.9127272887211,3,두산위브 영등포구 영등포동
영등포구,당산동5가,반도유보라,반도유보라,당산반도유보라팰리스아파트,서울 영등포구 당산동4가 96,서울 영등포구 국회대로 597,37.52791357136274,126.90079252030516,2,반도유보라 영등포구 당산동5가
영등포구,양평동4가,수성예술,수성예술,수성예술아파트,서울 영등포구 양평동4가 196,서울 영등포구 선유로51길 32,37.53800167950292,126.895119546775,3,수성예술 영등포구 양평동4가
영등포구,신길동,보라매길성그랑프리텔,보라매길성그랑프리텔,보라매길성그랑프리텔아파트,서울 영등포구 신길동 496,서울 영등포구 여의대방로29길 10,37.49973316910216,126.9188788485286,3,보라매길성그랑프리텔 영등포구 신길동
영등포구,문래동5가,진주맨션,진주맨션,진주맨션,서울 영등포구 문래동5가 22,,37.517291520076995,126.8847633900471,3,진주맨션 영등포구 문래동5가
영등포구,신길동,보라매에스케이뷰,보라매에스케이뷰,보라매SK뷰아파트,서울 영등포구 신길동 4958,서울 영등포구 여의대방로35가길 19,37.50299762288347,126.91773532808028,3,보라매에스케이뷰 영등포구 신길동
영등포구,신길동,대방,대방,대방역 1호선,서울 영등포구 신길동 1368-3,서울 영등포구 여의대방로 300,37.51335413975466,126.9264944914272,3,대방 영등포구 신길동
영등포구,신길동,한양,한양,한양부동산,서울 영등포구 신길동 3741-41,서울 영등포구 대방천로 179,37.49927966403516,126.91095748953366,3,한양 영등포구 신길동
영등포구,양평동1가,이너스삼성,이너스삼성,이너스삼성아파트,서울 영등포구 양평동1가 269,서울 영등포구 선유서로26길 23,37.5241007141074,126.88885599509749,3,이너스삼성 영등포구 양평동1가
영등포구,신길동,힐스테이트클래시안,힐스테이트클래시안,힐스테이트클래시안아파트,서울 영등포구 신길동 4969,서울 영등포구 신길로28길 9,37.50419156499485,126.91164945806608,3,힐스테이트클래시안 영등포구 신길동
영등포구,당산동,리버뷰,리버뷰,리버뷰,서울 영등포구 당산동 121-130,서울 영등포구 버드나루로 97,37.52688261791699,126.90834079794472,3,리버뷰 영등포구 당산동
영등포구,신길동,제일골드타워,제일골드타워,제일골드타워아파트,서울 영등포구 신길동 1515-2,서울 영등포구 신풍로22길 7,37.49979020557168,126.91796954905486,3,제일골드타워 영등포구 신길동
영등포구,신길동,시원트레벨,시원트레벨,시원트레벨아파트,서울 영등포구 신길동 507,서울 영등포구 여의대방로31길 13,37.5003350188371,126.918846532207,3,시원트레벨 영등포구 신길동
영등포구,대림동,성원(1115-1),성원,성원아파트,서울 영등포구 대림동 650,서울 영등포구 대림로 256,37.50366119182308,126.89650777984812,3,성원 영등포구 대림동
영등포구,당산동5가,당산센트럴아이파크,당산센트럴아이파크,당산센트럴IPARK아파트,서울 영등포구 당산동5가 43,서울 영등포구 영신로 247,37.530113924721135,126.90309303527658,3,당산센트럴아이파크 영등포구 당산동5가
영등포구,신길동,하늘애,하늘애,하늘애아파트,서울 영등포구 신길동 1119,서울 영등포구 여의대방로43가길 10,37.506875220035475,126.92258079964998,3,하늘애 영등포구 신길동
영등포구,당산동,대우,대우,대우아파트,서울 영등포구 당산동 121-215,서울 영등포구 버드나루로15길 11,37.5257584879261,126.90759552552,3,대우 영등포구 당산동
영등포구,신길동,다울아파트102동,다울아파트,다울아파트,서울 영등포구 신길동 456-19,서울 영등포구 영등포로84길 42,37.50945776236347,126.92161335653726,3,다울아파트 영등포구 신길동
영등포구,영등포동1가,여의도더리브스타일,여의도더리브스타일,여의도더리브스타일,서울 영등포구 영등포동1가 94-2,서울 영등포구 경인로 900,37.51775252083544,126.91278386587784,3,여의도더리브스타일 영등포구 영등포동1가
영등포구,신길동,동훈노보빌,동훈노보빌,동훈노보빌아파트,서울 영등포구 신길동 499,서울 영등포구 여의대방로29길 9,37.4995026420616,126.919069087167,3,동훈노보빌 영등포구 신길동
영등포구,양평동2가,양평,양평,양평역 5호선,서울 영등포구 양평동2가 33-79,서울 영등포구 양산로 지하 21,37.5255796429707,126.886419282885,3,양평 영등포구 양평동2가
영등포구,대림동,e편한세상영등포아델포레,e편한세상영등포아델포레,e편한세상영등포아델포레아파트,서울 영등포구 대림동 1127,서울 영등포구 신길로 29,37.49434448482734,126.90697271850476,3,e편한세상영등포아델포레 영등포구 대림동
영등포구,당산동,칸리버팰리스,칸리버팰리스,칸리버팰리스아파트,서울 영등포구 당산동 121-140,서울 영등포구 버드나루로16길 5,37.526722015948174,126.9092177512602,3,칸리버팰리스 영등포구 당산동
영등포구,영등포동7가,포레나영등포센트럴,포레나영등포센트럴,포레나영등포센트럴아파트,서울 영등포구 영등포동7가 208,서울 영등포구 국회대로50길 20,37.523517930959734,126.90561407521103,3,포레나영등포센트럴 영등포구 영등포동7가
영등포구,양평동4가,에이스리버티움,에이스리버티움,에이스리버티움아파트,서울 영등포구 양평동4가 324,서울 영등포구 선유로53길 2,37.53707990582108,126.89814974406238,3,에이스리버티움 영등포구 양평동4가
영등포구,신길동,신길센트럴자이아파트,신길센트럴자이아파트,신길센트럴자이아파트,서울 영등포구 신길동 4964,서울 영등포구 신길로29길 17,37.50299031177911,126.9078328169458,3,신길센트럴자이아파트 영등포구 신길동
영등포구,양평동1가,영등포중흥에스클래스,영등포중흥에스클래스,영등포중흥S클래스아파트,서울 영등포구 양평동1가 271,서울 영등포구 선유서로24길 6,37.52340628146163,126.88626872789462,3,영등포중흥에스클래스 영등포구 양평동1가
영등포구,영등포동,라르파크,라르파크,라르파크,서울 영등포구 영등포동 651,서울 영등포구 신길로61길 28,37.51583022192456,126.9097738913388,3,라르파크 영등포구 영등포동
영등포구,도림동,그린나래,그린나래,그린나래,서울 영등포구 도림동 251-2,서울 영등포구 도신로 71-1,37.5066332727223,126.900309477955,3,그린나래 영등포구 도림동
영등포구,영등포동2가,경동미르웰여의도,경동미르웰여의도,경동미르웰여의도,서울 영등포구 영등포동2가 94-129,서울 영등포구 버드나루로7길 3,37.5229684088935,126.91035467325236,3,경동미르웰여의도 영등포구 영등포동2가
영등포구,양평동1가,어반힐,어반힐,어반힐,서울 영등포구 양평동1가 147,서울 영등포구 선유로25길 5,37.523605794111,126.889528692915,3,어반힐 영등포구 양평동1가
영등포구,신길동,신길파크자이,신길파크자이,신길파크자이아파트,서울 영등포구 신길동 4967,서울 영등포구 신길로28길 25,37.50280087235817,126.91348774030742,3,신길파크자이 영등포구 신길동
영등포구,신길동,더샵파크프레스티지,더샵파크프레스티지,더샵파크프레스티지아파트,서울 영등포구 신길동 4974,서울 영등포구 가마산로79길 37,37.5079272085936,126.91671652887288,3,더샵파크프레스티지 영등포구 신길동
영등포구,대림동,삼화에코빌1차,삼화에코빌1차,삼화에코빌1차아파트,서울 영등포구 대림동 739-4,,37.4970793711281,126.89861572425,3,삼화에코빌1차 영등포구 대림동
영등포구,영등포동2가,여의도리미티오148,여의도리미티오148,여의도리미티오148,서울 영등포구 영등포동2가 139,서울 영등포구 버드나루로 5,37.5192747502114,126.912155416737,3,여의도리미티오148 영등포구 영등포동2가
영등포구,양평동3가,양평역미소지움,양평역미소지움,양평역미소지움아파트,서울 영등포구 양평동3가 106,서울 영등포구 양산로 11,37.52615459932116,126.88468074923468,3,양평역미소지움 영등포구 양평동3가
영등포구,대림동,영등포자이르네,영등포자이르네,영등포자이르네,서울 영등포구 대림동 1132,서울 영등포구 시흥대로 625,37.48828079456947,126.90482056489296,3,영등포자이르네 영등포구 대림동
영등포구,문래동6가,e편한세상 문래 에듀플라츠,e편한세상 문래 에듀플라츠,e편한세상문래에듀플라츠아파트,서울 영등포구 문래동6가 58,서울 영등포구 선유서로 50,37.520022225703826,126.88544922126675,3,e편한세상 문래 에듀플라츠 영등포구 문래동6가
영등포구,영등포동1가,여의도이튼브라운,여의도이튼브라운,여의도이튼브라운,서울 영등포구 영등포동1가 92-3,서울 영등포구 경인로114길 6,37.5184366874096,126.913198210476,3,여의도이튼브라운 영등포구 영등포동1가
영등포구,여의도동,브라이튼여의도,브라이튼여의도,브라이튼여의도아파트,서울 영등포구 여의도동 525,서울 영등포구 국제금융로 39,37.52376023803487,126.93014502287836,3,브라이튼여의도 영등포구 여의도동
영등포구,신길동,신길AK푸르지오,신길AK푸르지오,신길AK푸르지오,서울 영등포구 신길동 255-9,서울 영등포구 가마산로 483,37.506580874499,126.910247601356,3,신길AK푸르지오 영등포구 신길동
영등포구,도림동,정호샤인빌,정호샤인빌,정호샤인빌아파트,서울 영등포구 도림동 231-8,서울 영등포구 도신로15라길 3,37.5073466061072,126.897892699324,3,정호샤인빌 영등포구 도림동
영등포구,신길동,다울101동,다울,다울아파트,서울 영등포구 신길동 456-19,서울 영등포구 영등포로84길 42,37.50945776236347,126.92161335653726,3,다울 영등포구 신길동
영등포구,신길동,다울103동,다울,다울아파트,서울 영등포구 신길동 456-19,서울 영등포구 영등포로84길 42,37.50945776236347,126.92161335653726,3,다울 영등포구 신길동
영등포구,영등포동2가,센트레빌아스테리움영등포아파트,센트레빌아스테리움영등포아파트,센트레빌아스테리움영등포아파트,서울 영등포구 영등포동2가 467,서울 영등포구 영등포로53길 40,37.521591799711,126.909334827138,3,센트레빌아스테리움영등포아파트 영등포구 영등포동2가
영등포구,신길동,EL샤틀레,EL샤틀레,장은세무회계사무소,서울 영등포구 신길동 480,서울 영등포구 대방천로 255,37.49904769012022,126.9191510016454,3,EL샤틀레 영등포구 신길동
동작구,흑석동,흑석한강푸르지오,흑석한강푸르지오,흑석한강푸르지오아파트,서울 동작구 흑석동 336,서울 동작구 흑석한강로 27,37.5032122257823,126.96544285543273,3,흑석한강푸르지오 동작구 흑석동
동작구,신대방동,롯데관악타워,롯데관악타워,롯데타워아파트,서울 동작구 신대방동 395-67,서울 동작구 보라매로5길 51,37.49078366944529,126.9232215887164,3,롯데관악타워 동작구 신대방동
동작구,흑석동,해가든,해가든,이랜드해가든아파트,서울 동작구 흑석동 332,서울 동작구 서달로 150,37.50666748534678,126.96218851617633,3,해가든 동작구 흑석동
동작구,신대방동,동작상떼빌,동작상떼빌,동작상떼빌오피스텔,서울 동작구 신대방동 719,서울 동작구 신대방1가길 38,37.487883694143534,126.90625255154129,3,동작상떼빌 동작구 신대방동
동작구,사당동,경남아너스빌1차,경남아너스빌1차,경남아너스빌아파트,서울 동작구 사당동 1134,서울 동작구 사당로9가길 82,37.488248973536535,126.96780616783968,3,경남아너스빌1차 동작구 사당동
동작구,신대방동,벽산,벽산,벽산아파트,서울 동작구 신대방동 709,서울 동작구 여의대방로22길 24,37.497388855383264,126.92170400242564,3,벽산 동작구 신대방동
동작구,신대방동,보라매삼성쉐르빌,보라매삼성쉐르빌,보라매삼성쉐르빌아파트,서울 동작구 신대방동 395-66,서울 동작구 보라매로5길 43,37.49143609225211,126.92336565906398,3,보라매삼성쉐르빌 동작구 신대방동
동작구,신대방동,현대,현대,현대아파트,서울 동작구 신대방동 707,서울 동작구 여의대방로 28,37.49474004481539,126.91169225605071,3,현대 동작구 신대방동
동작구,상도동,건영,건영,건영아파트,서울 동작구 상도동 414,서울 동작구 만양로 26,37.50716742257615,126.94977549248304,3,건영 동작구 상도동
동작구,신대방동,보라매아카데미타워,보라매아카데미타워,보라매아카데미타워아파트,서울 동작구 신대방동 395-69,서울 동작구 보라매로5가길 16,37.4913320514128,126.92410302430469,3,보라매아카데미타워 동작구 신대방동
동작구,신대방동,우성1차,우성1차,신대방우성1차아파트,서울 동작구 신대방동 565,서울 동작구 여의대방로 22,37.49226761995813,126.9116092277599,3,우성1차 동작구 신대방동
동작구,본동,신동아,신동아,본동신동아아파트,서울 동작구 본동 481,서울 동작구 매봉로 134,37.5096874806355,126.95181307320294,3,신동아 동작구 본동
동작구,사당동,대림(169-8),대림,대림아파트,서울 동작구 사당동 169-8,서울 동작구 사당로17길 52,37.48777071936764,126.97205784942491,3,대림 동작구 사당동
동작구,사당동,사당우성3,사당우성3,사당우성3단지아파트,서울 동작구 사당동 105,서울 동작구 동작대로29길 115,37.489968222241146,126.9758981714037,3,사당우성3 동작구 사당동
동작구,상도동,상도휴엔하임,상도휴엔하임,상도휴엔하임,서울 동작구 상도동 363-164,서울 동작구 상도로15길 131,37.504989475520304,126.93794246754987,3,상도휴엔하임 동작구 상도동
동작구,사당동,사당자이,사당자이,사당자이아파트,서울 동작구 사당동 1139,서울 동작구 사당로2가길 102,37.48869789536163,126.96244633510504,3,사당자이 동작구 사당동
동작구,대방동,드림빌라트,드림빌라트,드림빌라트,서울 동작구 대방동 381-3,서울 동작구 대방동27길 4,37.50497437182564,126.9243923161432,3,드림빌라트 동작구 대방동
동작구,동작동,이수힐스테이트,이수힐스테이트,이수힐스테이트아파트,서울 동작구 동작동 333,서울 동작구 동작대로39길 22,37.49440735792371,126.98004795528304,3,이수힐스테이트 동작구 동작동
동작구,사당동,삼성래미안,삼성래미안,동작삼성래미안아파트,서울 동작구 사당동 1133,서울 동작구 사당로23바길 9,37.48932003259509,126.97033403196724,3,삼성래미안 동작구 사당동
동작구,노량진동,신동아리버파크,신동아리버파크,신동아리버파크아파트,서울 동작구 노량진동 325,서울 동작구 만양로 19,37.5075001627655,126.944345294285,3,신동아리버파크 동작구 노량진동
동작구,노량진동,건영(103동-106동),건영,건영세탁소,서울 동작구 노량진동 324,서울 동작구 만양로 26,37.5072822112154,126.948521129988,3,건영 동작구 노량진동
동작구,사당동,극동(105),극동,극동아파트,서울 동작구 사당동 105,서울 동작구 동작대로29길 119,37.491549392251954,126.97542160970204,3,극동 동작구 사당동
동작구,상도동,포스코더샵,포스코더샵,상도더샵1차아파트,서울 동작구 상도동 521,서울 동작구 장승배기로4길 9,37.502457934616935,126.94204985010734,3,포스코더샵 동작구 상도동
동작구,대방동,대림아파트,대림아파트,대방대림아파트,서울 동작구 대방동 501,서울 동작구 여의대방로44길 10,37.50741732947618,126.9249146399778,3,대림아파트 동작구 대방동
동작구,신대방동,현진에버빌,현진에버빌,현진에버빌아파트,서울 동작구 신대방동 716,서울 동작구 신대방1나길 45,37.48594984874665,126.9070351400152,3,현진에버빌 동작구 신대방동
동작구,상도동,청운아파트,청운아파트,청운아파트,서울 동작구 상도동 301-226,서울 동작구 국사봉18길 24,37.49369025799464,126.93352473226231,3,청운아파트 동작구 상도동
동작구,신대방동,보라매e편한세상,보라매e편한세상,보라매e편한세상아파트,서울 동작구 신대방동 720,서울 동작구 보라매로 70,37.495425401482,126.92855886373948,3,보라매e편한세상 동작구 신대방동
동작구,사당동,관악푸르지오102동,관악푸르지오,꼬마숲어린이집 관악푸르지오점,서울 동작구 사당동 1152,서울 동작구 관악로30길 27,37.4858793427032,126.961823608822,3,관악푸르지오 동작구 사당동
동작구,흑석동,명수대한양,명수대한양,명수대한양아파트,서울 동작구 흑석동 38-58,,37.504895625368,126.96655947788304,3,명수대한양 동작구 흑석동
동작구,신대방동,펭귄,펭귄,대방펭귄아파트,서울 동작구 신대방동 364-55,서울 동작구 여의대방로22나길 47,37.49615690224549,126.92265066915525,3,펭귄 동작구 신대방동
동작구,대방동,대방동현대,대방동현대,현대자동차블루핸즈 대방점,서울 동작구 대방동 401-31,서울 동작구 상도로 12,37.499734263315275,126.92183839150148,3,대방동현대 동작구 대방동
동작구,상도동,래미안상도3차,래미안상도3차,래미안상도3차아파트,서울 동작구 상도동 431,서울 동작구 상도로53길 8,37.49935230215523,126.95473287857448,3,래미안상도3차 동작구 상도동
동작구,사당동,이수역리가,이수역리가,이수역리가아파트,서울 동작구 사당동 1157,서울 동작구 사당로27길 130,37.48949025320988,126.97385282042934,3,이수역리가 동작구 사당동
동작구,상도동,상도효성해링턴플레이스,상도효성해링턴플레이스,상도효성해링턴플레이스아파트,서울 동작구 상도동 536,서울 동작구 상도로 207,37.50579793751422,126.94200089814292,3,상도효성해링턴플레이스 동작구 상도동
동작구,상도동,상도2차갑을명가,상도2차갑을명가,상도2차갑을명가아파트,서울 동작구 상도동 459,서울 동작구 국사봉길 175,37.49356957800043,126.935245915383,3,상도2차갑을명가 동작구 상도동
동작구,노량진동,우성,우성,우성,서울 동작구 노량진동 284-1,서울 동작구 노량진로6길 29,37.51158196860668,126.93595763597668,3,우성 동작구 노량진동
동작구,상도동,현대(관악),현대,현대자동차 상도대리점,서울 동작구 상도동 354-1,서울 동작구 상도로 131,37.502156561136296,126.93432584091596,3,현대 동작구 상도동
동작구,상도동,성우2차아파트,성우2차아파트,성우2차아파트,서울 동작구 상도동 375-5,서울 동작구 국사봉1길 200,37.49449588632546,126.93537968238888,3,성우2차아파트 동작구 상도동
동작구,신대방동,롯데낙천대,롯데낙천대,보라매롯데낙천대아파트,서울 동작구 신대방동 713,서울 동작구 여의대방로10길 38,37.494330640506014,126.91366034815324,3,롯데낙천대 동작구 신대방동
동작구,상도동,힐스테이트 상도 프레스티지,힐스테이트 상도 프레스티지,힐스테이트상도프레스티지아파트,서울 동작구 상도동 533,서울 동작구 상도로 346-2,37.49683626864336,126.94925543680915,3,힐스테이트 상도 프레스티지 동작구 상도동
동작구,본동,래미안트윈파크,래미안트윈파크,래미안트윈파크아파트,서울 동작구 본동 494,서울 동작구 노량진로23가길 23,37.51409477620258,126.95080129071177,3,래미안트윈파크 동작구 본동
동작구,신대방동,신동아,신동아,신동아아파트,서울 동작구 신대방동 360-17,서울 동작구 여의대방로22아길 22,37.49657945369598,126.92400724658256,3,신동아 동작구 신대방동
동작구,상도동,쌍용스윗닷홈,쌍용스윗닷홈,쌍용스윗닷홈아파트,서울 동작구 상도동 418,서울 동작구 상도로 107,37.5015288400486,126.93164271976802,3,쌍용스윗닷홈 동작구 상도동
동작구,대방동,다운페라,다운페라,다운페라아파트,서울 동작구 대방동 393-26,서울 동작구 대방동2길 18,37.501310787634615,126.92858152958377,3,다운페라 동작구 대방동
동작구,사당동,사당롯데캐슬2차,사당롯데캐슬2차,사당롯데캐슬2차아파트,서울 동작구 사당동 1149,서울 동작구 사당로27길 181,37.490192489724706,126.97147800421224,3,사당롯데캐슬2차 동작구 사당동
동작구,노량진동,쌍용예가,쌍용예가,쌍용예가아파트,서울 동작구 노량진동 332,서울 동작구 장승배기로16길 134,37.50999382113499,126.94366481477252,3,쌍용예가 동작구 노량진동
동작구,사당동,현대,현대,현대자동차 동작대리점,서울 동작구 사당동 224-1,서울 동작구 사당로 182,37.48575885801369,126.96881580427136,3,현대 동작구 사당동
동작구,상도동,상도동삼호아파트,상도동삼호아파트,상도삼호아파트,서울 동작구 상도동 408,서울 동작구 상도로 407,37.49357606273138,126.95746385277494,3,상도동삼호아파트 동작구 상도동
동작구,신대방동,해태보라매타워,해태보라매타워,해태보라매타워아파트,서울 동작구 신대방동 708,서울 동작구 보라매로3길 29,37.4912496013444,126.924795135308,3,해태보라매타워 동작구 신대방동
동작구,사당동,삼성월드,삼성월드,삼성월드아파트,서울 동작구 사당동 1016-42,서울 동작구 동작대로11길 64,37.48144148507339,126.9779744610031,3,삼성월드 동작구 사당동
동작구,대방동,신일해피트리,신일해피트리,대방동신일해피트리아파트,서울 동작구 대방동 510,서울 동작구 여의대방로62길 8,37.5138412953869,126.92748712366,3,신일해피트리 동작구 대방동
동작구,상도동,종인아네스트(409-3),종인아네스트,종인아네스트,서울 동작구 상도동 7-43,서울 동작구 매봉로4가길 32,37.50711673980857,126.95362885522144,3,종인아네스트 동작구 상도동
동작구,대방동,경남아너스빌,경남아너스빌,대방경남아너스빌아파트,서울 동작구 대방동 512,서울 동작구 여의대방로54길 6,37.51145793165792,126.92570234069848,3,경남아너스빌 동작구 대방동
동작구,흑석동,명수대현대,명수대현대,명수대현대아파트,서울 동작구 흑석동 10,서울 동작구 현충로 119,37.50786453778996,126.96691668523472,3,명수대현대 동작구 흑석동
동작구,신대방동,우성2차,우성2차,신대방우성2차아파트,서울 동작구 신대방동 565-21,서울 동작구 여의대방로 8,37.49292263928019,126.91039624989372,3,우성2차 동작구 신대방동
동작구,대방동,주공2,주공2,대방주공2단지아파트,서울 동작구 대방동 503,서울 동작구 여의대방로44길 47,37.50972344567472,126.93004273954064,3,주공2 동작구 대방동
동작구,상도동,두산위브트레지움2차,두산위브트레지움2차,상도두산위브트레지움2차아파트,서울 동작구 상도동 535,서울 동작구 상도로30길 40,37.5040018197962,126.94300092213068,3,두산위브트레지움2차 동작구 상도동
동작구,사당동,씨티뷰2차,씨티뷰2차,시티뷰2차아파트,서울 동작구 사당동 303-109,서울 동작구 남부순환로255길 19-1,37.47687522895587,126.97004953176392,3,씨티뷰2차 동작구 사당동
동작구,상도동,초원,초원,초원하이츠빌라,서울 동작구 상도동 210-62,서울 동작구 양녕로25라길 36,37.49892093953228,126.9409454522351,3,초원 동작구 상도동
동작구,사당동,신동아4,신동아4,신동아4차아파트 402동,서울 동작구 사당동 105,서울 동작구 동작대로29길 110,37.49026853178461,126.97728098150328,3,신동아4 동작구 사당동
동작구,사당동,사당우성2,사당우성2,사당우성2단지아파트,서울 동작구 사당동 105,서울 동작구 동작대로29길 91,37.4873466223371,126.97758941827132,3,사당우성2 동작구 사당동
동작구,신대방동,캐릭터그린빌,캐릭터그린빌,캐릭터그린빌오피스텔,서울 동작구 신대방동 395-73,서울 동작구 보라매로5가길 7,37.49189758177877,126.9250409943182,3,캐릭터그린빌 동작구 신대방동
동작구,상도동,상도1차갑을명가,상도1차갑을명가,갑을명가1차아파트,서울 동작구 상도동 458,서울 동작구 국사봉길 178,37.49357619361215,126.93417391207046,3,상도1차갑을명가 동작구 상도동
동작구,상도동,e편한세상상도노빌리티,e편한세상상도노빌리티,e편한세상상도노빌리티아파트,서울 동작구 상도동 903,서울 동작구 만양로 6,37.505118643901525,126.94794129534088,3,e편한세상상도노빌리티 동작구 상도동
동작구,신대방동,뉴홍현,뉴홍현,뉴홍현아파트,서울 동작구 신대방동 344-179,서울 동작구 보라매로7가길 9,37.4936722354476,126.925946122785,3,뉴홍현 동작구 신대방동
동작구,사당동,남양이룸,남양이룸,남양오피스텔,서울 동작구 사당동 278-8,서울 동작구 사당로16마길 24,37.48205809154669,126.97108311627213,3,남양이룸 동작구 사당동
동작구,신대방동,신대방경남,신대방경남,경남아파트,서울 동작구 신대방동 712,서울 동작구 신대방길 85,37.489407198917576,126.90842392243223,3,신대방경남 동작구 신대방동
동작구,상도동,대우유로카운티,대우유로카운티,상도동대우유로카운티아파트,서울 동작구 상도동 420,서울 동작구 양녕로 287,37.50540486540187,126.94932767515571,3,대우유로카운티 동작구 상도동
동작구,상도동,중앙하이츠빌,중앙하이츠빌,중앙하이츠빌아파트,서울 동작구 상도동 415,서울 동작구 상도로 320,37.4990764002569,126.94979335175178,3,중앙하이츠빌 동작구 상도동
동작구,흑석동,아크로리버하임,아크로리버하임,아크로리버하임아파트,서울 동작구 흑석동 341,서울 동작구 현충로 52,37.510070355922835,126.9614934672678,3,아크로리버하임 동작구 흑석동
동작구,신대방동,한성아파트,한성아파트,한성아파트,서울 동작구 신대방동 470-8,서울 동작구 여의대방로10길 13,37.49556796701035,126.91524208440198,3,한성아파트 동작구 신대방동
동작구,상도동,상도파크자이,상도파크자이,상도파크자이아파트,서울 동작구 상도동 900,서울 동작구 장승배기로11가길 11,37.50590132500364,126.93800391693864,3,상도파크자이 동작구 상도동
동작구,상도동,상도타워A동,상도타워A동,상도타워아파트 A동,서울 동작구 상도동 283-73,서울 동작구 성대로6가길 149,37.49400005826526,126.9365357928627,3,상도타워A동 동작구 상도동
동작구,사당동,사당휴먼시아,사당휴먼시아,사당휴먼시아아파트,서울 동작구 사당동 1154,서울 동작구 사당로16길 96,37.4789619918545,126.9701481898942,3,사당휴먼시아 동작구 사당동
동작구,노량진동,삼익,삼익,삼익주상복합아파트,서울 동작구 노량진동 330,서울 동작구 만양로 84,37.51092795349417,126.94513449191818,3,삼익 동작구 노량진동
동작구,사당동,제일,제일,제일아파트,서울 동작구 사당동 240-15,서울 동작구 사당로16다길 57,37.48292987577939,126.9695224986961,3,제일 동작구 사당동
동작구,신대방동,신대방,신대방,신대방역 2호선,서울 동작구 신대방동 643-1,서울 동작구 대림로 2,37.48765046104574,126.91350747615148,3,신대방 동작구 신대방동
동작구,본동,한강쌍용,한강쌍용,한강쌍용아파트,서울 동작구 본동 150,서울 동작구 노량진로24길 2,37.51222161067819,126.95306920556816,3,한강쌍용 동작구 본동
동작구,사당동,이수자이,이수자이,이수자이아파트,서울 동작구 사당동 147-29,서울 동작구 사당로 300,37.484395388590755,126.98021795585449,3,이수자이 동작구 사당동
동작구,신대방동,보라매파크빌,보라매파크빌,보라매파크빌,서울 동작구 신대방동 599-30,서울 동작구 신대방16가길 49,37.49046963959162,126.91218576856669,3,보라매파크빌 동작구 신대방동
동작구,상도동,씨티아모리움,씨티아모리움,씨티아모리움,서울 동작구 상도동 532,서울 동작구 상도로62길 81-1,37.49741021059829,126.95140028426933,3,씨티아모리움 동작구 상도동
동작구,대방동,아데나339,아데나339,대방아데나339,서울 동작구 대방동 515,서울 동작구 여의대방로54길 39,37.51272040431739,126.92889980577662,3,아데나339 동작구 대방동
동작구,사당동,케이씨씨,케이씨씨,케이씨씨아파트,서울 동작구 사당동 1153,서울 동작구 사당로20나길 57,37.48129825093415,126.97369738926572,3,케이씨씨 동작구 사당동
동작구,사당동,롯데캐슬,롯데캐슬,사당롯데캐슬골든포레아파트,서울 동작구 사당동 1160,서울 동작구 사당로 90,37.49167204915123,126.96221982277808,3,롯데캐슬 동작구 사당동
동작구,사당동,남해오네뜨,남해오네뜨,남해오네뜨아파트,서울 동작구 사당동 1143,서울 동작구 사당로2가길 173,37.4870806255384,126.96553169803548,3,남해오네뜨 동작구 사당동
동작구,상도동,종인아네스트,종인아네스트,종인아네스트,서울 동작구 상도동 7-43,서울 동작구 매봉로4가길 32,37.50711673980857,126.95362885522144,3,종인아네스트 동작구 상도동
동작구,대방동,대방1차e-편한세상,대방1차e-편한세상,대방1차e편한세상아파트,서울 동작구 대방동 508,서울 동작구 알마타길 37,37.512043859454984,126.92908141997638,3,대방1차e-편한세상 동작구 대방동
동작구,상도동,아이파크,아이파크,상도아이파크아파트,서울 동작구 상도동 416,서울 동작구 장승배기로 26,37.500752649653656,126.94270370161368,3,아이파크 동작구 상도동
동작구,상도동,삼환나우빌(520-0),삼환나우빌,삼환나우빌아파트,서울 동작구 상도동 520,서울 동작구 상도로55길 25,37.4983474272518,126.956456932875,3,삼환나우빌 동작구 상도동
동작구,흑석동,흑석한강센트레빌,흑석한강센트레빌,흑석한강센트레빌2차아파트,서울 동작구 흑석동 339,서울 동작구 서달로 91,37.50219728715107,126.95857632056588,3,흑석한강센트레빌 동작구 흑석동
동작구,흑석동,한강현대,한강현대,한강현대아파트,서울 동작구 흑석동 28,서울 동작구 현충로 151,37.50664459362488,126.97037354858912,3,한강현대 동작구 흑석동
동작구,흑석동,흑석동양아파트,흑석동양아파트,흑석동양아파트,서울 동작구 흑석동 328,서울 동작구 서달로1길 17,37.5003953169503,126.95869492986075,3,흑석동양아파트 동작구 흑석동
동작구,사당동,두산위브트레지움,두산위브트레지움,두산위브트레지움아파트,서울 동작구 사당동 1131,서울 동작구 사당로13길 31,37.48539187153317,126.971280830362,3,두산위브트레지움 동작구 사당동
동작구,신대방동,보라매우성,보라매우성,보라매우성아파트,서울 동작구 신대방동 706,서울 동작구 보라매로5길 5,37.49235266608093,126.9251604022752,3,보라매우성 동작구 신대방동
동작구,흑석동,우리유앤미,우리유앤미,우리유앤미아파트,서울 동작구 흑석동 329,서울 동작구 서달로 83,37.50065153093757,126.95964474973636,3,우리유앤미 동작구 흑석동
동작구,사당동,삼성아파트,삼성아파트,사당동삼성아파트,서울 동작구 사당동 1140,서울 동작구 동작대로35아길 14,37.493354858093056,126.9793290490127,3,삼성아파트 동작구 사당동
동작구,사당동,태천,태천,태천아파트,서울 동작구 사당동 205-5,서울 동작구 사당로4길 52,37.48590093190844,126.9646050794757,3,태천 동작구 사당동
동작구,상도동,상도두산위브,상도두산위브,상도두산위브트레지움2차아파트,서울 동작구 상도동 535,서울 동작구 상도로30길 40,37.5040018197962,126.94300092213068,3,상도두산위브 동작구 상도동
동작구,신대방동,경남교수,경남교수,경남교수아파트,서울 동작구 신대방동 710,서울 동작구 여의대방로10길 14,37.49597759979147,126.91354989195844,3,경남교수 동작구 신대방동
동작구,상도동,동원베네스트,동원베네스트,상도동원베네스트아파트,서울 동작구 상도동 528,서울 동작구 상도로34길 42,37.502926695956866,126.9444210694282,3,동원베네스트 동작구 상도동
동작구,상도동,대림(36-1),대림,대림아파트,서울 동작구 상도동 411,서울 동작구 상도로60길 20,37.49299431233637,126.95347927701698,3,대림 동작구 상도동
동작구,본동,경동윈츠리버,경동윈츠리버,경동윈츠리버아파트,서울 동작구 본동 484,서울 동작구 노량진로32길 156,37.5098255059797,126.95451844252156,3,경동윈츠리버 동작구 본동
동작구,사당동,르메이에르,르메이에르,르메이에르아파트,서울 동작구 사당동 1141,서울 동작구 사당로20길 119,37.47841862682464,126.97370292086887,3,르메이에르 동작구 사당동
동작구,상도동,경향렉스빌,경향렉스빌,경향렉스빌아파트,서울 동작구 상도동 445,서울 동작구 양녕로23길 9,37.495295779820715,126.94193438633312,3,경향렉스빌 동작구 상도동
동작구,사당동,인정,인정,인정아파트,서울 동작구 사당동 196,서울 동작구 사당로2길 72,37.4894158498656,126.96489288963043,3,인정 동작구 사당동
동작구,사당동,대성유니드,대성유니드,사당유니드아파트,서울 동작구 사당동 1155,서울 동작구 동작대로29길 195,37.49336487922954,126.97521747148576,3,대성유니드 동작구 사당동
동작구,사당동,래미안로이파크,래미안로이파크,동작삼성래미안아파트,서울 동작구 사당동 1133,서울 동작구 사당로23바길 9,37.48932003259509,126.97033403196724,3,래미안로이파크 동작구 사당동
동작구,상도동,삼성래미안2,삼성래미안2,상도래미안1차아파트 제2관리사무소,서울 동작구 상도동 450,서울 동작구 등용로 37,37.5052129464815,126.933032721595,3,삼성래미안2 동작구 상도동
동작구,대방동,신건드림원,신건드림원,신건드림원아파트,서울 동작구 대방동 375-14,서울 동작구 대방동2길 36,37.5029284720888,126.927723867034,3,신건드림원 동작구 대방동
동작구,신대방동,보라매나산스위트,보라매나산스위트,보라매나산스위트아파트,서울 동작구 신대방동 395-68,서울 동작구 보라매로5가길 24,37.49069043574517,126.92394989074114,3,보라매나산스위트 동작구 신대방동
동작구,동작동,금강KCC,금강KCC,동작금강KCC아파트,서울 동작구 동작동 331,서울 동작구 동작대로39가길 55,37.49402865537933,126.97845588096428,3,금강KCC 동작구 동작동
동작구,상도동,삼익,삼익,삼익아파트,서울 동작구 상도동 413,서울 동작구 양녕로26나길 8,37.49714232861234,126.9446153398869,3,삼익 동작구 상도동
동작구,본동,유원강변,유원강변,유원강변아파트,서울 동작구 본동 482,서울 동작구 노량진로23가길 20,37.515143444215745,126.95056080389604,3,유원강변 동작구 본동
동작구,본동,삼성래미안,삼성래미안,본동삼성래미안아파트,서울 동작구 본동 492,서울 동작구 매봉로 123,37.50989217282603,126.95003946254064,3,삼성래미안 동작구 본동
동작구,상도1동,숭실그랜드,숭실그랜드,숭실그랜드아파트,서울 동작구 상도1동 317-1,서울 동작구 상도로47다길 29,37.50142576152592,126.9530510832605,3,숭실그랜드 동작구 상도1동
동작구,노량진동,메가스터디타워,메가스터디타워,메가스터디타워,서울 동작구 노량진동 57-1,서울 동작구 노량진로 140,37.51273011884629,126.94170032029436,3,메가스터디타워 동작구 노량진동
동작구,노량진동,실크,실크,실크웨이웨스트항공,서울 영등포구 여의도동 15-15,서울 영등포구 은행로 11,37.52787063528457,126.92022972547974,1,실크 동작구 노량진동
동작구,사당동,신동아5,신동아5,서울동작 사당5구역신동아아파트 1 전기차충전소,서울 동작구 사당동 1137,서울 동작구 동작대로29길 118,37.491041570682704,126.9771484483184,3,신동아5 동작구 사당동
동작구,동작동,이수교KCC스위첸,이수교KCC스위첸,이수교KCC스위첸아파트,서울 동작구 동작동 332,서울 동작구 동작대로45길 22,37.49781419865927,126.98086013957403,3,이수교KCC스위첸 동작구 동작동
동작구,상도동,힐스테이트 상도 센트럴파크,힐스테이트 상도 센트럴파크,힐스테이트상도센트럴파크아파트,서울 동작구 상도동 531,서울 동작구 상도로 346-1,37.495407955595,126.95087235480804,3,힐스테이트 상도 센트럴파크 동작구 상도동
동작구,상도동,상도더샵2차,상도더샵2차,상도더샵2차아파트,서울 동작구 상도동 534,서울 동작구 장승배기로10길 100,37.502591062556576,126.94345323773082,3,상도더샵2차 동작구 상도동
동작구,흑석동,청호,청호,청호아파트,서울 동작구 흑석동 327,서울 동작구 서달로2길 29,37.50117888648221,126.9632226775831,3,청호 동작구 흑석동
동작구,사당동,삼성,삼성,동작삼성래미안아파트,서울 동작구 사당동 1133,서울 동작구 사당로23바길 9,37.48932003259509,126.97033403196724,3,삼성 동작구 사당동
동작구,대방동,신호리치빌,신호리치빌,신호리치빌아파트,서울 동작구 대방동 383-17,서울 동작구 대방동길 99,37.50606192424171,126.9230577852163,3,신호리치빌 동작구 대방동
동작구,상도동,상도동래미안1차,상도동래미안1차,상도동래미안1차아파트 상가,서울 동작구 상도동 455,서울 동작구 등용로 38,37.5058555137234,126.934914105566,3,상도동래미안1차 동작구 상도동
동작구,사당동,레디앙스,레디앙스,레디앙스아파트,서울 동작구 사당동 238-6,서울 동작구 솔밭로 57,37.4817774792531,126.966187633439,3,레디앙스 동작구 사당동
동작구,대방동,한국개나리,한국개나리,한국개나리아파트,서울 동작구 대방동 504,서울 동작구 여의대방로62길 15,37.51415908827145,126.92853648589642,3,한국개나리 동작구 대방동
동작구,상도동,대림아파트,대림아파트,대림아파트,서울 동작구 상도동 411,서울 동작구 상도로60길 20,37.49299431233637,126.95347927701698,3,대림아파트 동작구 상도동
동작구,상도동,상도팰리스,상도팰리스,상도패리스아파트,서울 동작구 상도동 460,서울 동작구 상도로47바길 40,37.5035218624908,126.95397036342928,3,상도팰리스 동작구 상도동
동작구,대방동,신한토탈,신한토탈,신한토탈아파트,서울 동작구 대방동 41,서울 동작구 등용로14길 34,37.511898466847384,126.9331489050372,3,신한토탈 동작구 대방동
동작구,상도1동,현진베스트빌,현진베스트빌,현진베스트빌아파트,서울 동작구 상도1동 501-3,서울 동작구 강남초등길 23-3,37.5052513322795,126.95280326606664,3,현진베스트빌 동작구 상도1동
동작구,상도동,숭실골드,숭실골드,숭실골드아파트,서울 동작구 상도동 473,서울 동작구 상도로54길 24,37.496356420206645,126.95235087374463,3,숭실골드 동작구 상도동
동작구,사당동,대창센시티,대창센시티,대창센시티아파트,서울 동작구 사당동 1147,서울 동작구 사당로9가길 55,37.48691923859962,126.96837208795183,3,대창센시티 동작구 사당동
동작구,상도동,장승,장승,장승중학교,서울 동작구 상도동 175-1,서울 동작구 장승배기로10가길 25,37.5037645792242,126.940611399134,3,장승 동작구 상도동
동작구,상도동,파크팰리스,파크팰리스,파크팰리스,서울 동작구 상도동 299-63,서울 동작구 국사봉6길 58,37.494797201802704,126.929730989097,3,파크팰리스 동작구 상도동
동작구,상도동,롯데캐슬비엔,롯데캐슬비엔,상도동롯데캐슬비엔아파트,서울 동작구 상도동 530,서울 동작구 양녕로 170,37.4963849370176,126.943462440839,3,롯데캐슬비엔 동작구 상도동
동작구,사당동,삼익그린뷰,삼익그린뷰,사당삼익그린뷰아파트,서울 동작구 사당동 1150,서울 동작구 남부순환로255길 21,37.4773003057199,126.96927154095616,3,삼익그린뷰 동작구 사당동
동작구,대방동,보라매코오롱하늘채,보라매코오롱하늘채,보라매코오롱하늘채아파트,서울 동작구 대방동 509,서울 동작구 여의대방로24다길 40,37.49853226039266,126.9231186626358,3,보라매코오롱하늘채 동작구 대방동
동작구,흑석동,롯데캐슬에듀포레,롯데캐슬에듀포레,롯데캐슬에듀포레아파트,서울 동작구 흑석동 340,서울 동작구 서달로 123,37.50425549845666,126.95948334456348,3,롯데캐슬에듀포레 동작구 흑석동
동작구,대방동,우정,우정,우정아파트,서울 동작구 대방동 505,서울 동작구 여의대방로62길 23,37.514213848944415,126.92970373964366,3,우정 동작구 대방동
동작구,본동,한신휴플러스,한신휴플러스,한신휴플러스아파트,서울 동작구 본동 487,서울 동작구 매봉로 99,37.50892183272454,126.9501385089298,3,한신휴플러스 동작구 본동
동작구,본동,극동강변,극동강변,극동강변아파트,서울 동작구 본동 148-2,서울 동작구 매봉로 156,37.51152558078392,126.95193857138696,3,극동강변 동작구 본동
동작구,대방동,성원,성원,성원아파트,서울 동작구 대방동 500,서울 동작구 여의대방로44길 9,37.50959403999071,126.92615886652068,3,성원 동작구 대방동
동작구,동작동,이수교신동아아파트,이수교신동아아파트,이수교신동아아파트,서울 동작구 동작동 329,서울 동작구 동작대로43길 36,37.49714656183638,126.98091572177424,3,이수교신동아아파트 동작구 동작동
동작구,사당동,삼호그린,삼호그린,삼호그린아파트,서울 동작구 사당동 1138,서울 동작구 사당로2가길 188,37.48604620613026,126.96531960435637,3,삼호그린 동작구 사당동
동작구,사당동,사당해그린,사당해그린,사당해그린아파트,서울 동작구 사당동 1145,서울 동작구 사당로2길 40,37.4918769322249,126.963344839383,3,사당해그린 동작구 사당동
동작구,상도동,다온아파트,다온아파트,다온아파트,서울 동작구 상도동 256-1,서울 동작구 성대로 52,37.49850082561341,126.93369123003497,3,다온아파트 동작구 상도동
동작구,사당동,경남아너스빌2차,경남아너스빌2차,대아아파트,서울 동작구 사당동 1135,서울 동작구 사당로 165,37.48739840115483,126.96772964483353,3,경남아너스빌2차 동작구 사당동
동작구,상도동,상도현대,상도현대,상도현대아파트,서울 동작구 상도동 412,서울 동작구 사당로2길 2-32,37.494005627821515,126.95941311826238,3,상도현대 동작구 상도동
동작구,상도1동,노블리움(466-0),노블리움,노블리움아파트,서울 동작구 상도1동 466,서울 동작구 상도로41가길 8,37.50280051928873,126.95041287422092,3,노블리움 동작구 상도1동
동작구,대방동,리치빌203,리치빌203,리치빌203아파트,서울 동작구 대방동 11-1,서울 동작구 등용로 76,37.50782730920734,126.93241172150827,3,리치빌203 동작구 대방동
동작구,신대방동,삼성보라매옴니타워,삼성보라매옴니타워,삼성보라매옴니타워아파트,서울 동작구 신대방동 395-62,서울 동작구 보라매로5길 23,37.492589553430406,126.92363134565348,3,삼성보라매옴니타워 동작구 신대방동
동작구,상도동,수정,수정,수정부동산,서울 동작구 상도동 217-10,서울 동작구 양녕로 174,37.49667219297563,126.94311844713312,3,수정 동작구 상도동
동작구,신대방동,보라매현대,보라매현대,보라매현대아파트,서울 동작구 신대방동 395-65,서울 동작구 보라매로5길 35,37.492110147755106,126.92352327917138,3,보라매현대 동작구 신대방동
동작구,사당동,경남아너스빌(대아3),경남아너스빌,경남아너스빌아파트,서울 동작구 사당동 1134,서울 동작구 사당로9가길 82,37.488248973536535,126.96780616783968,3,경남아너스빌 동작구 사당동
동작구,신대방동,신동아파밀리에,신동아파밀리에,숲속마을신동아파밀리에아파트,서울 동작구 신대방동 717,서울 동작구 여의대방로10길 100,37.49174719281857,126.9145408005994,3,신동아파밀리에 동작구 신대방동
동작구,상도1동,백경,백경,백경아파트,서울 동작구 상도1동 328-11,서울 동작구 상도로47길 56-5,37.502154507061995,126.95262992151714,3,백경 동작구 상도1동
동작구,상도동,샤인,샤인,샤인아파트,서울 동작구 상도동 350-5,서울 동작구 상도로15가길 22,37.50207693811392,126.93213982811228,3,샤인 동작구 상도동
동작구,사당동,이너스내안애,이너스내안애,이너스내안애아파트,서울 동작구 사당동 1156,서울 동작구 사당로13길 40,37.486105672579605,126.97212631077518,3,이너스내안애 동작구 사당동
동작구,상도동,숭실위드,숭실위드,숭실위드아파트,서울 동작구 상도동 472-24,서울 동작구 상도로54길 18,37.4966590467246,126.95207475511,3,숭실위드 동작구 상도동
동작구,상도1동,두이노블레스,두이노블레스,두이노블레스아파트,서울 동작구 상도1동 441-2,서울 동작구 상도로41길 49,37.5027244281849,126.951604932349,3,두이노블레스 동작구 상도1동
동작구,사당동,갑을명가,갑을명가,사당갑을명가아파트,서울 동작구 사당동 1151,서울 동작구 솔밭로 65,37.48247130694139,126.96636596062636,3,갑을명가 동작구 사당동
동작구,노량진동,형인한강,형인한강,형인한강아파트,서울 동작구 노량진동 331,서울 동작구 만양로 36,37.507732604821726,126.9482719979,3,형인한강 동작구 노량진동
동작구,상도동,수정빌라트(56-45),수정빌라트,수정빌라트,서울 동작구 상도동 56-45,서울 동작구 상도로47길 36,37.5007605832643,126.952461165986,3,수정빌라트 동작구 상도동
동작구,상도동,세레노,세레노,세레노아파트,서울 동작구 상도동 126-17,서울 동작구 상도로68길 27,37.49258249674,126.95567890785144,3,세레노 동작구 상도동
동작구,사당동,이수프라자,이수프라자,이수프라자아파트,서울 동작구 사당동 138-3,서울 동작구 동작대로27다길 26,37.486324456458355,126.98027172033215,3,이수프라자 동작구 사당동
동작구,사당동,반석블레스,반석블레스,반석블레스아파트,서울 동작구 사당동 1158,서울 동작구 사당로2길 76,37.48938084443712,126.96534633116885,3,반석블레스 동작구 사당동
동작구,대방동,(99-1),,실미도 사건현장,서울 동작구 대방동 49-6,서울 동작구 노량진로 74,37.5129396182643,126.934023441021,3, 동작구 대방동
동작구,사당동,진흥아리엘,진흥아리엘,진흥아파트,서울 동작구 사당동 1142,서울 동작구 사당로16아길 43,37.48026639159228,126.9691301321578,3,진흥아리엘 동작구 사당동
동작구,상도동,약수맨션,약수맨션,약수맨션,서울 동작구 상도동 211-1,서울 동작구 양녕로26길 11,37.49849009329626,126.9443157939458,3,약수맨션 동작구 상도동
동작구,상도동,정호힐사이드,정호힐사이드,정호힐사이드아파트,서울 동작구 상도동 77-21,서울 동작구 상도로49길 26,37.4993588534077,126.953050115584,3,정호힐사이드 동작구 상도동
동작구,상도동,동아,동아,동아아파트,서울 동작구 상도동 409,서울 동작구 양녕로23길 43,37.4962499020333,126.9400428839616,3,동아 동작구 상도동
동작구,상도동,현대201동,현대,현대자동차 상도대리점,서울 동작구 상도동 354-1,서울 동작구 상도로 131,37.502156561136296,126.93432584091596,3,현대 동작구 상도동
동작구,상도동,성대아파트,성대아파트,성대아파트,서울 동작구 상도동 263-2,서울 동작구 성대로12길 11,37.49730538282763,126.93566902226878,3,성대아파트 동작구 상도동
동작구,상도동,오크밸리,오크밸리,오크밸리아파트,서울 동작구 상도동 1-7,서울 동작구 매봉로2가길 3,37.50756572089523,126.95207456943204,3,오크밸리 동작구 상도동
동작구,흑석동,명수대,명수대,명수대현대아파트,서울 동작구 흑석동 10,서울 동작구 현충로 119,37.50786453778996,126.96691668523472,3,명수대 동작구 흑석동
동작구,대방동,비전,비전,미래비전 이젠수학교습소,서울 동작구 신대방동 498-10,서울 동작구 여의대방로 86,37.4967111231946,126.916195226719,3,비전 동작구 대방동
동작구,노량진동,노량진맨션,노량진맨션,노량진맨션,서울 동작구 노량진동 227-5,,37.50764670446102,126.94180719588024,3,노량진맨션 동작구 노량진동
동작구,상도동,남현그린,남현그린,남현그린아파트,서울 동작구 상도동 210-250,서울 동작구 양녕로27길 45,37.4991337752307,126.941343355438,3,남현그린 동작구 상도동
동작구,상도동,중앙아파트,중앙아파트,중앙하이츠빌아파트,서울 동작구 상도동 415,서울 동작구 상도로 320,37.4990764002569,126.94979335175178,3,중앙아파트 동작구 상도동
동작구,상도동,진성그린,진성그린,진성그린아파트,서울 동작구 상도동 126-31,서울 동작구 상도로68길 31,37.492176901717784,126.95530259838608,3,진성그린 동작구 상도동
동작구,대방동,그린힐,그린힐,대동그린힐,서울 동작구 상도동 264-173,서울 동작구 성대로 93,37.497818935872154,126.93563126324275,2,그린힐 동작구 대방동
동작구,대방동,다울,다울,다울아파트,서울 동작구 대방동 375-16,서울 동작구 대방동2길 38,37.50293642308704,126.92746600498846,3,다울 동작구 대방동
동작구,대방동,진성마블로스,진성마블로스,진성마블로스아파트,서울 동작구 대방동 394-2,서울 동작구 상도로 63,37.49995690367713,126.92763965236688,3,진성마블로스 동작구 대방동
동작구,상도1동,대영테크빌,대영테크빌,대영테크빌,서울 동작구 상도1동 328-18,서울 동작구 상도로47길 60,37.50190836676182,126.95221842035856,3,대영테크빌 동작구 상도1동
동작구,대방동,대방2차e-편한세상,대방2차e-편한세상,대방2차e편한세상아파트,서울 동작구 대방동 507,서울 동작구 알마타길 53,37.512037790236064,126.93100425763042,3,대방2차e-편한세상 동작구 대방동
동작구,사당동,오림센트빌,오림센트빌,오림센트빌아파트,서울 동작구 사당동 1048-8,서울 동작구 남부순환로257가길 8,37.47740764931091,126.97350203621995,3,오림센트빌 동작구 사당동
동작구,대방동,삼인,삼인,삼인아파트,서울 동작구 대방동 385-11,서울 동작구 여의대방로36길 7,37.5043236258232,126.922660339889,3,삼인 동작구 대방동
동작구,상도동,원아파트,원아파트,원아파트,서울 동작구 상도동 256-206,서울 동작구 성대로6다길 11,37.49752075467231,126.93249564820144,3,원아파트 동작구 상도동
동작구,사당동,두성,두성,두성아파트,서울 동작구 사당동 120,서울 동작구 동작대로29길 77,37.48864411213432,126.97779256116036,3,두성 동작구 사당동
동작구,대방동,푸른숲,푸른숲,현산푸른숲아파트,서울 동작구 대방동 381-6,서울 동작구 대방동27길 12,37.50481115371458,126.92417985866103,3,푸른숲 동작구 대방동
동작구,사당동,동문아트빌,동문아트빌,동문아트빌,서울 동작구 사당동 235-76,서울 동작구 사당로8길 58,37.48311855626633,126.9675279701328,3,동문아트빌 동작구 사당동
동작구,상도동,한강리버힐B동,한강리버힐B동,한강리버힐아파트 B동,서울 동작구 상도동 1-38,서울 동작구 매봉로4길 17,37.5085995394891,126.952985515317,3,한강리버힐B동 동작구 상도동
동작구,사당동,현대파크(아),현대파크,현대파크빌라,서울 동작구 사당동 300-21,서울 동작구 사당로16사길 34,37.480578508244065,126.97057039250292,3,현대파크 동작구 사당동
동작구,대방동,대방홈타운,대방홈타운,대방홈타운아파트,서울 동작구 대방동 377-1,서울 동작구 대방동27길 27,37.5038940469647,126.92436173886048,3,대방홈타운 동작구 대방동
동작구,상도동,상진아파트,상진아파트,상진아파트,서울 동작구 상도동 323-4,서울 동작구 국사봉1길 18,37.49863537128497,126.92953288213302,3,상진아파트 동작구 상도동
동작구,사당동,삼성그린(205),삼성그린,삼성그린아파트(205번지),서울 동작구 사당동 205,서울 동작구 사당로2가길 202,37.48608242540336,126.96593468098064,3,삼성그린 동작구 사당동
동작구,사당동,라이즈1동,라이즈,라이즈아파트,서울 동작구 사당동 64-264,서울 동작구 동작대로33마길 17,37.490484158097445,126.9788176091341,3,라이즈 동작구 사당동
동작구,신대방동,엘리스,엘리스,엘리스아파트,서울 동작구 신대방동 366-176,서울 동작구 여의대방로22카길 81,37.49529885412366,126.92499575445513,3,엘리스 동작구 신대방동
동작구,상도동,대동아파트,대동아파트,대동아파트,서울 동작구 상도동 7-71,서울 동작구 매봉로4가길 13,37.50800508685989,126.95351746606296,3,대동아파트 동작구 상도동
동작구,사당동,닷컴캐슬,닷컴캐슬,닷컴캐슬아파트,서울 동작구 사당동 449-28,서울 동작구 남부순환로255나길 8,37.47697831397972,126.97154633773089,3,닷컴캐슬 동작구 사당동
동작구,상도1동,노블리움,노블리움,노블리움아파트,서울 동작구 상도1동 466,서울 동작구 상도로41가길 8,37.50280051928873,126.95041287422092,3,노블리움 동작구 상도1동
동작구,대방동,대방(375-22),대방,대방대림아파트,서울 동작구 대방동 501,서울 동작구 여의대방로44길 10,37.50741732947618,126.9249146399778,3,대방 동작구 대방동
동작구,대방동,디어파크(파크빌리지),디어파크,디어파크아파트,서울 동작구 대방동 375-37,서울 동작구 여의대방로36길 34,37.50566948444364,126.92507925186598,3,디어파크 동작구 대방동
동작구,상도동,태양아파트,태양아파트,태양아파트,서울 동작구 상도동 279-515,서울 동작구 성대로6가길 100,37.495662649878355,126.93530630392496,3,태양아파트 동작구 상도동
동작구,사당동,라이즈2동,라이즈,라이즈아파트,서울 동작구 사당동 64-264,서울 동작구 동작대로33마길 17,37.490484158097445,126.9788176091341,3,라이즈 동작구 사당동
동작구,대방동,하나마을,하나마을,하나마을아파트,서울 동작구 대방동 391-225,서울 동작구 대방동9길 4,37.502628463634814,126.92630822483557,3,하나마을 동작구 대방동
동작구,대방동,신대방타워,신대방타워,신대방타워아파트,서울 동작구 대방동 393-71,서울 동작구 대방동길 10,37.50058222979257,126.92768541602356,3,신대방타워 동작구 대방동
동작구,상도동,상도역롯데캐슬파크엘,상도역롯데캐슬파크엘,상도역롯데캐슬파크엘아파트,서울 동작구 상도동 904,서울 동작구 양녕로 220,37.500549981491574,126.94667672352884,3,상도역롯데캐슬파크엘 동작구 상도동
동작구,상도동,성우아파트,성우아파트,성우아파트,서울 동작구 상도동 380-1,서울 동작구 국사봉1길 214,37.493792459115866,126.93585522546388,3,성우아파트 동작구 상도동
동작구,상도동,푸른솔,푸른솔,푸른솔아파트,서울 동작구 상도동 126-18,서울 동작구 상도로68길 29,37.49245815268272,126.95566541193712,3,푸른솔 동작구 상도동
동작구,상도동,현산푸른숲,현산푸른숲,현산푸른숲,서울 동작구 상도동 214-295,서울 동작구 양녕로26길 49,37.49632751826991,126.9439781474806,3,현산푸른숲 동작구 상도동
동작구,상도동,파크뷰아파트,파크뷰아파트,파크뷰아파트,서울 동작구 상도동 283-68,서울 동작구 성대로6가길 144,37.49422878854029,126.93630265266324,3,파크뷰아파트 동작구 상도동
동작구,사당동,세림아파트(43-71),세림아파트,동작세림아파트,서울 동작구 사당동 43-71,서울 동작구 동작대로35사길 2,37.49251151777633,126.97934285082972,3,세림아파트 동작구 사당동
동작구,사당동,이수푸르지오더프레티움,이수푸르지오더프레티움,이수푸르지오더프레티움아파트,서울 동작구 사당동 1161,서울 동작구 동작대로39길 39,37.4928838172573,126.98042039011014,3,이수푸르지오더프레티움 동작구 사당동
동작구,상도동,백촌빌라트,백촌빌라트,백촌빌라트,서울 동작구 상도동 159-41,서울 동작구 상도로38길 57,37.50089787333568,126.94895073540444,3,백촌빌라트 동작구 상도동
동작구,사당동,까치산,까치산,까치산근린공원,서울 동작구 사당동 산 32-2,,37.48458886084986,126.96393408415196,3,까치산 동작구 사당동
동작구,사당동,사당휴브리지(206-127),사당휴브리지,사당휴브리지,서울 동작구 사당동 206-127,서울 동작구 사당로 158,37.4873801139382,126.9667662912736,3,사당휴브리지 동작구 사당동
동작구,상도동,상도고구아파트,상도고구아파트,상도고구아파트,서울 동작구 상도동 7-98,서울 동작구 매봉로4가길 42,37.5067385129935,126.954128990184,3,상도고구아파트 동작구 상도동
동작구,사당동,사당롯데캐슬골든포레,사당롯데캐슬골든포레,사당롯데캐슬골든포레아파트,서울 동작구 사당동 1160,서울 동작구 사당로 90,37.49167204915123,126.96221982277808,3,사당롯데캐슬골든포레 동작구 사당동
동작구,신대방동,보라매자이더포레스트,보라매자이더포레스트,보라매자이더포레스트아파트,서울 동작구 신대방동 724,서울 동작구 여의대방로22길 121,37.49844834956893,126.92575255084692,3,보라매자이더포레스트 동작구 신대방동
동작구,대방동,보라매센트럴타운,보라매센트럴타운,보라매센트럴타운,서울 동작구 대방동 385-16,서울 동작구 여의대방로 200,37.5046073117899,126.922460997334,3,보라매센트럴타운 동작구 대방동
동작구,신대방동,동작협성휴포레시그니처,동작협성휴포레시그니처,동작협성휴포레시그니처아파트,서울 동작구 신대방동 686-48,서울 동작구 시흥대로 606,37.48629707300191,126.90519055562586,3,동작협성휴포레시그니처 동작구 신대방동
동작구,사당동,해맑은,해맑은,해맑은아파트,서울 동작구 사당동 449-10,서울 동작구 남부순환로255나길 18,37.47755423823084,126.97230020146178,3,해맑은 동작구 사당동
동작구,노량진동,은성,은성,은성약국,서울 동작구 노량진동 31-15,서울 동작구 노량진로8길 3,37.51290309054683,126.93642025433488,3,은성 동작구 노량진동
동작구,상도1동,한주에코,한주에코,한주에코아파트,서울 동작구 상도1동 311-1,서울 동작구 상도로47나길 11,37.50057329384473,126.95275984358048,3,한주에코 동작구 상도1동
동작구,흑석동,중앙궁전빌라트,중앙궁전빌라트,중앙궁전빌라트,서울 동작구 흑석동 191-8,,37.5082521752063,126.958956390954,3,중앙궁전빌라트 동작구 흑석동
동작구,대방동,골든노블레스,골든노블레스,골든노블레스아파트,서울 동작구 대방동 403-14,,37.49962517824936,126.92451192986287,3,골든노블레스 동작구 대방동
동작구,사당동,삼성그린101동,삼성그린,삼성그린아파트(205번지),서울 동작구 사당동 205,서울 동작구 사당로2가길 202,37.48608242540336,126.96593468098064,3,삼성그린 동작구 사당동
동작구,사당동,공감지음포레뷰아파트,공감지음포레뷰아파트,공감지음포레뷰아파트,서울 동작구 사당동 235-62,,37.4830499541392,126.967074612925,3,공감지음포레뷰아파트 동작구 사당동
동작구,상도동,강남(488),강남,강남시장,서울 동작구 상도동 488,서울 동작구 상도로 357,37.4968506704133,126.953603539989,3,강남 동작구 상도동
동작구,상도동,상도푸르지오클라베뉴,상도푸르지오클라베뉴,상도푸르지오클라베뉴아파트,서울 동작구 상도동 906,서울 동작구 성대로 164,37.4975596238123,126.939373499031,3,상도푸르지오클라베뉴 동작구 상도동
동작구,신대방동,골드타워,골드타워,신대방삼거리역골드타워아파트,서울 동작구 신대방동 351-5,,37.49860002398367,126.92769750543252,3,골드타워 동작구 신대방동
동작구,사당동,중앙아트,중앙아트,중앙아트빌라,서울 동작구 사당동 190-190,서울 동작구 사당로2다길 84,37.48970354922011,126.96285515986662,3,중앙아트 동작구 사당동
동작구,상도1동,장원빌리지,장원빌리지,장원빌리지,서울 동작구 상도1동 488-8,서울 동작구 상도로47길 116-4,37.50431391788532,126.95188890858712,3,장원빌리지 동작구 상도1동
동작구,상도1동,방주샤인(428-7),방주샤인,빠씨오네,서울 동작구 상도1동 740-1,서울 동작구 상도로38가길 3,37.5023443159954,126.947642393865,3,방주샤인 동작구 상도1동
동작구,흑석동,흑석리버파크자이,흑석리버파크자이,흑석자이아파트,서울 동작구 흑석동 343,서울 동작구 서달로 90,37.50170021309915,126.96209715469666,3,흑석리버파크자이 동작구 흑석동
동작구,동작동,이수스위첸포레힐즈,이수스위첸포레힐즈,이수스위첸포레힐즈아파트,서울 동작구 동작동 102,서울 동작구 동작대로45길 10,37.4973756476837,126.9823982165086,3,이수스위첸포레힐즈 동작구 동작동
관악구,신림동,국제산장,국제산장,국제산장아파트,서울 관악구 신림동 1693,서울 관악구 호암로 417,37.460826206133056,126.92783674932998,3,국제산장 관악구 신림동
관악구,신림동,신림현대,신림현대,신림현대아파트,서울 관악구 신림동 1694,서울 관악구 신림로29길 8,37.475134295560736,126.93247282827244,3,신림현대 관악구 신림동
관악구,신림동,관악산휴먼시아2단지,관악산휴먼시아2단지,관악산휴먼시아2단지아파트,서울 관악구 신림동 1735,서울 관악구 난곡로 55,37.45903694158076,126.91968237692367,3,관악산휴먼시아2단지 관악구 신림동
관악구,봉천동,제창그로힐,제창그로힐,제창그로힐아파트,서울 관악구 봉천동 1722,서울 관악구 남부순환로 1979,37.47586751372875,126.96856215322508,3,제창그로힐 관악구 봉천동
관악구,봉천동,벽산블루밍,벽산블루밍,봉천벽산블루밍1차아파트,서울 관악구 봉천동 1718,서울 관악구 은천로 93,37.48994503623179,126.94451210283675,3,벽산블루밍 관악구 봉천동
관악구,신림동,보라매스카이아파트(1739),보라매스카이아파트,보라매스카이아파트,서울 관악구 신림동 1739,서울 관악구 관천로18길 32,37.48767708859704,126.92476705690942,3,보라매스카이아파트 관악구 신림동
관악구,신림동,삼성산주공(주공3단지),삼성산주공,삼성산주공아파트,서울 관악구 신림동 1714,서울 관악구 호암로 399,37.46250824198555,126.92613059359044,3,삼성산주공 관악구 신림동
관악구,신림동,청화,청화,청화아파트,서울 관악구 신림동 1729,서울 관악구 호암로16길 11,37.46363658144135,126.93261768145533,3,청화 관악구 신림동
관악구,신림동,금호(1차),금호,금호타운1차아파트,서울 관악구 신림동 1705,서울 관악구 대학18길 6,37.4651602980322,126.93773915557536,3,금호 관악구 신림동
관악구,봉천동,프라비다M,프라비다M,프라비다M,서울 관악구 봉천동 893-1,서울 관악구 남부순환로 1777-7,37.48244019182969,126.94770038049832,3,프라비다M 관악구 봉천동
관악구,봉천동,관악드림(삼성),관악드림,관악구 드림스타트 프로그램실,서울 관악구 봉천동 936-4,서울 관악구 은천로10길 3,37.4858742811723,126.940796296968,3,관악드림 관악구 봉천동
관악구,신림동,건영1,건영1,건영3차아파트 1동,서울 관악구 신림동 1703-1,서울 관악구 신림로3길 40,37.46735841740003,126.94426089516628,3,건영1 관악구 신림동
관악구,봉천동,에이스인헌,에이스인헌,에이스인헌아파트,서울 관악구 봉천동 196-215,서울 관악구 낙성대역16길 29,37.47270484942691,126.96493688269122,3,에이스인헌 관악구 봉천동
관악구,봉천동,서희스타힐스,서희스타힐스,서울대입구역서희스타힐스아파트,서울 관악구 봉천동 1729,서울 관악구 청림3길 10,37.488765433405845,126.9596013927686,3,서희스타힐스 관악구 봉천동
관악구,신림동,청암두산위브센티움,청암두산위브센티움,청암두산위브센티움아파트,서울 관악구 신림동 86-3,서울 관악구 신림로 318,37.48260335084451,126.930384610248,3,청암두산위브센티움 관악구 신림동
관악구,신림동,건영2,건영2,건영3차아파트 2동,서울 관악구 신림동 1703-1,서울 관악구 신림로3길 40,37.46753840377504,126.9438052075549,3,건영2 관악구 신림동
관악구,봉천동,해태보라매타워,해태보라매타워,해태보라매타워아파트,서울 관악구 봉천동 729-32,서울 관악구 보라매로3길 29,37.49106601142947,126.92513454775062,3,해태보라매타워 관악구 봉천동
관악구,신림동,강남,강남,강남힐병원,서울 관악구 신림동 543-18,서울 관악구 남부순환로 1449,37.4815853446168,126.911707739765,3,강남 관악구 신림동
관악구,봉천동,마에스트로캠퍼스타운,마에스트로캠퍼스타운,마에스트로캠퍼스타운,서울 관악구 봉천동 893-12,서울 관악구 남부순환로 1773,37.48213092669755,126.94720764280996,3,마에스트로캠퍼스타운 관악구 봉천동
관악구,봉천동,늘푸른,늘푸른,늘푸른숲,서울 관악구 봉천동 673-92,서울 관악구 봉천로13나길 51-3,37.490356977055384,126.93272033036324,3,늘푸른 관악구 봉천동
관악구,봉천동,관악푸르지오,관악푸르지오,관악푸르지오아파트,서울 관악구 봉천동 1717,서울 관악구 관악로30길 27,37.48730982964421,126.96086404320091,3,관악푸르지오 관악구 봉천동
관악구,봉천동,서울대입구아이원(1560-61),서울대입구아이원,서울대입구아이원아파트,서울 관악구 봉천동 1560-61,서울 관악구 청룡길 78,37.47832226811279,126.94502719285592,3,서울대입구아이원 관악구 봉천동
관악구,신림동,주공1,주공1,신림주공1단지아파트,서울 관악구 신림동 1704-1,서울 관악구 광신길 160,37.4662974091007,126.928265559883,3,주공1 관악구 신림동
관악구,신림동,우민조원,우민조원,우민조원아파트,서울 관악구 신림동 1719,서울 관악구 조원로11길 24,37.484180660952454,126.90753482140612,3,우민조원 관악구 신림동
관악구,신림동,아데나,아데나,아데나38오피스텔,서울 관악구 신림동 1432-38,서울 관악구 신림동1길 24,37.4864548290919,126.928322046807,3,아데나 관악구 신림동
관악구,봉천동,프라비다2,프라비다2,프라비다2,서울 관악구 봉천동 867-12,서울 관악구 남부순환로218길 37,37.47967888530141,126.95045416056102,3,프라비다2 관악구 봉천동
관악구,봉천동,복권,복권,복권나라,서울 관악구 봉천동 926-25,서울 관악구 남부순환로 1739-9,37.48285273256208,126.9435223870718,3,복권 관악구 봉천동
관악구,봉천동,봉천동,봉천동,관악구보건소,서울 관악구 봉천동 1570-1,서울 관악구 관악로 145,37.47847272751287,126.95115930301684,3,봉천동 관악구 봉천동
관악구,봉천동,프라비다1,프라비다1,프라비다1,서울 관악구 봉천동 869-3,서울 관악구 관악로17길 8,37.48090371206401,126.95130922228688,3,프라비다1 관악구 봉천동
관악구,신림동,현대,현대,현대주유소,서울 관악구 신림동 666-14,서울 관악구 난곡로 108,37.4649727962104,126.919666984577,3,현대 관악구 신림동
관악구,봉천동,해바라기,해바라기,해바라기아파트,서울 관악구 봉천동 1500,서울 관악구 보라매로6길 33,37.49311898097721,126.92881888126432,3,해바라기 관악구 봉천동
관악구,봉천동,현대(관악),현대,현대시장,서울 관악구 봉천동 503-2,서울 관악구 양녕로 49,37.486518576733,126.946626771402,3,현대 관악구 봉천동
관악구,신림동,신림푸르지오,신림푸르지오,신림푸르지오1차아파트,서울 관악구 신림동 1730,서울 관악구 남부순환로 1430,37.4791228684825,126.91048508711464,3,신림푸르지오 관악구 신림동
관악구,봉천동,서울대역마에스트로,서울대역마에스트로,서울대역마에스트로,서울 관악구 봉천동 869-6,서울 관악구 남부순환로218길 1,37.48109445715921,126.9506612583454,3,서울대역마에스트로 관악구 봉천동
관악구,봉천동,더블유에스타워,더블유에스타워,WS타워(더블유에스타워),서울 관악구 봉천동 463-1,서울 관악구 은천로 110,37.4867063714302,126.947485966506,3,더블유에스타워 관악구 봉천동
관악구,신림동,동부,동부,신림동부아파트,서울 관악구 신림동 1695,서울 관악구 신원로 26,37.480526745408305,126.92923784472052,3,동부 관악구 신림동
관악구,신림동,보라매해담채,보라매해담채,그린플러스보라매,서울 관악구 신림동 497-5,서울 관악구 신사로 134,37.4887105584344,126.916728822074,3,보라매해담채 관악구 신림동
관악구,봉천동,코스모블루,코스모블루,코스모블루,서울 관악구 봉천동 863-9,서울 관악구 남부순환로220길 29,37.47991189841256,126.9517903679942,3,코스모블루 관악구 봉천동
관악구,봉천동,낙성대현대홈타운,낙성대현대홈타운,낙성대현대홈타운아파트,서울 관악구 봉천동 1713,서울 관악구 솔밭로7길 16,37.48082340634545,126.96348138998914,3,낙성대현대홈타운 관악구 봉천동
관악구,신림동,성지하우스,성지하우스,G car zone 신림동 성지하우스,서울 관악구 신림동 626,서울 관악구 난곡로34나길 14,37.472069592372414,126.92165806982908,3,성지하우스 관악구 신림동
관악구,신림동,관악,관악,관악세무서,서울 관악구 신림동 438-2,서울 관악구 문성로 187,37.47935960053661,126.92432994591752,3,관악 관악구 신림동
관악구,봉천동,관악캠퍼스타워,관악캠퍼스타워,관악캠퍼스타워오피스텔,서울 관악구 봉천동 875-1,서울 관악구 남부순환로 1802,37.481281729115274,126.95033212655404,3,관악캠퍼스타워 관악구 봉천동
관악구,봉천동,일두(1021),일두,일두아파트,서울 관악구 봉천동 1021,서울 관악구 은천로39길 56,37.488907826809296,126.9547256131057,3,일두 관악구 봉천동
관악구,봉천동,보라매롯데캐슬,보라매롯데캐슬,보라매롯데캐슬아파트,서울 관악구 봉천동 729-22,서울 관악구 봉천로 209,37.490539768993145,126.9250491357176,3,보라매롯데캐슬 관악구 봉천동
관악구,신림동,우방,우방,우방아파트,서울 관악구 신림동 1715,서울 관악구 관천로27길 2,37.48893545002151,126.91880006812026,3,우방 관악구 신림동
관악구,신림동,청광,청광,청광아파트,서울 관악구 신림동 1716,서울 관악구 신림로3가길 45-24,37.46761679878443,126.94195580126588,3,청광 관악구 신림동
관악구,봉천동,보람하이빌,보람하이빌,보람하이빌아파트,서울 관악구 봉천동 100-519,서울 관악구 행운5길 8-9,37.48186380461358,126.95987985018668,3,보람하이빌 관악구 봉천동
관악구,신림동,태흥,태흥,신림태흥아파트,서울 관악구 신림동 1698,서울 관악구 호암로 541,37.46599271025376,126.93102850839274,3,태흥 관악구 신림동
관악구,신림동,동마,동마,동마아파트,서울 관악구 신림동 1699,서울 관악구 호암로 527,37.4643707374767,126.9307677550523,3,동마 관악구 신림동
관악구,봉천동,낙성대현대아파트,낙성대현대아파트,낙성대현대1차아파트,서울 관악구 봉천동 179-58,서울 관악구 남부순환로248길 56,37.47281495552714,126.9655585988025,3,낙성대현대아파트 관악구 봉천동
관악구,신림동,두영,두영,신림동두영아파트,서울 관악구 신림동 1717,서울 관악구 문성로16나길 25,37.47480056775184,126.91390892299177,3,두영 관악구 신림동
관악구,남현동,우림루미아트,우림루미아트,우림루미아트아파트,서울 관악구 남현동 1135,서울 관악구 남현길 91,37.47263452055612,126.9754549362888,3,우림루미아트 관악구 남현동
관악구,남현동,남현동한일유앤아이,남현동한일유앤아이,남현한일유앤아이아파트,서울 관악구 남현동 1136,서울 관악구 남부순환로256라길 25,37.47169706109925,126.9735605757255,3,남현동한일유앤아이 관악구 남현동
관악구,봉천동,봉천우성,봉천우성,관악우성아파트,서울 관악구 봉천동 1706,서울 관악구 관악로30길 12,37.48538833941678,126.95926400852284,3,봉천우성 관악구 봉천동
관악구,봉천동,서울대역해담채,서울대역해담채,서울대역해담채오피스텔,서울 관악구 봉천동 867-9,서울 관악구 관악로15길 23-12,37.47978173122269,126.95076726645728,3,서울대역해담채 관악구 봉천동
관악구,신림동,라이프미성,라이프미성,라이프아파트,서울 관악구 신림동 1700,서울 관악구 문성로 86,37.47708859399749,126.913173701622,3,라이프미성 관악구 신림동
관악구,신림동,태양,태양,태양,서울 관악구 신림동 1437-19,서울 관악구 신림동5가길 13,37.486513206681,126.926549064965,3,태양 관악구 신림동
관악구,신림동,보라매갑을,보라매갑을,보라매파크뷰아파트,서울 관악구 신림동 1718,서울 관악구 관천로24길 3,37.48912135913039,126.92192068694776,3,보라매갑을 관악구 신림동
관악구,봉천동,동아타운,동아타운,동아타운아파트,서울 관악구 봉천동 1629-2,서울 관악구 봉천로 576,37.476944745416034,126.96123122452764,3,동아타운 관악구 봉천동
관악구,신림동,벽산블루밍,벽산블루밍,벽산블루밍아파트,서울 관악구 신림동 1733,서울 관악구 호암로 519,37.463944772633305,126.93113325174905,3,벽산블루밍 관악구 신림동
관악구,봉천동,두산,두산,"봉천두산1,2단지아파트",서울 관악구 봉천동 1708,서울 관악구 봉천로 387,37.4845274045932,126.94289247795972,3,두산 관악구 봉천동
관악구,봉천동,인헌,인헌,관악구의사회,서울 관악구 봉천동 1638-22,서울 관악구 인헌6길 16,37.47405581881075,126.9661549361255,3,인헌 관악구 봉천동
관악구,봉천동,은천2단지아파트,은천2단지아파트,은천2단지아파트,서울 관악구 봉천동 1707-1,서울 관악구 인헌12길 46-1,37.46997557715558,126.96456285023436,3,은천2단지아파트 관악구 봉천동
관악구,봉천동,봉천두솔,봉천두솔,봉천두솔아파트,서울 관악구 봉천동 1526-16,서울 관악구 장군봉5길 27,37.480810776148914,126.94112251514407,3,봉천두솔 관악구 봉천동
관악구,봉천동,대우디오슈페리움1단지,대우디오슈페리움1단지,대우디오슈페리움1단지아파트,서울 관악구 봉천동 856-5,서울 관악구 관악로 164,37.47964833029603,126.95284989952756,3,대우디오슈페리움1단지 관악구 봉천동
관악구,신림동,서초,서초,서초그린아파트,서울 관악구 신림동 1732,서울 관악구 신림로7길 34,37.46908332448781,126.94130806132208,3,서초 관악구 신림동
관악구,신림동,뉴서울,뉴서울,뉴서울아파트,서울 관악구 신림동 739,서울 관악구 미성10길 64,37.47052049657024,126.91110579013908,3,뉴서울 관악구 신림동
관악구,남현동,네스코뮤즈빌,네스코뮤즈빌,네스코뮤즈빌아파트,서울 관악구 남현동 602-216,서울 관악구 승방1길 51,37.47215973582388,126.98055128010554,3,네스코뮤즈빌 관악구 남현동
관악구,신림동,신림동쌍용아파트,신림동쌍용아파트,쌍용아파트,서울 관악구 신림동 1686,서울 관악구 미성길 122,37.472146412399496,126.91176406266324,3,신림동쌍용아파트 관악구 신림동
관악구,봉천동,은천1,은천1,은천1단지아파트,서울 관악구 봉천동 1707,서울 관악구 인헌12길 46-2,37.47139205334191,126.96485610244017,3,은천1 관악구 봉천동
관악구,신림동,프라비다트라움,프라비다트라움,프라비다트라움,서울 관악구 신림동 1433-55,서울 관악구 신림로65길 27,37.484802236151786,126.92808505494573,3,프라비다트라움 관악구 신림동
관악구,봉천동,관악드림(동아),관악드림,관악구 드림스타트 프로그램실,서울 관악구 봉천동 936-4,서울 관악구 은천로10길 3,37.4858742811723,126.940796296968,3,관악드림 관악구 봉천동
관악구,봉천동,대원(1536-20),대원,대원빌라,서울 관악구 봉천동 1536-17,서울 관악구 장군봉15길 10,37.4789902248269,126.94010189980162,3,대원 관악구 봉천동
관악구,봉천동,삼성아트빌(1690-163),삼성아트빌,삼성아트빌,서울 관악구 봉천동 196-83,서울 관악구 낙성대역14길 14,37.473638916753416,126.96400491529216,3,삼성아트빌 관악구 봉천동
관악구,신림동,신안,신안,신안아파트,서울 관악구 신림동 10-10,서울 관악구 신림로58길 62-5,37.481841133989,126.93357819469568,3,신안 관악구 신림동
관악구,봉천동,신원메트로빌,신원메트로빌,신원메트로빌오피스텔,서울 관악구 봉천동 870-13,서울 관악구 남부순환로 1811,37.48173539981674,126.9514466183433,3,신원메트로빌 관악구 봉천동
관악구,봉천동,반석블레스빌,반석블레스빌,반석블레스빌아파트,서울 관악구 봉천동 1615-17,서울 관악구 남부순환로230길 93,37.475922495303706,126.954742491862,3,반석블레스빌 관악구 봉천동
관악구,신림동,신림동부센트레빌,신림동부센트레빌,신림동부센트레빌아파트,서울 관악구 신림동 1734,서울 관악구 미성3길 16,37.47318768769531,126.91631645949457,3,신림동부센트레빌 관악구 신림동
관악구,봉천동,보라매삼성,보라매삼성,보라매삼성아파트,서울 관악구 봉천동 1698-1,서울 관악구 보라매로 62,37.49410609524941,126.92817564601104,3,보라매삼성 관악구 봉천동
관악구,남현동,쎈트앤빌,쎈트앤빌,샌트앤빌아파트,서울 관악구 남현동 602-154,서울 관악구 승방3나길 30,37.47249024414903,126.97958802415224,3,쎈트앤빌 관악구 남현동
관악구,봉천동,금강아미움(104동),금강아미움,청룡금강아미움아파트,서울 관악구 봉천동 1522-28,서울 관악구 장군봉1길 6,37.4818123963397,126.940520238377,3,금강아미움 관악구 봉천동
관악구,봉천동,관악위버폴리스,관악위버폴리스,관악위버폴리스아파트,서울 관악구 봉천동 859-17,서울 관악구 관악로 195,37.48271551489836,126.9532278657489,3,관악위버폴리스 관악구 봉천동
관악구,신림동,라이프,라이프,라이프아파트,서울 관악구 신림동 1700,서울 관악구 문성로 86,37.47708859399749,126.913173701622,3,라이프 관악구 신림동
관악구,남현동,삼성홈타운,삼성홈타운,삼성홈타운아파트,서울 관악구 남현동 602-200,서울 관악구 승방3나길 2,37.47302837891718,126.98097611915954,3,삼성홈타운 관악구 남현동
관악구,봉천동,신양,신양,신양아파트,서울 관악구 봉천동 1511-29,서울 관악구 봉천로21길 62,37.48962629547304,126.93438543440926,3,신양 관악구 봉천동
관악구,신림동,초원,초원,초원아파트,서울 관악구 신림동 1712,서울 관악구 미성5길 40,37.47339875887234,126.9141321078886,3,초원 관악구 신림동
관악구,봉천동,서울대입구삼성,서울대입구삼성,서울대입구삼성아파트,서울 관악구 봉천동 1591-2,서울 관악구 관악로 125,37.47615210351626,126.95207880901252,3,서울대입구삼성 관악구 봉천동
관악구,남현동,동송하이클래스,동송하이클래스,동송하이클래스아파트(1071-3번지),서울 관악구 남현동 1071-3,서울 관악구 남부순환로256길 36,37.47410069786585,126.97242922320956,3,동송하이클래스 관악구 남현동
관악구,신림동,신림2차푸르지오,신림2차푸르지오,대우신림2차푸르지오아파트 상가동,서울 관악구 신림동 1736-2,서울 관악구 난곡로 78,37.4624568844314,126.919244672131,3,신림2차푸르지오 관악구 신림동
관악구,봉천동,관악동부센트레빌,관악동부센트레빌,관악동부센트레빌아파트,서울 관악구 봉천동 1719,서울 관악구 은천로33길 5,37.48717299903808,126.9514792818466,3,관악동부센트레빌 관악구 봉천동
관악구,신림동,성우,성우,성우,서울 관악구 신림동 1433-180,서울 관악구 관천로10길 6-1,37.48494685383148,126.92590724776468,3,성우 관악구 신림동
관악구,신림동,효림다온,효림다온,효림다온아파트,서울 관악구 신림동 1737,서울 관악구 남부순환로198길 10,37.48410240794061,126.93638474328635,3,효림다온 관악구 신림동
관악구,봉천동,서울대입구아이원(1560-62),서울대입구아이원,서울대입구아이원아파트,서울 관악구 봉천동 1560-61,서울 관악구 청룡길 78,37.47832226811279,126.94502719285592,3,서울대입구아이원 관악구 봉천동
관악구,신림동,신림동신도브래뉴,신림동신도브래뉴,신림신도브래뉴아파트,서울 관악구 신림동 1723,서울 관악구 조원로16길 12,37.48341543433625,126.91069705017496,3,신림동신도브래뉴 관악구 신림동
관악구,신림동,태영,태영,태영자원,서울 관악구 신림동 1650-10,서울 관악구 조원로 38,37.4831048992732,126.90644394780152,3,태영 관악구 신림동
관악구,봉천동,신봉,신봉,신봉아파트,서울 관악구 봉천동 1705,서울 관악구 양녕로6나길 18,37.484934134711786,126.9496626140698,3,신봉 관악구 봉천동
관악구,봉천동,서울대입구한양아이클래스,서울대입구한양아이클래스,서울대입구한양아이클래스,서울 관악구 봉천동 1568-1,서울 관악구 쑥고개로 123,37.479110298823215,126.95033582493556,3,서울대입구한양아이클래스 관악구 봉천동
관악구,봉천동,아이펠리스,아이펠리스,아이펠리스아파트,서울 관악구 봉천동 179-2,서울 관악구 남부순환로248길 78,37.47279168131593,126.96608428551735,3,아이펠리스 관악구 봉천동
관악구,신림동,관악산휴먼시아1단지,관악산휴먼시아1단지,관악산휴먼시아1단지아파트,서울 관악구 신림동 1735-1,서울 관악구 난곡로 30,37.46189854083739,126.92099727146372,3,관악산휴먼시아1단지 관악구 신림동
관악구,봉천동,건영6,건영6,건영6차아파트 102동,서울 관악구 봉천동 1701,서울 관악구 관악로 133,37.47708362348626,126.95177409607167,3,건영6 관악구 봉천동
관악구,봉천동,보라매우성,보라매우성,관악우성아파트,서울 관악구 봉천동 1706,서울 관악구 관악로30길 12,37.48538833941678,126.95926400852284,3,보라매우성 관악구 봉천동
관악구,봉천동,관악유앤아이,관악유앤아이,관악한일유앤아이아파트,서울 관악구 봉천동 1727,서울 관악구 은천로 137,37.486898715833526,126.95057037758,3,관악유앤아이 관악구 봉천동
관악구,남현동,한백다솜,한백다솜,한백다솜아파트,서울 관악구 남현동 1071-40,서울 관악구 남현2길 66,37.4753732225468,126.973740164755,3,한백다솜 관악구 남현동
관악구,봉천동,대경,대경,대경정육식당,서울 관악구 봉천동 706-18,서울 관악구 당곡길 47,37.49109135413445,126.92822263251296,3,대경 관악구 봉천동
관악구,신림동,신동아,신동아,신동아아파트,서울 관악구 신림동 산 28-9,서울 관악구 신림로11길 151,37.46423557286293,126.94068337239646,3,신동아 관악구 신림동
관악구,신림동,삼성아트빌(715-32),삼성아트빌,삼성아트빌,서울 관악구 신림동 618-11,서울 관악구 난곡로34길 9-11,37.473067475959446,126.91966736588058,3,삼성아트빌 관악구 신림동
관악구,봉천동,(685-103),,서울둘레길 11코스 민속신앙과 불교가 만나는 길,서울 관악구 봉천동 산 4-9,,37.4656995089293,126.96499893427,3, 관악구 봉천동
관악구,신림동,코스모그린,코스모그린,코스모그린,서울 관악구 신림동 1425-4,서울 관악구 봉천로12길 28,37.487425018628166,126.92949366238382,3,코스모그린 관악구 신림동
관악구,봉천동,관악월드메르디앙,관악월드메르디앙,관악월드메르디앙아파트,서울 관악구 봉천동 1724,서울 관악구 관악로28길 80,37.48344926945178,126.9589756157717,3,관악월드메르디앙 관악구 봉천동
관악구,신림동,건영4,건영4,건영3차아파트 4동,서울 관악구 신림동 1703-1,서울 관악구 신림로3길 40,37.46670080376211,126.9426381372092,3,건영4 관악구 신림동
관악구,봉천동,노블레스,노블레스,노블레스,서울 관악구 봉천동 952-14,서울 관악구 은천로5길 8-16,37.48647701318061,126.93894261685804,3,노블레스 관악구 봉천동
관악구,신림동,한양,한양,한양아파트,서울 관악구 신림동 1563-82,서울 관악구 미성5길 33,37.473013783934405,126.91504146159107,3,한양 관악구 신림동
관악구,남현동,하이파크,하이파크,하이파크아파트,서울 관악구 남현동 1079-9,서울 관악구 남현길 96,37.4728686297378,126.974726825925,3,하이파크 관악구 남현동
관악구,봉천동,봉천동아,봉천동아,성현동아아파트,서울 관악구 봉천동 1703,서울 관악구 관악로 285,37.48959290678911,126.95555290073528,3,봉천동아 관악구 봉천동
관악구,봉천동,위너스이즈,위너스이즈,위너스이즈아파트,서울 관악구 봉천동 1608-28,서울 관악구 남부순환로228길 87,37.47589157811295,126.954009925285,3,위너스이즈 관악구 봉천동
관악구,신림동,웰피아,웰피아,웰피아아파트,서울 관악구 신림동 1731,서울 관악구 관천로18길 27,37.48796612723176,126.92447730412827,3,웰피아 관악구 신림동
관악구,봉천동,로얄클래스,로얄클래스,로얄클래스아파트,서울 관악구 봉천동 1593-14,서울 관악구 관악로 103-3,37.47432869251176,126.95265653292778,3,로얄클래스 관악구 봉천동
관악구,신림동,태성,태성,태성아파트,서울 관악구 신림동 1580-3,서울 관악구 남부순환로172길 41,37.482634270581975,126.92355781234606,3,태성 관악구 신림동
관악구,신림동,제창그로힐,제창그로힐,제창그로힐아파트,서울 관악구 신림동 1728,서울 관악구 조원로13길 36,37.48471633853378,126.9104965046548,3,제창그로힐 관악구 신림동
관악구,봉천동,벽산블루밍3차,벽산블루밍3차,봉천벽산블루밍3차아파트,서울 관악구 봉천동 1720,서울 관악구 은천로15길 24,37.488553942417866,126.944644295729,3,벽산블루밍3차 관악구 봉천동
관악구,봉천동,에메랄드104동,에메랄드,에메랄드아파트,서울 관악구 봉천동 41-253,서울 관악구 은천로34길 23,37.48571945755367,126.95317850449575,3,에메랄드 관악구 봉천동
관악구,봉천동,로얄훼미리,로얄훼미리,로얄훼미리아파트,서울 관악구 봉천동 1690-170,서울 관악구 남부순환로249길 15,37.47648260301792,126.96745283416452,3,로얄훼미리 관악구 봉천동
관악구,봉천동,경원로얄시티,경원로얄시티,경원로얄시티아파트,서울 관악구 봉천동 148-139,서울 관악구 남부순환로247길 99,37.47906471545354,126.9637377570606,3,경원로얄시티 관악구 봉천동
관악구,봉천동,늘푸른5차,늘푸른5차,늘푸른5차아파트,서울 관악구 봉천동 1690-171,서울 관악구 남부순환로249길 21,37.4767051688687,126.967512656531,3,늘푸른5차 관악구 봉천동
관악구,봉천동,관악파크푸르지오,관악파크푸르지오,관악파크푸르지오아파트,서울 관악구 봉천동 1728,서울 관악구 행운10길 21,37.48272925507542,126.9613254706078,3,관악파크푸르지오 관악구 봉천동
관악구,남현동,예성2차그린캐슬,예성2차그린캐슬,예성그린캐슬2차아파트,서울 관악구 남현동 1134,서울 관악구 남현7길 3,37.47362217393781,126.97616908845023,3,예성2차그린캐슬 관악구 남현동
관악구,남현동,예성그랑펠리체,예성그랑펠리체,예성그랑펠리체아파트,서울 관악구 남현동 1138,서울 관악구 승방길 66,37.47319729337103,126.9782221972494,3,예성그랑펠리체 관악구 남현동
관악구,남현동,예촌하이츠빌,예촌하이츠빌,예촌하이츠빌아파트,서울 관악구 남현동 1072-60,서울 관악구 남부순환로260길 83,37.4728096381781,126.97280841038372,3,예촌하이츠빌 관악구 남현동
관악구,봉천동,선경,선경,선경,서울 관악구 봉천동 180-430,서울 관악구 인헌16나길 22,37.46873814535361,126.96647159185818,3,선경 관악구 봉천동
관악구,신림동,푸리마타운,푸리마타운,푸리마타운,서울 관악구 신림동 1639-51,서울 관악구 관천로 38,37.48339087911964,126.92746681392266,3,푸리마타운 관악구 신림동
관악구,신림동,동훈CDI,동훈CDI,동훈씨디아이아파트,서울 관악구 신림동 551-42,서울 관악구 조원로13길 23,37.4847516659119,126.90956027108884,3,동훈CDI 관악구 신림동
관악구,봉천동,대우디오슈페리움2단지,대우디오슈페리움2단지,대우디오슈페리움2단지아파트,서울 관악구 봉천동 856-1,서울 관악구 관악로 168,37.480268341348136,126.95314346561176,3,대우디오슈페리움2단지 관악구 봉천동
관악구,봉천동,더갤러리테라스,더갤러리테라스,더갤러리테라스아파트,서울 관악구 봉천동 100-20,서울 관악구 행운5길 20,37.48191406778826,126.95931451156127,3,더갤러리테라스 관악구 봉천동
관악구,남현동,다청림라인씨티,다청림라인씨티,다청림라인씨티,서울 관악구 남현동 602-17,서울 관악구 승방4길 20,37.474609627668535,126.98082762110428,3,다청림라인씨티 관악구 남현동
관악구,봉천동,코스코수,코스코수,코스코수아파트,서울 관악구 봉천동 1616-11,서울 관악구 남부순환로230길 111,37.47517280850319,126.95462084756151,3,코스코수 관악구 봉천동
관악구,봉천동,대원,대원,대원빌라,서울 관악구 봉천동 1536-17,서울 관악구 장군봉15길 10,37.4789902248269,126.94010189980162,3,대원 관악구 봉천동
관악구,봉천동,무학,무학,무학아파트,서울 관악구 봉천동 1531-39,서울 관악구 장군봉8길 16,37.4812492214351,126.93867100128352,3,무학 관악구 봉천동
관악구,봉천동,반석푸른숲,반석푸른숲,반석푸른숲아파트,서울 관악구 봉천동 1723,서울 관악구 인헌16다길 14,37.468638843711574,126.96580694715554,3,반석푸른숲 관악구 봉천동
관악구,봉천동,길성,길성,길성의원,서울 관악구 봉천동 1674-10,서울 관악구 남부순환로 1877,37.479439574622695,126.95838877249862,3,길성 관악구 봉천동
관악구,봉천동,신성새실마을102동,신성새실마을,신성새실마을아파트,서울 관악구 봉천동 1605-1,서울 관악구 관악로6길 86,37.47790069117675,126.95365595842118,3,신성새실마을 관악구 봉천동
관악구,남현동,뉴타운1동(A동),뉴타운,뉴타운아파트,서울 관악구 남현동 602-329,서울 관악구 승방3길 36-11,37.471818308048825,126.98088937954044,3,뉴타운 관악구 남현동
관악구,봉천동,관악태우미소가,관악태우미소가,관악태우미소가아파트,서울 관악구 봉천동 30-8,서울 관악구 행운1마길 2,37.4839454954054,126.955838909966,3,관악태우미소가 관악구 봉천동
관악구,봉천동,금강아미움(103동),금강아미움,청룡금강아미움아파트,서울 관악구 봉천동 1522-28,서울 관악구 장군봉1길 6,37.4818123963397,126.940520238377,3,금강아미움 관악구 봉천동
관악구,남현동,풍산캐슬,풍산캐슬,풍산캐슬아파트,서울 관악구 남현동 1053-5,서울 관악구 남부순환로256길 16,37.4747348334853,126.971687372175,3,풍산캐슬 관악구 남현동
관악구,봉천동,e편한세상서울대입구1단지,e편한세상서울대입구1단지,e편한세상서울대입구1차아파트,서울 관악구 봉천동 1730,서울 관악구 청룡10길 45,37.477482634550306,126.94334667013432,3,e편한세상서울대입구1단지 관악구 봉천동
관악구,봉천동,캐릭터그린빌,캐릭터그린빌,공차 보라매점,서울 관악구 봉천동 729-24,서울 관악구 보라매로5가길 7,37.49171220273488,126.92540189552288,3,캐릭터그린빌 관악구 봉천동
관악구,남현동,뉴타운B동,뉴타운B동,뉴타운아파트 B동,서울 관악구 남현동 602-329,서울 관악구 승방3길 36-11,37.471766022084445,126.98072095271988,3,뉴타운B동 관악구 남현동
관악구,봉천동,카후나빌,카후나빌,카후나빌아파트,서울 관악구 봉천동 41-258,서울 관악구 은천로34길 15,37.48594284110016,126.95301102382624,3,카후나빌 관악구 봉천동
관악구,신림동,삼성,삼성,삼성스토어 신림,서울 관악구 신림동 1428-1,서울 관악구 신림로 386,37.4887570445546,126.9285539074892,3,삼성 관악구 신림동
관악구,남현동,흥화브라운빌,흥화브라운빌,남현동흥화브라운빌아파트,서울 관악구 남현동 1132,서울 관악구 남현길 144,37.47121039695771,126.9730362126322,3,흥화브라운빌 관악구 남현동
관악구,봉천동,낙성대현대(296),낙성대현대,낙성대현대홈타운아파트,서울 관악구 봉천동 1713,서울 관악구 솔밭로7길 16,37.48082340634545,126.96348138998914,3,낙성대현대 관악구 봉천동
관악구,봉천동,뉴그린아파트,뉴그린아파트,뉴그린아파트,서울 관악구 봉천동 1598-49,서울 관악구 관악로6길 99,37.4785780610699,126.953176177068,3,뉴그린아파트 관악구 봉천동
관악구,신림동,월드,월드,월드마트,서울 관악구 신림동 637-1,서울 관악구 난곡로26길 4,37.4705279243864,126.92025226634,3,월드 관악구 신림동
관악구,남현동,예성그린캐슬1차,예성그린캐슬1차,예성그린캐슬1차아파트,서울 관악구 남현동 1084-1,서울 관악구 남현7길 20,37.47324746993871,126.97675254180092,3,예성그린캐슬1차 관악구 남현동
관악구,남현동,현대이즈빌,현대이즈빌,현대이즈빌아파트,서울 관악구 남현동 1058-7,서울 관악구 남현1길 9,37.47600479340843,126.97796814288348,3,현대이즈빌 관악구 남현동
관악구,봉천동,신성새실마을101동,신성새실마을,신성새실마을아파트,서울 관악구 봉천동 1605-1,서울 관악구 관악로6길 86,37.47790069117675,126.95365595842118,3,신성새실마을 관악구 봉천동
관악구,봉천동,뉴파크플러스(1608-27),뉴파크플러스,뉴파크플러스아파트,서울 관악구 봉천동 1608-27,서울 관악구 남부순환로228길 85,37.47605919050616,126.95407313255036,3,뉴파크플러스 관악구 봉천동
관악구,신림동,로마,로마,로마아파트,서울 관악구 신림동 1725,서울 관악구 남부순환로194길 7,37.484393715375695,126.93524479025274,3,로마 관악구 신림동
관악구,신림동,서초그린,서초그린,서초그린아파트,서울 관악구 신림동 1732,서울 관악구 신림로7길 34,37.46908332448781,126.94130806132208,3,서초그린 관악구 신림동
관악구,봉천동,미래,미래,미래아파트,서울 관악구 봉천동 1654-14,서울 관악구 남부순환로 1990,37.47494883463359,126.9699101162046,3,미래 관악구 봉천동
관악구,신림동,우정하이비전,우정하이비전,관악우정하이비젼2단지아파트,서울 관악구 신림동 1726,서울 관악구 양지길 52-1,37.470737007205464,126.92731173534057,3,우정하이비전 관악구 신림동
관악구,신림동,정성드리움,정성드리움,정성드리움아파트,서울 관악구 신림동 460-19,서울 관악구 관천로19길 11,37.4875424348229,126.921379590397,3,정성드리움 관악구 신림동
관악구,봉천동,은천누리에뜰,은천누리에뜰,은천누리에뜰아파트,서울 관악구 봉천동 622-3,서울 관악구 은천로 61,37.48641559833415,126.94223523976478,3,은천누리에뜰 관악구 봉천동
관악구,남현동,남현현대아이빌라,남현현대아이빌라,남현현대아이빌라,서울 관악구 남현동 1054-42,서울 관악구 남부순환로260길 30,37.474968421647354,126.97264935564448,3,남현현대아이빌라 관악구 남현동
관악구,봉천동,도영힐,도영힐,도영힐아파트,서울 관악구 봉천동 934-4,서울 관악구 은천로10길 32,37.48478607703177,126.94122454768576,3,도영힐 관악구 봉천동
관악구,봉천동,은선파인빌,은선파인빌,은선파인빌아파트,서울 관악구 봉천동 464-41,서울 관악구 중앙길 133,37.4863101122049,126.947902337685,3,은선파인빌 관악구 봉천동
관악구,남현동,진영씨티파크APT,진영씨티파크APT,진영씨티파크아파트,서울 관악구 남현동 1053-14,서울 관악구 남부순환로260길 64,37.47351134833642,126.97205072321442,3,진영씨티파크APT 관악구 남현동
관악구,신림동,늘푸른(569-5),늘푸른,종로늘푸른약국,서울 관악구 신림동 1514,서울 관악구 신림로 137,37.47120044507562,126.93399570819298,3,늘푸른 관악구 신림동
관악구,봉천동,휴먼아파트B,휴먼아파트B,휴먼아파트 B동,서울 관악구 봉천동 1644-31,서울 관악구 인헌3길 31,37.47414120625575,126.96866575239967,3,휴먼아파트B 관악구 봉천동
관악구,봉천동,브라운스톤관악,브라운스톤관악,브라운스톤관악아파트,서울 관악구 봉천동 1721,서울 관악구 관악로 263,37.48781313514007,126.9572319324142,3,브라운스톤관악 관악구 봉천동
관악구,남현동,별장,별장,별장아파트,서울 관악구 남현동 602-323,서울 관악구 승방1길 101,37.47120421246715,126.97797407381,3,별장 관악구 남현동
관악구,봉천동,새진(1619-27),새진,새진아파트(1653-10번지),서울 관악구 봉천동 1653-10,서울 관악구 인헌1길 59,37.47480383769187,126.97016906259437,3,새진 관악구 봉천동
관악구,봉천동,푸르빌3차,푸르빌3차,푸르빌3차아파트,서울 관악구 봉천동 1608-23,서울 관악구 남부순환로230길 94,37.4760340896546,126.954402133565,3,푸르빌3차 관악구 봉천동
관악구,남현동,기아하이츠빌,기아하이츠빌,기아하이츠빌아파트,서울 관악구 남현동 1053-4,서울 관악구 남부순환로256길 12,37.47488709846174,126.97166357386575,3,기아하이츠빌 관악구 남현동
관악구,남현동,한일유앤아이2차,한일유앤아이2차,남현한일유앤아이2차아파트,서울 관악구 남현동 1077-1,서울 관악구 남현길 113,37.4720901336242,126.974618562391,3,한일유앤아이2차 관악구 남현동
관악구,신림동,한라타운아파트,한라타운아파트,한라타운아파트,서울 관악구 신림동 763,서울 관악구 난곡로47길 9,37.476542216372806,126.91515052169704,3,한라타운아파트 관악구 신림동
관악구,봉천동,태승,태승,태승아파트,서울 관악구 봉천동 24-14,서울 관악구 관악로28길 66,37.484364801105514,126.9592849161368,3,태승 관악구 봉천동
관악구,신림동,바라본,바라본,바라본아파트,서울 관악구 신림동 98-401,서울 관악구 복은길 129-13,37.4755602956264,126.94234308211354,3,바라본 관악구 신림동
관악구,봉천동,동원낙성대,동원낙성대,동원낙성대아파트,서울 관악구 봉천동 1630-7,서울 관악구 낙성대역길 19,37.47645127100841,126.96209069076112,3,동원낙성대 관악구 봉천동
관악구,봉천동,그린,그린,그린자원,서울 관악구 봉천동 949-7,서울 관악구 봉천로 340,37.48478077970759,126.9379139600066,3,그린 관악구 봉천동
관악구,신림동,미래한건(1563-78),미래한건,미래한건아파트,서울 관악구 신림동 1563-78,서울 관악구 미성7길 5-6,37.47422594936669,126.91546968234196,3,미래한건 관악구 신림동
관악구,남현동,관악산센텀,관악산센텀,관악산센텀아파트,서울 관악구 남현동 1066-13,서울 관악구 남현1가길 22,37.4748991777834,126.977561481002,3,관악산센텀 관악구 남현동
관악구,신림동,우정하이비전2,우정하이비전2,관악우정하이비젼2단지아파트,서울 관악구 신림동 1726,서울 관악구 양지길 52-1,37.470737007205464,126.92731173534057,3,우정하이비전2 관악구 신림동
관악구,신림동,신림동이모르젠,신림동이모르젠,신림이모르젠아파트,서울 관악구 신림동 518-19,서울 관악구 신사로 84,37.48604755840585,126.9122723541561,3,신림동이모르젠 관악구 신림동
관악구,신림동,동문,동문,동문아파트,서울 관악구 신림동 1696,서울 관악구 신림로31가길 19,37.47634171773021,126.93583057453658,3,동문 관악구 신림동
관악구,신림동,고흥,고흥,고흥아파트,서울 관악구 신림동 1568-21,서울 관악구 난곡로64가길 18,37.4804599202331,126.91531229040302,3,고흥 관악구 신림동
관악구,봉천동,대영,대영,대영시계,서울 관악구 봉천동 31-1,서울 관악구 관악로 212,37.4836235885012,126.95518332287,3,대영 관악구 봉천동
관악구,신림동,흥원,흥원,흥원아파트,서울 관악구 신림동 1478-37,서울 관악구 남부순환로144길 71,37.4781988686773,126.91348897589974,3,흥원 관악구 신림동
관악구,봉천동,관악청광플러스원,관악청광플러스원,관악청광플러스원아파트,서울 관악구 봉천동 1726,서울 관악구 은천로15길 16,37.487400523178394,126.94436925452874,3,관악청광플러스원 관악구 봉천동
관악구,봉천동,미소가,미소가,관악태우미소가아파트,서울 관악구 봉천동 30-8,서울 관악구 행운1마길 2,37.4839454954054,126.955838909966,3,미소가 관악구 봉천동
관악구,남현동,동송하이클래스(1071-3),동송하이클래스,동송하이클래스아파트(1071-3번지),서울 관악구 남현동 1071-3,서울 관악구 남부순환로256길 36,37.47410069786585,126.97242922320956,3,동송하이클래스 관악구 남현동
관악구,남현동,예성그린캐슬III,예성그린캐슬III,예성그린캐슬3차아파트,서울 관악구 남현동 1133,서울 관악구 남현길 141,37.471268255549525,126.97389986571466,3,예성그린캐슬III 관악구 남현동
관악구,봉천동,금강아미움(101동),금강아미움,청룡금강아미움아파트,서울 관악구 봉천동 1522-28,서울 관악구 장군봉1길 6,37.4818123963397,126.940520238377,3,금강아미움 관악구 봉천동
관악구,봉천동,삼정,삼정,삼정빌딩,서울 관악구 봉천동 1595-4,서울 관악구 관악로 112,37.4752731139146,126.953065186675,3,삼정 관악구 봉천동
관악구,신림동,래디앙아파트,래디앙아파트,래디앙아파트,서울 관악구 신림동 244-21,서울 관악구 대학5길 46,37.469262178610904,126.9404148795455,3,래디앙아파트 관악구 신림동
관악구,봉천동,금강아미움(106동),금강아미움,청룡금강아미움아파트,서울 관악구 봉천동 1522-28,서울 관악구 장군봉1길 6,37.4818123963397,126.940520238377,3,금강아미움 관악구 봉천동
관악구,신림동,신림2차현대,신림2차현대,서울 관악구 신림2차현대아파트 전기차충전소,서울 관악구 신림동 551-9,서울 관악구 조원중앙로 64,37.4844970728016,126.908898009974,3,신림2차현대 관악구 신림동
관악구,신림동,신림큐브,신림큐브,신림큐브,서울 관악구 신림동 1421-1,서울 관악구 신림로66길 42,37.48565972591745,126.93219990747814,3,신림큐브 관악구 신림동
관악구,봉천동,장미(917-1),장미,장미빌라,서울 관악구 봉천동 151-5,서울 관악구 솔밭로7길 13,37.48013501453222,126.96341388919866,3,장미 관악구 봉천동
관악구,봉천동,일동행복세상,일동행복세상,일동행복세상아파트,서울 관악구 봉천동 41-346,서울 관악구 은천로34길 8,37.485955262663154,126.95252934450372,3,일동행복세상 관악구 봉천동
관악구,봉천동,낙성대에메랄드,낙성대에메랄드,낙성대에메랄드아파트,서울 관악구 봉천동 1690-158,서울 관악구 남부순환로 1961-1,37.4760526849493,126.966961237786,3,낙성대에메랄드 관악구 봉천동
관악구,신림동,에셀비전21,에셀비전21,에셀비전21아파트,서울 관악구 신림동 1720,서울 관악구 남부순환로166길 90,37.479593320309945,126.92348742192264,3,에셀비전21 관악구 신림동
관악구,봉천동,갑을,갑을,갑을아파트,서울 관악구 봉천동 1700,서울 관악구 관악로5길 42,37.47511055299172,126.95212017279697,3,갑을 관악구 봉천동
관악구,남현동,문영마운틴,문영마운틴,문영마운틴아파트,서울 관악구 남현동 1072-57,서울 관악구 남부순환로260길 91,37.47253386919935,126.97254962985286,3,문영마운틴 관악구 남현동
관악구,봉천동,새진(645-0),새진,새진아파트(1653-10번지),서울 관악구 봉천동 1653-10,서울 관악구 인헌1길 59,37.47480383769187,126.97016906259437,3,새진 관악구 봉천동
관악구,신림동,중앙힐101동,중앙힐,중앙힐,서울 관악구 신림동 1684-1,서울 관악구 미성10길 6,37.4733324874191,126.912228431884,3,중앙힐 관악구 신림동
관악구,봉천동,생모리츠타운,생모리츠타운,생모리츠타운오피스텔,서울 관악구 봉천동 1574-1,서울 관악구 쑥고개로 100,37.47891995983108,126.94772318434626,3,생모리츠타운 관악구 봉천동
관악구,봉천동,새진(1653-10),새진,새진아파트(1653-10번지),서울 관악구 봉천동 1653-10,서울 관악구 인헌1길 59,37.47480383769187,126.97016906259437,3,새진 관악구 봉천동
관악구,봉천동,낙성대늘푸른,낙성대늘푸른,낙성대늘푸른2차아파트,서울 관악구 봉천동 1690-159,서울 관악구 남부순환로 1963,37.47600947056355,126.9670833545427,3,낙성대늘푸른 관악구 봉천동
관악구,남현동,성원나이스,성원나이스,성원나이스아파트,서울 관악구 남현동 602-189,서울 관악구 승방3가길 22,37.4729813343418,126.979818510358,3,성원나이스 관악구 남현동
관악구,봉천동,에메랄드105동,에메랄드,에메랄드아파트,서울 관악구 봉천동 41-253,서울 관악구 은천로34길 23,37.48571945755367,126.95317850449575,3,에메랄드 관악구 봉천동
관악구,남현동,솔본,솔본,솔본아파트,서울 관악구 남현동 1085-17,서울 관악구 남현1가길 42-3,37.47388553555007,126.97753012996424,3,솔본 관악구 남현동
관악구,남현동,관악산대창센시티,관악산대창센시티,관악산대창센시티아파트,서울 관악구 남현동 1137,서울 관악구 남현12길 21,37.47154184161238,126.97248442553403,3,관악산대창센시티 관악구 남현동
관악구,남현동,세종하이츠,세종하이츠,세종하이츠아파트,서울 관악구 남현동 1072-63,서울 관악구 남부순환로260길 77,37.473217769968,126.97269634377,3,세종하이츠 관악구 남현동
관악구,봉천동,하이캐슬,하이캐슬,하이캐슬아파트,서울 관악구 봉천동 1595-14,서울 관악구 관악로6길 21,37.475042621752365,126.95348588423673,3,하이캐슬 관악구 봉천동
관악구,신림동,윤정,윤정,윤정아파트,서울 관악구 신림동 546-7,서울 관악구 조원로14길 16,37.48297122407583,126.90949570946852,3,윤정 관악구 신림동
관악구,남현동,우평,우평,우평아파트,서울 관악구 남현동 1081-4,서울 관악구 남부순환로262길 37,37.47454557115025,126.9754938792773,3,우평 관악구 남현동
관악구,봉천동,쁘띠그린힐,쁘띠그린힐,쁘띠그린힐,서울 관악구 봉천동 957-6,서울 관악구 은천로 14,37.486133482357104,126.93676067055794,3,쁘띠그린힐 관악구 봉천동
관악구,봉천동,은선,은선,은선파인빌아파트,서울 관악구 봉천동 464-41,서울 관악구 중앙길 133,37.4863101122049,126.947902337685,3,은선 관악구 봉천동
관악구,신림동,앰팰리스아파트,앰팰리스아파트,앰팰리스아파트,서울 관악구 신림동 1743,서울 관악구 신림로 194,37.4746906002399,126.936633521043,3,앰팰리스아파트 관악구 신림동
관악구,남현동,양지네스코빌,양지네스코빌,양지네스코빌,서울 관악구 남현동 602-188,서울 관악구 승방3가길 16,37.473111130018104,126.9801146640864,3,양지네스코빌 관악구 남현동
관악구,봉천동,e편한세상서울대입구2차,e편한세상서울대입구2차,e편한세상서울대입구2차아파트,서울 관악구 봉천동 1733,서울 관악구 참숯1길 19,37.478053894698384,126.9415384650226,3,e편한세상서울대입구2차 관악구 봉천동
관악구,봉천동,탑,탑,낙성대삼층석탑,서울 관악구 봉천동 228,서울 관악구 낙성대로 77,37.4711059572237,126.960497179927,3,탑 관악구 봉천동
관악구,남현동,송림퍼스트빌,송림퍼스트빌,송림퍼스트빌아파트,서울 관악구 남현동 602-283,,37.471550374673,126.978929217218,3,송림퍼스트빌 관악구 남현동
관악구,봉천동,에메랄드101동,에메랄드,에메랄드아파트,서울 관악구 봉천동 41-253,서울 관악구 은천로34길 23,37.48571945755367,126.95317850449575,3,에메랄드 관악구 봉천동
관악구,봉천동,에메랄드102동,에메랄드,에메랄드아파트,서울 관악구 봉천동 41-253,서울 관악구 은천로34길 23,37.48571945755367,126.95317850449575,3,에메랄드 관악구 봉천동
관악구,봉천동,동아타운21,동아타운21,동아타운21아파트,서울 관악구 봉천동 7-312,서울 관악구 관악로37길 15,37.48893035348865,126.95714536005424,3,동아타운21 관악구 봉천동
관악구,신림동,미래,미래,미래부동산,서울 관악구 신림동 519-8,서울 관악구 조원로 103,37.48493852367652,126.91363949886784,3,미래 관악구 신림동
관악구,봉천동,삼성,삼성,삼성전자서비스 관악센터,서울 관악구 봉천동 931-5,서울 관악구 남부순환로 1719,37.48285082328949,126.9414510605341,3,삼성 관악구 봉천동
관악구,신림동,산장그린,산장그린,산장그린아파트,서울 관악구 신림동 412-137,서울 관악구 문성로38라길 7,37.475362372935514,126.92959430729276,3,산장그린 관악구 신림동
관악구,봉천동,경원시티,경원시티,경원로얄시티아파트,서울 관악구 봉천동 148-139,서울 관악구 남부순환로247길 99,37.47906471545354,126.9637377570606,3,경원시티 관악구 봉천동
관악구,봉천동,낙성대늘푸른2차,낙성대늘푸른2차,낙성대늘푸른2차아파트,서울 관악구 봉천동 1690-159,서울 관악구 남부순환로 1963,37.47600947056355,126.9670833545427,3,낙성대늘푸른2차 관악구 봉천동
관악구,남현동,예촌그린,예촌그린,예촌하이츠빌아파트,서울 관악구 남현동 1072-60,서울 관악구 남부순환로260길 83,37.4728096381781,126.97280841038372,3,예촌그린 관악구 남현동
관악구,봉천동,늘푸른3차,늘푸른3차,늘푸른3차아파트,서울 관악구 봉천동 1690-168,서울 관악구 남부순환로249길 13-12,37.47654559800937,126.967179215525,3,늘푸른3차 관악구 봉천동
관악구,신림동,상목에버빌A,상목에버빌A,상목에버빌아파트 A동,서울 관악구 신림동 1559-15,서울 관악구 호암로 568,37.468123473380565,126.93236609337956,3,상목에버빌A 관악구 신림동
관악구,봉천동,신부파스카빌,신부파스카빌,신부아파트,서울 관악구 봉천동 466-1,서울 관악구 은천로25가길 6,37.48740011850945,126.94948570003108,3,신부파스카빌 관악구 봉천동
관악구,남현동,관악산대창센시티2차,관악산대창센시티2차,관악산대창센시티2차아파트,서울 관악구 남현동 1139,서울 관악구 남부순환로260길 119,37.471815675692426,126.9721723150446,3,관악산대창센시티2차 관악구 남현동
관악구,남현동,삼원하이츠11차,삼원하이츠11차,삼원하이츠11차,서울 관악구 남현동 602-210,서울 관악구 승방1길 46,37.47248953595796,126.9807365936324,3,삼원하이츠11차 관악구 남현동
관악구,봉천동,부미아띠랑스힐,부미아띠랑스힐,부미아띠랑스힐아파트,서울 관악구 봉천동 1715,서울 관악구 남부순환로230길 117,37.474841167341296,126.95444016536972,3,부미아띠랑스힐 관악구 봉천동
관악구,봉천동,휴먼아파트A,휴먼아파트A,휴먼아파트 A동,서울 관악구 봉천동 1644-31,서울 관악구 인헌3길 31,37.474443087339274,126.96882728944064,3,휴먼아파트A 관악구 봉천동
관악구,남현동,e산이랑,e산이랑,이산이랑아파트,서울 관악구 남현동 602-153,서울 관악구 승방3나길 41,37.47206488051348,126.97909186121773,3,e산이랑 관악구 남현동
관악구,신림동,파로스프라자,파로스프라자,파로스프라자아파트,서울 관악구 신림동 1738,서울 관악구 난곡로 100,37.464251880009,126.919509505889,3,파로스프라자 관악구 신림동
관악구,남현동,카사빌,카사빌,카사빌아파트,서울 관악구 남현동 602-150,서울 관악구 승방3나길 31,37.472233437418275,126.97947956812604,3,카사빌 관악구 남현동
관악구,봉천동,대안그린,대안그린,대안그린아파트,서울 관악구 봉천동 926-2,서울 관악구 남부순환로 1727-8,37.48282965708584,126.9423827221186,3,대안그린 관악구 봉천동
관악구,봉천동,하이캐슬101동,하이캐슬,하이캐슬아파트,서울 관악구 봉천동 1595-14,서울 관악구 관악로6길 21,37.475042621752365,126.95348588423673,3,하이캐슬 관악구 봉천동
관악구,남현동,라움아파트,라움아파트,라움아파트,서울 관악구 남현동 602-110,서울 관악구 승방길 90-1,37.47167353153728,126.9774053100456,3,라움아파트 관악구 남현동
관악구,봉천동,관악미래가,관악미래가,관악미래가아파트,서울 관악구 봉천동 148-129,서울 관악구 솔밭로 24,37.4792386025799,126.963712800204,3,관악미래가 관악구 봉천동
관악구,봉천동,신성새실마을103동,신성새실마을,신성새실마을아파트,서울 관악구 봉천동 1605-1,서울 관악구 관악로6길 86,37.47790069117675,126.95365595842118,3,신성새실마을 관악구 봉천동
관악구,봉천동,e편한세상서울대입구2단지,e편한세상서울대입구2단지,e편한세상서울대입구2차아파트,서울 관악구 봉천동 1733,서울 관악구 참숯1길 19,37.478053894698384,126.9415384650226,3,e편한세상서울대입구2단지 관악구 봉천동
관악구,봉천동,하이캐슬102동,하이캐슬,하이캐슬아파트,서울 관악구 봉천동 1595-14,서울 관악구 관악로6길 21,37.475042621752365,126.95348588423673,3,하이캐슬 관악구 봉천동
관악구,남현동,양지빌라트,양지빌라트,양지빌라트,서울 관악구 신림동 504-16,서울 관악구 남부순환로161가길 46,37.48485023099779,126.916149682332,2,양지빌라트 관악구
관악구,신림동,상목에버빌B,상목에버빌B,상목에버빌아파트 B동,서울 관악구 신림동 1559-15,서울 관악구 호암로 568,37.467902652656406,126.93223855572651,3,상목에버빌B 관악구 신림동
관악구,봉천동,금강아미움(102동),금강아미움,청룡금강아미움아파트,서울 관악구 봉천동 1522-28,서울 관악구 장군봉1길 6,37.4818123963397,126.940520238377,3,금강아미움 관악구 봉천동
관악구,신림동,서울중앙,서울중앙,서울대학교 관악캠퍼스 중앙도서관 본관,서울 관악구 신림동 산 56-1,서울 관악구 관악로 1,37.4594581307962,126.95197643544,3,서울중앙 관악구 신림동
관악구,남현동,노블스톤,노블스톤,노블스톤아파트,서울 관악구 남현동 1072-50,서울 관악구 남부순환로256나길 7,37.4731350612988,126.973505805619,3,노블스톤 관악구 남현동
관악구,봉천동,푸르빌2차,푸르빌2차,푸른빌2차아파트,서울 관악구 봉천동 1618-24,서울 관악구 남부순환로234길 52,37.47718267955599,126.95626345518625,3,푸르빌2차 관악구 봉천동
관악구,봉천동,신부,신부,신부아파트,서울 관악구 봉천동 457-146,서울 관악구 중앙길 83-7,37.48517590336204,126.95036799157226,3,신부 관악구 봉천동
관악구,남현동,네스코수피아,네스코수피아,네스코수피아,서울 관악구 남현동 602-28,서울 관악구 승방4길 6,37.473858188616305,126.98084816209084,3,네스코수피아 관악구 남현동
관악구,봉천동,관악캐스빌,관악캐스빌,관악캐스빌아파트,서울 관악구 봉천동 1690-162,서울 관악구 남부순환로249길 5-14,37.476380587735335,126.9667304632439,3,관악캐스빌 관악구 봉천동
관악구,봉천동,금강아미움(105동),금강아미움,청룡금강아미움아파트,서울 관악구 봉천동 1522-28,서울 관악구 장군봉1길 6,37.4818123963397,126.940520238377,3,금강아미움 관악구 봉천동
관악구,신림동,신림스카이아파트,신림스카이아파트,신림스카이아파트,서울 관악구 신림동 1744,서울 관악구 신림로 185,37.47471424663859,126.93537636848475,3,신림스카이아파트 관악구 신림동
관악구,신림동,위드비엠3,위드비엠3,위드비엠3아파트,서울 관악구 신림동 538-39,서울 관악구 난곡로65길 13,37.4821695849892,126.913448218003,3,위드비엠3 관악구 신림동
관악구,신림동,G밸리마인드,G밸리마인드,G밸리마인드,서울 관악구 신림동 1655-17,서울 관악구 시흥대로 558-1,37.4827814133808,126.90196929295,3,G밸리마인드 관악구 신림동
관악구,봉천동,에메랄드103동,에메랄드,에메랄드아파트,서울 관악구 봉천동 41-253,서울 관악구 은천로34길 23,37.48571945755367,126.95317850449575,3,에메랄드 관악구 봉천동
관악구,신림동,호등자이젠아파트(1665-9),호등자이젠아파트,호등자이젠아파트,서울 관악구 신림동 1665-9,서울 관악구 조원중앙로1길 66,37.48015676418978,126.90087604308442,3,호등자이젠아파트 관악구 신림동
관악구,신림동,삼성홈타운,삼성홈타운,삼성홈타운아파트,서울 관악구 신림동 412-363,서울 관악구 문성로38길 69-7,37.4755899633603,126.930499646784,3,삼성홈타운 관악구 신림동
관악구,남현동,현대빌라트,현대빌라트,현대빌라트,서울 관악구 봉천동 41-83,서울 관악구 은천로37길 24,37.48705175530996,126.95473804025488,2,현대빌라트 관악구 남현동
관악구,남현동,VIP(602-284),VIP,VIP아파트,서울 관악구 남현동 602-284,서울 관악구 승방1길 87,37.471498076350805,126.97870766043556,3,VIP 관악구 남현동
관악구,신림동,지붕위애,지붕위애,지붕위애,서울 관악구 신림동 1463-11,서울 관악구 관천로 74,37.4856760755878,126.924964671158,3,지붕위애 관악구 신림동
관악구,신림동,GS파크뷰,GS파크뷰,GS파크뷰아파트,서울 관악구 신림동 406-69,서울 관악구 신림로 175,37.474500213698086,126.93448005699798,3,GS파크뷰 관악구 신림동
관악구,봉천동,보람(685-100),보람,보람아파트,서울 관악구 봉천동 685-103,서울 관악구 당곡2길 109-11,37.49287783089443,126.93402639166136,3,보람 관악구 봉천동
관악구,신림동,힐스테이트뉴포레,힐스테이트뉴포레,힐스테이트뉴포레아파트,서울 관악구 신림동 1746,서울 관악구 조원로 25,37.48398143558965,126.9051324264748,3,힐스테이트뉴포레 관악구 신림동
관악구,봉천동,닷컴힐즈(1653-3),닷컴힐즈,닷컴힐즈,서울 관악구 봉천동 1653-1,서울 관악구 남부순환로 1990-3,37.47504169429283,126.97012939985612,3,닷컴힐즈 관악구 봉천동
관악구,봉천동,관악교수,관악교수,관악교수아파트,서울 관악구 봉천동 1617-44,서울 관악구 관악로8길 49,37.47548852828869,126.95558499592616,3,관악교수 관악구 봉천동
관악구,봉천동,닷컴힐즈,닷컴힐즈,닷컴힐즈,서울 관악구 봉천동 1653-1,서울 관악구 남부순환로 1990-3,37.47504169429283,126.97012939985612,3,닷컴힐즈 관악구 봉천동
관악구,신림동,신림더루나,신림더루나,신림더루나아파트,서울 관악구 신림동 1433-29,,37.484799667803,126.928306668106,3,신림더루나 관악구 신림동
관악구,신림동,늘푸른,늘푸른,종로늘푸른약국,서울 관악구 신림동 1514,서울 관악구 신림로 137,37.47120044507562,126.93399570819298,3,늘푸른 관악구 신림동
관악구,남현동,팔라시오,팔라시오,팔라시오아파트,서울 관악구 남현동 1053-9,서울 관악구 남부순환로260길 48,37.4743240064725,126.971827710289,3,팔라시오 관악구 남현동
관악구,봉천동,새진3차,새진3차,새진3차아파트,서울 관악구 봉천동 1618-27,서울 관악구 남부순환로234길 58,37.47689793085522,126.95618335222905,3,새진3차 관악구 봉천동
관악구,남현동,플라워스위트101동102동,플라워스위트101동,플라워스위트아파트 101동,서울 관악구 남현동 1086-7,서울 관악구 남현1가길 43,37.47393695734155,126.97787039608676,3,플라워스위트101동 관악구 남현동
관악구,봉천동,로마아트빌,로마아트빌,봉천로마아트빌아파트,서울 관악구 봉천동 635-457,서울 관악구 국회단지15길 39,37.48961095923949,126.93941045368702,3,로마아트빌 관악구 봉천동
관악구,봉천동,관악중앙하이츠포레,관악중앙하이츠포레,관악중앙하이츠포레아파트,서울 관악구 봉천동 1737,서울 관악구 장군봉13길 14,37.47954594888475,126.93971140345896,3,관악중앙하이츠포레 관악구 봉천동
서초구,반포동,반포래미안아이파크,반포래미안아이파크,반포래미안아이파크아파트,서울 서초구 반포동 1341,서울 서초구 서초중앙로 220,37.501422672534254,127.0129094251818,3,반포래미안아이파크 서초구 반포동
서초구,반포동,반포미도,반포미도,반포미도1차아파트,서울 서초구 반포동 60-4,서울 서초구 서초중앙로29길 28,37.501353674137135,127.00878043670616,3,반포미도 서초구 반포동
서초구,서초동,래미안서초유니빌,래미안서초유니빌,래미안서초유니빌아파트,서울 서초구 서초동 1445-4,서울 서초구 서초중앙로 26,37.484698564940395,127.01696902827088,3,래미안서초유니빌 서초구 서초동
서초구,방배동,방배아이파크,방배아이파크,방배아이파크아파트,서울 서초구 방배동 3277,서울 서초구 동광로3길 18,37.49160413550485,126.9848386409981,3,방배아이파크 서초구 방배동
서초구,서초동,브라운스톤서초(1677-1),브라운스톤서초,브라운스톤서초오피스텔,서울 서초구 서초동 1677-1,서울 서초구 서초대로 334,37.494713068660666,127.01828756419464,3,브라운스톤서초 서초구 서초동
서초구,서초동,롯데캐슬쥬피터,롯데캐슬쥬피터,롯데캐슬쥬피터아파트,서울 서초구 서초동 1359-50,서울 서초구 서운로6길 15-20,37.48672495192928,127.03036597337103,3,롯데캐슬쥬피터 서초구 서초동
서초구,잠원동,신반포14,신반포14,14일의기적,서울 서초구 방배동 766-3,서울 서초구 방배중앙로27길 25,37.4951234055652,126.984349414203,2,신반포14 서초구
서초구,서초동,서초동삼성쉐르빌2,서초동삼성쉐르빌2,삼성쉐르빌II아파트,서울 서초구 서초동 1330,서울 서초구 강남대로53길 11,37.493958853256984,127.02788113071452,3,서초동삼성쉐르빌2 서초구 서초동
서초구,우면동,대림,대림,대림아파트,서울 서초구 우면동 57,서울 서초구 바우뫼로7길 51,37.472836656208166,127.02300766775946,3,대림 서초구 우면동
서초구,반포동,반포푸르지오,반포푸르지오,반포푸르지오아파트,서울 서초구 반포동 10,서울 서초구 신반포로15길 4,37.50388757530879,126.99645332559172,3,반포푸르지오 서초구 반포동
서초구,반포동,반포자이,반포자이,반포자이아파트,서울 서초구 반포동 20-43,서울 서초구 신반포로 270,37.507593627369744,127.01319324046412,3,반포자이 서초구 반포동
서초구,서초동,삼풍아파트,삼풍아파트,삼풍아파트,서울 서초구 서초동 1685,서울 서초구 서초중앙로 200,37.498545433330456,127.01561511197758,3,삼풍아파트 서초구 서초동
서초구,잠원동,대우아이빌,대우아이빌,대우아이빌아파트,서울 서초구 잠원동 42-13,서울 서초구 신반포로45길 23,37.51139337574741,127.01835497289554,3,대우아이빌 서초구 잠원동
서초구,방배동,루이스캐슬,루이스캐슬,루이스캐슬아파트,서울 서초구 방배동 478-8,서울 서초구 효령로4길 10,37.47671523858322,126.98710613145995,3,루이스캐슬 서초구 방배동
서초구,잠원동,신화,신화,신화아파트,서울 서초구 잠원동 54-7,서울 서초구 잠원로14길 54,37.51568642231548,127.0134242849822,3,신화 서초구 잠원동
서초구,방배동,삼성래미안1,삼성래미안1,서울서초 방배래미안아파트1 전기차충전소,서울 서초구 방배동 2626,서울 서초구 방배선행길 2,37.47236669716661,126.98485496283718,3,삼성래미안1 서초구 방배동
서초구,방배동,방배2차e-편한세상,방배2차e-편한세상,방배2차e편한세상아파트,서울 서초구 방배동 881-26,서울 서초구 서초대로33길 22,37.48988684384297,126.9968079104466,3,방배2차e-편한세상 서초구 방배동
서초구,서초동,신동아아파트(1차),신동아아파트,아크로드서초아파트 (2029년02월예정),서울 서초구 서초동 1333,서울 서초구 사임당로 130,37.4920451178417,127.023739516765,3,신동아아파트 서초구 서초동
서초구,방배동,방배대우유로카운티,방배대우유로카운티,방배대우유로카운티아파트,서울 서초구 방배동 847-34,서울 서초구 방배로28길 90,37.49113654490892,126.99694241801156,3,방배대우유로카운티 서초구 방배동
서초구,서초동,서초동아,서초동아,서초동아타워아파트,서울 서초구 서초동 1321-6,서울 서초구 서운로 138,37.49601733894278,127.02527644953784,3,서초동아 서초구 서초동
서초구,서초동,서초리젠,서초리젠,서초리젠아파트,서울 서초구 서초동 1444-19,서울 서초구 서초중앙로2길 41,37.484305303608,127.019687044988,3,서초리젠 서초구 서초동
서초구,서초동,서초롯데캐슬프레지던트,서초롯데캐슬프레지던트,서초롯데캐슬프레지던트아파트,서울 서초구 서초동 1681-8,서울 서초구 서초중앙로24길 57,37.49661308452995,127.01958171432294,3,서초롯데캐슬프레지던트 서초구 서초동
서초구,반포동,반포동피카소빌,반포동피카소빌,피카소빌아파트,서울 서초구 반포동 79-5,서울 서초구 동광로41길 32-1,37.496232680336306,127.0002419996322,3,반포동피카소빌 서초구 반포동
서초구,서초동,진흥아파트,진흥아파트,진흥아파트,서울 서초구 서초동 1315,서울 서초구 서초대로 385,37.49734416060013,127.02261259967716,3,진흥아파트 서초구 서초동
서초구,우면동,동고,동고,동고아파트,서울 서초구 우면동 59,서울 서초구 바우뫼로7길 29,37.47137600752853,127.02357019152484,3,동고 서초구 우면동
서초구,방배동,나스빌,나스빌,나스빌II아파트,서울 서초구 방배동 804-3,서울 서초구 방배로34길 74,37.49322140060515,126.99479156283684,3,나스빌 서초구 방배동
서초구,서초동,더미켈란,더미켈란,더미켈란아파트,서울 서초구 서초동 1494-4,서울 서초구 명달로 91,37.48530521491583,127.00330609275348,3,더미켈란 서초구 서초동
서초구,양재동,인랜드,인랜드,인랜드아파트,서울 서초구 양재동 363-3,서울 서초구 강남대로2길 96,37.468850819616186,127.04666401706008,3,인랜드 서초구 양재동
서초구,양재동,우성,우성,우성아파트,서울 서초구 양재동 154-2,서울 서초구 바우뫼로 91,37.4752100452811,127.030411056918,3,우성 서초구 양재동
서초구,잠원동,신반포8,신반포8,반포쇼핑타운 8동,서울 서초구 잠원동 69-22,서울 서초구 신반포로 219,37.507512998435224,127.0080640980258,3,신반포8 서초구 잠원동
서초구,서초동,경남아너스빌201동,경남아너스빌,서초경남아너스빌아파트,서울 서초구 서초동 1455-9,서울 서초구 남부순환로323길 56-18,37.4836897939778,127.014255239351,3,경남아너스빌 서초구 서초동
서초구,잠원동,신반포4,신반포4,신반포4차아파트 201동,서울 서초구 잠원동 70,서울 서초구 잠원로 37-48,37.50690410046299,127.0047083544783,3,신반포4 서초구 잠원동
서초구,서초동,서초삼성래미안,서초삼성래미안,서초래미안아파트,서울 서초구 서초동 1682,서울 서초구 서초대로65길 13-10,37.49855576783903,127.01888560295282,3,서초삼성래미안 서초구 서초동
서초구,서초동,풍림아이원플러스,풍림아이원플러스,풍림아이원플러스아파트,서울 서초구 서초동 1338-1,서울 서초구 효령로77길 14,37.490415647551934,127.02970710838365,3,풍림아이원플러스 서초구 서초동
서초구,서초동,서초자이,서초자이,서초그랑자이아파트,서울 서초구 서초동 1757,서울 서초구 효령로 391,37.4890757696272,127.026237493617,3,서초자이 서초구 서초동
서초구,잠원동,청구빌라트,청구빌라트,잠원빌라트,서울 서초구 잠원동 55-7,서울 서초구 잠원로 177,37.51880408970276,127.01157875783105,3,청구빌라트 서초구 잠원동
서초구,서초동,그린빌라트,그린빌라트,그린빌라트,서울 서초구 서초동 1488-5,서울 서초구 명달로8길 11,37.48190651700904,127.0057435671789,3,그린빌라트 서초구 서초동
서초구,방배동,방배신삼호,방배신삼호,방배신삼호아파트 관리사무소,서울 서초구 방배동 725,서울 서초구 방배로 270,37.4976304972182,126.988646160794,3,방배신삼호 서초구 방배동
서초구,양재동,해청,해청,해청아파트,서울 서초구 양재동 19,서울 서초구 바우뫼로39길 32-6,37.4810636252916,127.04036506449852,3,해청 서초구 양재동
서초구,서초동,현대슈퍼빌,현대슈퍼빌,현대슈퍼빌아파트,서울 서초구 서초동 1446-11,서울 서초구 서초중앙로 15,37.4827705107862,127.016226894701,3,현대슈퍼빌 서초구 서초동
서초구,방배동,써니힐즈,써니힐즈,써니힐즈아파트,서울 서초구 방배동 799-8,서울 서초구 방배로32길 109,37.49291334312266,126.99743536974108,3,써니힐즈 서초구 방배동
서초구,서초동,우성아파트,우성아파트,우성5차아파트,서울 서초구 서초동 1326-17,서울 서초구 서초대로74길 30,37.494849327925714,127.0266692242998,3,우성아파트 서초구 서초동
서초구,반포동,한신서래,한신서래,한신서래아파트,서울 서초구 반포동 70-1,서울 서초구 사평대로28길 31,37.49910148189759,127.00088661200806,3,한신서래 서초구 반포동
서초구,잠원동,한신,한신,한신메디피아의원,서울 서초구 잠원동 65-32,서울 서초구 잠원로 94,37.5128362173547,127.006723198147,3,한신 서초구 잠원동
서초구,방배동,포렛힐,포렛힐,포렛힐아파트,서울 서초구 방배동 803-4,서울 서초구 동광로 116,37.49381427413406,126.99504369072116,3,포렛힐 서초구 방배동
서초구,서초동,서초트라팰리스,서초트라팰리스,서초트라팰리스아파트,서울 서초구 서초동 1344-13,서울 서초구 효령로72길 57,37.4867974376295,127.028746844426,3,서초트라팰리스 서초구 서초동
서초구,잠원동,동아,동아,동아아파트,서울 서초구 잠원동 157,서울 서초구 신반포로33길 15,37.5087309956466,127.01015663069234,3,동아 서초구 잠원동
서초구,서초동,아크로비스타,아크로비스타,아크로비스타아파트,서울 서초구 서초동 1685-3,서울 서초구 서초중앙로 188,37.49819972879554,127.01331259059629,3,아크로비스타 서초구 서초동
서초구,방배동,방배3차e-편한세상,방배3차e-편한세상,방배3차e편한세상아파트,서울 서초구 방배동 797-30,서울 서초구 동광로 89-5,37.49430784155023,126.99174508423174,3,방배3차e-편한세상 서초구 방배동
서초구,잠원동,신반포2,신반포2,서울서초 래미안신반포팰리스2 전기차충전소,서울 서초구 잠원동 158,서울 서초구 잠원로8길 35,37.515109981927104,127.01151031962884,3,신반포2 서초구 잠원동
서초구,서초동,현대서초빌라트,현대서초빌라트,현대빌라트,서울 서초구 서초동 1495-1,서울 서초구 명달로17길 40,37.485544916024544,127.00177742627004,3,현대서초빌라트 서초구 서초동
서초구,서초동,서초교대e편한세상,서초교대e편한세상,서초교대e편한세상아파트,서울 서초구 서초동 1686-9,서울 서초구 서초중앙로24길 33,37.49644775198734,127.0166279102018,3,서초교대e편한세상 서초구 서초동
서초구,잠원동,신반포17,신반포17,삼풍아파트 17동,서울 서초구 서초동 1685,서울 서초구 서초중앙로 200,37.498138859425985,127.01719937357429,2,신반포17 서초구
서초구,우면동,서초네이처힐4단지,서초네이처힐4단지,서초네이처힐4단지아파트,서울 서초구 우면동 720,서울 서초구 태봉로2길 65,37.46363486025422,127.02623312241307,3,서초네이처힐4단지 서초구 우면동
서초구,서초동,서초대림빌라트,서초대림빌라트,서초대림빌라트,서울 서초구 서초동 1518-6,서울 서초구 명달로16길 17-4,37.4851393501458,127.005445317201,3,서초대림빌라트 서초구 서초동
서초구,서초동,서초현대타워아파트,서초현대타워아파트,서초현대타워아파트,서울 서초구 서초동 1319-13,서울 서초구 강남대로 375,37.49643844196523,127.027805155236,3,서초현대타워아파트 서초구 서초동
서초구,서초동,현대이에스에이아파트,현대이에스에이아파트,현대ESA아파트,서울 서초구 서초동 1338,서울 서초구 효령로77길 20,37.4908949489551,127.029485556386,3,현대이에스에이아파트 서초구 서초동
서초구,방배동,서초이에스에이3차,서초이에스에이3차,서초이에스에이3차아파트,서울 서초구 방배동 1006-1,서울 서초구 명달로 15,37.47898002792199,127.00597511195744,3,서초이에스에이3차 서초구 방배동
서초구,서초동,서초2차e-편한세상,서초2차e-편한세상,서초2차이편한세상아파트,서울 서초구 서초동 1529,서울 서초구 효령로49길 57,37.48622754706084,127.00905003135816,3,서초2차e-편한세상 서초구 서초동
서초구,잠원동,신반포11,신반포11,원베일리 인바이트 스카이11,서울 서초구 반포동 1,서울 서초구 반포대로 333,37.50871609251947,126.99768478631174,2,신반포11 서초구
서초구,서초동,서초4현대,서초4현대,팜스넷,서울 서초구 양재동 320-5,서울 서초구 언남길 15-8,37.47118208024856,127.04086393618329,2,서초4현대 서초구
서초구,반포동,반포경남아파트,반포경남아파트,서초경남아너스빌아파트,서울 서초구 서초동 1455-9,서울 서초구 남부순환로323길 56-18,37.4836897939778,127.014255239351,2,반포경남아파트 서초구
서초구,방배동,방배대우디오빌,방배대우디오빌,방배대우디오빌오피스텔,서울 서초구 방배동 866-20,서울 서초구 서초대로 17,37.48604573451775,126.98419979617174,3,방배대우디오빌 서초구 방배동
서초구,방배동,라온채,라온채,라온채아파트,서울 서초구 방배동 12-36,서울 서초구 사평대로6길 74,37.49497911432863,126.99207520993352,3,라온채 서초구 방배동
서초구,방배동,필그린빌라,필그린빌라,방배필그린아파트,서울 서초구 방배동 846-5,서울 서초구 동광로32길 54,37.49206009132904,126.99753377647022,3,필그린빌라 서초구 방배동
서초구,잠원동,아크로리버뷰신반포,아크로리버뷰신반포,아크로리버뷰신반포아파트,서울 서초구 잠원동 159,서울 서초구 잠원로 117,37.51478414452349,127.00744842033224,3,아크로리버뷰신반포 서초구 잠원동
서초구,방배동,방배아트e-편한세상106,방배아트e-편한세상106,방배아트e편한세상아파트 106동,서울 서초구 방배동 484-2,서울 서초구 효령로2길 73,37.47499836656533,126.99230116297768,3,방배아트e-편한세상106 서초구 방배동
서초구,반포동,반포리체,반포리체,반포리체아파트,서울 서초구 반포동 30-26,서울 서초구 고무래로 35,37.503767944552806,127.0133226268414,3,반포리체 서초구 반포동
서초구,잠원동,신반포18(49-17),신반포18,삼풍아파트 18동,서울 서초구 서초동 1685,서울 서초구 서초중앙로 200,37.497667762104655,127.01628892239928,2,신반포18 서초구
서초구,반포동,삼호가든맨션(5차),삼호가든맨션,삼호가든맨션5차아파트,서울 서초구 반포동 30-1,서울 서초구 서초중앙로 242,37.50394473449658,127.01148598619078,3,삼호가든맨션 서초구 반포동
서초구,서초동,래미안서초스위트,래미안서초스위트,래미안서초스위트아파트,서울 서초구 서초동 1301-6,서울 서초구 서운로 221,37.502256835232025,127.0204788848919,3,래미안서초스위트 서초구 서초동
서초구,서초동,서초두산위브트레지움,서초두산위브트레지움,서초두산위브트레지움아파트,서울 서초구 서초동 1310-4,서울 서초구 서운로 194,37.5004975754385,127.02316543159856,3,서초두산위브트레지움 서초구 서초동
서초구,반포동,래미안퍼스티지,래미안퍼스티지,래미안퍼스티지아파트,서울 서초구 반포동 18-1,서울 서초구 반포대로 275,37.5032064667979,126.999398337486,3,래미안퍼스티지 서초구 반포동
서초구,반포동,반포써밋,반포써밋,반포써밋아파트,서울 서초구 반포동 1342,서울 서초구 고무래로 89,37.501826566992705,127.01794210541436,3,반포써밋 서초구 반포동
서초구,잠원동,신반포7,신반포7,신반포 한신7차 아파트 전기차충전소,서울 서초구 잠원동 65-32,서울 서초구 잠원로 88,37.51153238750712,127.00795707876928,3,신반포7 서초구 잠원동
서초구,잠원동,한신로얄,한신로얄,한신로얄아파트,서울 서초구 잠원동 63-34,서울 서초구 신반포로33길 64,37.51358207309181,127.00931122440842,3,한신로얄 서초구 잠원동
서초구,반포동,반포미도2차아파트,반포미도2차아파트,반포미도2차아파트,서울 서초구 반포동 60-5,서울 서초구 사평대로 240,37.502362889175714,127.007495816308,3,반포미도2차아파트 서초구 반포동
서초구,서초동,서초자연인아파트(102동),서초자연인아파트,서초자연인아파트(102동),서울 서초구 서초동 1344-22,서울 서초구 서운로9길 18,37.4871851566157,127.027548447841,3,서초자연인아파트 서초구 서초동
서초구,서초동,아이파크빌,아이파크빌,아이파크빌아파트,서울 서초구 서초동 1477-1,서울 서초구 반포대로5길 65,37.48139460061237,127.00817661307866,3,아이파크빌 서초구 서초동
서초구,우면동,코오롱,코오롱,우면코오롱아파트,서울 서초구 우면동 70,서울 서초구 바우뫼로 53,37.47259418890746,127.02765614013845,3,코오롱 서초구 우면동
서초구,서초동,더샵서초,더샵서초,더샵서초아파트,서울 서초구 서초동 1445-14,서울 서초구 서초중앙로2길 21,37.483973020490595,127.01851786096024,3,더샵서초 서초구 서초동
서초구,우면동,한라,한라,우면한라아파트,서울 서초구 우면동 67,서울 서초구 바우뫼로 33,37.471551218330035,127.02589335713223,3,한라 서초구 우면동
서초구,서초동,서초롯데캐슬84,서초롯데캐슬84,서초롯데캐슬84아파트,서울 서초구 서초동 1642-14,서울 서초구 사임당로17길 90,37.492490287746705,127.01826440657835,3,서초롯데캐슬84 서초구 서초동
서초구,잠원동,롯데캐슬갤럭시(50-1),롯데캐슬갤럭시,롯데캐슬갤럭시1차아파트,서울 서초구 잠원동 50,서울 서초구 잠원로14길 3,37.52018385073389,127.01643408469133,3,롯데캐슬갤럭시 서초구 잠원동
서초구,방배동,신동아,신동아,방배신동아럭스빌아파트,서울 서초구 방배동 1026-14,서울 서초구 방배로1길 9,37.47533288683008,127.00111243603546,3,신동아 서초구 방배동
서초구,서초동,서초이오빌,서초이오빌,서초이오빌아파트,서울 서초구 서초동 1593-7,서울 서초구 효령로53길 45,37.48650830311589,127.01290798906814,3,서초이오빌 서초구 서초동
서초구,서초동,롯데캐슬클래식,롯데캐슬클래식,서초롯데캐슬클래식아파트,서울 서초구 서초동 1312-3,서울 서초구 서운로 197,37.5004653985854,127.02180268328964,3,롯데캐슬클래식 서초구 서초동
서초구,양재동,신영체르니,신영체르니,신영체르니아파트,서울 서초구 양재동 90,서울 서초구 논현로27길 57,37.4790341591151,127.04150133642804,3,신영체르니 서초구 양재동
서초구,양재동,양재한신휴플러스,양재한신휴플러스,양재한신휴플러스아파트,서울 서초구 양재동 12-10,서울 서초구 강남대로 224,37.484157588792414,127.03503228774314,3,양재한신휴플러스 서초구 양재동
서초구,서초동,서초동현대리츠빌,서초동현대리츠빌,서초현대리츠빌아파트,서울 서초구 서초동 1359,서울 서초구 강남대로43길 51,37.486753969094664,127.02963781658936,3,서초동현대리츠빌 서초구 서초동
서초구,잠원동,대주피오레아파트,대주피오레아파트,대주피오레아파트,서울 서초구 잠원동 31-14,서울 서초구 강남대로95길 56,37.51293610881426,127.01692338903536,3,대주피오레아파트 서초구 잠원동
서초구,서초동,서초쌍용플래티넘,서초쌍용플래티넘,서초쌍용플래티넘아파트,서울 서초구 서초동 1445-13,서울 서초구 서초중앙로 18,37.48405338902754,127.01733973745542,3,서초쌍용플래티넘 서초구 서초동
서초구,서초동,서초푸르지오써밋,서초푸르지오써밋,서초푸르지오써밋아파트,서울 서초구 서초동 1311-10,서울 서초구 서운로 201,37.50116115047685,127.0208314307178,3,서초푸르지오써밋 서초구 서초동
서초구,서초동,현대성우주상복합아파트,현대성우주상복합아파트,현대성우아파트,서울 서초구 서초동 1316-15,서울 서초구 강남대로61길 23,37.49847189578696,127.02425044404347,3,현대성우주상복합아파트 서초구 서초동
서초구,서초동,더샾오데움(103동),더샾오데움,서초더샵오데움1단지아파트,서울 서초구 서초동 1483-18,서울 서초구 효령로46길 21,37.48256219650968,127.00965560871826,3,더샾오데움 서초구 서초동
서초구,방배동,동부센트레빌,동부센트레빌,방배동동부센트레빌아파트,서울 서초구 방배동 3275,서울 서초구 방배로 278,37.497623230729054,126.98805359106323,3,동부센트레빌 서초구 방배동
서초구,서초동,서린,서린,서린아파트,서울 서초구 서초동 1456-1,서울 서초구 반포대로10길 30,37.48380520609408,127.0135497343918,3,서린 서초구 서초동
서초구,방배동,방배아트e-편한세상102,방배아트e-편한세상102,방배아트e편한세상아파트 102동,서울 서초구 방배동 484-2,서울 서초구 효령로2길 73,37.4754226334695,126.9907816928156,3,방배아트e-편한세상102 서초구 방배동
서초구,양재동,동원그린,동원그린,동원그린아파트,서울 서초구 양재동 362-6,서울 서초구 강남대로2길 72,37.46818803294217,127.04575022836384,3,동원그린 서초구 양재동
서초구,잠원동,월드메르디앙,월드메르디앙,잠원동월드메르디앙아파트,서울 서초구 잠원동 33-11,서울 서초구 신반포로45길 71,37.51262261669772,127.01651838923875,3,월드메르디앙 서초구 잠원동
서초구,우면동,서초호반써밋,서초호반써밋,서초호반써밋아파트,서울 서초구 우면동 753,서울 서초구 양재대로2길 109,37.456436139336354,127.01325093276928,3,서초호반써밋 서초구 우면동
서초구,방배동,방배아트자이,방배아트자이,방배아트자이아파트,서울 서초구 방배동 3278,서울 서초구 명달로9길 57,37.4799784742221,127.00233354686362,3,방배아트자이 서초구 방배동
서초구,방배동,롯데캐슬아르떼,롯데캐슬아르떼,방배롯데캐슬아르떼아파트,서울 서초구 방배동 424-28,서울 서초구 방배천로18길 11,37.48332191189142,126.98365539899297,3,롯데캐슬아르떼 서초구 방배동
서초구,잠원동,금호베스트빌,금호베스트빌,금호베스트빌아파트,서울 서초구 잠원동 58,서울 서초구 나루터로 46,37.51461594532797,127.01414800793478,3,금호베스트빌 서초구 잠원동
서초구,방배동,방배임광3차,방배임광3차,임광3차아파트,서울 서초구 방배동 1011-1,서울 서초구 방배로2길 24-6,37.476270812038294,127.0027178146849,3,방배임광3차 서초구 방배동
서초구,서초동,서초동프레스티지아파트,서초동프레스티지아파트,프레스티지아파트,서울 서초구 서초동 1344-4,서울 서초구 서운로11길 17,37.48754283617558,127.02763677443816,3,서초동프레스티지아파트 서초구 서초동
서초구,서초동,갤러리하우스,갤러리하우스,갤러리하우스,서울 서초구 서초동 1562-2,서울 서초구 사임당로1길 58,37.48970874555343,127.01232507738538,3,갤러리하우스 서초구 서초동
서초구,방배동,한신휴플러스,한신휴플러스,한신휴플러스아파트,서울 서초구 방배동 3000-1,서울 서초구 동작대로 112,37.48647531466033,126.98276372648117,3,한신휴플러스 서초구 방배동
서초구,방배동,방배롯데캐슬로제,방배롯데캐슬로제,방배롯데캐슬로제아파트,서울 서초구 방배동 849-30,서울 서초구 방배로26길 41,37.49017960188491,126.99484265771494,3,방배롯데캐슬로제 서초구 방배동
서초구,잠원동,롯데캐슬갤럭시,롯데캐슬갤럭시,롯데캐슬갤럭시1차아파트,서울 서초구 잠원동 50,서울 서초구 잠원로14길 3,37.52018385073389,127.01643408469133,3,롯데캐슬갤럭시 서초구 잠원동
서초구,서초동,극동스타클래스2,극동스타클래스2,서초극동스타클래스2아파트,서울 서초구 서초동 1615-10,서울 서초구 효령로67길 35,37.48869083068488,127.02290850259176,3,극동스타클래스2 서초구 서초동
서초구,방배동,브라운스톤방배,브라운스톤방배,브라운스톤방배아파트,서울 서초구 방배동 899-16,서울 서초구 서초대로26길 19,37.48680443831375,126.99512443336798,3,브라운스톤방배 서초구 방배동
서초구,반포동,아크로리버파크,아크로리버파크,아크로리버파크아파트,서울 서초구 반포동 2-12,서울 서초구 신반포로15길 19,37.5061984996303,126.9929957807274,3,아크로리버파크 서초구 반포동
서초구,방배동,래미안방배아트힐(1008-2),래미안방배아트힐,방배래미안아트힐아파트,서울 서초구 방배동 1008-2,서울 서초구 남부순환로 2311-12,37.477675406635306,127.00511465214284,3,래미안방배아트힐 서초구 방배동
서초구,잠원동,빌폴라리스,빌폴라리스,빌폴라리스아파트,서울 서초구 잠원동 49-5,서울 서초구 잠원로 221-25,37.52245534966912,127.01591760849216,3,빌폴라리스 서초구 잠원동
서초구,서초동,현대ESA2,현대ESA2,현대ESA2오피스텔,서울 서초구 서초동 1542-6,서울 서초구 반포대로 122,37.4910695969497,127.00859944166,3,현대ESA2 서초구 서초동
서초구,양재동,비젼(102),비젼,비젼아파트,서울 서초구 양재동 17-35,서울 서초구 바우뫼로39길 39,37.48090158740716,127.03994212984946,3,비젼 서초구 양재동
서초구,방배동,서초훼미리하우스,서초훼미리하우스,훼미리하우스아파트,서울 서초구 방배동 917-4,서울 서초구 효령로 89,37.48063427974009,126.99400327484037,3,서초훼미리하우스 서초구 방배동
서초구,방배동,방배비젼21빌라트,방배비젼21빌라트,이젤비젼2차오피스텔,서울 서초구 방배동 849-2,서울 서초구 방배로28길 46,37.490838219416325,126.99442423194594,3,방배비젼21빌라트 서초구 방배동
서초구,서초동,서초한신리빙타워,서초한신리빙타워,서초한신리빙타워아파트,서울 서초구 서초동 1533,서울 서초구 효령로 237,37.48420200634428,127.00996788136509,3,서초한신리빙타워 서초구 서초동
서초구,반포동,반포두산힐스빌,반포두산힐스빌,반포두산힐스빌아파트,서울 서초구 반포동 54-5,서울 서초구 고무래로10길 16,37.50136078776386,127.0099701619426,3,반포두산힐스빌 서초구 반포동
서초구,방배동,방배브라운가,방배브라운가,방배브라운가아파트,서울 서초구 방배동 930-1,서울 서초구 방배로19길 67,37.48352459349134,126.99194074218283,3,방배브라운가 서초구 방배동
서초구,서초동,아남,아남,아남아파트,서울 서초구 서초동 1641-13,서울 서초구 사임당로23길 53,37.49300524749504,127.02078393370854,3,아남 서초구 서초동
서초구,서초동,대림서초리시온,대림서초리시온,대림서초리시온,서울 서초구 서초동 1671-5,서울 서초구 서초중앙로22길 25,37.49348179944,127.015433130047,3,대림서초리시온 서초구 서초동
서초구,서초동,롯데캐슬메디치,롯데캐슬메디치,서초롯데캐슬메디치아파트,서울 서초구 서초동 1656-4,서울 서초구 서초중앙로 110,37.49161503104921,127.01449646857762,3,롯데캐슬메디치 서초구 서초동
서초구,잠원동,신반포청구,신반포청구,신반포청구아파트,서울 서초구 잠원동 63-2,서울 서초구 신반포로33길 66,37.51414076020647,127.00845165056084,3,신반포청구 서초구 잠원동
서초구,방배동,방배롯데캐슬OSCAR,방배롯데캐슬OSCAR,서초롯데캐슬오스카아파트,서울 서초구 방배동 1-21,서울 서초구 동광로27길 15,37.49461974586568,126.9944047269721,3,방배롯데캐슬OSCAR 서초구 방배동
서초구,잠원동,신반포10,신반포10,반포한강공원 음수대10,서울 서초구 반포동 1335-2,,37.5065757711673,126.9896061522696,2,신반포10 서초구
서초구,방배동,방배어울림,방배어울림,방배어울림아파트,서울 서초구 방배동 998,서울 서초구 명달로1길 51,37.4781079455368,127.0036494677892,3,방배어울림 서초구 방배동
서초구,서초동,서초파라곤,서초파라곤,서초파라곤오피스텔,서울 서초구 서초동 1327-29,서울 서초구 서초대로74길 29,37.49494195973616,127.02742012165778,3,서초파라곤 서초구 서초동
서초구,반포동,반포훼미리(104동),반포훼미리,"반포훼밀리아파트(103,104동)",서울 서초구 반포동 702-1,서울 서초구 주흥17길 25,37.50879776122594,127.01715997079287,3,반포훼미리 서초구 반포동
서초구,서초동,애지앙,애지앙,애지앙아파트,서울 서초구 서초동 1466-4,서울 서초구 명달로4길 82,37.48070155471538,127.01034503852787,3,애지앙 서초구 서초동
서초구,서초동,서초화원그랑빌,서초화원그랑빌,화원그랑빌아파트,서울 서초구 서초동 1510-15,서울 서초구 반포대로21길 27,37.48737006732757,127.00848481628708,3,서초화원그랑빌 서초구 서초동
서초구,양재동,휴먼씨티,휴먼씨티,휴먼시티빌라트,서울 서초구 양재동 376-7,서울 서초구 동산로10길 9,37.47122119460201,127.04481153223033,3,휴먼씨티 서초구 양재동
서초구,방배동,대우(효령),대우,미래에셋증권 방배WM,서울 서초구 방배동 924-20,서울 서초구 방배로 103,37.48327973028192,126.99611962926754,3,대우 서초구 방배동
서초구,서초동,서초한일유앤아이주상복합,서초한일유앤아이주상복합,서초한일유앤아이아파트,서울 서초구 서초동 1303-10,서울 서초구 사평대로56길 7,37.50321853321452,127.02356888858064,3,서초한일유앤아이주상복합 서초구 서초동
서초구,서초동,서초중흥S-클래스(도시형생활주택),서초중흥S-클래스,서초중흥S클래스,서울 서초구 서초동 1451-89,서울 서초구 효령로52길 63,37.481556305662366,127.01339669483028,3,서초중흥S-클래스 서초구 서초동
서초구,방배동,청광아트빌(14차),청광아트빌,청광아트빌,서울 서초구 방배동 857-4,서울 서초구 방배중앙로 100-3,37.488348335275056,126.9887945594569,3,청광아트빌 서초구 방배동
서초구,서초동,스위트빌,스위트빌,스위트빌아파트,서울 서초구 서초동 1513-5,서울 서초구 명달로20길 39,37.48626466715318,127.00629793848508,3,스위트빌 서초구 서초동
서초구,방배동,프레스턴(1-62),프레스턴,프레스턴,서울 서초구 방배동 828-14,서울 서초구 방배천로30길 12,37.48838414460875,126.98657834080312,3,프레스턴 서초구 방배동
서초구,서초동,현대빌라트,현대빌라트,현대빌라트,서울 서초구 서초동 1495-1,서울 서초구 명달로17길 40,37.485544916024544,127.00177742627004,3,현대빌라트 서초구 서초동
서초구,방배동,임광,임광,"임광1,2차아파트",서울 서초구 방배동 1015,서울 서초구 방배로 14,37.47706640800561,127.00251886660158,3,임광 서초구 방배동
서초구,잠원동,신반포22,신반포22,삼풍아파트 22동,서울 서초구 서초동 1685,서울 서초구 서초중앙로 200,37.49722172172047,127.01659189447052,2,신반포22 서초구
서초구,서초동,N-Suite(1513-2),N-Suite,방배엔스위트아파트,서울 서초구 방배동 481-11,서울 서초구 효령로2길 30,37.475876488815715,126.98796208874244,2,N-Suite 서초구
서초구,내곡동,서초포레스타2단지,서초포레스타2단지,서초포레스타2단지아파트,서울 서초구 내곡동 384,서울 서초구 헌릉로8길 45,37.45539849140569,127.06099707238414,3,서초포레스타2단지 서초구 내곡동
서초구,신원동,서초포레스타3단지,서초포레스타3단지,서초포레스타3단지아파트,서울 서초구 신원동 568,서울 서초구 헌릉로8길 22,37.454987764019585,127.0589566954058,3,서초포레스타3단지 서초구 신원동
서초구,내곡동,서초더샵포레,서초더샵포레,서초더샵포레아파트,서울 서초구 내곡동 411,서울 서초구 헌릉로8길 58,37.45200020112929,127.06378357970566,3,서초더샵포레 서초구 내곡동
서초구,방배동,서리풀e편한세상,서리풀e편한세상,방배서리풀e편한세상아파트,서울 서초구 방배동 906-13,서울 서초구 효령로33길 50,37.48390688409776,126.99832211005214,3,서리풀e편한세상 서초구 방배동
서초구,방배동,방배우성,방배우성,방배우성아파트,서울 서초구 방배동 2525,서울 서초구 방배선행길 1,37.474408973271835,126.98257657209508,3,방배우성 서초구 방배동
서초구,우면동,서초네이처힐3단지,서초네이처힐3단지,서초네이처힐3단지아파트,서울 서초구 우면동 717,서울 서초구 태봉로2길 60,37.46378930967675,127.02849839889971,3,서초네이처힐3단지 서초구 우면동
서초구,서초동,서초코아,서초코아,서초코아아파트,서울 서초구 서초동 1465-7,서울 서초구 남부순환로317길 18-16,37.4803131535924,127.011075352226,3,서초코아 서초구 서초동
서초구,반포동,선데일,선데일,선데일아파트,서울 서초구 반포동 612-115,서울 서초구 동광로27길 67,37.49625953127841,126.99348749355168,3,선데일 서초구 반포동
서초구,잠원동,두산위브,두산위브,잠원위브아파트,서울 서초구 잠원동 76-2,서울 서초구 반포대로 310,37.506814092043605,127.0006424074306,3,두산위브 서초구 잠원동
서초구,잠원동,래미안신반포팰리스,래미안신반포팰리스,래미안신반포팰리스아파트,서울 서초구 잠원동 158,서울 서초구 잠원로8길 35,37.51530094587001,127.01200125809991,3,래미안신반포팰리스 서초구 잠원동
서초구,반포동,한신상가,한신상가,한신종합상가,서울 서초구 반포동 885,서울 서초구 신반포로 27-6,37.5021714762429,126.9877271589,3,한신상가 서초구 반포동
서초구,반포동,삼정,삼정,삼정보석,서울 서초구 반포동 18-3,서울 서초구 반포대로 287,37.50442282437663,127.00058244590576,3,삼정 서초구 반포동
서초구,잠원동,신반포자이,신반포자이,신반포자이아파트,서울 서초구 잠원동 160,서울 서초구 잠원로 60,37.510100663612334,127.00835958008012,3,신반포자이 서초구 잠원동
서초구,서초동,현대아파트,현대아파트,현대아파트,서울 서초구 서초동 1346,서울 서초구 효령로72길 14,37.485958781909595,127.023880057011,3,현대아파트 서초구 서초동
서초구,잠원동,브라운스톤잠원,브라운스톤잠원,브라운스톤잠원아파트,서울 서초구 잠원동 67-2,서울 서초구 잠원로 46-38,37.50812111357931,127.00894183396362,3,브라운스톤잠원 서초구 잠원동
서초구,방배동,방배아크로리버,방배아크로리버,방배아크로리버아파트,서울 서초구 방배동 752-36,서울 서초구 방배중앙로 207-10,37.49778140074658,126.98454336789769,3,방배아크로리버 서초구 방배동
서초구,방배동,쌍용예가클래식,쌍용예가클래식,쌍용예가클래식아파트,서울 서초구 방배동 776-3,서울 서초구 방배로37길 26-9,37.493611903381755,126.98761547965576,3,쌍용예가클래식 서초구 방배동
서초구,서초동,유원서초,유원서초,유원서초아파트,서울 서초구 서초동 1687,서울 서초구 서초중앙로24길 43,37.4962997450762,127.01826533428566,3,유원서초 서초구 서초동
서초구,서초동,서초한신,서초한신,서초한신리빙타워아파트,서울 서초구 서초동 1533,서울 서초구 효령로 237,37.48420200634428,127.00996788136509,3,서초한신 서초구 서초동
서초구,방배동,리베하임,리베하임,리베하임아파트,서울 서초구 방배동 488-2,서울 서초구 효령로2길 132,37.47437312633665,126.99329720639334,3,리베하임 서초구 방배동
서초구,잠원동,미주파스텔,미주파스텔,미주파스텔아파트,서울 서초구 잠원동 54,서울 서초구 잠원로 166-4,37.5172688366124,127.010985794475,3,미주파스텔 서초구 잠원동
서초구,양재동,한솔로이젠트,한솔로이젠트,한솔로이젠트아파트,서울 서초구 양재동 11-17,서울 서초구 남부순환로 2614,37.48447425115661,127.03665606636844,3,한솔로이젠트 서초구 양재동
서초구,잠원동,킴스빌리지,킴스빌리지,킴스빌리지아파트,서울 서초구 잠원동 71-12,서울 서초구 잠원로3길 6,37.510843208978734,127.00648775894568,3,킴스빌리지 서초구 잠원동
서초구,방배동,다솔,다솔,다솔아파트,서울 서초구 방배동 449-2,서울 서초구 방배천로4길 36,37.47750869136436,126.98432143277188,3,다솔 서초구 방배동
서초구,서초동,래미안서초에스티지S,래미안서초에스티지S,래미안서초에스티지S아파트,서울 서초구 서초동 1754,서울 서초구 서운로 104,37.49333739191532,127.02687336071624,3,래미안서초에스티지S 서초구 서초동
서초구,서초동,동원베네스트아파트,동원베네스트아파트,동원베네스트아파트,서울 서초구 서초동 1350-13,서울 서초구 효령로74길 57,37.48542842875245,127.02650758039992,3,동원베네스트아파트 서초구 서초동
서초구,양재동,현대,현대,현대자동차,서울 서초구 양재동 231,서울 서초구 헌릉로 12,37.46436259318182,127.04266314722466,3,현대 서초구 양재동
서초구,서초동,서초1차e-편한세상,서초1차e-편한세상,서초1차e편한세상아파트,서울 서초구 서초동 1487-63,서울 서초구 명달로6길 31,37.48119286588855,127.00672940683324,3,서초1차e-편한세상 서초구 서초동
서초구,잠원동,한강,한강,잠원 한강공원 수영장,서울 서초구 잠원동 121,,37.5195178349586,127.009922804923,3,한강 서초구 잠원동
서초구,잠원동,한신타운,한신타운,한신타운아파트,서울 서초구 잠원동 60-4,서울 서초구 나루터로4길 70-5,37.50948772433283,127.0114189731164,3,한신타운 서초구 잠원동
서초구,우면동,서초네이처힐6단지,서초네이처힐6단지,서초네이처힐6단지아파트,서울 서초구 우면동 737,서울 서초구 태봉로2길 30,37.46145075026605,127.02649007127422,3,서초네이처힐6단지 서초구 우면동
서초구,방배동,파라다이스(477-7),파라다이스,파라다이스아파트,서울 서초구 방배동 477-7,서울 서초구 효령로4길 13,37.47697928253419,126.98755491413574,3,파라다이스 서초구 방배동
서초구,서초동,경남아너스빌,경남아너스빌,서초경남아너스빌아파트,서울 서초구 서초동 1455-9,서울 서초구 남부순환로323길 56-18,37.4836897939778,127.014255239351,3,경남아너스빌 서초구 서초동
서초구,잠원동,신반포19,신반포19,삼풍아파트 19동,서울 서초구 서초동 1685,서울 서초구 서초중앙로 200,37.49739038674552,127.01528126869952,2,신반포19 서초구
서초구,방배동,방배2차현대홈타운,방배2차현대홈타운,방배현대홈타운2차아파트,서울 서초구 방배동 2001,서울 서초구 서초대로1길 34,37.49014438320872,126.98392981497108,3,방배2차현대홈타운 서초구 방배동
서초구,서초동,오로라빌,오로라빌,오로라빌아파트,서울 서초구 서초동 1523-9,서울 서초구 반포대로21길 43,37.48666818719181,127.008412372412,3,오로라빌 서초구 서초동
서초구,서초동,서초한빛삼성,서초한빛삼성,서초한빛삼성아파트,서울 서초구 서초동 1509-1,서울 서초구 서초대로40길 72,37.48794674926806,127.0079557071318,3,서초한빛삼성 서초구 서초동
서초구,우면동,서초힐스,서초힐스,서초힐스아파트,서울 서초구 우면동 773,서울 서초구 양재대로2길 90,37.457401386283784,127.01807050797792,3,서초힐스 서초구 우면동
서초구,서초동,서초벽산블루밍,서초벽산블루밍,서초벽산블루밍아파트,서울 서초구 서초동 1347-20,서울 서초구 효령로74길 56,37.4858141658649,127.0260328301148,3,서초벽산블루밍 서초구 서초동
서초구,방배동,삼호2,삼호2,삼호1차아파트 2동,서울 서초구 방배동 770-1,서울 서초구 방배로43길 5,37.495467030840416,126.9871854587408,3,삼호2 서초구 방배동
서초구,방배동,방배삼성홈타운(101),방배삼성홈타운,방배삼성홈타운아파트,서울 서초구 방배동 877-4,서울 서초구 서초대로27길 20,37.48912181187429,126.99468555866356,3,방배삼성홈타운 서초구 방배동
서초구,방배동,월드빌라트(999),월드빌라트,월드빌라트아파트(798-5번지),서울 서초구 방배동 798-5,서울 서초구 동광로 126,37.49391522920973,126.99618240414102,3,월드빌라트 서초구 방배동
서초구,서초동,래미안서초7차,래미안서초7차,래미안서초7차아파트,서울 서초구 서초동 1642-34,서울 서초구 사임당로17길 80,37.492032688406425,127.01752250605358,3,래미안서초7차 서초구 서초동
서초구,방배동,방배대성유니드아파트,방배대성유니드아파트,대성유니드아파트,서울 서초구 반포동 48-2,서울 서초구 고무래로10길 28,37.50018589742766,127.00971216075077,2,방배대성유니드아파트 서초구
서초구,반포동,반포에스케이뷰,반포에스케이뷰,반포에스케이뷰아파트,서울 서초구 반포동 112-15,서울 서초구 사평대로14길 12,37.49751915475868,126.99378932346488,3,반포에스케이뷰 서초구 반포동
서초구,방배동,한신트리플,한신트리플,한신트리플아파트,서울 서초구 방배동 816-1,서울 서초구 방배로33길 29,37.49126944930648,126.98930296715238,3,한신트리플 서초구 방배동
서초구,반포동,반포훼미리(101동),반포훼미리,"반포훼밀리아파트(103,104동)",서울 서초구 반포동 702-1,서울 서초구 주흥17길 25,37.50879776122594,127.01715997079287,3,반포훼미리 서초구 반포동
서초구,방배동,황실자이,황실자이,LG황실자이아파트,서울 서초구 방배동 883-9,서울 서초구 서초대로 156,37.48883721088123,126.99930347160756,3,황실자이 서초구 방배동
서초구,서초동,강남태영데시앙루브,강남태영데시앙루브,강남태영데시앙루브오피스텔,서울 서초구 서초동 1303-35,서울 서초구 강남대로 455,37.50284531837734,127.024543640769,3,강남태영데시앙루브 서초구 서초동
서초구,방배동,벨루체팰리스,벨루체팰리스,벨루체팰리스아파트,서울 서초구 방배동 808-10,서울 서초구 동광로24길 22,37.492130194938184,126.99311356472928,3,벨루체팰리스 서초구 방배동
서초구,서초동,서초동대우디오빌프라임,서초동대우디오빌프라임,서초대우디오빌프라임아파트,서울 서초구 서초동 1337-22,서울 서초구 강남대로 321,37.49157968283006,127.02996990784754,3,서초동대우디오빌프라임 서초구 서초동
서초구,방배동,방배현대빌라트(999-2),방배현대빌라트,현대빌라트,서울 서초구 방배동 999-2,서울 서초구 명달로 5-121,37.47874760383554,127.00520743243904,3,방배현대빌라트 서초구 방배동
서초구,잠원동,신반포16,신반포16,삼풍아파트 16동,서울 서초구 서초동 1685,서울 서초구 서초중앙로 200,37.49781212589089,127.01474532547653,2,신반포16 서초구
서초구,방배동,상지리츠빌7차,상지리츠빌7차,상지리츠빌7차아파트,서울 서초구 방배동 840-12,서울 서초구 방배로28길 51,37.49120493527144,126.99454858868266,3,상지리츠빌7차 서초구 방배동
서초구,서초동,서초우방유쉘,서초우방유쉘,서초우방유쉘아파트,서울 서초구 서초동 1560-9,서울 서초구 서초대로46길 62,37.48975210519341,127.01120791171576,3,서초우방유쉘 서초구 서초동
서초구,방배동,코트빌,코트빌,코트빌,서울 서초구 방배동 804-9,서울 서초구 방배로32길 67-7,37.49275468311859,126.99488884292494,3,코트빌 서초구 방배동
서초구,서초동,서초레몬,서초레몬,서초레몬오피스텔,서울 서초구 서초동 1600-11,서울 서초구 서초중앙로 45,37.4857862915324,127.0154417230222,3,서초레몬 서초구 서초동
서초구,잠원동,블루힐하우스,블루힐하우스,블루힐하우스아파트,서울 서초구 잠원동 71-1,서울 서초구 잠원로 85,37.51192444120823,127.00597660613415,3,블루힐하우스 서초구 잠원동
서초구,잠원동,잠원현대훼밀리,잠원현대훼밀리,잠원현대훼밀리아파트,서울 서초구 잠원동 59-3,서울 서초구 신반포로 261,37.50883528313542,127.01254085497868,3,잠원현대훼밀리 서초구 잠원동
서초구,반포동,반포힐스테이트,반포힐스테이트,반포힐스테이트아파트,서울 서초구 반포동 16-6,서울 서초구 신반포로16길 15-20,37.50126025229706,126.99679272443385,3,반포힐스테이트 서초구 반포동
서초구,잠원동,현대,현대,현대자동차블루핸즈 잠원점,서울 서초구 잠원동 71-5,서울 서초구 신반포로23길 78-9,37.51172533534218,127.00564971013256,3,현대 서초구 잠원동
서초구,서초동,서초래미안,서초래미안,서초래미안아파트,서울 서초구 서초동 1682,서울 서초구 서초대로65길 13-10,37.49855576783903,127.01888560295282,3,서초래미안 서초구 서초동
서초구,잠원동,신반포9,신반포9,블렌딩나인커피,서울 서초구 반포동 1141,서울 서초구 신반포로 23,37.5016767909714,126.987412843694,2,신반포9 서초구
서초구,서초동,우정에쉐르,우정에쉐르,우정에쉐르아파트,서울 서초구 서초동 1355-24,서울 서초구 서운로3길 29,37.48466029334892,127.02855155119354,3,우정에쉐르 서초구 서초동
서초구,신원동,서초포레스타5단지,서초포레스타5단지,서초포레스타5단지아파트,서울 서초구 신원동 579,서울 서초구 청계산로7길 43,37.45174026240253,127.05763749946588,3,서초포레스타5단지 서초구 신원동
서초구,서초동,래미안서초에스티지,래미안서초에스티지,래미안서초에스티지아파트,서울 서초구 서초동 1332-13,서울 서초구 서운로 107,37.49295935342957,127.02512615469004,3,래미안서초에스티지 서초구 서초동
서초구,방배동,삼호한숲,삼호한숲,삼호한숲아파트,서울 서초구 방배동 1030-1,서울 서초구 방배로3길 10-3,37.47775840530888,126.99892370596228,3,삼호한숲 서초구 방배동
서초구,방배동,한진로즈힐,한진로즈힐,방배한진로즈힐아파트,서울 서초구 방배동 3276,서울 서초구 서초대로1길 2,37.48682500790445,126.98347824700272,3,한진로즈힐 서초구 방배동
서초구,방배동,방배래미안타워,방배래미안타워,방배래미안타워아파트,서울 서초구 방배동 485-3,서울 서초구 남부순환로 2183,37.475047788414024,126.99046745425962,3,방배래미안타워 서초구 방배동
서초구,방배동,삼호1동~3동,삼호,삼호침례교회,서울 서초구 방배동 777-7,서울 서초구 방배로37길 48-23,37.493673085223,126.986814862585,3,삼호 서초구 방배동
서초구,잠원동,한신타워,한신타워,반포한신타워아파트,서울 서초구 잠원동 71-11,서울 서초구 잠원로3길 8,37.51127930054718,127.00638826285102,3,한신타워 서초구 잠원동
서초구,방배동,롯데캐슬헤론,롯데캐슬헤론,방배롯데캐슬헤론아파트,서울 서초구 방배동 754-1,서울 서초구 동광로1길 112,37.4967182248624,126.98463405476,3,롯데캐슬헤론 서초구 방배동
서초구,양재동,우성KBS(113동),우성KBS,양재우성KBS아파트 전기차충전소,서울 서초구 양재동 154-2,서울 서초구 바우뫼로 91,37.475040289972654,127.03179926666378,3,우성KBS 서초구 양재동
서초구,잠원동,강변,강변,강변아파트,서울 서초구 잠원동 53-15,서울 서초구 잠원로 166-17,37.51764889394214,127.01264639673283,3,강변 서초구 잠원동
서초구,신원동,서초포레스타6단지,서초포레스타6단지,서초포레스타6단지아파트,서울 서초구 신원동 619,서울 서초구 청계산로9길 1-12,37.45001302604888,127.0557454447634,3,서초포레스타6단지 서초구 신원동
서초구,방배동,신호,신호,신호나이스아파트,서울 서초구 방배동 890-8,서울 서초구 서초대로34가길 36,37.48705680495744,126.99804162573852,3,신호 서초구 방배동
서초구,반포동,서래아르드빌,서래아르드빌,아르드빌아파트,서울 서초구 반포동 88-4,서울 서초구 사평대로26길 112,37.49516948281842,126.99848130421198,3,서래아르드빌 서초구 반포동
서초구,우면동,호반써밋서초파크뷰(토지임대부아파트),호반써밋서초파크뷰,호반써밋서초파크뷰아파트,서울 서초구 우면동 789,서울 서초구 양재대로2길 11,37.45896787535628,127.0250469607207,3,호반써밋서초파크뷰 서초구 우면동
서초구,서초동,서초동롯데캐슬리버티,서초동롯데캐슬리버티,서초롯데캐슬리버티아파트,서울 서초구 서초동 1620-20,서울 서초구 사임당로10길 39,37.48744484122819,127.0169470353011,3,서초동롯데캐슬리버티 서초구 서초동
서초구,방배동,대우로얄빌라트,대우로얄빌라트,대우로얄빌라트,서울 서초구 방배동 1026-1,서울 서초구 방배로1길 15,37.4750445688544,126.999905036313,3,대우로얄빌라트 서초구 방배동
서초구,반포동,대성유니드,대성유니드,대성유니드아파트,서울 서초구 반포동 48-2,서울 서초구 고무래로10길 28,37.50018589742766,127.00971216075077,3,대성유니드 서초구 반포동
서초구,잠원동,신반포21,신반포21,씨티21오피스텔,서울 서초구 잠원동 76,서울 서초구 반포대로 316,37.50721774284091,127.0005338344012,3,신반포21 서초구 잠원동
서초구,양재동,위너스,위너스,위너스아파트,서울 서초구 양재동 15-9,서울 서초구 바우뫼로37길 42-5,37.4807181865905,127.038725500724,3,위너스 서초구 양재동
서초구,서초동,"마제스타시티(힐스테이트서리풀101,102동)",마제스타시티,마제스타시티 타워1,서울 서초구 서초동 1498-5,서울 서초구 서초대로38길 12,37.49051116212822,127.0053936924875,3,마제스타시티 서초구 서초동
서초구,서초동,동일하이빌,동일하이빌,서초동동일하이빌아파트,서울 서초구 서초동 1542-1,서울 서초구 서초대로 240,37.49157237830582,127.00833150701588,3,동일하이빌 서초구 서초동
서초구,방배동,방배트리플,방배트리플,방배트리플아파트,서울 서초구 방배동 816-3,서울 서초구 동광로18길 16,37.490959535736486,126.9896739005944,3,방배트리플 서초구 방배동
서초구,서초동,신구블레스벨리,신구블레스벨리,신구블레스벨리아파트,서울 서초구 서초동 1506-47,서울 서초구 명달로22길 79,37.48792516348864,127.00736321062271,3,신구블레스벨리 서초구 서초동
서초구,서초동,서초아트자이,서초아트자이,서초아트자이아파트,서울 서초구 서초동 1583-10,서울 서초구 반포대로 58,37.48571555499237,127.0115646038208,3,서초아트자이 서초구 서초동
서초구,서초동,초원현대,초원현대,초원현대아파트,서울 서초구 서초동 1444-3,서울 서초구 효령로68길 105,37.48499014744674,127.01921686600669,3,초원현대 서초구 서초동
서초구,서초동,대성유니드,대성유니드,대성유니드아파트,서울 서초구 서초동 1641-3,서울 서초구 서초대로64길 36,37.4938593966234,127.0208158328994,3,대성유니드 서초구 서초동
서초구,잠원동,신반포12,신반포12,신반포12차재건축아파트 (예정),서울 서초구 잠원동 50-5,서울 서초구 나루터로 37,37.516369212348,127.014850778834,3,신반포12 서초구 잠원동
서초구,방배동,방배리치빌,방배리치빌,방배리치빌아파트,서울 서초구 방배동 474-9,서울 서초구 효령로5길 9,37.47764227911745,126.98623431103768,3,방배리치빌 서초구 방배동
서초구,서초동,신원아침도시(1420),신원아침도시,서초신원아침도시2차아파트,서울 서초구 서초동 1420-18,서울 서초구 남부순환로337가길 52,37.48442696805692,127.02436801518772,3,신원아침도시 서초구 서초동
서초구,방배동,방배홈타운(479-11),방배홈타운,방배현대홈타운2차아파트,서울 서초구 방배동 2001,서울 서초구 서초대로1길 34,37.49014438320872,126.98392981497108,3,방배홈타운 서초구 방배동
서초구,서초동,urbanplace,urbanplace,어반플레이스 강남,서울 서초구 서초동 1337-3,서울 서초구 효령로77길 30,37.4915835660894,127.028848186284,3,urbanplace 서초구 서초동
서초구,방배동,영지아트빌라,영지아트빌라,영지아트아파트,서울 서초구 방배동 1-106,서울 서초구 사평대로6길 118,37.494041295495,126.994323352068,3,영지아트빌라 서초구 방배동
서초구,양재동,프라임,프라임,프라임51,서울 서초구 양재동 255-4,서울 서초구 언남9길 7-5,37.47359167471694,127.04258586614804,3,프라임 서초구 양재동
서초구,서초동,한라비발디스튜디오193,한라비발디스튜디오193,한라비발디스튜디오193,서울 서초구 서초동 1363-25,서울 서초구 강남대로39길 15-10,37.48572978047187,127.0321000352766,3,한라비발디스튜디오193 서초구 서초동
서초구,서초동,서초대우아이빌,서초대우아이빌,서초대우아이빌아파트,서울 서초구 서초동 1675-11,서울 서초구 서초대로58길 10,37.49424195252352,127.01755920808664,3,서초대우아이빌 서초구 서초동
서초구,서초동,서초아크빌,서초아크빌,서초아크빌아파트,서울 서초구 서초동 1568-1,서울 서초구 반포대로22길 86,37.49070340647312,127.01280920439812,3,서초아크빌 서초구 서초동
서초구,반포동,엘리제빌,엘리제빌,엘리제빌아파트,서울 서초구 반포동 99-1,서울 서초구 동광로33길 9,37.49470273105348,126.99692757202062,3,엘리제빌 서초구 반포동
서초구,반포동,엠브이아파트,엠브이아파트,엠브이아파트,서울 서초구 반포동 46,서울 서초구 고무래로10길 39,37.49920195243459,127.0102593812531,3,엠브이아파트 서초구 반포동
서초구,방배동,방배3차현대홈타운,방배3차현대홈타운,방배현대홈타운3차아파트,서울 서초구 방배동 2233,서울 서초구 방배중앙로21길 55,37.49148144984626,126.9837214672512,3,방배3차현대홈타운 서초구 방배동
서초구,서초동,밀라텔쉐르빌,밀라텔쉐르빌,밀라텔쉐르빌아파트,서울 서초구 서초동 1316-31,서울 서초구 강남대로61길 17,37.49868797117672,127.02504665090424,3,밀라텔쉐르빌 서초구 서초동
서초구,반포동,현대동궁아파트,현대동궁아파트,현대동궁아파트,서울 서초구 반포동 64-5,서울 서초구 사평대로 154,37.50039531167005,127.0020853836122,3,현대동궁아파트 서초구 반포동
서초구,반포동,상지리츠빌(73-2),상지리츠빌,반포상지리츠빌3차아파트,서울 서초구 반포동 73-2,서울 서초구 사평대로28길 60,37.49801306939803,127.00019450899497,3,상지리츠빌 서초구 반포동
서초구,신원동,서초포레스타7단지,서초포레스타7단지,서초포레스타7단지아파트,서울 서초구 신원동 615,서울 서초구 청계산로11길 7-12,37.44853851540248,127.05669591245892,3,서초포레스타7단지 서초구 신원동
서초구,반포동,비엥에뜨르,비엥에뜨르,비엥에뜨르아파트,서울 서초구 반포동 86-5,서울 서초구 동광로 157,37.49498568631088,126.99954767175988,3,비엥에뜨르 서초구 반포동
서초구,우면동,서초네이처힐1단지,서초네이처힐1단지,서초네이처힐1단지아파트,서울 서초구 우면동 707,서울 서초구 형촌길 35,37.46360725743637,127.01993933604976,3,서초네이처힐1단지 서초구 우면동
서초구,서초동,서초동아이파크,서초동아이파크,서초동아이파크 관리사무소,서울 서초구 서초동 1436-14,서울 서초구 효령로68길 33,37.4857210854265,127.023025186578,3,서초동아이파크 서초구 서초동
서초구,방배동,롯데캐슬포레스트,롯데캐슬포레스트,방배동롯데캐슬포레스트아파트,서울 서초구 방배동 844-27,서울 서초구 방배로28길 63,37.49171675997959,126.99583876155592,3,롯데캐슬포레스트 서초구 방배동
서초구,반포동,반포빌라트(71-1),반포빌라트,반포빌라트,서울 서초구 반포동 71-1,서울 서초구 동광로39길 80,37.49845996843897,126.99973763746658,3,반포빌라트 서초구 반포동
서초구,반포동,반포서래월드메르디앙스칼라아파트B동,반포서래월드메르디앙스칼라아파트B동,반포서래월드메르디앙라스칼라아파트 B동,서울 서초구 반포동 550-34,서울 서초구 반포대로39길 63-8,37.497473359989165,127.00125751421946,3,반포서래월드메르디앙스칼라아파트B동 서초구 반포동
서초구,방배동,베로니스2차,베로니스2차,베로니스2차아파트,서울 서초구 방배동 803-9,서울 서초구 서초대로33길 116,37.49342681190737,126.99439124640077,3,베로니스2차 서초구 방배동
서초구,방배동,현대멤피스,현대멤피스,현대멤피스아파트,서울 서초구 방배동 774-19,서울 서초구 방배로 239,37.49517612779714,126.98836608814293,3,현대멤피스 서초구 방배동
서초구,방배동,상지리츠빌4차(843-11),상지리츠빌4차,방배상지리츠빌4차아파트,서울 서초구 방배동 843-13,서울 서초구 서초대로33길 84-20,37.49211320401226,126.99586135510808,3,상지리츠빌4차 서초구 방배동
서초구,방배동,신한엔시모,신한엔시모,신한엔시모아파트,서울 서초구 방배동 802-4,서울 서초구 방배로32길 67-10,37.493065549982624,126.9953581002757,3,신한엔시모 서초구 방배동
서초구,서초동,서초현대,서초현대,서초현대아파트,서울 서초구 서초동 1648-2,서울 서초구 사임당로19길 10,37.49098709854844,127.0201637178633,3,서초현대 서초구 서초동
서초구,서초동,래미안서초5차,래미안서초5차,서초래미안5차아파트,서울 서초구 서초동 1522-1,서울 서초구 반포대로21길 67,37.48579875044836,127.00788763842309,3,래미안서초5차 서초구 서초동
서초구,방배동,방배노블힐스,방배노블힐스,노블힐스아파트,서울 서초구 방배동 593-45,서울 서초구 남부순환로297다길 17,37.4757345759358,126.99372668638658,3,방배노블힐스 서초구 방배동
서초구,방배동,삼익,삼익,삼익떡집,서울 서초구 방배동 983-29,서울 서초구 효령로34길 22,37.4806362330263,126.999536452228,3,삼익 서초구 방배동
서초구,방배동,방배아트e편한세상101,방배아트e편한세상101,방배아트e편한세상아파트 101동,서울 서초구 방배동 484-2,서울 서초구 효령로2길 73,37.4755217161436,126.99042443402956,3,방배아트e편한세상101 서초구 방배동
서초구,서초동,롯데캐슬스파,롯데캐슬스파,롯데캐슬SPA아파트,서울 서초구 서초동 1647-1,서울 서초구 사임당로23길 12,37.49085354614979,127.02132157844612,3,롯데캐슬스파 서초구 서초동
서초구,방배동,정림,정림,정림아파트,서울 서초구 방배동 434-3,서울 서초구 청두곶14길 5,37.48168053996855,126.98570783191188,3,정림 서초구 방배동
서초구,서초동,두산위브(1362),두산위브,서초두산위브아파트,서울 서초구 서초동 1362,서울 서초구 강남대로39길 5,37.48615131169347,127.03261354770508,3,두산위브 서초구 서초동
서초구,반포동,반포훼미리(102동),반포훼미리,"반포훼밀리아파트(103,104동)",서울 서초구 반포동 702-1,서울 서초구 주흥17길 25,37.50879776122594,127.01715997079287,3,반포훼미리 서초구 반포동
서초구,서초동,래미안서초4차,래미안서초4차,서초래미안4차아파트,서울 서초구 서초동 1473-2,서울 서초구 남부순환로317길 34,37.481073616622616,127.01095335848936,3,래미안서초4차 서초구 서초동
서초구,잠원동,훼미리,훼미리,잠원훼미리아파트,서울 서초구 잠원동 51,서울 서초구 잠원로 202-11,37.519214605456845,127.01465564753124,3,훼미리 서초구 잠원동
서초구,서초동,현대홈타운,현대홈타운,서초현대홈타운아파트,서울 서초구 서초동 1506-88,서울 서초구 반포대로23길 71,37.4885091337604,127.00515157382551,3,현대홈타운 서초구 서초동
서초구,신원동,힐스테이트서초젠트리스,힐스테이트서초젠트리스,힐스테이트서초젠트리스아파트,서울 서초구 신원동 557,서울 서초구 헌릉로8길 10-12,37.45615442655966,127.05742953277792,3,힐스테이트서초젠트리스 서초구 신원동
서초구,서초동,상지리츠빌(3),상지리츠빌,상지리츠빌8차아파트,서울 서초구 서초동 1491-3,서울 서초구 명달로13길 7,37.48370141979699,127.0033060220835,3,상지리츠빌 서초구 서초동
서초구,방배동,삼호3,삼호3,삼호1차아파트 3동,서울 서초구 방배동 770-1,서울 서초구 방배로43길 5,37.49462641900405,126.98744229741332,3,삼호3 서초구 방배동
서초구,서초동,두진한아름,두진한아름,두진한아름아파트,서울 서초구 서초동 1609-6,서울 서초구 효령로67길 52,37.48966030795767,127.02294498234558,3,두진한아름 서초구 서초동
서초구,서초동,풍림아이원(101동),풍림아이원,풍림아이원플러스아파트,서울 서초구 서초동 1338-1,서울 서초구 효령로77길 14,37.490415647551934,127.02970710838365,3,풍림아이원 서초구 서초동
서초구,잠원동,신반포26,신반포26,신반포26차아파트,서울 서초구 잠원동 62-4,서울 서초구 잠원로4길 33-9,37.51305946164051,127.00967310931648,3,신반포26 서초구 잠원동
서초구,양재동,한아름,한아름,한아름베스트빌,서울 서초구 양재동 350-4,서울 서초구 강남대로8길 16-16,37.46749189542384,127.04241284487776,3,한아름 서초구 양재동
서초구,방배동,브라운스톤효령아파트,브라운스톤효령아파트,브라운스톤효령아파트,서울 서초구 방배동 981-40,서울 서초구 효령로26길 15,37.47983425385786,126.99559973501135,3,브라운스톤효령아파트 서초구 방배동
서초구,방배동,방배5차상지리츠빌,방배5차상지리츠빌,방배상지리츠빌5차아파트,서울 서초구 방배동 797-22,서울 서초구 사평대로6길 106,37.494012417344216,126.9934368024086,3,방배5차상지리츠빌 서초구 방배동
서초구,서초동,서초대우,서초대우,서초대우디오빌프라임아파트,서울 서초구 서초동 1337-22,서울 서초구 강남대로 321,37.49157968283006,127.02996990784754,3,서초대우 서초구 서초동
서초구,서초동,삼성서초가든스위트,삼성서초가든스위트,서초삼성가든스위트아파트,서울 서초구 서초동 1326,서울 서초구 서운로 122,37.4946548636572,127.025981619277,3,삼성서초가든스위트 서초구 서초동
서초구,서초동,서초5차e편한세상,서초5차e편한세상,서초5차이편한세상아파트,서울 서초구 서초동 1467-62,서울 서초구 명달로4길 30,37.47972238631437,127.00728100315256,3,서초5차e편한세상 서초구 서초동
서초구,서초동,삼환바우스,삼환바우스,삼환바우스아파트,서울 서초구 서초동 1677-11,서울 서초구 서초대로 340,37.49489767896534,127.01889825160816,3,삼환바우스 서초구 서초동
서초구,방배동,방배엔스위트,방배엔스위트,방배엔스위트아파트,서울 서초구 방배동 481-11,서울 서초구 효령로2길 30,37.475876488815715,126.98796208874244,3,방배엔스위트 서초구 방배동
서초구,양재동,서초파크빌,서초파크빌,서초파크빌,서울 서초구 양재동 312-3,서울 서초구 강남대로16길 37,37.47165516058311,127.0407194936971,3,서초파크빌 서초구 양재동
서초구,양재동,새티스(402-10),새티스,새티스아파트(359번지),서울 서초구 양재동 359,서울 서초구 강남대로6길 70,37.46850203738859,127.04456573803527,3,새티스 서초구 양재동
서초구,반포동,정광아파트,정광아파트,정광아파트,서울 서초구 반포동 107-19,서울 서초구 사평대로18길 19,37.498476128184954,126.99627716531872,3,정광아파트 서초구 반포동
서초구,서초동,서초극동스타클래스,서초극동스타클래스,서초극동스타클래스I아파트,서울 서초구 서초동 1616-10,서울 서초구 서리풀4길 43,37.487915948127174,127.022989677372,3,서초극동스타클래스 서초구 서초동
서초구,방배동,청암,청암,청암빌라트,서울 서초구 방배동 980-45,서울 서초구 효령로 65,37.479748425014606,126.9913735911002,3,청암 서초구 방배동
서초구,방배동,방배아트e편한세상105,방배아트e편한세상105,방배아트e편한세상아파트 105동,서울 서초구 방배동 484-2,서울 서초구 효령로2길 73,37.47509835592918,126.991959735412,3,방배아트e편한세상105 서초구 방배동
서초구,잠원동,신반포25,신반포25,GS25 잠원청담고점,서울 서초구 잠원동 71-3,서울 서초구 신반포로23길 78-15,37.5114766516209,127.00578428864,3,신반포25 서초구 잠원동
서초구,방배동,현대오페라하우스2차,현대오페라하우스2차,현대오페라하우스II아파트,서울 서초구 방배동 823-14,서울 서초구 동광로8길 13,37.49015001616176,126.9856949109054,3,현대오페라하우스2차 서초구 방배동
서초구,서초동,서초지웰,서초지웰,서초지웰타워,서울 서초구 서초동 1678-4,서울 서초구 서초대로 356,37.4953930082335,127.020253106837,3,서초지웰 서초구 서초동
서초구,방배동,태화빌라(733),태화빌라,태화빌라,서울 서초구 방배동 733,서울 서초구 동광로27길 112,37.49691718141009,126.99209875298337,3,태화빌라 서초구 방배동
서초구,잠원동,신반포13,신반포13,"방배삼호12,13동가로주택정비사업아파트 (예정)",서울 서초구 방배동 757-3,서울 서초구 방배로45길 2,37.4974798645021,126.987046019244,2,신반포13 서초구
서초구,서초동,상지리츠빌(1),상지리츠빌,상지리츠빌8차아파트,서울 서초구 서초동 1491-3,서울 서초구 명달로13길 7,37.48370141979699,127.0033060220835,3,상지리츠빌 서초구 서초동
서초구,방배동,방배삼성홈타운(102),방배삼성홈타운,방배삼성홈타운아파트,서울 서초구 방배동 877-4,서울 서초구 서초대로27길 20,37.48912181187429,126.99468555866356,3,방배삼성홈타운 서초구 방배동
서초구,방배동,신구하이텍빌리지,신구하이텍빌리지,신구하이텍빌리지아파트,서울 서초구 방배동 865-24,서울 서초구 방배천로 118,37.486469243158176,126.98446202757135,3,신구하이텍빌리지 서초구 방배동
서초구,방배동,방배아크로타워,방배아크로타워,방배아크로타워아파트,서울 서초구 방배동 923-6,서울 서초구 방배로13길 18,37.483149954589734,126.99528296075354,3,방배아크로타워 서초구 방배동
서초구,서초동,서초블레스,서초블레스,블레스서초아파트,서울 서초구 서초동 1532-10,서울 서초구 효령로47길 11,37.48431468144608,127.00936864666964,3,서초블레스 서초구 서초동
서초구,반포동,하늘.바람,하늘.바람,하늘바람아파트,서울 서초구 반포동 612-32,서울 서초구 동광로27길 78,37.4967803405974,126.994006507401,3,하늘.바람 서초구 반포동
서초구,방배동,신구,신구,신구블레스밸리아파트,서울 서초구 방배동 1019-3,서울 서초구 효령로34길 92,37.477729571023936,127.0012752722774,3,신구 서초구 방배동
서초구,방배동,성지라빌레뜨B,성지라빌레뜨B,성지라빌레뜨아파트 B동,서울 서초구 방배동 845-1,서울 서초구 동광로30길 23,37.492301546552696,126.996907316338,3,성지라빌레뜨B 서초구 방배동
서초구,서초동,서초타운트라팰리스,서초타운트라팰리스,서초타운트라팰리스아파트,서울 서초구 서초동 1327,서울 서초구 서초대로74길 23,37.495631305037605,127.02709469456168,3,서초타운트라팰리스 서초구 서초동
서초구,서초동,서초동아타워,서초동아타워,서초동아타워아파트,서울 서초구 서초동 1321-6,서울 서초구 서운로 138,37.49601733894278,127.02527644953784,3,서초동아타워 서초구 서초동
서초구,서초동,월드메르디앙,월드메르디앙,서초월드메르디앙아파트,서울 서초구 서초동 1549-3,서울 서초구 반포대로26길 20,37.49018465890432,127.01044359055118,3,월드메르디앙 서초구 서초동
서초구,방배동,세양아르비채102동,세양아르비채,세양아르비채아파트,서울 서초구 방배동 421-1,서울 서초구 서초대로 12,37.4850338330569,126.983691207516,3,세양아르비채 서초구 방배동
서초구,양재동,새티스,새티스,새티스아파트(359번지),서울 서초구 양재동 359,서울 서초구 강남대로6길 70,37.46850203738859,127.04456573803527,3,새티스 서초구 양재동
서초구,방배동,삼환나띠르빌(1002-7),삼환나띠르빌,삼환나띠르빌아파트,서울 서초구 방배동 1002-7,서울 서초구 명달로 33,37.48046041578116,127.00535566011816,3,삼환나띠르빌 서초구 방배동
서초구,서초동,"더샾오데움(101,102동)",더샾오데움,서초더샵오데움1단지아파트,서울 서초구 서초동 1483-18,서울 서초구 효령로46길 21,37.48256219650968,127.00965560871826,3,더샾오데움 서초구 서초동
서초구,서초동,제이씨라디앙,제이씨라디앙,JC라디앙아파트,서울 서초구 서초동 1559-1,서울 서초구 반포대로22길 54,37.49009807570044,127.01137983693832,3,제이씨라디앙 서초구 서초동
서초구,서초동,서초자연인아파트(101동),서초자연인아파트,서초자연인아파트(102동),서울 서초구 서초동 1344-22,서울 서초구 서운로9길 18,37.4871851566157,127.027548447841,3,서초자연인아파트 서초구 서초동
서초구,잠원동,잠원시티아파트,잠원시티아파트,잠원시티아파트,서울 서초구 잠원동 71-8,서울 서초구 신반포로23길 76,37.51180463854801,127.0053307531588,3,잠원시티아파트 서초구 잠원동
서초구,서초동,끄레메빌,끄레메빌,끄레메빌아파트,서울 서초구 서초동 1630-4,서울 서초구 서리풀8길 11,37.48986168469904,127.02048567719736,3,끄레메빌 서초구 서초동
서초구,방배동,방배한화,방배한화,방배한화아파트,서울 서초구 방배동 169-24,서울 서초구 효령로33길 66-31,37.48489439445606,126.99872460594864,3,방배한화 서초구 방배동
서초구,반포동,타운빌,타운빌,타운빌,서울 서초구 반포동 76-2,서울 서초구 동광로39길 54-10,37.497205767729845,126.99996607437774,3,타운빌 서초구 반포동
서초구,양재동,우성112,우성112,우성아파트,서울 서초구 양재동 154-2,서울 서초구 바우뫼로 91,37.4752100452811,127.030411056918,3,우성112 서초구 양재동
서초구,서초동,서초네스피아A,서초네스피아A,서초네스피아아파트 A동,서울 서초구 서초동 1466-2,서울 서초구 명달로4길 68,37.480716047042655,127.00943490308296,3,서초네스피아A 서초구 서초동
서초구,양재동,양재,양재,양재주유소,서울 서초구 양재동 81,서울 서초구 바우뫼로 178,37.4780581457948,127.039515523821,3,양재 서초구 양재동
서초구,서초동,강남아르젠,강남아르젠,강남아르젠,서울 서초구 서초동 1327-23,서울 서초구 강남대로55길 9-7,37.4954401746036,127.02760010536832,3,강남아르젠 서초구 서초동
서초구,양재동,길명오퍼스,길명오퍼스,길명오퍼스아파트,서울 서초구 양재동 9-38,서울 서초구 강남대로30길 51-3,37.48247485824051,127.03961734531931,3,길명오퍼스 서초구 양재동
서초구,방배동,힐스나인빌리지,힐스나인빌리지,힐스나인빌리지아파트,서울 서초구 방배동 799-5,서울 서초구 방배로32길 103-8,37.49314219556261,126.99728383568,3,힐스나인빌리지 서초구 방배동
서초구,방배동,방배대우(562-1),방배대우,미래에셋증권 방배WM,서울 서초구 방배동 924-20,서울 서초구 방배로 103,37.48327973028192,126.99611962926754,3,방배대우 서초구 방배동
서초구,방배동,방배다움샤인힐,방배다움샤인힐,방배다움샤인힐아파트,서울 서초구 방배동 806-12,서울 서초구 동광로24길 15-4,37.49231581953069,126.99341320447856,3,방배다움샤인힐 서초구 방배동
서초구,서초동,상지리츠빌(7),상지리츠빌,상지리츠빌8차아파트,서울 서초구 서초동 1491-3,서울 서초구 명달로13길 7,37.48370141979699,127.0033060220835,3,상지리츠빌 서초구 서초동
서초구,서초동,서초로즈힐,서초로즈힐,로즈힐아파트,서울 서초구 서초동 1527-10,서울 서초구 효령로45길 15,37.48442916938763,127.00858058992044,3,서초로즈힐 서초구 서초동
서초구,서초동,트라움하우스2,트라움하우스2,트라움하우스2차아파트,서울 서초구 서초동 1495-2,서울 서초구 명달로17길 32,37.48577736763867,127.00227493176553,3,트라움하우스2 서초구 서초동
서초구,양재동,더-클라스,더-클라스,HS효성더클래스 메르세데스 벤츠 도곡 서비스센터,서울 강남구 도곡동 909-5,서울 강남구 남부순환로365길 9,37.4861421622404,127.039017756209,1,더-클라스 서초구 양재동
서초구,방배동,방배아펠바움,방배아펠바움,방배아펠바움아파트,서울 서초구 방배동 1-15,서울 서초구 동광로27길 29-6,37.49531351312662,126.99423731303392,3,방배아펠바움 서초구 방배동
서초구,양재동,금강,금강,금강,서울 서초구 양재동 109-1,서울 서초구 양재천로19길 48,37.477460322992,127.038154019128,3,금강 서초구 양재동
서초구,방배동,SK리더스뷰(파스텔시티),SK리더스뷰,SK리더스뷰아파트,서울 서초구 방배동 444-3,서울 서초구 방배천로 11,37.477688598244626,126.98223664273117,3,SK리더스뷰 서초구 방배동
서초구,양재동,(66-3),,양재천카페거리,서울 서초구 양재동 96-9,서울 서초구 양재천로 103-2,37.4766739327213,127.040292609639,3, 서초구 양재동
서초구,반포동,반포샤인힐4차,반포샤인힐4차,반포샤인힐아파트,서울 서초구 반포동 82-19,서울 서초구 동광로43길 4,37.494800077687024,127.00069884540156,3,반포샤인힐4차 서초구 반포동
서초구,반포동,신성리더스카운티,신성리더스카운티,신성리더스카운티아파트,서울 서초구 반포동 50-8,서울 서초구 서초중앙로31길 6-11,37.5007299763421,127.011168839718,3,신성리더스카운티 서초구 반포동
서초구,방배동,이연아마빌레,이연아마빌레,방배이연아마빌레아파트,서울 서초구 방배동 814-31,서울 서초구 동광로 62,37.492202910396045,126.989497327956,3,이연아마빌레 서초구 방배동
서초구,서초동,신동아아파트(2차),신동아아파트,아크로드서초아파트 (2029년02월예정),서울 서초구 서초동 1333,서울 서초구 사임당로 130,37.4920451178417,127.023739516765,3,신동아아파트 서초구 서초동
서초구,서초동,대경벨로체,대경벨로체,대경벨로체아파트,서울 서초구 서초동 1484-7,서울 서초구 남부순환로317길 68,37.482713479769295,127.01065850197725,3,대경벨로체 서초구 서초동
서초구,양재동,금일,금일,금일아파트,서울 서초구 양재동 6-11,서울 서초구 바우뫼로41길 38-13,37.48251299069446,127.04139924231286,3,금일 서초구 양재동
서초구,방배동,두원,두원,두원아파트,서울 서초구 방배동 473-1,서울 서초구 청두곶길 14,37.47797375854337,126.98546546657911,3,두원 서초구 방배동
서초구,반포동,다우탑스빌라트,다우탑스빌라트,다우탑스빌라트,서울 서초구 반포동 50-2,서울 서초구 서초중앙로31길 14-10,37.50041555568877,127.01084196207032,3,다우탑스빌라트 서초구 반포동
서초구,잠원동,한신그린,한신그린,잠원한신그린아파트,서울 서초구 잠원동 65-8,서울 서초구 신반포로33길 71,37.513362332756586,127.00787244070727,3,한신그린 서초구 잠원동
서초구,양재동,비젼(103),비젼,비젼아파트,서울 서초구 양재동 17-35,서울 서초구 바우뫼로39길 39,37.48090158740716,127.03994212984946,3,비젼 서초구 양재동
서초구,잠원동,신반포20,신반포20,제레미20 롯데마트 서초점,서울 서초구 서초동 1498-5,서울 서초구 서초대로38길 12,37.4904859346378,127.00537786013489,2,신반포20 서초구
서초구,잠원동,중앙하이츠,중앙하이츠,잠원2차중앙하이츠아파트,서울 서초구 잠원동 71-17,서울 서초구 잠원로3길 20,37.51013509456111,127.00493363619007,3,중앙하이츠 서초구 잠원동
서초구,서초동,상지리츠빌(6),상지리츠빌,상지리츠빌8차아파트,서울 서초구 서초동 1491-3,서울 서초구 명달로13길 7,37.48370141979699,127.0033060220835,3,상지리츠빌 서초구 서초동
서초구,우면동,서초네이처힐7단지,서초네이처힐7단지,서초네이처힐7단지아파트,서울 서초구 우면동 735,서울 서초구 태봉로2길 10,37.46181905155521,127.02321679185336,3,서초네이처힐7단지 서초구 우면동
서초구,양재동,포레스빌,포레스빌,포레스빌아파트,서울 서초구 양재동 119-3,서울 서초구 양재천로11길 5,37.47478303556325,127.03652923699516,3,포레스빌 서초구 양재동
서초구,반포동,덕동반포빌라트,덕동반포빌라트,덕동반포빌라트,서울 서초구 반포동 79-1,서울 서초구 동광로49길 89,37.496593082766786,127.00033925345116,3,덕동반포빌라트 서초구 반포동
서초구,반포동,반포서래빌,반포서래빌,반포서래빌아파트,서울 서초구 반포동 87-7,서울 서초구 동광로 155,37.49505415987236,126.99904897900684,3,반포서래빌 서초구 반포동
서초구,서초동,월드메르디앙B,월드메르디앙B,반포서래월드메르디앙라스칼라아파트 B동,서울 서초구 반포동 550-34,서울 서초구 반포대로39길 63-8,37.497473359989165,127.00125751421946,2,월드메르디앙B 서초구 서초동
서초구,방배동,방배대우멤버스카운티201,방배대우멤버스카운티201,방배대우멤버스카운티II아파트,서울 서초구 방배동 809-26,서울 서초구 동광로22길 32,37.4918931898137,126.992455476036,3,방배대우멤버스카운티201 서초구 방배동
서초구,방배동,방배신동아럭스빌,방배신동아럭스빌,방배신동아럭스빌아파트,서울 서초구 방배동 1026-14,서울 서초구 방배로1길 9,37.47533288683008,127.00111243603546,3,방배신동아럭스빌 서초구 방배동
서초구,방배동,금강프리빌,금강프리빌,방배금강아파트,서울 서초구 방배동 940-8,서울 서초구 서초대로18길 6,37.48589960455411,126.99127564508666,3,금강프리빌 서초구 방배동
서초구,서초동,서초프레스턴,서초프레스턴,서초프레스턴-1아파트,서울 서초구 서초동 1506-46,서울 서초구 명달로22길 81,37.48815944134069,127.00710542998388,3,서초프레스턴 서초구 서초동
서초구,양재동,해청3차,해청3차,해청3차아파트,서울 서초구 양재동 15-12,서울 서초구 남부순환로356길 82,37.48130660561073,127.03854151425736,3,해청3차 서초구 양재동
서초구,서초동,장미아파트,장미아파트,장미아파트,서울 서초구 서초동 1364-51,서울 서초구 남부순환로347길 21-7,37.4851389128711,127.031378413657,3,장미아파트 서초구 서초동
서초구,양재동,리치타운,리치타운,양재리치타운아파트,서울 서초구 양재동 203-2,서울 서초구 매헌로14길 18,37.46666366024456,127.03476639330236,3,리치타운 서초구 양재동
서초구,서초동,월드메르디앙A,월드메르디앙A,반포서래월드메르디앙라스칼라아파트 A동,서울 서초구 반포동 550-34,서울 서초구 반포대로39길 63-8,37.497251710441965,127.0014282695728,2,월드메르디앙A 서초구 서초동
서초구,방배동,골드아트빌,골드아트빌,오필리아아파트,서울 서초구 방배동 864-7,서울 서초구 서초대로3길 20,37.48682436536079,126.98544339950465,3,골드아트빌 서초구 방배동
서초구,방배동,방배아트e-편한세상103,방배아트e-편한세상103,방배아트e편한세상아파트 103동,서울 서초구 방배동 484-2,서울 서초구 효령로2길 73,37.475318145516624,126.991163822829,3,방배아트e-편한세상103 서초구 방배동
서초구,반포동,삼성에이스빌,삼성에이스빌,삼성에이스빌아파트,서울 서초구 반포동 726-16,서울 서초구 주흥길 44-6,37.506430308500974,127.0203861524548,3,삼성에이스빌 서초구 반포동
서초구,방배동,빌라도르,빌라도르,빌라도르,서울 서초구 방배동 840-10,서울 서초구 서초대로33길 67,37.49138516200409,126.99512639717226,3,빌라도르 서초구 방배동
서초구,방배동,베로니스3차,베로니스3차,베로니스3차,서울 서초구 방배동 807-11,서울 서초구 방배로34길 51,37.49328621271285,126.9935657765824,3,베로니스3차 서초구 방배동
서초구,잠원동,래미안신반포리오센트,래미안신반포리오센트,래미안신반포리오센트아파트,서울 서초구 잠원동 161,서울 서초구 잠원로14길 32,37.51901560320818,127.0136590362794,3,래미안신반포리오센트 서초구 잠원동
서초구,반포동,라인,라인,라인피부과의원,서울 서초구 반포동 707-2,서울 서초구 강남대로 543,37.5103621412805,127.021250214805,3,라인 서초구 반포동
서초구,서초동,서초3차e편한세상,서초3차e편한세상,서초3차대림이편한세상아파트,서울 서초구 서초동 1467-37,서울 서초구 남부순환로 2343-10,37.4786591686755,127.007701473721,3,서초3차e편한세상 서초구 서초동
서초구,방배동,삼환나띠르빌(1002-8),삼환나띠르빌,삼환나띠르빌아파트,서울 서초구 방배동 1002-7,서울 서초구 명달로 33,37.48046041578116,127.00535566011816,3,삼환나띠르빌 서초구 방배동
서초구,양재동,리치스,리치스,리치스아파트,서울 서초구 양재동 391-12,서울 서초구 동산로14길 17,37.471474371600266,127.04714496564073,3,리치스 서초구 양재동
서초구,서초동,연우,연우,서초연우아파트,서울 서초구 서초동 1487-115,서울 서초구 명달로8길 8,37.48145602013638,127.00558524636205,3,연우 서초구 서초동
서초구,서초동,상지리츠빌(5),상지리츠빌,상지리츠빌8차아파트,서울 서초구 서초동 1491-3,서울 서초구 명달로13길 7,37.48370141979699,127.0033060220835,3,상지리츠빌 서초구 서초동
서초구,서초동,월드메르디앙(오페라),월드메르디앙,서초월드메르디앙아파트,서울 서초구 서초동 1549-3,서울 서초구 반포대로26길 20,37.49018465890432,127.01044359055118,3,월드메르디앙 서초구 서초동
서초구,방배동,방배씨티(보성),방배씨티,방배씨티아파트,서울 서초구 방배동 836-1,서울 서초구 서초대로23길 74,37.49054879019358,126.9910715687178,3,방배씨티 서초구 방배동
서초구,방배동,파인빌리지,파인빌리지,파인빌리지,서울 서초구 서초동 1628-21,서울 서초구 사임당로16길 7,37.48896016680582,127.0180916761317,2,파인빌리지 서초구 방배동
서초구,서초동,장복엘리트타운,장복엘리트타운,엘리트타운아파트,서울 서초구 서초동 1517-1,서울 서초구 명달로20길 14,37.48592145055001,127.00486872514544,3,장복엘리트타운 서초구 서초동
서초구,서초동,서초로얄,서초로얄,서초로얄아파트,서울 서초구 서초동 1627-3,서울 서초구 사임당로14길 10,37.48865934544943,127.01732271043704,3,서초로얄 서초구 서초동
서초구,서초동,샹보르,샹보르,샹보르아파트,서울 서초구 서초동 1609-1,서울 서초구 효령로67길 64,37.49013247093774,127.0227642071846,3,샹보르 서초구 서초동
서초구,반포동,보아스힐(701-4),보아스힐,보아스힐아파트,서울 서초구 반포동 701-4,서울 서초구 주흥17길 22,37.50927798553472,127.01723699118357,3,보아스힐 서초구 반포동
서초구,방배동,롯데캐슬파크(40),롯데캐슬파크,방배롯데캐슬파크아파트,서울 서초구 방배동 888-40,서울 서초구 방배로18길 81,37.486018859192065,126.9996336579202,3,롯데캐슬파크 서초구 방배동
서초구,방배동,현대쉴러하우스,현대쉴러하우스,현대쉴러하우스아파트,서울 서초구 방배동 853-19,서울 서초구 서초대로23길 31,37.4888080976049,126.99182144820952,3,현대쉴러하우스 서초구 방배동
서초구,반포동,산호아파트,산호아파트,반포산호,서울 서초구 반포동 741-5,서울 서초구 강남대로79길 52-9,37.50456150339405,127.02107100908326,3,산호아파트 서초구 반포동
서초구,양재동,월드빌,월드빌,월드빌아파트,서울 서초구 양재동 20-18,서울 서초구 바우뫼로35길 18,37.4793737171205,127.039222264401,3,월드빌 서초구 양재동
서초구,방배동,래미안방배에버뉴,래미안방배에버뉴,래미안방배에버뉴아파트,서울 서초구 방배동 775-1,서울 서초구 동광로19길 51,37.49403003983014,126.98829389432372,3,래미안방배에버뉴 서초구 방배동
서초구,잠원동,잠원아이비,잠원아이비,잠원아이비아파트,서울 서초구 잠원동 34-1,서울 서초구 강남대로95길 81,37.5116783642644,127.016518181143,3,잠원아이비 서초구 잠원동
서초구,서초동,브라운스톤로얄스위트서초,브라운스톤로얄스위트서초,서초로얄스위트아파트,서울 서초구 서초동 1492-4,서울 서초구 명달로15길 5,37.4847248684483,127.003545655291,3,브라운스톤로얄스위트서초 서초구 서초동
서초구,반포동,테마하우스,테마하우스,테마하우스아파트,서울 서초구 반포동 95-1,서울 서초구 서래로7길 7,37.498546445717786,126.99784681534612,3,테마하우스 서초구 반포동
서초구,서초동,마샹스(2차),마샹스,마샹스2차아파트,서울 서초구 서초동 1487-144,서울 서초구 명달로6길 20,37.480504496004976,127.00671125546329,3,마샹스 서초구 서초동
서초구,서초동,레미안서초6차(1520-9),레미안서초6차,서초래미안6차아파트,서울 서초구 서초동 1520-9,서울 서초구 반포대로21길 74,37.48573033234395,127.0069559500195,3,레미안서초6차 서초구 서초동
서초구,방배동,방배동동양파라곤,방배동동양파라곤,방배동동양파라곤아파트,서울 서초구 방배동 992-8,서울 서초구 남부순환로309길 67,37.480554210035166,127.00275301851214,3,방배동동양파라곤 서초구 방배동
서초구,양재동,블루하이츠,블루하이츠,블루하이츠아파트,서울 서초구 양재동 379-3,서울 서초구 동산로12길 13-16,37.47130895370146,127.04621335964124,3,블루하이츠 서초구 양재동
서초구,서초동,서초금호어울림,서초금호어울림,서초금호어울림아파트,서울 서초구 서초동 1467-97,서울 서초구 명달로 10,37.478655613307026,127.0069145935188,3,서초금호어울림 서초구 서초동
서초구,서초동,상지리츠빌(1617-13),상지리츠빌,상지리츠빌8차아파트,서울 서초구 서초동 1491-3,서울 서초구 명달로13길 7,37.48370141979699,127.0033060220835,3,상지리츠빌 서초구 서초동
서초구,방배동,렉스빌,렉스빌,렉스빌아파트,서울 서초구 방배동 847-25,서울 서초구 방배로28길 80,37.49144288162572,126.99672529822452,3,렉스빌 서초구 방배동
서초구,서초동,상지리츠빌(4),상지리츠빌,상지리츠빌8차아파트,서울 서초구 서초동 1491-3,서울 서초구 명달로13길 7,37.48370141979699,127.0033060220835,3,상지리츠빌 서초구 서초동
서초구,서초동,신원아침도시(1434),신원아침도시,서초신원아침도시2차아파트,서울 서초구 서초동 1420-18,서울 서초구 남부순환로337가길 52,37.48442696805692,127.02436801518772,3,신원아침도시 서초구 서초동
서초구,서초동,햄프턴코트,햄프턴코트,서울서초 햄프턴코트 전기차충전소,서울 서초구 서초동 1428-1,서울 서초구 서초중앙로2길 48,37.484056567867626,127.020028437786,3,햄프턴코트 서초구 서초동
서초구,반포동,그린피아,그린피아,그린피아기술,서울 강남구 도곡동 946-18,서울 강남구 강남대로54길 7,37.4883352266621,127.033075831006,1,그린피아 서초구 반포동
서초구,반포동,펠리체,펠리체,펠리체아파트,서울 서초구 반포동 612-33,서울 서초구 동광로27길 74,37.496530770188485,126.99417502308638,3,펠리체 서초구 반포동
서초구,방배동,프리우스,프리우스,프리우스아파트,서울 서초구 방배동 846-1,서울 서초구 방배로30길 84,37.49194024352609,126.99694238525034,3,프리우스 서초구 방배동
서초구,방배동,갤러리하우스,갤러리하우스,갤러리하우스아파트,서울 서초구 방배동 1-7,서울 서초구 동광로 105,37.49403316929822,126.99397732597409,3,갤러리하우스 서초구 방배동
서초구,양재동,더-클라스(402-8),더-클라스,HS효성더클래스 메르세데스 벤츠 도곡 서비스센터,서울 강남구 도곡동 909-5,서울 강남구 남부순환로365길 9,37.4861421622404,127.039017756209,1,더-클라스 서초구 양재동
서초구,양재동,양재테크노2차,양재테크노2차,양재테크노2차아파트,서울 서초구 양재동 6-13,서울 서초구 바우뫼로43길 23,37.482382193129176,127.0418288097556,3,양재테크노2차 서초구 양재동
서초구,반포동,랑쉐빌,랑쉐빌,랑쉐빌아파트,서울 서초구 반포동 103-3,서울 서초구 서래로3길 17-12,37.4965461895888,126.99687547766908,3,랑쉐빌 서초구 반포동
서초구,방배동,훼미리타운,훼미리타운,훼미리타운,서울 서초구 방배동 932-34,서울 서초구 방배로19길 40,37.484778852870576,126.99279991417887,3,훼미리타운 서초구 방배동
서초구,방배동,뉴캐슬,뉴캐슬,뉴캐슬아파트,서울 서초구 방배동 971-1,서울 서초구 도구로 47,37.4811708291696,126.98805168843482,3,뉴캐슬 서초구 방배동
서초구,양재동,미영(101),미영,미영아파트,서울 서초구 양재동 6-29,서울 서초구 논현로31길 24-15,37.48205080494099,127.0413085372635,3,미영 서초구 양재동
서초구,방배동,스톤힐스,스톤힐스,스톤힐스아파트,서울 서초구 방배동 734,서울 서초구 동광로27길 104,37.4967739485326,126.992516050824,3,스톤힐스 서초구 방배동
서초구,반포동,새티스,새티스,새티스아파트,서울 서초구 반포동 612-138,서울 서초구 사평대로8길 19,37.49752625113744,126.99194036856537,3,새티스 서초구 반포동
서초구,방배동,방배자이,방배자이,방배그랑자이아파트,서울 서초구 방배동 3283,서울 서초구 방배로 21,37.47656817630484,126.99978180519444,3,방배자이 서초구 방배동
서초구,양재동,베누시아,베누시아,베누시아아파트,서울 서초구 양재동 17-33,서울 서초구 강남대로30길 32-33,37.481153990110776,127.03958499079424,3,베누시아 서초구 양재동
서초구,서초동,로얄하이츠,로얄하이츠,로얄하이츠아파트,서울 서초구 서초동 1471-5,서울 서초구 반포대로3길 45,37.4811493977686,127.009858937089,3,로얄하이츠 서초구 서초동
서초구,서초동,서초힐하우스,서초힐하우스,서초힐하우스아파트,서울 서초구 서초동 1612-2,서울 서초구 서리풀길 28,37.48891109778267,127.0206222358146,3,서초힐하우스 서초구 서초동
서초구,반포동,금정노블,금정노블,금정노블아파트,서울 서초구 반포동 81-8,서울 서초구 서래로2길 54-6,37.49567765496318,127.001136485189,3,금정노블 서초구 반포동
서초구,반포동,반포TS프리우스,반포TS프리우스,반포TS프리우스아파트,서울 서초구 반포동 71-3,서울 서초구 서래로8길 30,37.49832301572541,127.00009273141576,3,반포TS프리우스 서초구 반포동
서초구,양재동,시그마,시그마,시그마아파트,서울 서초구 양재동 302,서울 서초구 언남16길 2,37.47465037848904,127.0449718515098,3,시그마 서초구 양재동
서초구,방배동,상록리츠콤(878-16),상록리츠콤,상록리츠콤아파트,서울 서초구 방배동 878-16,서울 서초구 서초대로29길 22-15,37.4896291272684,126.99588976065829,3,상록리츠콤 서초구 방배동
서초구,서초동,서초드림하이츠,서초드림하이츠,서초드림하이츠아파트,서울 서초구 서초동 1617-26,서울 서초구 서리풀2길 20,37.48755395357193,127.0218803413564,3,서초드림하이츠 서초구 서초동
서초구,서초동,한성,한성,한성양갈비양꼬치 교대점,서울 서초구 서초동 1571-29,서울 서초구 반포대로28길 71-18,37.4920910089091,127.012329991931,3,한성 서초구 서초동
서초구,서초동,서초두산위브2,서초두산위브2,서초두산위브2아파트,서울 서초구 서초동 1507-38,서울 서초구 명달로 112,37.487081955421345,127.0047127636584,3,서초두산위브2 서초구 서초동
서초구,서초동,동아빌라트2,동아빌라트2,동아빌라트2타운아파트,서울 서초구 서초동 1678-2,서울 서초구 서초대로 350,37.495185848989074,127.0198267303977,3,동아빌라트2 서초구 서초동
서초구,서초동,예성그린(1667-3),예성그린,서초예성그린아파트,서울 서초구 서초동 1667-3,서울 서초구 서초대로58길 30,37.4937337602595,127.017721924558,3,예성그린 서초구 서초동
서초구,서초동,다우월드아파트,다우월드아파트,다우월드아파트,서울 서초구 서초동 1357-44,서울 서초구 강남대로45길 11,37.4879825206479,127.031280100108,3,다우월드아파트 서초구 서초동
서초구,반포동,베로니스6차,베로니스6차,베로니스6차아파트,서울 서초구 반포동 551-67,서울 서초구 동광로43길 58,37.4967336301601,127.001546998636,3,베로니스6차 서초구 반포동
서초구,방배동,방배대우멤버스카운티502,방배대우멤버스카운티502,방배대우멤버스카운티V아파트 502동,서울 서초구 방배동 801-1,서울 서초구 동광로28길 15,37.49317099744553,126.99618583440107,3,방배대우멤버스카운티502 서초구 방배동
서초구,잠원동,반포센트럴자이,반포센트럴자이,반포센트럴자이아파트,서울 서초구 잠원동 162,서울 서초구 반포대로 310-6,37.50722944665811,127.0015720973167,3,반포센트럴자이 서초구 잠원동
서초구,서초동,서초에스케이뷰,서초에스케이뷰,서초에스케이뷰아파트,서울 서초구 서초동 1521-8,서울 서초구 반포대로21길 62,37.48618441753195,127.0073359032632,3,서초에스케이뷰 서초구 서초동
서초구,방배동,리첸시아방배,리첸시아방배,리첸시아방배아파트,서울 서초구 방배동 755-14,서울 서초구 방배중앙로 204,37.49728058807682,126.98571051367938,3,리첸시아방배 서초구 방배동
서초구,양재동,미영(102),미영,미영아파트,서울 서초구 양재동 6-29,서울 서초구 논현로31길 24-15,37.48205080494099,127.0413085372635,3,미영 서초구 양재동
서초구,양재동,동원,동원,동원산업,서울 서초구 양재동 275,서울 서초구 마방로 68,37.4777285794974,127.044037592032,3,동원 서초구 양재동
서초구,반포동,반포파크빌,반포파크빌,OK파크빌,서울 서초구 반포동 728-17,서울 서초구 주흥7길 10-28,37.505835931955865,127.01864993004531,3,반포파크빌 서초구 반포동
서초구,반포동,반포이안애1차,반포이안애1차,반포이안애1차아파트,서울 서초구 반포동 99-2,서울 서초구 동광로33길 15,37.49469370889299,126.99649333897035,3,반포이안애1차 서초구 반포동
서초구,양재동,경희궁,경희궁,경희궁아파트,서울 서초구 양재동 317-4,서울 서초구 강남대로12길 15,37.46979384812436,127.04020752473797,3,경희궁 서초구 양재동
서초구,서초동,디아레나서초,디아레나서초,디아레나서초아파트,서울 서초구 서초동 1588-5,서울 서초구 효령로53길 24,37.4857486365588,127.013934517033,3,디아레나서초 서초구 서초동
서초구,반포동,상지리츠빌2차,상지리츠빌2차,상지리츠빌2차아파트,서울 서초구 반포동 99-3,서울 서초구 사평대로20길 113,37.49445224314043,126.99663470182963,3,상지리츠빌2차 서초구 반포동
서초구,방배동,다움7샤인힐,다움7샤인힐,다움샤인힐7차아파트,서울 서초구 방배동 800-5,서울 서초구 동광로30길 15,37.49316019592449,126.99652846525268,3,다움7샤인힐 서초구 방배동
서초구,방배동,삼환나띠르빌(1002-11),삼환나띠르빌,삼환나띠르빌아파트,서울 서초구 방배동 1002-7,서울 서초구 명달로 33,37.48046041578116,127.00535566011816,3,삼환나띠르빌 서초구 방배동
서초구,양재동,광정,광정,광정아파트,서울 서초구 양재동 7-17,서울 서초구 강남대로34길 82,37.48396306393179,127.04038697608917,3,광정 서초구 양재동
서초구,반포동,장원빌라트,장원빌라트,장원빌라트,서울 서초구 반포동 111-1,서울 서초구 사평대로 90,37.4981498976167,126.99456730862616,3,장원빌라트 서초구 반포동
서초구,방배동,서희융창,서희융창,서희융창아파트,서울 서초구 방배동 483-1,,37.4758729945454,126.989092621859,3,서희융창 서초구 방배동
서초구,방배동,방배 서리풀 그랑블,방배 서리풀 그랑블,방배서리풀그랑블아파트,서울 서초구 방배동 3279,서울 서초구 서초대로34가길 52,37.48608100283324,126.99749779106754,3,방배 서리풀 그랑블 서초구 방배동
서초구,방배동,월드빌라트(798-5),월드빌라트,월드빌라트아파트(798-5번지),서울 서초구 방배동 798-5,서울 서초구 동광로 126,37.49391522920973,126.99618240414102,3,월드빌라트 서초구 방배동
서초구,양재동,파크뷰,파크뷰,파크뷰,서울 서초구 양재동 319-10,서울 서초구 강남대로12길 23-44,37.470448111115395,127.0398257828105,3,파크뷰 서초구 양재동
서초구,양재동,누리빌,누리빌,누리빌,서울 서초구 방배동 750-14,서울 서초구 사평대로 16,37.4983221963325,126.986085764343,2,누리빌 서초구
서초구,양재동,초원탑스빌,초원탑스빌,초원탑스빌아파트,서울 서초구 양재동 203-11,서울 서초구 매헌로 62,37.4664781050367,127.034585444813,3,초원탑스빌 서초구 양재동
서초구,방배동,르가든5차,르가든5차,르가든5차아파트,서울 서초구 방배동 798-11,서울 서초구 동광로32길 8,37.49383235826103,126.99692647687183,3,르가든5차 서초구 방배동
서초구,서초동,현대서초3,현대서초3,서울서초 현대성우아파트3 전기차충전소,서울 서초구 서초동 1316-1,서울 서초구 강남대로61길 25,37.49844221821189,127.0239778941268,3,현대서초3 서초구 서초동
서초구,양재동,파크사이드,파크사이드,파크사이드아파트,서울 서초구 양재동 333-9,서울 서초구 동산로6길 2,37.470668600632294,127.04312795621182,3,파크사이드 서초구 양재동
서초구,서초동,서초나산스위트,서초나산스위트,서초나산스위트아파트,서울 서초구 서초동 1330-16,서울 서초구 서초대로78길 44,37.49375328234451,127.0284735945361,3,서초나산스위트 서초구 서초동
서초구,방배동,설록,설록,설록아파트,서울 서초구 방배동 815-22,서울 서초구 서초대로23길 93,37.49115779112034,126.99006737878622,3,설록 서초구 방배동
서초구,잠원동,잠원동트루빌,잠원동트루빌,잠원트루빌아파트,서울 서초구 잠원동 33-7,서울 서초구 신반포로41길 50,37.5120946454141,127.016394985308,3,잠원동트루빌 서초구 잠원동
서초구,반포동,노블하우스,노블하우스,노블하우스,서울 서초구 반포동 104-10,서울 서초구 서래로3길 20,37.497151672421786,126.99712763271953,3,노블하우스 서초구 반포동
서초구,서초동,예림,예림,예림하이츠,서울 서초구 서초동 1531-2,서울 서초구 효령로47길 26,37.48496967277105,127.00988205246352,3,예림 서초구 서초동
서초구,서초동,서초녹원,서초녹원,서초녹원아파트,서울 서초구 서초동 1666-14,서울 서초구 사임당로17길 83,37.49256251929528,127.01726028792832,3,서초녹원 서초구 서초동
서초구,방배동,방배타운하우스,방배타운하우스,방배타운하우스아파트,서울 서초구 방배동 790-26,서울 서초구 방배중앙로 147,37.4923143223531,126.986426113011,3,방배타운하우스 서초구 방배동
서초구,서초동,월드빌라트,월드빌라트,월드빌라트,서울 서초구 서초동 1518-2,서울 서초구 명달로16길 31-13,37.48548894128806,127.00544760392933,3,월드빌라트 서초구 서초동
서초구,방배동,방배현대멤피스2,방배현대멤피스2,방배현대멤피스II아파트,서울 서초구 방배동 982-1,서울 서초구 방배로 63,37.48015868165233,126.9979694475621,3,방배현대멤피스2 서초구 방배동
서초구,서초동,대호프레조빌,대호프레조빌,대호프레조빌아파트,서울 서초구 서초동 1604-19,서울 서초구 효령로 335,37.4865468485944,127.020646461166,3,대호프레조빌 서초구 서초동
서초구,반포동,레베빌(86-10),레베빌,레베빌아파트,서울 서초구 반포동 86-2,서울 서초구 동광로39길 18,37.4953641096106,126.999674322024,3,레베빌 서초구 반포동
서초구,서초동,프레스턴-2(1506-42),프레스턴-2,서초프레스턴-2아파트,서울 서초구 서초동 1506-42,서울 서초구 명달로22길 89,37.4884009136314,127.007069269773,3,프레스턴-2 서초구 서초동
서초구,방배동,탑빌라트,탑빌라트,탑빌라트,서울 서초구 방배동 797-1,서울 서초구 방배로42길 65,37.49340049846463,126.9913403588771,3,탑빌라트 서초구 방배동
서초구,방배동,방배대우멤버스카운티(809-17),방배대우멤버스카운티,방배대우멤버스카운티아파트,서울 서초구 방배동 809-17,서울 서초구 방배로34길 20,37.492505848391346,126.9920528555892,3,방배대우멤버스카운티 서초구 방배동
서초구,서초동,서초태동스위트,서초태동스위트,서초태동스위트아파트,서울 서초구 서초동 1668-1,서울 서초구 서초중앙로22길 78,37.49378776307512,127.01810188696602,3,서초태동스위트 서초구 서초동
서초구,서초동,서초트레져,서초트레져,서초트레져아파트,서울 서초구 서초동 1492-5,서울 서초구 명달로 79,37.484497905355425,127.00351409908107,3,서초트레져 서초구 서초동
서초구,방배동,카사벨라(939-9),카사벨라,카사벨라,서울 서초구 방배동 802-1,서울 서초구 방배로34길 78,37.49325024476335,126.99506973626464,3,카사벨라 서초구 방배동
서초구,방배동,노블하임,노블하임,노블하임아파트,서울 서초구 방배동 807-5,서울 서초구 동광로 98,37.49338529149323,126.99300263144129,3,노블하임 서초구 방배동
서초구,방배동,방배동갤러리하우스3,방배동갤러리하우스3,갤러리하우스아파트,서울 서초구 방배동 1-7,서울 서초구 동광로 105,37.49403316929822,126.99397732597409,3,방배동갤러리하우스3 서초구 방배동
서초구,방배동,방배서리풀힐스,방배서리풀힐스,방배서리풀힐스아파트,서울 서초구 방배동 915-16,서울 서초구 방배로11길 35,37.48105598097204,126.99460472600232,3,방배서리풀힐스 서초구 방배동
서초구,서초동,N-Suite102동(1511-3),N-Suite,방배엔스위트아파트,서울 서초구 방배동 481-11,서울 서초구 효령로2길 30,37.475876488815715,126.98796208874244,2,N-Suite 서초구
서초구,양재동,리시본하우스,리시본하우스,리시본하우스아파트,서울 서초구 양재동 15-11,서울 서초구 남부순환로356길 88,37.4810326442342,127.038708703856,3,리시본하우스 서초구 양재동
서초구,서초동,서초타워시티빌,서초타워시티빌,서초타워씨티빌아파트(선경),서울 서초구 서초동 1310-9,서울 서초구 서초대로73길 29,37.49997835575529,127.02435949722562,3,서초타워시티빌 서초구 서초동
서초구,방배동,나스빌3차,나스빌3차,나스빌3차아파트,서울 서초구 방배동 806-13,서울 서초구 동광로24길 25,37.4920518304518,126.993522912968,3,나스빌3차 서초구 방배동
서초구,방배동,리치팰리스,리치팰리스,리치팰리스아파트,서울 서초구 방배동 808-8,서울 서초구 동광로22길 29,37.492186934039054,126.99270761007357,3,리치팰리스 서초구 방배동
서초구,방배동,엘르빌,엘르빌,엘르빌아파트,서울 서초구 방배동 985-15,서울 서초구 효령로34길 17,37.480967805040535,126.99976709448076,3,엘르빌 서초구 방배동
서초구,방배동,서리풀프라젠아파트,서리풀프라젠아파트,서리풀프라젠아파트,서울 서초구 방배동 3281,서울 서초구 서초대로23길 47,37.489184689326834,126.99140529735476,3,서리풀프라젠아파트 서초구 방배동
서초구,양재동,서초,서초,서울서초우체국,서울 서초구 양재동 324-2,서울 서초구 동산로 19,37.4699187155162,127.04128942538637,3,서초 서초구 양재동
서초구,방배동,방배포레스트,방배포레스트,방배포레스트자이아파트(방배13구역재건축) (예정),서울 서초구 방배동 541-2,,37.4781896265104,126.990684124138,3,방배포레스트 서초구 방배동
서초구,방배동,퍼시픽56차,퍼시픽56차,퍼시픽56차아파트,서울 서초구 방배동 929-4,서울 서초구 효령로23길 82,37.48388321705052,126.99227198506236,3,퍼시픽56차 서초구 방배동
서초구,방배동,삼환나띠르빌(1002-22),삼환나띠르빌,삼환나띠르빌아파트,서울 서초구 방배동 1002-7,서울 서초구 명달로 33,37.48046041578116,127.00535566011816,3,삼환나띠르빌 서초구 방배동
서초구,방배동,방배마에스트로,방배마에스트로,방배마에스트로아파트,서울 서초구 방배동 866-10,서울 서초구 서초대로 13,37.48596189737259,126.98387869941249,3,방배마에스트로 서초구 방배동
서초구,양재동,아원데코빌,아원데코빌,아원데코빌,서울 서초구 양재동 251-5,서울 서초구 언남7길 5,37.47308737569033,127.04183945628004,3,아원데코빌 서초구 양재동
서초구,반포동,몽마르뜨빌(577-4),몽마르뜨빌,몽마르뜨빌아파트,서울 서초구 반포동 577-3,서울 서초구 동광로 158,37.49480908726146,126.99922199725889,3,몽마르뜨빌 서초구 반포동
서초구,방배동,방배대우멤버스카운티,방배대우멤버스카운티,방배대우멤버스카운티아파트,서울 서초구 방배동 809-17,서울 서초구 방배로34길 20,37.492505848391346,126.9920528555892,3,방배대우멤버스카운티 서초구 방배동
서초구,방배동,방배2차상지리츠빌,방배2차상지리츠빌,방배상지리츠빌2차아파트,서울 서초구 방배동 593-24,서울 서초구 남부순환로297라길 9,37.47589498352213,126.99427498143112,3,방배2차상지리츠빌 서초구 방배동
서초구,서초동,서초8차상지리츠빌,서초8차상지리츠빌,상지리츠빌8차아파트,서울 서초구 서초동 1491-3,서울 서초구 명달로13길 7,37.48370141979699,127.0033060220835,3,서초8차상지리츠빌 서초구 서초동
서초구,서초동,서초블리스아파트,서초블리스아파트,서초블리스아파트,서울 서초구 서초동 1364-26,서울 서초구 서운로6길 12,37.4857825910421,127.029999251037,3,서초블리스아파트 서초구 서초동
서초구,반포동,상지리츠빌(73-10),상지리츠빌,반포상지리츠빌3차아파트,서울 서초구 반포동 73-2,서울 서초구 사평대로28길 60,37.49801306939803,127.00019450899497,3,상지리츠빌 서초구 반포동
서초구,양재동,해청파인빌,해청파인빌,해청파인빌아파트,서울 서초구 양재동 19-1,서울 서초구 바우뫼로39길 26,37.480858160475975,127.04046670865628,3,해청파인빌 서초구 양재동
서초구,방배동,대우로얄빌라트(1027-1),대우로얄빌라트,대우로얄빌라트,서울 서초구 방배동 1026-1,서울 서초구 방배로1길 15,37.4750445688544,126.999905036313,3,대우로얄빌라트 서초구 방배동
서초구,방배동,효산빌라트,효산빌라트,방배효산아파트,서울 서초구 방배동 878-26,서울 서초구 방배로26길 44,37.48971199828254,126.9953074244536,3,효산빌라트 서초구 방배동
서초구,반포동,팔라디오,팔라디오,팔라디오아파트,서울 서초구 반포동 551,서울 서초구 사평대로28길 55,37.49825814130102,127.0006875689268,3,팔라디오 서초구 반포동
서초구,우면동,호반써밋서초파크,호반써밋서초파크,호반써밋서초파크아파트,서울 서초구 우면동 788,서울 서초구 양재대로2길 33,37.45845999131226,127.02365429826015,3,호반써밋서초파크 서초구 우면동
서초구,반포동,써니힐,써니힐,써니힐아파트,서울 서초구 반포동 701-31,서울 서초구 주흥17길 19,37.5091193553425,127.017598885512,3,써니힐 서초구 반포동
서초구,방배동,공작빌라트,공작빌라트,공작빌라트,서울 서초구 방배동 1029-1,서울 서초구 방배로5길 33,37.477545762591674,126.99851218598708,3,공작빌라트 서초구 방배동
서초구,방배동,비젼21(2차),비젼21,비젼21 1차,서울 서초구 방배동 849-3,서울 서초구 방배로28길 46,37.4909094081836,126.994622109505,3,비젼21 서초구 방배동
서초구,반포동,몽마르뜨빌(577-3),몽마르뜨빌,몽마르뜨빌아파트,서울 서초구 반포동 577-3,서울 서초구 동광로 158,37.49480908726146,126.99922199725889,3,몽마르뜨빌 서초구 반포동
서초구,서초동,비버리캐슬,비버리캐슬,서초비버리캐슬아파트,서울 서초구 서초동 1486-17,서울 서초구 반포대로9길 70,37.482940746534965,127.00796082950892,3,비버리캐슬 서초구 서초동
서초구,우면동,서초네이처힐2단지,서초네이처힐2단지,서초네이처힐2단지아파트,서울 서초구 우면동 712,서울 서초구 형촌길 15,37.46280684754289,127.02170696866862,3,서초네이처힐2단지 서초구 우면동
서초구,양재동,노블하우스,노블하우스,노블하우스아파트,서울 서초구 양재동 325-1,서울 서초구 강남대로12길 24-2,37.46988292219508,127.04057609662762,3,노블하우스 서초구 양재동
서초구,반포동,효성빌라26동,효성빌라,효성빌라,서울 서초구 반포동 591-1,서울 서초구 사평대로20길 76,37.49553884095676,126.99609864015513,3,효성빌라 서초구 반포동
서초구,서초동,새티스,새티스,새티스아파트(1435-2번지),서울 서초구 서초동 1435-2,서울 서초구 남부순환로337가길 51-6,37.48466490650727,127.0240153249866,3,새티스 서초구 서초동
서초구,양재동,비젼아파트101동,비젼아파트,비젼아파트,서울 서초구 양재동 17-35,서울 서초구 바우뫼로39길 39,37.48090158740716,127.03994212984946,3,비젼아파트 서초구 양재동
서초구,서초동,더샾오데움(104동),더샾오데움,서초더샵오데움1단지아파트,서울 서초구 서초동 1483-18,서울 서초구 효령로46길 21,37.48256219650968,127.00965560871826,3,더샾오데움 서초구 서초동
서초구,양재동,현대테라하임102동,현대테라하임,현대테라하임아파트(11-74),서울 서초구 양재동 11-74,서울 서초구 강남대로34길 19,37.48346856613542,127.03716662745536,3,현대테라하임 서초구 양재동
서초구,방배동,영진,영진,영진아파트,서울 서초구 방배동 836-4,서울 서초구 서초대로23길 64,37.49012714329595,126.99140405862563,3,영진 서초구 방배동
서초구,방배동,방배렉슬,방배렉슬,방배렉슬아파트,서울 서초구 방배동 802-10,서울 서초구 방배로32길 71,37.4926429722348,126.99522356298,3,방배렉슬 서초구 방배동
서초구,양재동,드림팰리스103동,드림팰리스,드림팰리스아파트,서울 서초구 양재동 6-12,서울 서초구 논현로31길 24-18,37.482185814825186,127.04171111501265,3,드림팰리스 서초구 양재동
서초구,반포동,반포서래월드메르디앙스칼라아파트A동,반포서래월드메르디앙스칼라아파트A동,반포서래월드메르디앙라스칼라아파트 A동,서울 서초구 반포동 550-34,서울 서초구 반포대로39길 63-8,37.497251710441965,127.0014282695728,3,반포서래월드메르디앙스칼라아파트A동 서초구 반포동
서초구,서초동,래미안서초3차,래미안서초3차,서초래미안3차아파트,서울 서초구 서초동 1487-145,서울 서초구 명달로6길 24,37.480558526971,127.00721324809338,3,래미안서초3차 서초구 서초동
서초구,서초동,풍림아이원(102동),풍림아이원,풍림아이원플러스아파트,서울 서초구 서초동 1338-1,서울 서초구 효령로77길 14,37.490415647551934,127.02970710838365,3,풍림아이원 서초구 서초동
서초구,서초동,동아빌라트1,동아빌라트1,서초동아빌라트1타운아파트,서울 서초구 서초동 1678-1,서울 서초구 서초대로 346,37.49515708680696,127.01940492575272,3,동아빌라트1 서초구 서초동
서초구,반포동,레베빌,레베빌,레베빌아파트,서울 서초구 반포동 86-2,서울 서초구 동광로39길 18,37.4953641096106,126.999674322024,3,레베빌 서초구 반포동
서초구,반포동,브리앙뜨,브리앙뜨,브리앙뜨,서울 서초구 반포동 101-10,서울 서초구 서래로1길 13,37.49601640830709,126.99730860998312,3,브리앙뜨 서초구 반포동
서초구,방배동,상지리츠빌6차,상지리츠빌6차,상지리츠빌6차아파트,서울 서초구 방배동 843-10,서울 서초구 서초대로33길 84-28,37.492196114728245,126.99641317046206,3,상지리츠빌6차 서초구 방배동
서초구,방배동,신원아침도시,신원아침도시,방배동신원아침도시아파트,서울 서초구 방배동 987-6,서울 서초구 효령로34길 39,37.480074003742224,127.00034257054256,3,신원아침도시 서초구 방배동
서초구,서초동,서초프라임빌(1566-9),서초프라임빌,서초프라임빌아파트,서울 서초구 서초동 1566-9,서울 서초구 서초대로50길 84-8,37.4895969115911,127.013329155557,3,서초프라임빌 서초구 서초동
서초구,방배동,그린,그린,그린자원,서울 서초구 방배동 600,서울 서초구 남부순환로296길 7,37.47347393729864,126.99364208810236,3,그린 서초구 방배동
서초구,서초동,서초동에지앙,서초동에지앙,에지앙아파트,서울 서초구 서초동 1679-6,서울 서초구 서초대로64길 13,37.494945974729504,127.02102081288692,3,서초동에지앙 서초구 서초동
서초구,양재동,우면파크아파트,우면파크아파트,우면파크아파트,서울 서초구 양재동 385-9,서울 서초구 논현로1길 67,37.47010790909582,127.04845655481596,3,우면파크아파트 서초구 양재동
서초구,방배동,아이리스,아이리스,아이리스아파트,서울 서초구 방배동 1021-9,서울 서초구 효령로34길 48,37.47954240865766,127.00018541640593,3,아이리스 서초구 방배동
서초구,서초동,다솔,다솔,다솔아파트,서울 서초구 서초동 1471-3,서울 서초구 반포대로3길 49,37.481144015694376,127.00956723849404,3,다솔 서초구 서초동
서초구,방배동,노블씨티,노블씨티,노블씨티아파트,서울 서초구 방배동 802-8,서울 서초구 동광로28길 30,37.4926772253865,126.99560689718304,3,노블씨티 서초구 방배동
서초구,반포동,대백세인트빌,대백세인트빌,대백세인트빌아파트,서울 서초구 반포동 87-5,서울 서초구 동광로39길 7,37.49526679859999,126.9991982451892,3,대백세인트빌 서초구 반포동
서초구,서초동,래미안 리더스원,래미안 리더스원,래미안리더스원아파트,서울 서초구 서초동 1755,서울 서초구 서운로 62,37.49090619004928,127.0280948402369,3,래미안 리더스원 서초구 서초동
서초구,서초동,마샹스,마샹스,마샹스2차아파트,서울 서초구 서초동 1487-144,서울 서초구 명달로6길 20,37.480504496004976,127.00671125546329,3,마샹스 서초구 서초동
서초구,서초동,경남아너스빌(1608-8),경남아너스빌,서초경남아너스빌아파트,서울 서초구 서초동 1455-9,서울 서초구 남부순환로323길 56-18,37.4836897939778,127.014255239351,3,경남아너스빌 서초구 서초동
서초구,반포동,신구노빌리티,신구노빌리티,반포신구노빌리티아파트,서울 서초구 반포동 84-2,서울 서초구 동광로45길 12,37.49444868097492,127.00119753044142,3,신구노빌리티 서초구 반포동
서초구,방배동,푸른마을,푸른마을,푸른마을아파트,서울 서초구 방배동 763-12,서울 서초구 동광로1길 84,37.4956441426763,126.984014579703,3,푸른마을 서초구 방배동
서초구,서초동,더클래스,더클래스,HS효성더클래스 메르세데스 벤츠 서초 서비스센터,서울 서초구 서초동 1597-7,서울 서초구 효령로55길 65,37.4876506827643,127.013781093759,3,더클래스 서초구 서초동
서초구,반포동,반포훼미리(103동),반포훼미리,"반포훼밀리아파트(103,104동)",서울 서초구 반포동 702-1,서울 서초구 주흥17길 25,37.50879776122594,127.01715997079287,3,반포훼미리 서초구 반포동
서초구,방배동,레베빌(798-1),레베빌,레베빌,서울 서초구 방배동 798-1,서울 서초구 방배로34길 89,37.49380889796176,126.9958160294276,3,레베빌 서초구 방배동
서초구,잠원동,오페라하우스,오페라하우스,오페라하우스아파트,서울 서초구 잠원동 71,서울 서초구 신반포로23길 80,37.51224159857906,127.0058997179232,3,오페라하우스 서초구 잠원동
서초구,잠원동,신반포27,신반포27,신반포27차재건축아파트 (예정),서울 서초구 잠원동 56-2,서울 서초구 잠원로8길 3,37.5159282443055,127.009839756657,3,신반포27 서초구 잠원동
서초구,방배동,폴라씨엘로,폴라씨엘로,폴라씨엘로아파트,서울 서초구 방배동 840-4,서울 서초구 방배로30길 42,37.491566243547865,126.99464241625488,3,폴라씨엘로 서초구 방배동
서초구,반포동,궁전,궁전,신반포궁전아파트,서울 서초구 반포동 65-1,서울 서초구 사평대로 142,37.50043136815698,127.00071473051884,3,궁전 서초구 반포동
서초구,양재동,힐하우스,힐하우스,힐하우스아파트,서울 서초구 양재동 378-1,서울 서초구 동산로12길 5-8,37.4714749243161,127.045738666008,3,힐하우스 서초구 양재동
서초구,서초동,서초센트럴IPARK,서초센트럴IPARK,서초센트럴아이파크아파트,서울 서초구 서초동 1582-3,서울 서초구 반포대로18길 36,37.48696795117065,127.01161793976286,3,서초센트럴IPARK 서초구 서초동
서초구,방배동,현대아르빌,현대아르빌,현대아르빌아파트,서울 서초구 방배동 459-1,서울 서초구 청두곶14길 32,37.48159240753561,126.98715730189711,3,현대아르빌 서초구 방배동
서초구,반포동,APELBAUM,APELBAUM,논현아펠바움2차,서울 강남구 논현동 260,서울 강남구 학동로42길 43,37.5127477240828,127.036991118566,1,APELBAUM 서초구 반포동
서초구,양재동,메르디안하우스,메르디안하우스,메르디안하우스아파트,서울 서초구 양재동 122-2,서울 서초구 양재천로17길 11,37.47570181960624,127.03731653300508,3,메르디안하우스 서초구 양재동
서초구,방배동,프레스턴(1-119),프레스턴,프레스턴,서울 서초구 방배동 828-14,서울 서초구 방배천로30길 12,37.48838414460875,126.98657834080312,3,프레스턴 서초구 방배동
서초구,방배동,강남아트빌,강남아트빌,강남아트빌아파트,서울 서초구 방배동 980-41,서울 서초구 효령로 59-8,37.479776317710346,126.99086029941566,3,강남아트빌 서초구 방배동
서초구,양재동,마로니에,마로니에,마로니에아파트,서울 서초구 양재동 352-7,서울 서초구 강남대로2길 24,37.4667003416588,127.043692004095,3,마로니에 서초구 양재동
서초구,방배동,레베빌2,레베빌2,레베빌2아파트,서울 서초구 방배동 804-5,서울 서초구 서초대로33길 102,37.492949290887694,126.99466719484384,3,레베빌2 서초구 방배동
서초구,방배동,방배힐2차,방배힐2차,방배힐2아파트,서울 서초구 방배동 808-11,서울 서초구 방배로32길 33,37.491900442001686,126.99318143226778,3,방배힐2차 서초구 방배동
서초구,반포동,프라임빌라트,프라임빌라트,프라임빌라트,서울 서초구 반포동 98-4,서울 서초구 서래로 5,37.49541815010003,126.9978061953854,3,프라임빌라트 서초구 반포동
서초구,방배동,상지리츠빌4차(843-13),상지리츠빌4차,방배상지리츠빌4차아파트,서울 서초구 방배동 843-13,서울 서초구 서초대로33길 84-20,37.49211320401226,126.99586135510808,3,상지리츠빌4차 서초구 방배동
서초구,방배동,세양아르비채101동,세양아르비채,세양아르비채아파트,서울 서초구 방배동 421-1,서울 서초구 서초대로 12,37.4850338330569,126.983691207516,3,세양아르비채 서초구 방배동
서초구,방배동,롯데캐슬파크(34),롯데캐슬파크,방배롯데캐슬파크아파트,서울 서초구 방배동 888-40,서울 서초구 방배로18길 81,37.486018859192065,126.9996336579202,3,롯데캐슬파크 서초구 방배동
서초구,서초동,상지리츠빌(10),상지리츠빌,상지리츠빌8차아파트,서울 서초구 서초동 1491-3,서울 서초구 명달로13길 7,37.48370141979699,127.0033060220835,3,상지리츠빌 서초구 서초동
서초구,반포동,예당하우스,예당하우스,예당하우스아파트,서울 서초구 반포동 577-5,서울 서초구 동광로42길 4,37.49473971183486,126.99967206310144,3,예당하우스 서초구 반포동
서초구,방배동,서리풀래디앙아파트,서리풀래디앙아파트,서리풀래디앙아파트,서울 서초구 방배동 805-14,서울 서초구 방배로32길 49,37.492295134439,126.994135774737,3,서리풀래디앙아파트 서초구 방배동
서초구,서초동,서초대성유니드,서초대성유니드,대성유니드아파트,서울 서초구 서초동 1641-3,서울 서초구 서초대로64길 36,37.4938593966234,127.0208158328994,3,서초대성유니드 서초구 서초동
서초구,서초동,서초한양수자인,서초한양수자인,서초한양수자인아파트,서울 서초구 서초동 1344-2,서울 서초구 서운로11길 23,37.4874320842648,127.027326920003,3,서초한양수자인 서초구 서초동
서초구,잠원동,데뜨아르,데뜨아르,데뜨아르아파트,서울 서초구 잠원동 67-1,서울 서초구 잠원로 46-4,37.508493244986184,127.00872245963296,3,데뜨아르 서초구 잠원동
서초구,양재동,대흥,대흥,대흥,서울 서초구 양재동 7-45,서울 서초구 강남대로30길 73-11,37.48318805685658,127.04079359029696,3,대흥 서초구 양재동
서초구,방배동,동광빌라트,동광빌라트,동광빌라트,서울 서초구 방배동 791-10,서울 서초구 방배로37길 49,37.492727083175765,126.98732162125296,3,동광빌라트 서초구 방배동
서초구,방배동,현대오페라하우스,현대오페라하우스,현대오페라하우스I아파트,서울 서초구 방배동 825-12,서울 서초구 동광로4길 15,37.49011387982146,126.98492261749728,3,현대오페라하우스 서초구 방배동
서초구,방배동,청광(761-5),청광,청광아트빌,서울 서초구 방배동 857-4,서울 서초구 방배중앙로 100-3,37.488348335275056,126.9887945594569,3,청광 서초구 방배동
서초구,잠원동,띠에라하우스,띠에라하우스,띠에라하우스아파트,서울 서초구 잠원동 49-37,서울 서초구 잠원로 221-31,37.5225625257157,127.01623550876508,3,띠에라하우스 서초구 잠원동
서초구,방배동,다이너스티힐,다이너스티힐,다이너스티힐아파트,서울 서초구 방배동 1-11,서울 서초구 동광로27길 66,37.4959261862662,126.99400657566216,3,다이너스티힐 서초구 방배동
서초구,반포동,디에이치반포라클라스,디에이치반포라클라스,디에이치반포라클라스아파트,서울 서초구 반포동 1343,서울 서초구 서초중앙로 206,37.50085852667877,127.01393166993124,3,디에이치반포라클라스 서초구 반포동
서초구,반포동,삼광,삼광,삼광아파트,서울 서초구 반포동 577-47,서울 서초구 동광로46길 7-14,37.493664808032406,127.00082661530094,3,삼광 서초구 반포동
서초구,방배동,르가든6차,르가든6차,르가든6차아파트,서울 서초구 방배동 798-10,서울 서초구 방배로34길 109,37.493853976330335,126.9967003152786,3,르가든6차 서초구 방배동
서초구,방배동,상지리츠빌8차,상지리츠빌8차,방배상지리츠빌8차아파트,서울 서초구 방배동 1-35,서울 서초구 동광로27길 47,37.49550268728775,126.99351809163971,3,상지리츠빌8차 서초구 방배동
서초구,방배동,방배호원,방배호원,방배호원아파트,서울 서초구 방배동 593-32,서울 서초구 남부순환로297다길 18,37.47601389332944,126.99380919207118,3,방배호원 서초구 방배동
서초구,방배동,선영베스트,선영베스트,선영베스트아파트,서울 서초구 방배동 849-24,서울 서초구 동광로24길 81,37.490817542143674,126.9955007148703,3,선영베스트 서초구 방배동
서초구,방배동,부에나비스타,부에나비스타,부에나비스타아파트,서울 서초구 방배동 1-57,서울 서초구 사평대로12길 75,37.49542067269584,126.99311213177864,3,부에나비스타 서초구 방배동
서초구,반포동,반포팰리스,반포팰리스,반포팰리스아파트,서울 서초구 반포동 728-7,서울 서초구 주흥7길 10-32,37.506060276709206,127.01868504647068,3,반포팰리스 서초구 반포동
서초구,방배동,방배승원아트빌,방배승원아트빌,승원아트빌,서울 서초구 방배동 871-2,서울 서초구 서초대로15길 8-8,37.48707806269567,126.99049080127776,3,방배승원아트빌 서초구 방배동
서초구,반포동,윌턴빌,윌턴빌,윌턴빌,서울 서초구 반포동 103-1,서울 서초구 서래로3길 21,37.496917408193035,126.99702586521666,3,윌턴빌 서초구 반포동
서초구,반포동,아델스빌1,아델스빌1,아델스빌1아파트,서울 서초구 반포동 612-31,서울 서초구 동광로27길 84,37.49686321906419,126.99373396619006,3,아델스빌1 서초구 반포동
서초구,방배동,나인빌,나인빌,나인빌아파트,서울 서초구 방배동 800-3,서울 서초구 방배로32길 103-13,37.493328691588374,126.99678740965032,3,나인빌 서초구 방배동
서초구,반포동,그랑빌,그랑빌,그랑빌아파트,서울 서초구 반포동 110-6,서울 서초구 사평대로14길 23,37.497209251848574,126.99467706961951,3,그랑빌 서초구 반포동
서초구,방배동,방배갤러리,방배갤러리,방배갤러리아파트,서울 서초구 방배동 806-3,서울 서초구 방배로32길 47-21,37.4929023717665,126.993350959564,3,방배갤러리 서초구 방배동
서초구,서초동,동아빌리지,동아빌리지,동아빌리지,서울 서초구 서초동 1523-17,서울 서초구 반포대로19길 9-26,37.486177149674106,127.00824271417969,3,동아빌리지 서초구 서초동
서초구,서초동,서초그랑자이,서초그랑자이,서초그랑자이아파트,서울 서초구 서초동 1757,서울 서초구 효령로 391,37.4890757696272,127.026237493617,3,서초그랑자이 서초구 서초동
서초구,서초동,리안하우스,리안하우스,리안하우스아파트,서울 서초구 서초동 1491-8,서울 서초구 명달로11길 6,37.48355544124956,127.00380915414806,3,리안하우스 서초구 서초동
서초구,반포동,현대반포빌라트B,현대반포빌라트B,현대반포빌라트 B동,서울 서초구 반포동 77-1,서울 서초구 동광로39길 37,37.496447117400635,126.99919031667253,3,현대반포빌라트B 서초구 반포동
서초구,방배동,네스코,네스코,네스코아파트,서울 서초구 방배동 956-8,서울 서초구 청두곶길 78,37.483160053280635,126.98618581180708,3,네스코 서초구 방배동
서초구,서초동,보미리즌빌,보미리즌빌,보미리즌빌아파트,서울 서초구 서초동 1527-1,서울 서초구 효령로43길 26,37.4846274033685,127.008412143587,3,보미리즌빌 서초구 서초동
서초구,방배동,방배대우멤버스카운티501,방배대우멤버스카운티501,방배대우멤버스카운티V아파트 501동,서울 서초구 방배동 801-1,서울 서초구 동광로28길 15,37.49338723125654,126.99594835614008,3,방배대우멤버스카운티501 서초구 방배동
서초구,서초동,도무스,도무스,도무스아파트,서울 서초구 서초동 1497-12,서울 서초구 명달로 109,37.48706847295556,127.0038070711103,3,도무스 서초구 서초동
서초구,방배동,라파예트,라파예트,라파예트빌라,서울 서초구 방배동 1-43,서울 서초구 사평대로6길 91,37.49472780435849,126.99321509973127,3,라파예트 서초구 방배동
서초구,잠원동,노블레스,노블레스,노블레스아파트,서울 서초구 잠원동 59-12,서울 서초구 신반포로 287,37.50966750198882,127.01517858424556,3,노블레스 서초구 잠원동
서초구,반포동,프레스턴클레식,프레스턴클레식,프레스턴클래식아파트,서울 서초구 반포동 612-49,서울 서초구 동광로27길 91,37.49645232666467,126.99313352304056,3,프레스턴클레식 서초구 반포동
서초구,서초동,서초한일,서초한일,서초한일아파트,서울 서초구 서초동 1636-1,서울 서초구 서초대로64길 31,37.4943783066418,127.021209499292,3,서초한일 서초구 서초동
서초구,방배동,신호나이스빌,신호나이스빌,신호나이스아파트,서울 서초구 방배동 890-8,서울 서초구 서초대로34가길 36,37.48705680495744,126.99804162573852,3,신호나이스빌 서초구 방배동
서초구,서초동,DK밸리뷰시티,DK밸리뷰시티,DK밸리뷰시티아파트,서울 서초구 서초동 1584-6,서울 서초구 반포대로14길 14,37.48509112035874,127.01192519176026,3,DK밸리뷰시티 서초구 서초동
서초구,반포동,태평아트,태평아트,태평아트아파트,서울 서초구 반포동 701-59,서울 서초구 주흥길 77,37.5093246567441,127.01843590098838,3,태평아트 서초구 반포동
서초구,방배동,삼환나띠르빌(1002-9),삼환나띠르빌,삼환나띠르빌아파트,서울 서초구 방배동 1002-7,서울 서초구 명달로 33,37.48046041578116,127.00535566011816,3,삼환나띠르빌 서초구 방배동
서초구,방배동,한화엘르빌,한화엘르빌,한화엘르빌아파트,서울 서초구 방배동 878-27,서울 서초구 방배로26길 50,37.489765162523746,126.99542954125263,3,한화엘르빌 서초구 방배동
서초구,방배동,방배블레스밸리,방배블레스밸리,신구블레스밸리아파트,서울 서초구 방배동 1019-3,서울 서초구 효령로34길 92,37.477729571023936,127.0012752722774,3,방배블레스밸리 서초구 방배동
서초구,방배동,그랑씨엘2000,그랑씨엘2000,그랑씨엘아파트,서울 서초구 방배동 843-3,서울 서초구 방배로32길 72,37.4923537615763,126.9955481155204,3,그랑씨엘2000 서초구 방배동
서초구,반포동,일신반포빌라트,일신반포빌라트,일신반포빌라트,서울 서초구 반포동 48-7,서울 서초구 고무래로10길 34,37.499753415606165,127.00969853402624,3,일신반포빌라트 서초구 반포동
서초구,방배동,레베빌,레베빌,레베빌,서울 서초구 방배동 798-1,서울 서초구 방배로34길 89,37.49380889796176,126.9958160294276,3,레베빌 서초구 방배동
서초구,양재동,태양파크빌,태양파크빌,태양파크빌아파트,서울 서초구 양재동 8-36,서울 서초구 바우뫼로39길 88-7,37.48358590106232,127.03932057135228,3,태양파크빌 서초구 양재동
서초구,방배동,방배신주,방배신주,방배신주아파트,서울 서초구 방배동 449-1,서울 서초구 방배천로2안길 10,37.47737352291239,126.98419370827816,3,방배신주 서초구 방배동
서초구,양재동,현대테라하임101동,현대테라하임,현대테라하임아파트(11-74),서울 서초구 양재동 11-74,서울 서초구 강남대로34길 19,37.48346856613542,127.03716662745536,3,현대테라하임 서초구 양재동
서초구,서초동,서초노블레스아파트,서초노블레스아파트,서초노블레스아파트,서울 서초구 서초동 1362-10,서울 서초구 강남대로39길 15-11,37.4855872983704,127.03254885383,3,서초노블레스아파트 서초구 서초동
서초구,방배동,방배중앙센트레빌,방배중앙센트레빌,방배중앙센트레빌,서울 서초구 방배동 777-12,서울 서초구 방배중앙로 158,37.4931937297512,126.986639673848,3,방배중앙센트레빌 서초구 방배동
서초구,방배동,월드빌리지,월드빌리지,월드빌리지아파트,서울 서초구 방배동 838-14,서울 서초구 서초대로25길 76,37.49127692494861,126.99284452107158,3,월드빌리지 서초구 방배동
서초구,서초동,라파엘로,라파엘로,라파엘로아파트,서울 서초구 서초동 1492-1,서울 서초구 명달로15길 11,37.484691634823186,127.0030595806523,3,라파엘로 서초구 서초동
서초구,방배동,캐슬렉스,캐슬렉스,캐슬렉스아파트,서울 서초구 방배동 799-9,서울 서초구 방배로32길 105,37.492869189597954,126.99724992190568,3,캐슬렉스 서초구 방배동
서초구,서초동,수광빌라트,수광빌라트,수광빌라트,서울 서초구 서초동 1640-3,서울 서초구 서초대로60길 33,37.49370473198748,127.01898389191852,3,수광빌라트 서초구 서초동
서초구,양재동,삼익양재빌라,삼익양재빌라,삼익양재빌라,서울 서초구 양재동 73,서울 서초구 바우뫼로23길 34,37.478036252650945,127.03462920998412,3,삼익양재빌라 서초구 양재동
서초구,방배동,대건딜라이트,대건딜라이트,대건딜라이트,서울 서초구 방배동 593-19,서울 서초구 남부순환로297길 44,37.47561750068514,126.9948900102171,3,대건딜라이트 서초구 방배동
서초구,서초동,LOFT1487,LOFT1487,로프트1487,서울 서초구 서초동 1487-1,,37.4828021040122,127.006059083443,3,LOFT1487 서초구 서초동
서초구,반포동,몽마르뜨파크,몽마르뜨파크,몽마르뜨파크,서울 서초구 반포동 577-35,서울 서초구 동광로46길 9,37.49398016192835,127.00058801882872,3,몽마르뜨파크 서초구 반포동
서초구,반포동,반포힐스,반포힐스,반포힐스아파트,서울 서초구 반포동 50-6,서울 서초구 서초중앙로31길 6,37.499806422976974,127.01140053528276,3,반포힐스 서초구 반포동
서초구,서초동,지에스타워,지에스타워,GS건설 서초타워,서울 서초구 서초동 1424-2,서울 서초구 남부순환로 2477,37.4831643585219,127.021235725702,3,지에스타워 서초구 서초동
서초구,방배동,방배그랑자이,방배그랑자이,방배그랑자이아파트,서울 서초구 방배동 3283,서울 서초구 방배로 21,37.47656817630484,126.99978180519444,3,방배그랑자이 서초구 방배동
서초구,잠원동,반포르엘,반포르엘,반포르엘아파트,서울 서초구 잠원동 163,서울 서초구 신반포로23길 23,37.507499723411286,127.00288407382044,3,반포르엘 서초구 잠원동
서초구,반포동,비버리힐즈,비버리힐즈,비버리힐즈,서울 서초구 반포동 612-28,서울 서초구 사평대로12길 27,37.49681812550441,126.9929661240106,3,비버리힐즈 서초구 반포동
서초구,방배동,멤버스빌,멤버스빌,멤버스빌,서울 서초구 방배동 918-14,서울 서초구 효령로23길 31,37.4816686016973,126.993324820256,3,멤버스빌 서초구 방배동
서초구,잠원동,성진준빌라트,성진준빌라트,성진준빌라트,서울 서초구 잠원동 48-5,서울 서초구 신반포로41길 31,37.51127835847697,127.0162285400078,3,성진준빌라트 서초구 잠원동
서초구,서초동,DK밸리뷰서초2차,DK밸리뷰서초2차,DK밸리뷰서초2차,서울 서초구 서초동 1597-6,서울 서초구 사임당로 34,37.4879281881983,127.013824111876,3,DK밸리뷰서초2차 서초구 서초동
서초구,반포동,더샵반포리버파크,더샵반포리버파크,더샵반포리버파크,서울 서초구 반포동 114-1,,37.49845343719806,126.99271717859038,3,더샵반포리버파크 서초구 반포동
서초구,반포동,반포센트레빌아스테리움,반포센트레빌아스테리움,반포센트레빌아스테리움아파트,서울 서초구 반포동 1344,서울 서초구 사평대로 310-4,37.503426117073026,127.01610356693698,3,반포센트레빌아스테리움 서초구 반포동
서초구,잠원동,잠원동상지리츠빌카일룸,잠원동상지리츠빌카일룸,잠원상지리츠빌카일룸아파트,서울 서초구 잠원동 49-7,서울 서초구 잠원로 221-19,37.522057987727,127.016063452622,3,잠원동상지리츠빌카일룸 서초구 잠원동
서초구,방배동,베로니스5차,베로니스5차,베로니스5차아파트,서울 서초구 방배동 1-39,,37.4947782810358,126.993578087573,3,베로니스5차 서초구 방배동
서초구,서초동,루컴즈힐서리풀,루컴즈힐서리풀,루컴즈힐서리풀아파트,서울 서초구 서초동 1496-6,서울 서초구 명달로 97-13,37.4860305314441,127.003128607076,3,루컴즈힐서리풀 서초구 서초동
서초구,반포동,래미안원베일리,래미안원베일리,래미안원베일리아파트,서울 서초구 반포동 1,서울 서초구 반포대로 333,37.5065446861588,126.9987050108016,3,래미안원베일리 서초구 반포동
서초구,양재동,성영,성영,성영빌라트,서울 서초구 양재동 18-5,서울 서초구 강남대로30길 52,37.48235934591395,127.04015998683136,3,성영 서초구 양재동
서초구,서초동,서초아트빌,서초아트빌,서초아트빌,서울 서초구 서초동 1343-9,서울 서초구 서운로11길 41,37.4872196389736,127.02648107640262,3,서초아트빌 서초구 서초동
서초구,서초동,서초네스피아B,서초네스피아B,서초네스피아아파트 B동,서울 서초구 서초동 1466-2,서울 서초구 명달로4길 68,37.48072052339344,127.00978765258888,3,서초네스피아B 서초구 서초동
서초구,방배동,하늘바람,하늘바람,하늘바람아파트,서울 서초구 방배동 1-56,서울 서초구 사평대로12길 65,37.49548282127644,126.9927627001899,3,하늘바람 서초구 방배동
서초구,잠원동,신반포르엘,신반포르엘,신반포르엘아파트,서울 서초구 잠원동 165,서울 서초구 잠원로14길 42,37.51697298015149,127.01407153455476,3,신반포르엘 서초구 잠원동
서초구,서초동,서초예성그린캐슬,서초예성그린캐슬,서울서초 예성그린캐슬아파트 전기차충전소,서울 서초구 서초동 1667-2,서울 서초구 서초대로58길 26,37.49367519835423,127.0176981639032,3,서초예성그린캐슬 서초구 서초동
서초구,양재동,현대타운,현대타운,현대타운아파트,서울 서초구 양재동 16-19,서울 서초구 남부순환로356길 105,37.48064584988659,127.03949879680052,3,현대타운 서초구 양재동
서초구,서초동,현대임페리움,현대임페리움,현대임페리움아파트,서울 서초구 서초동 1631-8,서울 서초구 효령로67길 71-6,37.490211871010544,127.02217850350124,3,현대임페리움 서초구 서초동
서초구,잠원동,신반포중앙하이츠,신반포중앙하이츠,신반포중앙하이츠아파트,서울 서초구 잠원동 71-9,서울 서초구 신반포로23길 78-10,37.5115235177843,127.00549247618316,3,신반포중앙하이츠 서초구 잠원동
서초구,반포동,반포대우멤버스카운티2차,반포대우멤버스카운티2차,반포대우멤버스카운티2차아파트,서울 서초구 반포동 100-3,서울 서초구 사평대로20길 79,37.495830782805974,126.99660523830562,3,반포대우멤버스카운티2차 서초구 반포동
서초구,반포동,리더스빌,리더스빌,리더스빌,서울 서초구 반포동 85-1,서울 서초구 동광로41길 14,37.49562900597788,127.00013569963605,3,리더스빌 서초구 반포동
서초구,양재동,양재파크뷰,양재파크뷰,양재파크뷰아파트,서울 서초구 양재동 8-37,서울 서초구 바우뫼로39길 88-3,37.483593160578536,127.03916567627022,3,양재파크뷰 서초구 양재동
서초구,서초동,(1617-21),,서울둘레길 10코스 산속에서 보는 서울길,서울 서초구 서초동 산 150-123,,37.4764030184701,127.008035882195,3, 서초구 서초동
서초구,방배동,방배아크빌,방배아크빌,방배아크빌아파트,서울 서초구 방배동 848-1,서울 서초구 서초대로33길 52,37.491114888044194,126.99586819476367,3,방배아크빌 서초구 방배동
서초구,잠원동,반포르엘2차,반포르엘2차,반포르엘2차아파트,서울 서초구 잠원동 164,서울 서초구 신반포로23길 33,37.508972881739254,127.0021647944208,3,반포르엘2차 서초구 잠원동
서초구,서초동,서초아파트,서초아파트,서초그랑자이아파트,서울 서초구 서초동 1757,서울 서초구 효령로 391,37.4890757696272,127.026237493617,3,서초아파트 서초구 서초동
서초구,반포동,래미안원펜타스,래미안원펜타스,래미안원펜타스아파트,서울 서초구 반포동 12,서울 서초구 신반포로15길 1,37.503787457009174,126.99385326860263,3,래미안원펜타스 서초구 반포동
서초구,잠원동,잠원중앙하이츠(A동),잠원중앙하이츠,잠원2차중앙하이츠아파트,서울 서초구 잠원동 71-17,서울 서초구 잠원로3길 20,37.51013509456111,127.00493363619007,3,잠원중앙하이츠 서초구 잠원동
서초구,양재동,미라보,미라보,미라보아파트,서울 서초구 양재동 10-13,서울 서초구 강남대로34길 18,37.482925289972535,127.03706460085948,3,미라보 서초구 양재동
서초구,방배동,네스코뮤즈빌(B),네스코뮤즈빌,네스코뮤즈빌아파트,서울 서초구 방배동 971-8,서울 서초구 도구로 45-3,37.480716737426235,126.9882190903579,3,네스코뮤즈빌 서초구 방배동
서초구,방배동,명지해드는터,명지해드는터,방배명지해드는터아파트,서울 서초구 방배동 593-64,서울 서초구 남부순환로297나길 13,37.4751894740198,126.993899701855,3,명지해드는터 서초구 방배동
서초구,반포동,반포대우멤버스카운티,반포대우멤버스카운티,반포대우멤버스카운티1차아파트,서울 서초구 반포동 111-11,서울 서초구 사평대로16길 14,37.4980165723827,126.995110134109,3,반포대우멤버스카운티 서초구 반포동
서초구,방배동,삼환나띠르빌(1002-21),삼환나띠르빌,삼환나띠르빌아파트,서울 서초구 방배동 1002-7,서울 서초구 명달로 33,37.48046041578116,127.00535566011816,3,삼환나띠르빌 서초구 방배동
서초구,방배동,현대맨션,현대맨션,현대힐스아파트,서울 서초구 방배동 1025-2,서울 서초구 방배로 12,37.47616181033075,127.00159631812056,3,현대맨션 서초구 방배동
서초구,잠원동,한신진일빌라트,한신진일빌라트,한신진일빌라트,서울 서초구 잠원동 61,서울 서초구 잠원로 132,37.515095792441485,127.00888610986122,3,한신진일빌라트 서초구 잠원동
서초구,잠원동,신사레전드,신사레전드,신사레전드,서울 서초구 잠원동 8-27,서울 서초구 강남대로105길 8,37.5177121206944,127.018324847893,3,신사레전드 서초구 잠원동
서초구,서초동,대상파크빌,대상파크빌,대상파크빌아파트,서울 서초구 서초동 1484-8,서울 서초구 남부순환로317길 66,37.4825548997756,127.01068561464832,3,대상파크빌 서초구 서초동
서초구,방배동,태림,태림,태림아파트,서울 서초구 방배동 912-13,서울 서초구 방배로11길 17,37.48140201017296,126.99561321046764,3,태림 서초구 방배동
서초구,방배동,네스코뮤즈빌(A),네스코뮤즈빌,네스코뮤즈빌아파트,서울 서초구 방배동 971-8,서울 서초구 도구로 45-3,37.480716737426235,126.9882190903579,3,네스코뮤즈빌 서초구 방배동
서초구,방배동,엘루크방배서리풀,엘루크방배서리풀,엘루크방배서리풀,서울 서초구 방배동 3284,서울 서초구 효령로31길 31,37.48247512170745,126.99589015257662,3,엘루크방배서리풀 서초구 방배동
서초구,서초동,서초자이르네,서초자이르네,서초자이르네아파트,서울 서초구 서초동 1758,서울 서초구 남부순환로323길 33,37.4825816303441,127.01360152257892,3,서초자이르네 서초구 서초동
서초구,방배동,바흐하우스반포캐슬,바흐하우스반포캐슬,바흐하우스반포캐슬오피스텔,서울 서초구 방배동 756-5,서울 서초구 사평대로2길 19-9,37.4971725228563,126.986177576793,3,바흐하우스반포캐슬 서초구 방배동
서초구,서초동,서초아트래디앙,서초아트래디앙,서초아트래디앙오피스텔,서울 서초구 서초동 1582-16,서울 서초구 반포대로18길 13-3,37.4866788042953,127.010809447794,3,서초아트래디앙 서초구 서초동
서초구,방배동,판테옹빌라,판테옹빌라,판테옹빌라,서울 서초구 방배동 841-2,서울 서초구 동광로24길 37,37.4915923317272,126.99380338346758,3,판테옹빌라 서초구 방배동
서초구,반포동,반포루이캐슬,반포루이캐슬,반포루이캐슬아파트,서울 서초구 반포동 550,서울 서초구 반포대로39길 64-5,37.4980094599451,127.001148960054,3,반포루이캐슬 서초구 반포동
서초구,양재동,뉴현대,뉴현대,뉴현대빌라,서울 서초구 양재동 354-2,서울 서초구 강남대로6길 36-8,37.46717621772585,127.04330568372744,3,뉴현대 서초구 양재동
서초구,양재동,양재동현대,양재동현대,현대자동차,서울 서초구 양재동 231,서울 서초구 헌릉로 12,37.46436259318182,127.04266314722466,3,양재동현대 서초구 양재동
서초구,방배동,삼환나띠르빌(1002-10),삼환나띠르빌,삼환나띠르빌아파트,서울 서초구 방배동 1002-7,서울 서초구 명달로 33,37.48046041578116,127.00535566011816,3,삼환나띠르빌 서초구 방배동
서초구,방배동,방배샤인힐6차,방배샤인힐6차,샤인힐6아파트,서울 서초구 방배동 840-1,서울 서초구 동광로24길 45,37.49115896300045,126.9941132483048,3,방배샤인힐6차 서초구 방배동
서초구,서초동,N-Suite101동(1511-6),N-Suite,방배엔스위트아파트,서울 서초구 방배동 481-11,서울 서초구 효령로2길 30,37.475876488815715,126.98796208874244,2,N-Suite 서초구
서초구,양재동,강남월드메르디앙프레스티지,강남월드메르디앙프레스티지,강남월드메르디앙프레스티지아파트,서울 서초구 양재동 11-11,,37.4842978037083,127.036168665947,3,강남월드메르디앙프레스티지 서초구 양재동
서초구,잠원동,메이플자이,메이플자이,메이플자이아파트,서울 서초구 잠원동 60-3,서울 서초구 신반포로 251,37.5116527150458,127.012628418901,3,메이플자이 서초구 잠원동
서초구,방배동,보아스방배,보아스방배,보아스방배아파트,서울 서초구 방배동 831-6,서울 서초구 서초대로15길 67,37.489410581953976,126.9883647208966,3,보아스방배 서초구 방배동
서초구,잠원동,새서울맨션,새서울맨션,새서울파크맨션,서울 강남구 논현동 104-19,서울 강남구 선릉로137길 28,37.51887778280922,127.0381547361158,1,새서울맨션 서초구 잠원동
서초구,방배동,광해리드빌,광해리드빌,광해리드빌아파트,서울 서초구 방배동 917-5,서울 서초구 방배로11길 49,37.480897367422294,126.9938675808251,3,광해리드빌 서초구 방배동
서초구,방배동,롯데캐슬파크(38),롯데캐슬파크,방배롯데캐슬파크아파트,서울 서초구 방배동 888-40,서울 서초구 방배로18길 81,37.486018859192065,126.9996336579202,3,롯데캐슬파크 서초구 방배동
강남구,신사동,신사아크존2,신사아크존2,금강아크존II아파트,서울 강남구 신사동 606-2,서울 강남구 압구정로34길 49,37.5248923366255,127.03074004980088,3,신사아크존2 강남구 신사동
강남구,개포동,경남2차,경남2차,경남아파트,서울 강남구 개포동 649,서울 강남구 언주로 110,37.4845143707298,127.0541723119617,3,경남2차 강남구 개포동
강남구,일원동,샘터마을,샘터마을,샘터마을아파트,서울 강남구 일원동 718,서울 강남구 일원로 120,37.48427445597936,127.08261499474952,3,샘터마을 강남구 일원동
강남구,대치동,은마,은마,은마아파트,서울 강남구 대치동 316,서울 강남구 삼성로 212,37.49741836284779,127.06532735974666,3,은마 강남구 대치동
강남구,도곡동,삼성,삼성,삼성전자서비스 도곡휴대폰센터,서울 강남구 도곡동 168,서울 강남구 언주로 201,37.48836568742825,127.04911624864776,3,삼성 강남구 도곡동
강남구,압구정동,현대8차(성수현대:91~95동),현대8차,현대8차아파트,서울 강남구 압구정동 481,서울 강남구 압구정로 309,37.5308079681954,127.035207959873,3,현대8차 강남구 압구정동
강남구,도곡동,도곡렉슬,도곡렉슬,도곡렉슬아파트,서울 강남구 도곡동 527,서울 강남구 선릉로 221,37.49377988299789,127.05114053767764,3,도곡렉슬 강남구 도곡동
강남구,압구정동,"현대7차(73~77,82,85동)",현대7차,"현대6,7차아파트",서울 강남구 압구정동 456,서울 강남구 압구정로 201,37.529944717703806,127.02890481377727,3,현대7차 강남구 압구정동
강남구,개포동,성원대치2단지아파트,성원대치2단지아파트,대치2단지아파트,서울 강남구 개포동 12,서울 강남구 개포로109길 9,37.49464087709865,127.0753846722352,3,성원대치2단지아파트 강남구 개포동
강남구,개포동,현대아파트3,현대아파트3,현대3차아파트 2동,서울 강남구 개포동 177,서울 강남구 개포로 409,37.4883357291503,127.0611798829896,3,현대아파트3 강남구 개포동
강남구,청담동,삼성청담아파트,삼성청담아파트,삼성청담아파트,서울 강남구 청담동 42,서울 강남구 학동로 405,37.51791754023233,127.04275357011558,3,삼성청담아파트 강남구 청담동
강남구,삼성동,삼성동중앙하이츠빌리지,삼성동중앙하이츠빌리지,삼성동중앙하이츠빌리지아파트,서울 강남구 삼성동 14-1,서울 강남구 학동로68길 30,37.51599168836782,127.0462273255096,3,삼성동중앙하이츠빌리지 강남구 삼성동
강남구,청담동,청담자이,청담자이,청담자이아파트,서울 강남구 청담동 134-38,서울 강남구 영동대로138길 12,37.52360216335555,127.05719611767924,3,청담자이 강남구 청담동
강남구,청담동,청담로얄카운티,청담로얄카운티,청담대우로얄카운티I아파트,서울 강남구 청담동 117-3,서울 강남구 도산대로83길 27,37.5262911612454,127.048206655007,3,청담로얄카운티 강남구 청담동
강남구,삼성동,채널리저브,채널리저브,채널리저브아파트,서울 강남구 삼성동 144-14,서울 강남구 삼성로 517,37.50803181344807,127.0555318195414,3,채널리저브 강남구 삼성동
강남구,삼성동,삼성동롯데아파트,삼성동롯데아파트,삼성동롯데아파트,서울 강남구 삼성동 17,서울 강남구 학동로 432,37.5177638793405,127.0486762578986,3,삼성동롯데아파트 강남구 삼성동
강남구,개포동,개포주공6단지,개포주공6단지,개포주공6단지아파트,서울 강남구 개포동 185,서울 강남구 개포로 516,37.48868805974645,127.0707935982344,3,개포주공6단지 강남구 개포동
강남구,도곡동,대림아크로빌,대림아크로빌,대림아크로빌아파트,서울 강남구 도곡동 467-6,서울 강남구 언주로30길 13,37.488119782006144,127.05107675089604,3,대림아크로빌 강남구 도곡동
강남구,압구정동,"현대6차(78~81,83,84,86,87동)",현대6차,"현대6,7차아파트",서울 강남구 압구정동 456,서울 강남구 압구정로 201,37.529944717703806,127.02890481377727,3,현대6차 강남구 압구정동
강남구,개포동,개포주공7단지,개포주공7단지,개포주공7단지아파트,서울 강남구 개포동 185,서울 강남구 개포로 516,37.48952503300392,127.0723842057988,3,개포주공7단지 강남구 개포동
강남구,도곡동,대우디오빌,대우디오빌,대우양재디오빌아파트,서울 강남구 도곡동 952,서울 강남구 강남대로 256,37.48647902290756,127.033527289558,3,대우디오빌 강남구 도곡동
강남구,역삼동,e-편한세상,e-편한세상,역삼e편한세상아파트,서울 강남구 역삼동 755-4,서울 강남구 선릉로69길 20,37.49877740616262,127.04987623178826,3,e-편한세상 강남구 역삼동
강남구,청담동,청담파라곤Ⅱ1단지,청담파라곤Ⅱ1단지,청담파라곤II아파트(1단지),서울 강남구 청담동 102-1,서울 강남구 압구정로71길 32,37.52866686236658,127.04656096916156,3,청담파라곤Ⅱ1단지 강남구 청담동
강남구,일원동,래미안 개포 루체하임,래미안 개포 루체하임,래미안개포루체하임아파트,서울 강남구 일원동 741,서울 강남구 개포로110길 50,37.48924531078433,127.08000508169305,3,래미안 개포 루체하임 강남구 일원동
강남구,역삼동,테헤란아이파크,테헤란아이파크,테헤란아이파크아파트,서울 강남구 역삼동 709-5,서울 강남구 테헤란로52길 16,37.50250161866783,127.04680709272424,3,테헤란아이파크 강남구 역삼동
강남구,도곡동,래미안도곡카운티,래미안도곡카운티,래미안도곡카운티아파트,서울 강남구 도곡동 538-3,서울 강남구 도곡로 320,37.495097408245705,127.050552277708,3,래미안도곡카운티 강남구 도곡동
강남구,삼성동,삼성동브라운스톤레전드,삼성동브라운스톤레전드,브라운스톤레전드아파트,서울 강남구 삼성동 8-2,서울 강남구 선릉로 660,37.515557050122176,127.04236763899034,3,삼성동브라운스톤레전드 강남구 삼성동
강남구,압구정동,한양8(81동한개동),한양8,한양1차아파트 8동,서울 강남구 압구정동 490,서울 강남구 압구정로 321,37.52918137332299,127.0389903848014,3,한양8 강남구 압구정동
강남구,대치동,동부센트레빌,동부센트레빌,대치동부센트레빌아파트,서울 강남구 대치동 670,서울 강남구 선릉로 206,37.49279568772742,127.05577609518149,3,동부센트레빌 강남구 대치동
강남구,압구정동,현대13차(208~211동),현대13차,현대13차아파트,서울 강남구 압구정동 448,서울 강남구 압구정로29길 23,37.52936841414138,127.0274915484584,3,현대13차 강남구 압구정동
강남구,청담동,청담대림이-편한세상,청담대림이-편한세상,청담1차e편한세상아파트,서울 강남구 청담동 30-33,서울 강남구 학동로77길 27,37.520503271942566,127.04783642052683,3,청담대림이-편한세상 강남구 청담동
강남구,개포동,개포주공4단지,개포주공4단지,IBK기업은행365 개포주공4단지/라상가앞,서울 강남구 개포동 189,서울 강남구 삼성로 14,37.4861549052418,127.068450685203,3,개포주공4단지 강남구 개포동
강남구,도곡동,타워팰리스3,타워팰리스3,타워팰리스2차아파트 GATE3,서울 강남구 도곡동 467-17,서울 강남구 언주로30길 57,37.48943078947647,127.0549990385132,3,타워팰리스3 강남구 도곡동
강남구,청담동,청담대우멤버스카운티6차,청담대우멤버스카운티6차,청담대우멤버스카운티VI아파트,서울 강남구 청담동 110-4,서울 강남구 도산대로87길 38,37.52706854767217,127.05078200454868,3,청담대우멤버스카운티6차 강남구 청담동
강남구,대치동,한보미도맨션1,한보미도맨션1,"한보미도맨션1,2차아파트",서울 강남구 대치동 511,서울 강남구 삼성로 150,37.4933933298452,127.067352502571,3,한보미도맨션1 강남구 대치동
강남구,수서동,삼익,삼익,삼익아파트,서울 강남구 수서동 708,서울 강남구 광평로51길 27,37.48916169748195,127.10094728785548,3,삼익 강남구 수서동
강남구,개포동,개포현대6차,개포현대6차,개포현대6차아파트 정문,서울 강남구 개포동 1242-2,서울 강남구 개포로15길 32-8,37.4797821570512,127.045938190626,3,개포현대6차 강남구 개포동
강남구,대치동,한보미도맨션2,한보미도맨션2,"한보미도맨션1,2차아파트 정문",서울 강남구 대치동 511,서울 강남구 삼성로 150,37.494982991575576,127.06684958424164,3,한보미도맨션2 강남구 대치동
강남구,역삼동,역삼동우정에쉐르1,역삼동우정에쉐르1,역삼동우정에쉐르1아파트,서울 강남구 역삼동 826-29,서울 강남구 테헤란로4길 32,37.49630451279017,127.0301696929578,3,역삼동우정에쉐르1 강남구 역삼동
강남구,삼성동,삼성동헤렌하우스2(82-1),삼성동헤렌하우스2,헤렌하우스2아파트,서울 강남구 삼성동 82-1,서울 강남구 영동대로128길 45,37.5192320216944,127.061341972962,3,삼성동헤렌하우스2 강남구 삼성동
강남구,개포동,개포주공5단지,개포주공5단지,개포주공5단지아파트,서울 강남구 개포동 187,서울 강남구 삼성로4길 17,37.4875965283577,127.06843277851614,3,개포주공5단지 강남구 개포동
강남구,대치동,선경1차(1동-7동),선경1차,"선경1,2차아파트",서울 강남구 대치동 506,서울 강남구 삼성로 151,37.49242839838255,127.06234227247884,3,선경1차 강남구 대치동
강남구,삼성동,홍실아파트,홍실아파트,아크로삼성아파트,서울 강남구 삼성동 79,서울 강남구 영동대로128길 15,37.5199725447029,127.059782657945,3,홍실아파트 강남구 삼성동
강남구,자곡동,래미안강남힐즈,래미안강남힐즈,래미안강남힐즈아파트,서울 강남구 자곡동 611,서울 강남구 자곡로 101,37.47412411798923,127.09408976051222,3,래미안강남힐즈 강남구 자곡동
강남구,도곡동,도곡쌍용예가,도곡쌍용예가,도곡쌍용예가아파트,서울 강남구 도곡동 933,서울 강남구 남부순환로363길 30,37.48798051362537,127.03811414038404,3,도곡쌍용예가 강남구 도곡동
강남구,대치동,대치현대,대치현대,대치현대아파트,서울 강남구 대치동 974,서울 강남구 삼성로64길 5,37.500826493106615,127.06097406932275,3,대치현대 강남구 대치동
강남구,대치동,청원,청원,청원아파트,서울 강남구 대치동 934-1,서울 강남구 도곡로69길 16,37.49852242696406,127.05590135783154,3,청원 강남구 대치동
강남구,도곡동,SK허브프리모,SK허브프리모,양재SK허브프리모아파트,서울 강남구 도곡동 953-1,서울 강남구 강남대로 240,37.48531106413772,127.0344041711956,3,SK허브프리모 강남구 도곡동
강남구,신사동,신성아파트101동,신성아파트,신성아파트,서울 강남구 신사동 622,서울 강남구 언주로167길 15,37.5262390253999,127.03190696459,3,신성아파트 강남구 신사동
강남구,삼성동,현대힐스테이트2단지,현대힐스테이트2단지,삼성힐스테이트2단지아파트,서울 강남구 삼성동 50,서울 강남구 삼성로111길 8,37.51385953949973,127.05148791178168,3,현대힐스테이트2단지 강남구 삼성동
강남구,수서동,강남 더샵 포레스트,강남 더샵 포레스트,강남더샵포레스트아파트,서울 강남구 수서동 799,서울 강남구 광평로34길 35,37.48129992722748,127.09500098752729,3,강남 더샵 포레스트 강남구 수서동
강남구,역삼동,이스턴오피스텔,이스턴오피스텔,강남역이스턴오피스텔 주차장,서울 강남구 역삼동 735-15,서울 강남구 테헤란로14길 13,37.4985263900386,127.033529282448,3,이스턴오피스텔 강남구 역삼동
강남구,개포동,개포우성3차,개포우성3차,우성3차아파트,서울 강남구 개포동 652,서울 강남구 개포로 307,37.48397290754922,127.05601262647976,3,개포우성3차 강남구 개포동
강남구,청담동,청담대우멤버스카운티10차,청담대우멤버스카운티10차,청담대우멤버스카운티10차아파트,서울 강남구 청담동 110-13,,37.526664977587,127.050598460619,3,청담대우멤버스카운티10차 강남구 청담동
강남구,도곡동,도곡1차아이파크,도곡1차아이파크,도곡1차I PARK아파트,서울 강남구 도곡동 543-7,서울 강남구 도곡로28길 8,37.49211979090012,127.04320926464744,3,도곡1차아이파크 강남구 도곡동
강남구,대치동,선릉역대우아이빌(890-49),선릉역대우아이빌,선릉역대우아이빌5차오피스텔,서울 강남구 대치동 890-49,서울 강남구 테헤란로64길 9,37.504497172639965,127.05155160129404,3,선릉역대우아이빌 강남구 대치동
강남구,대치동,대치삼성,대치삼성,대치삼성1차아파트,서울 강남구 대치동 1014-3,서울 강남구 도곡로78길 22,37.496387634453626,127.0584011881355,3,대치삼성 강남구 대치동
강남구,논현동,이산,이산,이산아파트,서울 강남구 논현동 194-22,서울 강남구 논현로111길 34,37.507205647395395,127.03069321072232,3,이산 강남구 논현동
강남구,수서동,신동아,신동아,신동아아파트,서울 강남구 수서동 736,서울 강남구 광평로47길 17,37.48649718938998,127.0980084255632,3,신동아 강남구 수서동
강남구,압구정동,"현대10차(201,202동)",현대10차,현대10차아파트,서울 강남구 압구정동 436,서울 강남구 압구정로29길 69,37.53147439728291,127.02597741534277,3,현대10차 강남구 압구정동
강남구,논현동,쌍용,쌍용,쌍용아파트,서울 강남구 논현동 103,서울 강남구 도산대로50길 43,37.51963102934499,127.03813023342404,3,쌍용 강남구 논현동
강남구,청담동,청담삼익아파트,청담삼익아파트,청담삼익상가,서울 강남구 청담동 134-20,서울 강남구 학동로101길 26,37.52247747058278,127.05769300261032,3,청담삼익아파트 강남구 청담동
강남구,대치동,대치아이파크,대치아이파크,대치아이파크아파트,서울 강남구 대치동 888,서울 강남구 선릉로 222,37.49500191860841,127.0545643652613,3,대치아이파크 강남구 대치동
강남구,대치동,대우아이빌명문가(891-23),대우아이빌명문가,대치동대우아이빌명문가오피스텔,서울 강남구 대치동 891-23,서울 강남구 선릉로90길 56,37.5051763824128,127.05390223264,3,대우아이빌명문가 강남구 대치동
강남구,논현동,아크로힐스논현,아크로힐스논현,아크로힐스논현아파트,서울 강남구 논현동 276-1,서울 강남구 언주로 604,37.5095503194411,127.038984695601,3,아크로힐스논현 강남구 논현동
강남구,삼성동,삼성동에스케이뷰,삼성동에스케이뷰,삼성SK뷰아파트,서울 강남구 삼성동 101,서울 강남구 봉은사로109길 14-8,37.51637208291022,127.0650000108436,3,삼성동에스케이뷰 강남구 삼성동
강남구,역삼동,역삼래미안,역삼래미안,역삼래미안아파트,서울 강남구 역삼동 757,서울 강남구 선릉로69길 19,37.49751592497375,127.05004728330309,3,역삼래미안 강남구 역삼동
강남구,도곡동,타워팰리스2,타워팰리스2,신한은행 365코너 타워팰리스2차,서울 강남구 도곡동 467-17,서울 강남구 언주로30길 57,37.4899596681236,127.055026564152,3,타워팰리스2 강남구 도곡동
강남구,청담동,대우유로카운티,대우유로카운티,청담대우유로카운티아파트,서울 강남구 청담동 50-5,서울 강남구 도산대로92길 10,37.52373525497177,127.0498068664744,3,대우유로카운티 강남구 청담동
강남구,일원동,가람,가람,가람아파트,서울 강남구 일원동 735,서울 강남구 일원로 127,37.482434432527675,127.0853807536977,3,가람 강남구 일원동
강남구,삼성동,롯데캐슬프레미어,롯데캐슬프레미어,롯데캐슬프레미어아파트,서울 강남구 삼성동 11,서울 강남구 선릉로126길 22,37.515271211540906,127.04538645409792,3,롯데캐슬프레미어 강남구 삼성동
강남구,삼성동,삼성동힐스테이트 1단지,삼성동힐스테이트 1단지,삼성동힐스테이트1단지 상가관리협의회,서울 강남구 삼성동 16,서울 강남구 학동로68길 7,37.5176168952442,127.046744137873,3,삼성동힐스테이트 1단지 강남구 삼성동
강남구,대치동,포스코더샵,포스코더샵,포스코더샵아파트,서울 강남구 대치동 902,서울 강남구 삼성로 417,37.503960353364455,127.0570408917096,3,포스코더샵 강남구 대치동
강남구,삼성동,LG선릉에클라트(B),LG선릉에클라트,선릉LG에클라트아파트,서울 강남구 삼성동 142-7,서울 강남구 선릉로100길 42,37.50646158683457,127.05103835001051,3,LG선릉에클라트 강남구 삼성동
강남구,역삼동,공간쉐르빌,공간쉐르빌,공간쉐르빌아파트,서울 강남구 역삼동 783-30,서울 강남구 언주로63길 32,37.49420280098671,127.04353161433524,3,공간쉐르빌 강남구 역삼동
강남구,일원동,한솔마을,한솔마을,한솔아파트,서울 강남구 일원동 731,서울 강남구 광평로10길 6,37.4819631393229,127.078998975513,3,한솔마을 강남구 일원동
강남구,개포동,래미안블레스티지,래미안블레스티지,래미안블레스티지아파트,서울 강남구 개포동 1280,서울 강남구 선릉로 8,37.481287460486016,127.06397918908269,3,래미안블레스티지 강남구 개포동
강남구,논현동,신동아(22),신동아,논현신동아파밀리에아파트,서울 강남구 논현동 22,서울 강남구 강남대로146길 28,37.5147155300318,127.02266760909572,3,신동아 강남구 논현동
강남구,도곡동,럭키(462),럭키,역삼럭키아파트,서울 강남구 도곡동 963,서울 강남구 논현로 213,37.49044865236474,127.03999696597414,3,럭키 강남구 도곡동
강남구,청담동,청담린든그로브,청담린든그로브,청담린든그로브아파트,서울 강남구 청담동 67-1,서울 강남구 학동로97길 51,37.52278122234125,127.05362756051174,3,청담린든그로브 강남구 청담동
강남구,청담동,청담동마크노빌,청담동마크노빌,마크노빌아파트,서울 강남구 청담동 89-12,서울 강남구 도산대로59길 25,37.525496962592925,127.04223298083126,3,청담동마크노빌 강남구 청담동
강남구,도곡동,우성4,우성4,개포우성4차아파트 7동,서울 강남구 도곡동 465,서울 강남구 언주로 117,37.485389139920805,127.05034673661402,3,우성4 강남구 도곡동
강남구,개포동,경남1,경남1,경남아파트 1동,서울 강남구 개포동 649,서울 강남구 언주로 110,37.48450585232527,127.05308913113603,3,경남1 강남구 개포동
강남구,압구정동,한양3,한양3,한양1차아파트 3동,서울 강남구 압구정동 490,서울 강남구 압구정로 321,37.531244888459646,127.0383126383172,3,한양3 강남구 압구정동
강남구,일원동,상록수,상록수,상록수아파트,서울 강남구 일원동 734,서울 강남구 광평로10길 15,37.48183302373565,127.08218380086856,3,상록수 강남구 일원동
강남구,삼성동,현대아파트101동,현대아파트,현대아파트,서울 강남구 삼성동 6,서울 강남구 학동로64길 14,37.51678877079964,127.04468040477548,3,현대아파트 강남구 삼성동
강남구,도곡동,럭키(963),럭키,역삼럭키아파트,서울 강남구 도곡동 963,서울 강남구 논현로 213,37.49044865236474,127.03999696597414,3,럭키 강남구 도곡동
강남구,압구정동,현대3차(61~64동),현대3차,현대3차아파트,서울 강남구 압구정동 443,서울 강남구 압구정로39길 58,37.53235843913142,127.03259971589432,3,현대3차 강남구 압구정동
강남구,압구정동,한양4,한양4,강남한양수자인아파트,서울 강남구 자곡동 686,서울 강남구 자곡로 260,37.475831782836984,127.11236581180891,2,한양4 강남구
강남구,압구정동,"현대5차(71,72동)",현대5차,현대5차아파트,서울 강남구 압구정동 455,서울 강남구 압구정로29길 68,37.531901774253605,127.02856954984676,3,현대5차 강남구 압구정동
강남구,논현동,논현인텔(9-2),논현인텔,인텔닥트,서울 강남구 논현동 145,서울 강남구 학동로4길 31,37.5094642422946,127.023860398177,3,논현인텔 강남구 논현동
강남구,논현동,거평프리젠,거평프리젠,거평프리젠아파트,서울 강남구 논현동 196,서울 강남구 강남대로112길 41,37.506371170301264,127.02763692794008,3,거평프리젠 강남구 논현동
강남구,청담동,청담매스터빌,청담매스터빌,흥화아파트(청담매스터빌),서울 강남구 청담동 141-1,서울 강남구 도산대로81길 69,37.527572172450654,127.04414380581836,3,청담매스터빌 강남구 청담동
강남구,신사동,압구정화이트빌,압구정화이트빌,화이트빌아파트,서울 강남구 신사동 591-11,서울 강남구 논현로154길 11,37.52176357821641,127.02906794742852,3,압구정화이트빌 강남구 신사동
강남구,청담동,상지리츠빌카일룸3차,상지리츠빌카일룸3차,상지리츠빌카일룸3차오피스텔,서울 강남구 청담동 129-16,서울 강남구 압구정로79길 72,37.525344674673136,127.05340540228548,3,상지리츠빌카일룸3차 강남구 청담동
강남구,삼성동,풍림(1차),풍림,풍림1차아파트,서울 강남구 삼성동 106,서울 강남구 영동대로112길 15,37.51556295389239,127.06169188250216,3,풍림 강남구 삼성동
강남구,논현동,한진로즈힐,한진로즈힐,논현한진로즈힐아파트,서울 강남구 논현동 105-4,서울 강남구 도산대로46길 21,37.52071614967774,127.03714889642674,3,한진로즈힐 강남구 논현동
강남구,논현동,골든캐슬,골든캐슬,골든캐슬아파트,서울 강남구 논현동 103-11,서울 강남구 도산대로54길 48-8,37.5196776455587,127.038854220703,3,골든캐슬 강남구 논현동
강남구,대치동,롯데캐슬,롯데캐슬,대치롯데캐슬아파트,서울 강남구 대치동 893,서울 강남구 삼성로85길 11,37.50475712647617,127.05644887076492,3,롯데캐슬 강남구 대치동
강남구,삼성동,미켈란147,미켈란147,미켈란147아파트,서울 강남구 삼성동 147-2,서울 강남구 봉은사로 516,37.5132376094466,127.055971148253,3,미켈란147 강남구 삼성동
강남구,수서동,까치마을,까치마을,까치마을아파트,서울 강남구 수서동 746,서울 강남구 광평로19길 10,37.48473577232046,127.08761756807274,3,까치마을 강남구 수서동
강남구,대치동,개포우성1,개포우성1,개포우성1차아파트 1동,서울 강남구 대치동 503,서울 강남구 선릉로 120,37.49030184677062,127.06094968280016,3,개포우성1 강남구 대치동
강남구,대치동,테헤란로대우아이빌(891-6),테헤란로대우아이빌,테헤란로대우아이빌아파트,서울 강남구 대치동 891-6,서울 강남구 테헤란로 428,37.505688107736376,127.0540021269628,3,테헤란로대우아이빌 강남구 대치동
강남구,세곡동,강남엘에이치1단지,강남엘에이치1단지,강남엘에이치1단지아파트,서울 강남구 세곡동 579,서울 강남구 헌릉로571길 20,37.46678978429779,127.10287052203824,3,강남엘에이치1단지 강남구 세곡동
강남구,역삼동,진넥스빌2,진넥스빌2,진넥스빌2아파트,서울 강남구 역삼동 706-24,서울 강남구 언주로86길 7,37.5017747010658,127.043956713265,3,진넥스빌2 강남구 역삼동
강남구,역삼동,한스빌(836),한스빌,역삼한스빌아파트,서울 강남구 역삼동 836,서울 강남구 도곡로3길 26,37.49197531838717,127.03300054338057,3,한스빌 강남구 역삼동
강남구,역삼동,대우디오빌,대우디오빌,대우디오빌플러스오피스텔,서울 강남구 역삼동 824-25,서울 강남구 강남대로84길 33,37.497585499655735,127.03111221447394,3,대우디오빌 강남구 역삼동
강남구,역삼동,예지인,예지인,예지인아파트,서울 강남구 역삼동 828-11,서울 강남구 테헤란로10길 42,37.49641905385947,127.03311105951452,3,예지인 강남구 역삼동
강남구,수서동,강남데시앙포레,강남데시앙포레,강남데시앙포레아파트,서울 강남구 수서동 795,서울 강남구 광평로34길 55,37.48095961742916,127.09122658449778,3,강남데시앙포레 강남구 수서동
강남구,논현동,세호시티라이프,세호시티라이프,세호시티라이프아파트,서울 강남구 논현동 122-25,서울 강남구 강남대로128길 27,37.51042101078961,127.02434253147575,3,세호시티라이프 강남구 논현동
강남구,삼성동,삼성동대성유니드,삼성동대성유니드,삼성대성유니드아파트,서울 강남구 삼성동 129,서울 강남구 테헤란로77길 26,37.50849921945046,127.05405391704736,3,삼성동대성유니드 강남구 삼성동
강남구,역삼동,역삼동하나빌,역삼동하나빌,역삼하나빌아파트,서울 강남구 역삼동 681-26,서울 강남구 봉은사로 312,37.50917110720534,127.0413099052887,3,역삼동하나빌 강남구 역삼동
강남구,도곡동,우성캐릭터199,우성캐릭터199,우성캐릭터199오피스텔,서울 강남구 도곡동 467-24,서울 강남구 언주로 118,37.4868868596781,127.05186513895704,3,우성캐릭터199 강남구 도곡동
강남구,일원동,현대4,현대4,현대3차아파트 4동,서울 강남구 개포동 177,서울 강남구 개포로 409,37.48778463647273,127.06055075775429,2,현대4 강남구 일원동
강남구,도곡동,경남,경남,도곡경남아파트,서울 강남구 도곡동 967,서울 강남구 논현로 209,37.48875089144414,127.04076495479733,3,경남 강남구 도곡동
강남구,삼성동,아이파크,아이파크,아이파크삼성아파트,서울 강남구 삼성동 87,서울 강남구 영동대로 640,37.518288792534285,127.05934128874826,3,아이파크 강남구 삼성동
강남구,대치동,래미안대치팰리스,래미안대치팰리스,래미안대치팰리스1단지아파트,서울 강남구 대치동 1027,서울 강남구 삼성로51길 37,37.49440021218252,127.05799820242991,3,래미안대치팰리스 강남구 대치동
강남구,논현동,논현동월드메르디앙,논현동월드메르디앙,논현월드메르디앙아파트,서울 강남구 논현동 212-13,서울 강남구 학동로38길 22,37.513519841716615,127.03414112732818,3,논현동월드메르디앙 강남구 논현동
강남구,압구정동,미성1차,미성1차,미성1차아파트,서울 강남구 압구정동 414,서울 강남구 압구정로11길 17,37.52530458340696,127.02009602375124,3,미성1차 강남구 압구정동
강남구,압구정동,한양7,한양7,한양1차아파트 7동,서울 강남구 압구정동 490,서울 강남구 압구정로 321,37.53087437533939,127.0389290411606,3,한양7 강남구 압구정동
강남구,대치동,선경2차(8동-12동),선경2차,"선경1,2차아파트",서울 강남구 대치동 506,서울 강남구 삼성로 151,37.49242839838255,127.06234227247884,3,선경2차 강남구 대치동
강남구,압구정동,미성2차,미성2차,미성2차아파트,서울 강남구 압구정동 397,서울 강남구 압구정로 113,37.52394617093275,127.01825397208096,3,미성2차 강남구 압구정동
강남구,수서동,삼성,삼성,삼성아파트,서울 강남구 수서동 747,서울 강남구 광평로31길 27,37.48489564335537,127.09067960410977,3,삼성 강남구 수서동
강남구,삼성동,한일,한일,삼성동한일아파트,서울 강남구 삼성동 48,서울 강남구 봉은사로73길 23,37.513991750393934,127.0499406479762,3,한일 강남구 삼성동
강남구,압구정동,한양1차(영동한양),한양1차,한양1차아파트,서울 강남구 압구정동 490,서울 강남구 압구정로 321,37.530316697644,127.03880090835268,3,한양1차 강남구 압구정동
강남구,역삼동,래미안그레이튼(진달래2차),래미안그레이튼,래미안그레이튼2차아파트,서울 강남구 역삼동 762-3,서울 강남구 도곡로43길 21,37.49516364933424,127.04724579539072,3,래미안그레이튼 강남구 역삼동
강남구,청담동,청담아이파크,청담아이파크,청담아이파크아파트,서울 강남구 청담동 130,서울 강남구 영동대로142길 25,37.52524292800594,127.05521989809318,3,청담아이파크 강남구 청담동
강남구,역삼동,역삼푸르지오,역삼푸르지오,역삼푸르지오아파트,서울 강남구 역삼동 754-1,서울 강남구 언주로 332,37.49775512904686,127.04678151274898,3,역삼푸르지오 강남구 역삼동
강남구,청담동,진흥아파트,진흥아파트,진흥아파트,서울 강남구 청담동 65,서울 강남구 학동로 513,37.5199264446551,127.0525146821126,3,진흥아파트 강남구 청담동
강남구,개포동,현대2,현대2,현대3차아파트 2동,서울 강남구 개포동 177,서울 강남구 개포로 409,37.4883357291503,127.0611798829896,3,현대2 강남구 개포동
강남구,일원동,목련타운,목련타운,목련타운아파트,서울 강남구 일원동 716,서울 강남구 광평로19길 15,37.48471911929594,127.08575421187336,3,목련타운 강남구 일원동
강남구,대치동,개포우성2,개포우성2,개포우성1차아파트 2동,서울 강남구 대치동 503,서울 강남구 선릉로 120,37.49010855837828,127.06011390378342,3,개포우성2 강남구 대치동
강남구,압구정동,"현대1차(12,13,21,22,31,32,33동)",현대1차,"현대1,2차아파트",서울 강남구 압구정동 369-1,서울 강남구 압구정로29길 71,37.5329182099059,127.028126431494,3,현대1차 강남구 압구정동
강남구,삼성동,세방타운하우스,세방타운하우스,세방타운하우스아파트,서울 강남구 삼성동 64-7,서울 강남구 삼성로120길 21,37.51743411120188,127.05287038179932,3,세방타운하우스 강남구 삼성동
강남구,도곡동,현대아파트1동~3동,현대아파트,현대비젼21아파트,서울 강남구 도곡동 467-19,서울 강남구 언주로30길 10,37.48736282778571,127.0513249907534,3,현대아파트 강남구 도곡동
강남구,개포동,삼익대청아파트,삼익대청아파트,대청아파트,서울 강남구 개포동 12,서울 강남구 개포로109길 21,37.49498663300064,127.0771377913112,3,삼익대청아파트 강남구 개포동
강남구,역삼동,프리우스역삼101동,프리우스역삼,프리우스역삼아파트,서울 강남구 역삼동 636-33,서울 강남구 강남대로94길 51-14,37.50131023491462,127.03120423317355,3,프리우스역삼 강남구 역삼동
강남구,일원동,수서,수서,수서1단지아파트,서울 강남구 일원동 711,서울 강남구 양재대로55길 10,37.4924856649433,127.090765672541,3,수서 강남구 일원동
강남구,도곡동,삼성래미안,삼성래미안,도곡삼성래미안아파트,서울 강남구 도곡동 91-5,서울 강남구 언주로 202,37.4897778187728,127.05065272084698,3,삼성래미안 강남구 도곡동
강남구,압구정동,"현대2차(10,11,20,23,24,25동)",현대2차,"현대1,2차아파트",서울 강남구 압구정동 369-1,서울 강남구 압구정로29길 71,37.5329182099059,127.028126431494,3,현대2차 강남구 압구정동
강남구,청담동,삼성청담공원아파트,삼성청담공원아파트,청담공원아파트,서울 강남구 청담동 60,서울 강남구 도산대로96길 39,37.522419482219235,127.0505345067522,3,삼성청담공원아파트 강남구 청담동
강남구,압구정동,한양2,한양2,한양1차아파트 2동,서울 강남구 압구정동 490,서울 강남구 압구정로 321,37.53041065931136,127.03800900843514,3,한양2 강남구 압구정동
강남구,압구정동,"현대14차(203,204,205,206동)",현대14차,현대14차아파트,서울 강남구 압구정동 447,서울 강남구 압구정로29길 57,37.5306265193774,127.02613890553822,3,현대14차 강남구 압구정동
강남구,개포동,우성8,우성8,우성6차아파트 8동,서울 강남구 개포동 658-1,서울 강남구 언주로 3,37.4766129065791,127.0552869766924,3,우성8 강남구 개포동
강남구,삼성동,삼성동롯데캐슬킹덤,삼성동롯데캐슬킹덤,삼성롯데캐슬킹덤아파트,서울 강남구 삼성동 43,서울 강남구 선릉로112길 53,37.51312226805192,127.0477955142571,3,삼성동롯데캐슬킹덤 강남구 삼성동
강남구,도곡동,아카데미스위트1,아카데미스위트1,롯데슈퍼프레시 프리미엄 도곡점,서울 강남구 도곡동 467-7,서울 강남구 언주로30길 21,37.4887969262123,127.052024761321,3,아카데미스위트1 강남구 도곡동
강남구,삼성동,풍림,풍림,풍림1차아파트,서울 강남구 삼성동 106,서울 강남구 영동대로112길 15,37.51556295389239,127.06169188250216,3,풍림 강남구 삼성동
강남구,역삼동,동부센트레빌,동부센트레빌,역삼동부센트레빌아파트,서울 강남구 역삼동 716,서울 강남구 선릉로 423,37.50243931180231,127.04935843845134,3,동부센트레빌 강남구 역삼동
강남구,청담동,청담스위트,청담스위트,청담스위트,서울 강남구 청담동 34-13,서울 강남구 학동로73길 13,37.51923033060286,127.04740010117708,3,청담스위트 강남구 청담동
강남구,대치동,세영팔레스타운,세영팔레스타운,세영팔레스아파트,서울 강남구 대치동 975-20,서울 강남구 영동대로65길 57,37.500753794983574,127.06215920117494,3,세영팔레스타운 강남구 대치동
강남구,삼성동,미켈란107,미켈란107,미켈란107아파트,서울 강남구 삼성동 107,서울 강남구 영동대로 602,37.5146183438448,127.06064369097672,3,미켈란107 강남구 삼성동
강남구,세곡동,세곡푸르지오,세곡푸르지오,세곡푸르지오아파트,서울 강남구 세곡동 533,서울 강남구 자곡로 21,37.46677996948494,127.09296824674976,3,세곡푸르지오 강남구 세곡동
강남구,일원동,푸른마을아파트101동~111동,푸른마을아파트,푸른마을아파트,서울 강남구 일원동 719,서울 강남구 일원로14길 25,37.48386840830555,127.08086881984708,3,푸른마을아파트 강남구 일원동
강남구,논현동,논현동한화꿈에그린,논현동한화꿈에그린,논현한화꿈에그린1차아파트,서울 강남구 논현동 205-2,서울 강남구 논현로111길 39,37.5069110087896,127.030731544105,3,논현동한화꿈에그린 강남구 논현동
강남구,논현동,마일스디오빌,마일스디오빌,마일스디오빌아파트,서울 강남구 논현동 58-2,서울 강남구 학동로 165,37.51388524961937,127.02888504582305,3,마일스디오빌 강남구 논현동
강남구,청담동,라테라스청담,라테라스청담,라테라스청담,서울 강남구 청담동 76-12,서울 강남구 학동로81길 9,37.51980118913711,127.05048523073032,3,라테라스청담 강남구 청담동
강남구,역삼동,대우디오빌플러스,대우디오빌플러스,대우디오빌플러스오피스텔,서울 강남구 역삼동 824-25,서울 강남구 강남대로84길 33,37.497585499655735,127.03111221447394,3,대우디오빌플러스 강남구 역삼동
강남구,청담동,청담대우멤버스카운티8차,청담대우멤버스카운티8차,청담대우멤버스카운티8차아파트,서울 강남구 청담동 110,서울 강남구 도산대로85길 50-10,37.52736042349508,127.05089533330931,3,청담대우멤버스카운티8차 강남구 청담동
강남구,도곡동,월드메르디앙101동,월드메르디앙,도곡월드메르디앙아파트,서울 강남구 도곡동 200-1,서울 강남구 남부순환로373길 15,37.487128068381935,127.0435908281424,3,월드메르디앙 강남구 도곡동
강남구,삼성동,레미안삼성1차(101동),레미안삼성1차,래미안삼성1차아파트,서울 강남구 삼성동 103-22,서울 강남구 영동대로114길 56,37.517133090190136,127.06397358259878,3,레미안삼성1차 강남구 삼성동
강남구,도곡동,도곡지웰카운티101동,도곡지웰카운티,도곡지웰카운티아파트,서울 강남구 도곡동 199-4,서울 강남구 남부순환로373길 3,37.4868361368301,127.043604226889,3,도곡지웰카운티 강남구 도곡동
강남구,역삼동,한화진넥스빌,한화진넥스빌,한화진넥스빌아파트,서울 강남구 역삼동 706-20,서울 강남구 언주로86길 11,37.50195479579008,127.04424181209724,3,한화진넥스빌 강남구 역삼동
강남구,역삼동,역삼엔스위트1,역삼엔스위트1,올리브스위트1,서울 강남구 역삼동 626-15,서울 강남구 봉은사로24길 35-10,37.50415707484797,127.03245852040708,3,역삼엔스위트1 강남구 역삼동
강남구,도곡동,원팰리스,원팰리스,마루공인중개사사무소,서울 강남구 도곡동 952-14,서울 강남구 남부순환로351길 23,37.48624101455513,127.0340246862344,3,원팰리스 강남구 도곡동
강남구,개포동,한림,한림,한림아파트,서울 강남구 개포동 1164-20,서울 강남구 논현로2길 50,37.47397619244548,127.05411722394236,3,한림 강남구 개포동
강남구,도곡동,상지리츠빌카일룸,상지리츠빌카일룸,상지리츠빌카일룸아파트,서울 강남구 대치동 1009-4,서울 강남구 도곡로 603,37.5015667979306,127.06815714206104,2,상지리츠빌카일룸 강남구 도곡동
강남구,청담동,청담현대3차아파트,청담현대3차아파트,청담현대3차아파트,서울 강남구 청담동 127-31,서울 강남구 도산대로101길 29,37.52692338066789,127.0530716622141,3,청담현대3차아파트 강남구 청담동
강남구,자곡동,강남브리즈힐(토지임대부아파트),강남브리즈힐,강남브리즈힐아파트,서울 강남구 자곡동 618,서울 강남구 자곡로3길 45,37.47261284872724,127.09099034246188,3,강남브리즈힐 강남구 자곡동
강남구,도곡동,힐데스하임빌라,힐데스하임빌라,도곡힐데스하임아파트,서울 강남구 도곡동 193-1,서울 강남구 남부순환로377길 26,37.48802406655738,127.04493803101,3,힐데스하임빌라 강남구 도곡동
강남구,도곡동,이니그마빌-III,이니그마빌-III,이니그마빌-III아파트,서울 강남구 도곡동 201,서울 강남구 남부순환로373길 21,37.487365991081475,127.0434371904194,3,이니그마빌-III 강남구 도곡동
강남구,청담동,연세리버빌,연세리버빌,연세리버빌아파트,서울 강남구 청담동 102-7,서울 강남구 선릉로190길 72,37.52874038829074,127.04745589679034,3,연세리버빌 강남구 청담동
강남구,역삼동,대명벨리온,대명벨리온,대명벨리온,서울 강남구 역삼동 727-2,서울 강남구 역삼로25길 27,37.49794352562076,127.03910871045144,3,대명벨리온 강남구 역삼동
강남구,역삼동,역삼우성,역삼우성,역삼우성우편취급국,서울 강남구 역삼동 826-37,서울 강남구 테헤란로4길 46,37.4955006711924,127.030726867955,3,역삼우성 강남구 역삼동
강남구,역삼동,개나리푸르지오,개나리푸르지오,개나리푸르지오아파트,서울 강남구 역삼동 755-1,서울 강남구 역삼로 314,37.49972161637075,127.0499809018625,3,개나리푸르지오 강남구 역삼동
강남구,역삼동,은하수,은하수,은하수미술교습소,서울 강남구 역삼동 754,서울 강남구 역삼로 306,37.4992540997233,127.047542402499,3,은하수 강남구 역삼동
강남구,청담동,뉴현대리버빌,뉴현대리버빌,뉴현대리버빌아파트,서울 강남구 청담동 130-10,서울 강남구 영동대로142길 7,37.524168645983835,127.0558311183744,3,뉴현대리버빌 강남구 청담동
강남구,논현동,동부센트레빌,동부센트레빌,논현동부센트레빌아파트,서울 강남구 논현동 275,서울 강남구 언주로116길 6,37.51035805232716,127.03765047385484,3,동부센트레빌 강남구 논현동
강남구,압구정동,한양5,한양5,한양1차아파트 5동,서울 강남구 압구정동 490,서울 강남구 압구정로 321,37.529991514358365,127.03856202530925,3,한양5 강남구 압구정동
강남구,개포동,아람손프라자/비바빌,아람손프라자/비바빌,아람손프라자,서울 강남구 개포동 1164-7,서울 강남구 논현로2길 22,37.47281286727622,127.0523867410868,3,아람손프라자/비바빌 강남구 개포동
강남구,개포동,현대1차101동~106동,현대1차,현대1차아파트,서울 강남구 개포동 653,서울 강남구 개포로 303,37.48266898948437,127.05442424180734,3,현대1차 강남구 개포동
강남구,역삼동,경남아너스빌,경남아너스빌,경남아너스빌 주차장,서울 강남구 역삼동 722,서울 강남구 언주로85길 13,37.50076624261818,127.0421229207248,3,경남아너스빌 강남구 역삼동
강남구,청담동,효성빌라청담101(B동),효성빌라청담101,효성빌라 청담101,서울 강남구 청담동 101,서울 강남구 압구정로71길 28,37.52825431750879,127.04627109416874,3,효성빌라청담101 강남구 청담동
강남구,세곡동,강남데시앙파크,강남데시앙파크,강남데시앙파크아파트,서울 강남구 세곡동 525,서울 강남구 헌릉로590길 63,37.460289542461624,127.10118425535543,3,강남데시앙파크 강남구 세곡동
강남구,일원동,개포한신,개포한신,개포한신아파트,서울 강남구 일원동 615-1,서울 강남구 개포로110길 43,37.491310915951296,127.07926889532226,3,개포한신 강남구 일원동
강남구,도곡동,삼익,삼익,도곡삼익아파트,서울 강남구 도곡동 869,서울 강남구 논현로 218,37.490891217209494,127.04210041331544,3,삼익 강남구 도곡동
강남구,역삼동,역삼I'PARK,역삼I'PARK,역삼I PARK1차아파트,서울 강남구 역삼동 713-11,서울 강남구 역삼로 307,37.499316059682535,127.0457918305614,3,역삼I'PARK 강남구 역삼동
강남구,삼성동,삼성오네뜨,삼성오네뜨,삼성오네뜨아파트,서울 강남구 삼성동 127-5,서울 강남구 테헤란로79길 42,37.50960550534915,127.05437593042323,3,삼성오네뜨 강남구 삼성동
강남구,역삼동,래미안그레이튼,래미안그레이튼,래미안그레이튼2차아파트,서울 강남구 역삼동 762-3,서울 강남구 도곡로43길 21,37.49516364933424,127.04724579539072,3,래미안그레이튼 강남구 역삼동
강남구,삼성동,래미안삼성2차,래미안삼성2차,래미안삼성2차아파트,서울 강남구 삼성동 7-3,서울 강남구 선릉로130길 20,37.5161983767922,127.042888326196,3,래미안삼성2차 강남구 삼성동
강남구,논현동,한양수자인어반게이트,한양수자인어반게이트,한양수자인어반게이트,서울 강남구 논현동 221-7,서울 강남구 봉은사로29길 35,37.5097195890139,127.0335003572166,3,한양수자인어반게이트 강남구 논현동
강남구,삼성동,서광아파트,서광아파트,서광아파트,서울 강남구 삼성동 2,서울 강남구 선릉로130길 19,37.517005809918125,127.04251777019904,3,서광아파트 강남구 삼성동
강남구,대치동,대치효성,대치효성,대치효성아파트,서울 강남구 대치동 988-4,서울 강남구 삼성로64길 12,37.499928983987814,127.06118142419275,3,대치효성 강남구 대치동
강남구,역삼동,래미안펜타빌,래미안펜타빌,래미안펜타빌아파트,서울 강남구 역삼동 713-7,서울 강남구 역삼로 309,37.500699316696824,127.04753427154562,3,래미안펜타빌 강남구 역삼동
강남구,청담동,래미안청담로이뷰,래미안청담로이뷰,청담래미안로이뷰아파트,서울 강남구 청담동 134,서울 강남구 영동대로142길 16,37.524763172703494,127.05611551013725,3,래미안청담로이뷰 강남구 청담동
강남구,역삼동,역삼자이,역삼자이,역삼자이아파트,서울 강남구 역삼동 711-3,서울 강남구 언주로 420,37.500386994160536,127.04437885710304,3,역삼자이 강남구 역삼동
강남구,삼성동,상아빌라트,상아빌라트,상아빌라트,서울 강남구 삼성동 47-20,서울 강남구 봉은사로71길 13,37.513069203732314,127.04974774740752,3,상아빌라트 강남구 삼성동
강남구,논현동,토미빌(228-9),토미빌,토미빌,서울 강남구 논현동 228-4,서울 강남구 논현로116길 6,37.509292464306135,127.03367095281848,3,토미빌 강남구 논현동
강남구,역삼동,개나리래미안,개나리래미안,개나리래미안아파트,서울 강남구 역삼동 754,서울 강남구 역삼로 306,37.49856978131905,127.04642014109965,3,개나리래미안 강남구 역삼동
강남구,삼성동,현대빌라트,현대빌라트,현대빌라트,서울 강남구 삼성동 117-18,서울 강남구 봉은사로74길 5,37.51203402632216,127.05166876125016,3,현대빌라트 강남구 삼성동
강남구,청담동,빌폴라리스,빌폴라리스,빌폴라리스,서울 강남구 청담동 128-23,서울 강남구 압구정로79길 79,37.5261122400569,127.053600531368,3,빌폴라리스 강남구 청담동
강남구,삼성동,진흥아파트,진흥아파트,진흥아파트,서울 강남구 삼성동 53-2,서울 강남구 학동로88길 5,37.51871386926152,127.0521201822244,3,진흥아파트 강남구 삼성동
강남구,대치동,대우아이빌멤버스(891-26),대우아이빌멤버스,대우아이빌멤버스오피스텔,서울 강남구 대치동 891-26,서울 강남구 삼성로85길 42,37.50463134397179,127.05374916037988,3,대우아이빌멤버스 강남구 대치동
강남구,도곡동,현대비젼21,현대비젼21,현대비젼21아파트,서울 강남구 도곡동 467-19,서울 강남구 언주로30길 10,37.48736282778571,127.0513249907534,3,현대비젼21 강남구 도곡동
강남구,일원동,우성7,우성7,우성7차슈퍼,서울 강남구 일원동 615,서울 강남구 개포로110길 15,37.491698939117,127.077014548462,3,우성7 강남구 일원동
강남구,신사동,강남상가,강남상가,강남상가아파트,서울 강남구 신사동 510-11,서울 강남구 압구정로2길 46,37.51877401667737,127.0206689114264,3,강남상가 강남구 신사동
강남구,삼성동,삼성동센트럴아이파크,삼성동센트럴아이파크,삼성동센트럴아이파크아파트,서울 강남구 삼성동 188,서울 강남구 삼성로 629,37.515413023376745,127.05113493577,3,삼성동센트럴아이파크 강남구 삼성동
강남구,신사동,압구정대원칸타빌아파트,압구정대원칸타빌아파트,대원칸타빌아파트,서울 강남구 신사동 659,서울 강남구 압구정로48길 15,37.52747003975636,127.03722464933736,3,압구정대원칸타빌아파트 강남구 신사동
강남구,청담동,연세리버테라스,연세리버테라스,연세리버테라스아파트,서울 강남구 청담동 102,서울 강남구 선릉로190길 64,37.52888847523524,127.04664595681922,3,연세리버테라스 강남구 청담동
강남구,청담동,휴먼스타빌,휴먼스타빌,청담휴먼스타빌 주차장,서울 강남구 청담동 5-25,서울 강남구 도산대로 454,37.52363224519,127.046096289049,3,휴먼스타빌 강남구 청담동
강남구,수서동,수서한아름,수서한아름,수서한아름아파트,서울 강남구 수서동 712,서울 강남구 광평로51길 22,37.489364876169,127.10354825267328,3,수서한아름 강남구 수서동
강남구,개포동,개포6차우성아파트1동~8동,개포6차우성아파트,우성6차아파트,서울 강남구 개포동 658-1,서울 강남구 언주로 3,37.47628149967651,127.05683896201772,3,개포6차우성아파트 강남구 개포동
강남구,자곡동,래미안포레,래미안포레,래미안포레아파트,서울 강남구 자곡동 687,서울 강남구 밤고개로21길 25,37.475404710357246,127.10948007273332,3,래미안포레 강남구 자곡동
강남구,신사동,압구정케이씨씨(622-1),압구정케이씨씨,압구정KCC아파트,서울 강남구 신사동 622-1,서울 강남구 언주로167길 9,37.52612715693359,127.03243636087832,3,압구정케이씨씨 강남구 신사동
강남구,역삼동,베스젠빌,베스젠빌,베스젠빌아파트,서울 강남구 역삼동 633,서울 강남구 논현로97길 74,37.5026619131425,127.03055563825106,3,베스젠빌 강남구 역삼동
강남구,도곡동,도곡스타빌,도곡스타빌,도곡스타빌아파트,서울 강남구 도곡동 514-3,서울 강남구 남부순환로370길 20,37.48412269932063,127.04250817413435,3,도곡스타빌 강남구 도곡동
강남구,역삼동,(828-76),,스머프매직포레스트,서울 강남구 역삼동 616-14,서울 강남구 강남대로106길 29,37.5034906075971,127.027843960692,3, 강남구 역삼동
강남구,도곡동,대림,대림,대림아크로빌아파트,서울 강남구 도곡동 467-6,서울 강남구 언주로30길 13,37.488119782006144,127.05107675089604,3,대림 강남구 도곡동
강남구,역삼동,강남역우정에쉐르,강남역우정에쉐르,강남역우정에쉐르아파트,서울 강남구 역삼동 823-7,서울 강남구 테헤란로10길 10,37.498405107202665,127.03226152058208,3,강남역우정에쉐르 강남구 역삼동
강남구,청담동,청담신원아침도시마인,청담신원아침도시마인,청담신원아침도시마인,서울 강남구 청담동 122-35,서울 강남구 도산대로85길 30,37.52643471398395,127.04967290575507,3,청담신원아침도시마인 강남구 청담동
강남구,개포동,에버그린,에버그린,에버그린피부과의원,서울 강남구 도곡동 467-6,서울 강남구 언주로30길 13,37.4885845606663,127.051402715855,2,에버그린 강남구 개포동
강남구,청담동,청담7상지리츠빌,청담7상지리츠빌,효성빌라청담1012차아파트,서울 강남구 청담동 115-6,서울 강남구 압구정로75길 27,37.52758910507752,127.0469630465176,3,청담7상지리츠빌 강남구 청담동
강남구,대치동,삼성2차,삼성2차,대치삼성2차아파트,서울 강남구 대치동 1014-1,서울 강남구 삼성로57길 45,37.49702597517357,127.05752866809893,3,삼성2차 강남구 대치동
강남구,신사동,금광아크존(635-14),금광아크존,금광아크존아파트,서울 강남구 신사동 635-14,서울 강남구 압구정로42길 36,37.526555413358366,127.03462221195532,3,금광아크존 강남구 신사동
강남구,도곡동,도곡우성아파트,도곡우성아파트,도곡우성아파트,서울 강남구 도곡동 934-10,서울 강남구 남부순환로363길 49,37.4884422129926,127.036906763977,3,도곡우성아파트 강남구 도곡동
강남구,압구정동,한양6,한양6,한양1차아파트 6동,서울 강남구 압구정동 490,서울 강남구 압구정로 321,37.53043114337722,127.03874439986508,3,한양6 강남구 압구정동
강남구,청담동,현대아파트,현대아파트,청담현대3차아파트,서울 강남구 청담동 127-31,서울 강남구 도산대로101길 29,37.52692338066789,127.0530716622141,3,현대아파트 강남구 청담동
강남구,삼성동,래미안삼성1차(105-0),래미안삼성1차,래미안삼성1차아파트,서울 강남구 삼성동 103-22,서울 강남구 영동대로114길 56,37.517133090190136,127.06397358259878,3,래미안삼성1차 강남구 삼성동
강남구,논현동,두산위브2단지,두산위브2단지,논현두산위브2단지아파트,서울 강남구 논현동 258,서울 강남구 언주로122길 25,37.512534646930646,127.0383709374096,3,두산위브2단지 강남구 논현동
강남구,대치동,풍림아이원3차(1007-1),풍림아이원3차,대치동3차풍림아이원아파트,서울 강남구 대치동 1007-1,서울 강남구 영동대로72길 10,37.50466890849588,127.06666821732075,3,풍림아이원3차 강남구 대치동
강남구,청담동,연세청담파크빌,연세청담파크빌,청담연세파크빌아파트,서울 강남구 청담동 59-21,서울 강남구 삼성로140길 35,37.52234699163597,127.05148469383874,3,연세청담파크빌 강남구 청담동
강남구,삼성동,금호어울림,금호어울림,삼성금호어울림아파트,서울 강남구 삼성동 102-2,서울 강남구 봉은사로111길 25,37.51686595931889,127.06476968450836,3,금호어울림 강남구 삼성동
강남구,세곡동,강남신동아파밀리에2단지,강남신동아파밀리에2단지,강남신동아파밀리에2단지아파트,서울 강남구 세곡동 511,서울 강남구 헌릉로590길 10,37.464169745712574,127.10275389667684,3,강남신동아파밀리에2단지 강남구 세곡동
강남구,압구정동,현대65동(대림아크로빌아파트),현대,현대백화점 압구정본점,서울 강남구 압구정동 429,서울 강남구 압구정로 165,37.52737270067088,127.0274681898568,3,현대 강남구 압구정동
강남구,역삼동,개나리SK뷰,개나리SK뷰,개나리SK뷰아파트,서울 강남구 역삼동 716-3,서울 강남구 역삼로 315-1,37.50141195085104,127.04986893682768,3,개나리SK뷰 강남구 역삼동
강남구,삼성동,청구아파트,청구아파트,청구아파트,서울 강남구 삼성동 78-4,서울 강남구 영동대로128길 5,37.51977773605135,127.05836511583884,3,청구아파트 강남구 삼성동
강남구,자곡동,강남자곡아이파크,강남자곡아이파크,강남자곡아이파크아파트,서울 강남구 자곡동 602,서울 강남구 자곡로 175,37.4748352798466,127.101393788617,3,강남자곡아이파크 강남구 자곡동
강남구,대치동,래미안대치하이스턴,래미안대치하이스턴,대치래미안하이스턴아파트,서울 강남구 대치동 985,서울 강남구 도곡로93길 12,37.5010439219419,127.06548884594692,3,래미안대치하이스턴 강남구 대치동
강남구,자곡동,강남한양수자인(4단지),강남한양수자인,강남한양수자인아파트,서울 강남구 자곡동 686,서울 강남구 자곡로 260,37.475831782836984,127.11236581180891,3,강남한양수자인 강남구 자곡동
강남구,삼성동,영무예다음,영무예다음,삼성더힐스아파트,서울 강남구 삼성동 122-7,서울 강남구 봉은사로72길 33,37.51038129062461,127.05233607413452,3,영무예다음 강남구 삼성동
강남구,청담동,"청담2차이-편한세상(201동,202동,203동)",청담2차이-편한세상,청담2차이편한세상201-203동 전기차충전소,서울 강남구 청담동 14,서울 강남구 도산대로70길 25,37.5216953208237,127.045500073841,3,청담2차이-편한세상 강남구 청담동
강남구,삼성동,삼성풍림2차아파트,삼성풍림2차아파트,삼성풍림2차아파트,서울 강남구 삼성동 104,서울 강남구 봉은사로105길 12-7,37.51614653341964,127.0622081625789,3,삼성풍림2차아파트 강남구 삼성동
강남구,대치동,동민맥스빌A동,동민맥스빌A동,동민맥스빌아파트(A동),서울 강남구 대치동 938-11,서울 강남구 선릉로62길 38,37.497899958890926,127.05563174809151,3,동민맥스빌A동 강남구 대치동
강남구,역삼동,탑팰리스,탑팰리스,탑팰리스아파트,서울 강남구 역삼동 723-21,서울 강남구 언주로81길 31,37.49954841404963,127.0411824675898,3,탑팰리스 강남구 역삼동
강남구,역삼동,금호어울림,금호어울림,역삼금호어울림아파트,서울 강남구 역삼동 835-67,서울 강남구 도곡로7길 22,37.49208289600215,127.03489124949392,3,금호어울림 강남구 역삼동
강남구,대치동,대치SKVIEW,대치SKVIEW,대치SK뷰아파트,서울 강남구 대치동 1029,서울 강남구 삼성로51길 25,37.49578118303097,127.06034122434352,3,대치SKVIEW 강남구 대치동
강남구,삼성동,삼성동한솔아파트,삼성동한솔아파트,한솔아파트,서울 강남구 삼성동 4-6,서울 강남구 학동로64길 7,37.51739032657998,127.04550424682856,3,삼성동한솔아파트 강남구 삼성동
강남구,대치동,대치한신휴플러스,대치한신휴플러스,대치한신휴플러스아파트,서울 강남구 대치동 907-2,서울 강남구 선릉로76길 12,37.50138958656442,127.05159243954662,3,대치한신휴플러스 강남구 대치동
강남구,대치동,대치동우정에쉐르1,대치동우정에쉐르1,대치우정에쉐르1아파트,서울 강남구 대치동 891-28,서울 강남구 삼성로85길 38,37.50454553815614,127.054209401475,3,대치동우정에쉐르1 강남구 대치동
강남구,청담동,현대한강빌라,현대한강빌라,현대한강아파트,서울 강남구 청담동 106,서울 강남구 도산대로85길 56,37.52805991817741,127.05015366291452,3,현대한강빌라 강남구 청담동
강남구,개포동,개포2차현대아파트(220),개포2차현대아파트,개포2차현대아파트,서울 강남구 개포동 655-2,서울 강남구 언주로 103,37.48135330120523,127.052915047119,3,개포2차현대아파트 강남구 개포동
강남구,수서동,동익,동익,동익아파트,서울 강남구 수서동 738,서울 강남구 광평로39길 3,37.48534066562785,127.09646354366242,3,동익 강남구 수서동
강남구,논현동,두산위브1단지,두산위브1단지,논현두산위브1단지아파트,서울 강남구 논현동 252-1,서울 강남구 학동로46길 38,37.51354724384985,127.03877412759957,3,두산위브1단지 강남구 논현동
강남구,도곡동,한신(개포),한신,개포한신아파트,서울 강남구 도곡동 464,서울 강남구 언주로 123,37.48688812581616,127.04889592578668,3,한신 강남구 도곡동
강남구,삼성동,현대타워(13층-27층),현대타워,현대타워,서울 강남구 삼성동 143-37,서울 강남구 테헤란로 423,37.506221929018615,127.05306152785931,3,현대타워 강남구 삼성동
강남구,역삼동,쌍용플레티넘밸류,쌍용플레티넘밸류,쌍용플래티넘밸류아파트,서울 강남구 역삼동 826-37,서울 강남구 테헤란로4길 46,37.49539984153658,127.0304056718336,3,쌍용플레티넘밸류 강남구 역삼동
강남구,도곡동,도곡2차I'PARK,도곡2차I'PARK,도곡2차I'PARK아파트,서울 강남구 도곡동 969,서울 강남구 도곡로14길 28,37.48918097834945,127.0371016135195,3,도곡2차I'PARK 강남구 도곡동
강남구,대치동,하이캐슬,하이캐슬,하이캐슬아파트,서울 강남구 대치동 986-14,서울 강남구 삼성로64길 40,37.50055106987105,127.063846342408,3,하이캐슬 강남구 대치동
강남구,청담동,청담범신칼릭스빌2차,청담범신칼릭스빌2차,청담범신칼릭스빌2차아파트,서울 강남구 청담동 109-16,서울 강남구 도산대로89길 35,37.52673295668259,127.0517456442619,3,청담범신칼릭스빌2차 강남구 청담동
강남구,역삼동,역삼2차아이파크,역삼2차아이파크,역삼2차아이파크아파트,서울 강남구 역삼동 765-32,서울 강남구 도곡로57길 12,37.49676923028252,127.05158473742978,3,역삼2차아이파크 강남구 역삼동
강남구,도곡동,하이페리온,하이페리온,도곡현대하이페리온아파트,서울 강남구 도곡동 968,서울 강남구 도곡로4길 31,37.488763523033114,127.03509775927007,3,하이페리온 강남구 도곡동
강남구,삼성동,골든카운티,골든카운티,골든카운티아파트,서울 강남구 삼성동 5-3,서울 강남구 학동로68길 16,37.516986317937,127.046427021872,3,골든카운티 강남구 삼성동
강남구,도곡동,중명하니빌,중명하니빌,중명하니빌아파트,서울 강남구 도곡동 965,서울 강남구 남부순환로365길 5,37.48591513506797,127.03893622890544,3,중명하니빌 강남구 도곡동
강남구,역삼동,롯데캐슬노블,롯데캐슬노블,역삼동롯데캐슬노블아파트,서울 강남구 역삼동 835-68,서울 강남구 도곡로13길 19,37.492309684653314,127.03577788666568,3,롯데캐슬노블 강남구 역삼동
강남구,논현동,논현웰스톤,논현웰스톤,논현웰스톤아파트,서울 강남구 논현동 108,서울 강남구 학동로43길 38,37.51845254949586,127.03803009039876,3,논현웰스톤 강남구 논현동
강남구,역삼동,우정에쉐르3,우정에쉐르3,역삼동우정에쉐르3아파트,서울 강남구 역삼동 707-15,서울 강남구 언주로86길 25,37.50250224753517,127.04519211956692,3,우정에쉐르3 강남구 역삼동
강남구,율현동,강남한신휴플러스6단지,강남한신휴플러스6단지,강남한신휴플러스6단지아파트,서울 강남구 율현동 365,서울 강남구 밤고개로26길 50,37.4678779024717,127.10526057287588,3,강남한신휴플러스6단지 강남구 율현동
강남구,대치동,아름빌(889-74),아름빌,아름빌아파트,서울 강남구 대치동 889-74,서울 강남구 선릉로86길 11,37.50336865394282,127.05053071124388,3,아름빌 강남구 대치동
강남구,삼성동,래미안삼성1차(103-22),래미안삼성1차,래미안삼성1차아파트,서울 강남구 삼성동 103-22,서울 강남구 영동대로114길 56,37.517133090190136,127.06397358259878,3,래미안삼성1차 강남구 삼성동
강남구,도곡동,도곡현대힐스테이트105동,도곡현대힐스테이트,도곡현대힐스테이트아파트,서울 강남구 도곡동 183,서울 강남구 남부순환로379길 15,37.48772183180859,127.0459701891126,3,도곡현대힐스테이트 강남구 도곡동
강남구,청담동,상지리츠빌(127-16),상지리츠빌,상지리츠빌10차아파트,서울 강남구 청담동 122-1,서울 강남구 도산대로85길 24,37.52604914603868,127.04952784508184,3,상지리츠빌 강남구 청담동
강남구,역삼동,역삼디오슈페리움,역삼디오슈페리움,역삼디오슈페리움오피스텔,서울 강남구 역삼동 832-5,서울 강남구 강남대로 324,37.49222186567934,127.03088383377924,3,역삼디오슈페리움 강남구 역삼동
강남구,논현동,우민,우민,우민아파트,서울 강남구 논현동 107-44,서울 강남구 언주로136길 21,37.51783287447153,127.03735560144987,3,우민 강남구 논현동
강남구,논현동,논현아트빌,논현아트빌,논현아트빌아파트,서울 강남구 논현동 215-14,서울 강남구 논현로124길 7,37.512471597148,127.03227662289513,3,논현아트빌 강남구 논현동
강남구,논현동,논현베르빌,논현베르빌,논현베르빌아파트,서울 강남구 논현동 214-2,서울 강남구 학동로30길 21,37.51274898315288,127.0327246533926,3,논현베르빌 강남구 논현동
강남구,개포동,개포자이,개포자이,개포자이프레지던스아파트,서울 강남구 개포동 1284,서울 강남구 삼성로 14,37.48518724018239,127.07146417569656,3,개포자이 강남구 개포동
강남구,청담동,동양파라곤,동양파라곤,청담동양파라곤아파트,서울 강남구 청담동 69-18,서울 강남구 학동로97길 31,37.52164289524498,127.05441633918709,3,동양파라곤 강남구 청담동
강남구,대치동,롯데캐슬리베,롯데캐슬리베,대치롯데캐슬리베아파트,서울 강남구 대치동 1025,서울 강남구 도곡로 404,37.49624556929162,127.0539953269906,3,롯데캐슬리베 강남구 대치동
강남구,청담동,신동아,신동아,신동아아파트,서울 강남구 청담동 134-16,서울 강남구 학동로105길 30,37.52300227731037,127.05866288211624,3,신동아 강남구 청담동
강남구,역삼동,현대까르띠에710,현대까르띠에710,현대까르띠에710아파트,서울 강남구 역삼동 710,서울 강남구 언주로86길 12,37.50147160071725,127.04492007798652,3,현대까르띠에710 강남구 역삼동
강남구,삼성동,석탑아파트101동,석탑아파트,석탑아파트,서울 강남구 삼성동 3-3,,37.51744824171837,127.04484820955516,3,석탑아파트 강남구 삼성동
강남구,대치동,삼성3차,삼성3차,대치삼성3차아파트,서울 강남구 대치동 1016-2,서울 강남구 도곡로78길 13,37.49757249853363,127.06011649376944,3,삼성3차 강남구 대치동
강남구,삼성동,아펠바움,아펠바움,삼성아펠바움아파트,서울 강남구 삼성동 99-3,서울 강남구 영동대로114길 72,37.5180551712875,127.064974322677,3,아펠바움 강남구 삼성동
강남구,삼성동,푸른솔아파트1동,푸른솔아파트,푸른솔아파트,서울 강남구 삼성동 4-3,서울 강남구 학동로 420,37.517793753210526,127.04607912341264,3,푸른솔아파트 강남구 삼성동
강남구,개포동,개포현대200동,개포현대,개포현대아파트,서울 강남구 개포동 655-1,서울 강남구 언주로 105,37.4816930855137,127.05268237898846,3,개포현대 강남구 개포동
강남구,대치동,동민맥스빌B동,동민맥스빌B동,동민맥스빌아파트(B동),서울 강남구 대치동 938-13,서울 강남구 도곡로69길 7,37.498014272442035,127.05587383824528,3,동민맥스빌B동 강남구 대치동
강남구,신사동,유로미아파트B동,유로미아파트B동,유로미아파트 B동,서울 강남구 신사동 547-7,서울 강남구 압구정로14길 16,37.52306684508587,127.02310000831604,3,유로미아파트B동 강남구 신사동
강남구,삼성동,쌍용플래티넘,쌍용플래티넘,쌍용플래티넘아파트,서울 강남구 삼성동 117,서울 강남구 봉은사로 474,37.512316870683,127.05183070094164,3,쌍용플래티넘 강남구 삼성동
강남구,청담동,한신오페라하우스,한신오페라하우스,한신오페라하우스1차아파트,서울 강남구 청담동 35-47,서울 강남구 삼성로135길 47,37.519275207493024,127.04555063889568,3,한신오페라하우스 강남구 청담동
강남구,일원동,삼성,삼성,삼성서울병원,서울 강남구 일원동 50,서울 강남구 일원로 81,37.48852545508141,127.0850925670324,3,삼성 강남구 일원동
강남구,논현동,은탑리더스카운티,은탑리더스카운티,은탑리더스카운티아파트,서울 강남구 논현동 44-6,서울 강남구 학동로9길 15,37.51315114098511,127.02391586439074,3,은탑리더스카운티 강남구 논현동
강남구,신사동,압구정하이츠파크,압구정하이츠파크,압구정하이츠파크아파트,서울 강남구 신사동 632,서울 강남구 압구정로42길 78,37.52377698724536,127.03370687395552,3,압구정하이츠파크 강남구 신사동
강남구,신사동,신사아이빌(522),신사아이빌,신사아이빌아파트,서울 강남구 신사동 522,서울 강남구 압구정로2길 15,37.52075363968262,127.01997602614942,3,신사아이빌 강남구 신사동
강남구,삼성동,우림루미아트,우림루미아트,삼성우림루미아트아파트,서울 강남구 삼성동 75-3,서울 강남구 봉은사로81길 8,37.51381872023618,127.05411657075096,3,우림루미아트 강남구 삼성동
강남구,대치동,삼환SOGOOD,삼환SOGOOD,삼환SOGOOD아파트,서울 강남구 대치동 938-16,서울 강남구 도곡로 413,37.497596259074456,127.05576044081702,3,삼환SOGOOD 강남구 대치동
강남구,삼성동,삼부아그레빌,삼부아그레빌,삼부아그레빌아파트,서울 강남구 삼성동 98-11,서울 강남구 영동대로114길 63,37.517857405716605,127.06414161342504,3,삼부아그레빌 강남구 삼성동
강남구,논현동,동양파라곤,동양파라곤,논현동양파라곤아파트,서울 강남구 논현동 245,서울 강남구 언주로130길 30,37.514747588552744,127.03813679768778,3,동양파라곤 강남구 논현동
강남구,대치동,쌍용대치2,쌍용대치2,대치쌍용1차아파트 2동,서울 강남구 대치동 66,서울 강남구 영동대로 210,37.498275139985985,127.07168020284642,3,쌍용대치2 강남구 대치동
강남구,역삼동,로얄팰리스,로얄팰리스,베스젠빌아파트,서울 강남구 역삼동 633,서울 강남구 논현로97길 74,37.5026619131425,127.03055563825106,3,로얄팰리스 강남구 역삼동
강남구,도곡동,대명비발디,대명비발디,대명비발디아파트,서울 강남구 도곡동 944-6,서울 강남구 도곡로6길 18,37.48906736846813,127.03439797874036,3,대명비발디 강남구 도곡동
강남구,논현동,논현한가람빌라트,논현한가람빌라트,논현한가람빌라트,서울 강남구 논현동 105-3,서울 강남구 도산대로50길 54,37.51878068244954,127.03750538963028,3,논현한가람빌라트 강남구 논현동
강남구,도곡동,월드메르디앙102동,월드메르디앙,도곡월드메르디앙아파트,서울 강남구 도곡동 200-1,서울 강남구 남부순환로373길 15,37.487128068381935,127.0435908281424,3,월드메르디앙 강남구 도곡동
강남구,역삼동,상지리츠빌(1호라인),상지리츠빌,상지리츠빌아파트,서울 강남구 역삼동 761-9,서울 강남구 언주로 320,37.49656247937236,127.04606155181244,3,상지리츠빌 강남구 역삼동
강남구,도곡동,매봉삼성,매봉삼성,매봉삼성아파트,서울 강남구 도곡동 966,서울 강남구 언주로 203,37.48915510775346,127.04878433013212,3,매봉삼성 강남구 도곡동
강남구,역삼동,대림역삼,대림역삼,대림역삼아파트,서울 강남구 역삼동 761-10,서울 강남구 언주로 316,37.49626682717487,127.04637348201727,3,대림역삼 강남구 역삼동
강남구,도곡동,한라비발디,한라비발디,도곡한라비발디아파트,서울 강남구 도곡동 972,서울 강남구 남부순환로365길 33,37.48770181254312,127.03900160671016,3,한라비발디 강남구 도곡동
강남구,도곡동,로덴하우스이스트빌리지,로덴하우스이스트빌리지,로덴하우스이스트빌리지아파트,서울 강남구 도곡동 462-1,서울 강남구 남부순환로378길 9,37.4856455300344,127.04693451733829,3,로덴하우스이스트빌리지 강남구 도곡동
강남구,논현동,삼성빌라트,삼성빌라트,삼성빌라트,서울 강남구 논현동 79-5,서울 강남구 학동로31길 29,37.5164542932523,127.031314603083,3,삼성빌라트 강남구 논현동
강남구,논현동,월드쉐르빌,월드쉐르빌,월드쉐르빌아파트,서울 강남구 논현동 138-9,서울 강남구 강남대로124길 51,37.5102764747817,127.0261001381161,3,월드쉐르빌 강남구 논현동
강남구,역삼동,풍림지오빌,풍림지오빌,풍림지오빌아파트,서울 강남구 역삼동 635-5,서울 강남구 테헤란로5길 36,37.50086028003728,127.0290553185449,3,풍림지오빌 강남구 역삼동
강남구,청담동,청담CJ빌리지,청담CJ빌리지,청담CJVilla아파트,서울 강남구 청담동 111-11,서울 강남구 도산대로99길 42,37.52677523211763,127.04981680666504,3,청담CJ빌리지 강남구 청담동
강남구,신사동,래미안신사,래미안신사,래미안신사아파트,서울 강남구 신사동 506-9,서울 강남구 압구정로2길 20,37.5201293043693,127.01961953172923,3,래미안신사 강남구 신사동
강남구,청담동,청담2차이-편한세상(205동),청담2차이-편한세상,청담2차이편한세상201-203동 전기차충전소,서울 강남구 청담동 14,서울 강남구 도산대로70길 25,37.5216953208237,127.045500073841,3,청담2차이-편한세상 강남구 청담동
강남구,삼성동,동구싼타빌,동구싼타빌,동구싼타빌아파트,서울 강남구 삼성동 108-2,서울 강남구 영동대로112길 24,37.515173421358,127.062261648833,3,동구싼타빌 강남구 삼성동
강남구,역삼동,역삼우정에쉐르2,역삼우정에쉐르2,하이파킹 역삼우정에쉐르2 주차장,서울 강남구 역삼동 707-18,서울 강남구 테헤란로48길 10,37.5026533549089,127.045870772328,3,역삼우정에쉐르2 강남구 역삼동
강남구,역삼동,쎄비앙101동,쎄비앙,쎄비앙아파트,서울 강남구 역삼동 778,서울 강남구 언주로69길 31,37.49583568290892,127.04282692211112,3,쎄비앙 강남구 역삼동
강남구,역삼동,역삼동월드메르디앙,역삼동월드메르디앙,역삼동월드메르디앙아파트 상가동,서울 강남구 역삼동 795-41,서울 강남구 도곡로21길 15,37.4929538713437,127.038740863493,3,역삼동월드메르디앙 강남구 역삼동
강남구,도곡동,리치아르떼빌,리치아르떼빌,리치아르떼빌아파트,서울 강남구 도곡동 194,서울 강남구 남부순환로373길 4,37.486407097711,127.04403364018,3,리치아르떼빌 강남구 도곡동
강남구,청담동,청담파라곤Ⅱ2단지,청담파라곤Ⅱ2단지,청담파라곤II아파트(1단지),서울 강남구 청담동 102-1,서울 강남구 압구정로71길 32,37.52866686236658,127.04656096916156,3,청담파라곤Ⅱ2단지 강남구 청담동
강남구,도곡동,도곡그린빌,도곡그린빌,도곡그린빌아파트,서울 강남구 도곡동 955,서울 강남구 강남대로44길 24,37.48613956955241,127.03582469424276,3,도곡그린빌 강남구 도곡동
강남구,삼성동,상지리츠빌카일룸(65-4),상지리츠빌카일룸,상지리츠빌카일룸아파트,서울 강남구 삼성동 65-4,서울 강남구 삼성로 636,37.5168183358784,127.051716174529,3,상지리츠빌카일룸 강남구 삼성동
강남구,삼성동,LG선릉에클라트(A),LG선릉에클라트,선릉LG에클라트아파트,서울 강남구 삼성동 142-7,서울 강남구 선릉로100길 42,37.50646158683457,127.05103835001051,3,LG선릉에클라트 강남구 삼성동
강남구,논현동,논현동프라임,논현동프라임,서울프라임하트내과의원,서울 강남구 논현동 112-21,서울 강남구 선릉로131길 12,37.51789781303897,127.03990754474808,3,논현동프라임 강남구 논현동
강남구,역삼동,브라운스톤역삼,브라운스톤역삼,역삼브라운스톤아파트,서울 강남구 역삼동 747-5,서울 강남구 역삼로 171,37.49570403002422,127.0378602356068,3,브라운스톤역삼 강남구 역삼동
강남구,청담동,청담동삼성1차(101동),청담동삼성1차,청담삼성1차아파트,서울 강남구 청담동 33,서울 강남구 삼성로133길 20,37.519436482845464,127.04784026425142,3,청담동삼성1차 강남구 청담동
강남구,도곡동,우성리빙텔,우성리빙텔,우성리빙텔오피스텔,서울 강남구 도곡동 467-10,서울 강남구 언주로30길 27,37.48844529607433,127.05256047963476,3,우성리빙텔 강남구 도곡동
강남구,청담동,상지리츠빌10차,상지리츠빌10차,상지리츠빌10차아파트,서울 강남구 청담동 122-1,서울 강남구 도산대로85길 24,37.52604914603868,127.04952784508184,3,상지리츠빌10차 강남구 청담동
강남구,역삼동,우림루미아트1,우림루미아트1,"우림루미아트오피스텔(1,2)",서울 강남구 역삼동 706-11,서울 강남구 언주로90길 6,37.5021964572892,127.04372625094868,3,우림루미아트1 강남구 역삼동
강남구,삼성동,포스코트,포스코트,삼성포스코더샵아파트,서울 강남구 삼성동 146,서울 강남구 봉은사로 510,37.5130866893324,127.055016392631,3,포스코트 강남구 삼성동
강남구,청담동,씨티2차(201동),씨티2차,씨티2차아파트,서울 강남구 청담동 104-19,서울 강남구 선릉로190길 92,37.5283018202202,127.0491220580839,3,씨티2차 강남구 청담동
강남구,대치동,한양팰리스,한양팰리스,한양팰리스아파트,서울 강남구 대치동 941-13,서울 강남구 삼성로61길 9,37.499183689798656,127.05973780846656,3,한양팰리스 강남구 대치동
강남구,삼성동,대우멤버스카운티(101동),대우멤버스카운티,삼성대우멤버스카운티2차아파트,서울 강남구 삼성동 33-20,서울 강남구 봉은사로57길 37,37.51314528774212,127.044212221773,3,대우멤버스카운티 강남구 삼성동
강남구,역삼동,예지향,예지향,세연예지향아파트,서울 강남구 역삼동 728-52,서울 강남구 역삼로33길 13,37.49799499733579,127.04141683460468,3,예지향 강남구 역삼동
강남구,논현동,현대인텔렉스,현대인텔렉스,현대인텔렉스아파트,서울 강남구 논현동 261,서울 강남구 언주로 620,37.51162348157285,127.03631192082722,3,현대인텔렉스 강남구 논현동
강남구,논현동,두영,두영,두영아파트,서울 강남구 논현동 216-1,서울 강남구 논현로124길 8,37.51216702214789,127.03240656590464,3,두영 강남구 논현동
강남구,도곡동,도곡지웰카운티102동,도곡지웰카운티,도곡지웰카운티아파트,서울 강남구 도곡동 199-4,서울 강남구 남부순환로373길 3,37.4868361368301,127.043604226889,3,도곡지웰카운티 강남구 도곡동
강남구,청담동,대우멤버스카운티Ⅱ,대우멤버스카운티Ⅱ,대우멤버스카운티II아파트,서울 강남구 청담동 59-2,서울 강남구 도산대로100길 22-15,37.52261369424036,127.05147130225582,3,대우멤버스카운티Ⅱ 강남구 청담동
강남구,청담동,청담건영,청담건영,청담건영리모델링아파트 (예정),서울 강남구 청담동 108,서울 강남구 도산대로89길 49,37.5275356646932,127.051938521716,3,청담건영 강남구 청담동
강남구,청담동,청담대우멤버스카운티9차,청담대우멤버스카운티9차,청담대우멤버스카운티9차아파트,서울 강남구 청담동 110-7,서울 강남구 도산대로99길 28-7,37.5268701985136,127.051080533716,3,청담대우멤버스카운티9차 강남구 청담동
강남구,도곡동,도곡스타클래스,도곡스타클래스,극동스타클래스아파트,서울 강남구 도곡동 957-11,서울 강남구 남부순환로 2615,37.48514487711138,127.03575637894528,3,도곡스타클래스 강남구 도곡동
강남구,도곡동,현대오티움,현대오티움,현대오티움아파트,서울 강남구 도곡동 192-2,서울 강남구 남부순환로377길 25,37.48765749007693,127.0445850298916,3,현대오티움 강남구 도곡동
강남구,개포동,우찬현대(1260-4),우찬현대,우찬현대아파트,서울 강남구 개포동 1260-11,서울 강남구 개포로31길 3-12,37.479366506016376,127.04889554677116,3,우찬현대 강남구 개포동
강남구,도곡동,롯데캐슬모닝,롯데캐슬모닝,롯데캐슬모닝아파트,서울 강남구 도곡동 551-28,서울 강남구 도곡로14길 12,37.49030557689141,127.0366498697531,3,롯데캐슬모닝 강남구 도곡동
강남구,논현동,경남논현,경남논현,경남논현아파트,서울 강남구 논현동 274,서울 강남구 언주로116길 12,37.5106894446941,127.038202596324,3,경남논현 강남구 논현동
강남구,개포동,디에이치아너힐즈,디에이치아너힐즈,디에이치아너힐즈아파트,서울 강남구 개포동 1281,서울 강남구 삼성로 11,37.48411292129347,127.06740409560908,3,디에이치아너힐즈 강남구 개포동
강남구,역삼동,프리빌리지,프리빌리지,프리빌리지아파트,서울 강남구 역삼동 723-16,서울 강남구 언주로81길 28,37.49988354601168,127.04130365734218,3,프리빌리지 강남구 역삼동
강남구,삼성동,삼부아파트(101동),삼부아파트,삼부아파트,서울 강남구 삼성동 99,서울 강남구 봉은사로111길 34,37.517438945036616,127.06486519710636,3,삼부아파트 강남구 삼성동
강남구,삼성동,삼성펠리스,삼성펠리스,삼성지웰팰리스아파트,서울 강남구 삼성동 114-11,서울 강남구 봉은사로 448,37.51145318126863,127.04883955758484,3,삼성펠리스 강남구 삼성동
강남구,도곡동,도곡현대힐스테이트101동,도곡현대힐스테이트,도곡현대힐스테이트아파트,서울 강남구 도곡동 183,서울 강남구 남부순환로379길 15,37.48772183180859,127.0459701891126,3,도곡현대힐스테이트 강남구 도곡동
강남구,대치동,현대1,현대1,현대3차아파트 1동,서울 강남구 개포동 177,서울 강남구 개포로 409,37.488146086733344,127.06026497801255,2,현대1 강남구 대치동
강남구,대치동,한티(933-35),한티,한티역 수인분당선,서울 강남구 대치동 1011-28,서울 강남구 선릉로 지하 228,37.4962857047653,127.052909749417,3,한티 강남구 대치동
강남구,역삼동,강남서해그랑블,강남서해그랑블,강남서해그랑블아파트,서울 강남구 역삼동 796-29,서울 강남구 논현로63길 16,37.4930474355053,127.039167220144,3,강남서해그랑블 강남구 역삼동
강남구,삼성동,삼성파크,삼성파크,삼성파크아파트,서울 강남구 삼성동 126,서울 강남구 삼성로99길 14,37.509234538189695,127.0538372884833,3,삼성파크 강남구 삼성동
강남구,개포동,새롬(1164-13),새롬,새롬아파트,서울 강남구 개포동 1164-14,서울 강남구 논현로2길 38,37.47328557498746,127.05310945633184,3,새롬 강남구 개포동
강남구,신사동,로데오현대,로데오현대,로데오현대아파트(101동),서울 강남구 신사동 658,서울 강남구 압구정로50길 28,37.526700514847306,127.0374437389811,3,로데오현대 강남구 신사동
강남구,역삼동,로얄빌리지,로얄빌리지,로얄빌리지아파트,서울 강남구 역삼동 644-6,서울 강남구 테헤란로21길 18,37.50157059920908,127.03453716233275,3,로얄빌리지 강남구 역삼동
강남구,대치동,한티(933-0),한티,한티역 수인분당선,서울 강남구 대치동 1011-28,서울 강남구 선릉로 지하 228,37.4962857047653,127.052909749417,3,한티 강남구 대치동
강남구,대치동,동양,동양,동양아파트,서울 강남구 대치동 920-32,서울 강남구 선릉로72길 10-7,37.49972768523455,127.05260457532104,3,동양 강남구 대치동
강남구,삼성동,삼부아파트102동,삼부아파트,삼부아파트,서울 강남구 삼성동 99,서울 강남구 봉은사로111길 34,37.517438945036616,127.06486519710636,3,삼부아파트 강남구 삼성동
강남구,대치동,세연파크뷰,세연파크뷰,세연파크뷰아파트,서울 강남구 대치동 929-8,서울 강남구 삼성로63길 16-5,37.50008892651332,127.05848549530386,3,세연파크뷰 강남구 대치동
강남구,율현동,강남한신휴플러스8단지,강남한신휴플러스8단지,강남한신휴플러스8단지아파트,서울 강남구 율현동 513,서울 강남구 밤고개로27길 20,37.469799010666115,127.1110002523993,3,강남한신휴플러스8단지 강남구 율현동
강남구,삼성동,우정에쉐르,우정에쉐르,우정에쉐르아파트,서울 강남구 삼성동 3-8,서울 강남구 선릉로130길 33,37.51718174119512,127.04432771859912,3,우정에쉐르 강남구 삼성동
강남구,대치동,하이캐슬102동,하이캐슬,하이캐슬아파트,서울 강남구 대치동 986-14,서울 강남구 삼성로64길 40,37.50055106987105,127.063846342408,3,하이캐슬 강남구 대치동
강남구,세곡동,강남신동아파밀리에1단지,강남신동아파밀리에1단지,강남신동아파밀리에1단지아파트,서울 강남구 세곡동 508,서울 강남구 헌릉로590길 100,37.46422934680342,127.1005023075914,3,강남신동아파밀리에1단지 강남구 세곡동
강남구,청담동,청담우방아파트,청담우방아파트,청담우방아파트,서울 강남구 청담동 43,서울 강남구 학동로 409,37.51814413606575,127.04399798627576,3,청담우방아파트 강남구 청담동
강남구,대치동,선경3차,선경3차,선경3차아파트,서울 강남구 대치동 602,서울 강남구 남부순환로395길 10,37.49417708052325,127.06094604698986,3,선경3차 강남구 대치동
강남구,삼성동,우정에쉐르2,우정에쉐르2,대치우정에쉐르2오피스텔,서울 강남구 대치동 890-42,서울 강남구 테헤란로68길 15,37.50431562706523,127.0525580319192,2,우정에쉐르2 강남구 삼성동
강남구,청담동,이니그마빌,이니그마빌,이니그마빌2차아파트,서울 강남구 청담동 90-10,서울 강남구 도산대로61길 19,37.52535978862199,127.04284831918837,3,이니그마빌 강남구 청담동
강남구,청담동,씨티2차(202동),씨티2차,씨티2차아파트,서울 강남구 청담동 104-19,서울 강남구 선릉로190길 92,37.5283018202202,127.0491220580839,3,씨티2차 강남구 청담동
강남구,대치동,월드빌,월드빌,월드빌아파트,서울 강남구 대치동 950-3,서울 강남구 영동대로85길 17-7,37.50658676199573,127.0624286901304,3,월드빌 강남구 대치동
강남구,논현동,스위트캐슬레지던스,스위트캐슬레지던스,스위트케슬레지던스아파트,서울 강남구 논현동 55,서울 강남구 학동로7길 6,37.51260333599886,127.02388854352246,3,스위트캐슬레지던스 강남구 논현동
강남구,대치동,풍림아이원아파트,풍림아이원아파트,선릉역풍림아이원레몬아파트,서울 강남구 대치동 890-54,서울 강남구 테헤란로64길 13,37.504179169604114,127.05143263193,3,풍림아이원아파트 강남구 대치동
강남구,신사동,뉴현대,뉴현대,뉴현대아파트,서울 강남구 신사동 550-5,서울 강남구 압구정로18길 14-14,37.5235595850886,127.023647686064,3,뉴현대 강남구 신사동
강남구,논현동,논현파라곤,논현파라곤,논현동양파라곤아파트,서울 강남구 논현동 245,서울 강남구 언주로130길 30,37.514747588552744,127.03813679768778,3,논현파라곤 강남구 논현동
강남구,논현동,마블하우스,마블하우스,마블하우스아파트,서울 강남구 논현동 267-23,서울 강남구 봉은사로51길 36,37.5123855234385,127.042347748858,3,마블하우스 강남구 논현동
강남구,신사동,진흥아마란스,진흥아마란스,진흥아마란스아파트,서울 강남구 신사동 626-1,서울 강남구 언주로157길 23,37.52372906309066,127.03104387990082,3,진흥아마란스 강남구 신사동
강남구,삼성동,아델하우스,아델하우스,아델하우스아파트,서울 강남구 삼성동 64-5,서울 강남구 학동로82길 29,37.51703426346995,127.05242668768864,3,아델하우스 강남구 삼성동
강남구,세곡동,세곡리엔파크(3단지),세곡리엔파크,강남신동아파밀리에3단지아파트,서울 강남구 세곡동 516,서울 강남구 헌릉로590길 11,37.46377905881735,127.10440819435073,3,세곡리엔파크 강남구 세곡동
강남구,청담동,청담동현대빌라트,청담동현대빌라트,청담동현대빌라트,서울 강남구 청담동 121,서울 강남구 도산대로83길 36,37.52670347725278,127.04903955646876,3,청담동현대빌라트 강남구 청담동
강남구,일원동,호정빌라트,호정빌라트,호정빌라트,서울 강남구 일원동 679,서울 강남구 양재대로33길 14,37.4906343503395,127.0830709084152,3,호정빌라트 강남구 일원동
강남구,논현동,그랑디오스,그랑디오스,그랑디오스아파트,서울 강남구 논현동 268-12,서울 강남구 봉은사로51길 18,37.51128701796003,127.04285045277426,3,그랑디오스 강남구 논현동
강남구,대치동,현대썬앤빌테헤란,현대썬앤빌테헤란,현대썬앤빌테헤란,서울 강남구 대치동 894,서울 강남구 삼성로85길 33,37.50438671614256,127.05474083889524,3,현대썬앤빌테헤란 강남구 대치동
강남구,논현동,프라임,프라임,서울프라임하트내과의원,서울 강남구 논현동 112-21,서울 강남구 선릉로131길 12,37.51789781303897,127.03990754474808,3,프라임 강남구 논현동
강남구,대치동,메트로,메트로,메트로아파트,서울 강남구 대치동 901-51,서울 강남구 삼성로75길 34,37.50296999736454,127.05546586858284,3,메트로 강남구 대치동
강남구,삼성동,강변삼부아파트,강변삼부아파트,강변삼부아파트,서울 강남구 삼성동 99-12,서울 강남구 봉은사로113길 25,37.517063760690355,127.06552999060304,3,강변삼부아파트 강남구 삼성동
강남구,역삼동,우성빌라트,우성빌라트,역삼우성빌라트,서울 강남구 역삼동 797-12,서울 강남구 도곡로23길 32,37.49439534066519,127.03917131647152,3,우성빌라트 강남구 역삼동
강남구,도곡동,벨라빌,벨라빌,벨라빌아파트,서울 강남구 도곡동 193-42,서울 강남구 남부순환로375길 6,37.4866844012113,127.044585582283,3,벨라빌 강남구 도곡동
강남구,신사동,토미,토미,토미아파트,서울 강남구 신사동 593-32,서울 강남구 논현로158길 17,37.5222319266051,127.02976270535918,3,토미 강남구 신사동
강남구,개포동,뉴현대파크빌,뉴현대파크빌,뉴현대파크빌아파트,서울 강남구 개포동 1164-30,서울 강남구 논현로2길 61-4,37.47483273265328,127.05481197882511,3,뉴현대파크빌 강남구 개포동
강남구,청담동,영풍마드레빌,영풍마드레빌,청담영풍마드레빌아파트,서울 강남구 청담동 36,서울 강남구 학동로63길 13,37.51918548349309,127.04456419050707,3,영풍마드레빌 강남구 청담동
강남구,압구정동,대림빌라트,대림빌라트,대림빌라트,서울 강남구 압구정동 444,서울 강남구 압구정로29길 51,37.53088578736432,127.027116493078,3,대림빌라트 강남구 압구정동
강남구,역삼동,세종빌라트,세종빌라트,세종빌라트,서울 강남구 역삼동 791-23,서울 강남구 도곡로23길 31,37.4941864324594,127.038791255715,3,세종빌라트 강남구 역삼동
강남구,역삼동,요진와이시티미니,요진와이시티미니,요진와이시티미니,서울 강남구 역삼동 727-9,서울 강남구 역삼로25길 21,37.49753980913572,127.03930640024495,3,요진와이시티미니 강남구 역삼동
강남구,논현동,현대넥서스B동,현대넥서스B동,현대넥서스아파트 B동,서울 강남구 논현동 261-7,서울 강남구 언주로122길 6,37.511863957857805,127.03660951008716,3,현대넥서스B동 강남구 논현동
강남구,청담동,우성아파트,우성아파트,우성아파트,서울 강남구 청담동 11-25,서울 강남구 삼성로147길 22,37.5217290452166,127.046814576608,3,우성아파트 강남구 청담동
강남구,삼성동,래미안삼성1차(201동),래미안삼성1차,래미안삼성1차아파트,서울 강남구 삼성동 103-22,서울 강남구 영동대로114길 56,37.517133090190136,127.06397358259878,3,래미안삼성1차 강남구 삼성동
강남구,청담동,대우리츠카운티,대우리츠카운티,대우리츠카운티아파트,서울 강남구 청담동 117-22,서울 강남구 도산대로83길 35,37.526691078164,127.048519150852,3,대우리츠카운티 강남구 청담동
강남구,역삼동,상지리츠빌역삼2차,상지리츠빌역삼2차,역삼상지리츠빌2차아파트,서울 강남구 역삼동 761-3,서울 강남구 도곡로43길 37,37.49669569554915,127.04640088751944,3,상지리츠빌역삼2차 강남구 역삼동
강남구,논현동,지고하임(102동),지고하임,지고하임아파트,서울 강남구 논현동 44-8,서울 강남구 학동로9길 21,37.513554828193094,127.02373049269237,3,지고하임 강남구 논현동
강남구,역삼동,우정에쉐르멤버스,우정에쉐르멤버스,선릉역우정에쉐르멤버스아파트,서울 강남구 역삼동 708-31,서울 강남구 선릉로87길 14,37.50312089462009,127.04833651450768,3,우정에쉐르멤버스 강남구 역삼동
강남구,청담동,대우로얄카운티2,대우로얄카운티2,대우로얄카운티2아파트,서울 강남구 청담동 116-5,서울 강남구 도산대로81길 26,37.52605716495071,127.0475548817722,3,대우로얄카운티2 강남구 청담동
강남구,대치동,선릉역풍림아이원레몬,선릉역풍림아이원레몬,선릉역풍림아이원레몬아파트,서울 강남구 대치동 890-54,서울 강남구 테헤란로64길 13,37.504179169604114,127.05143263193,3,선릉역풍림아이원레몬 강남구 대치동
강남구,대치동,대치타워,대치타워,대치스터디타워,서울 강남구 대치동 912-31,서울 강남구 삼성로71길 18,37.502082489791,127.057387788767,3,대치타워 강남구 대치동
강남구,대치동,풍림아이원1차101동(910-3),풍림아이원1차,대치풍림아이원1차아파트,서울 강남구 대치동 910-3,서울 강남구 역삼로 434,37.50153240995947,127.05456911714968,3,풍림아이원1차 강남구 대치동
강남구,도곡동,로덴하우스웨스트빌리지,로덴하우스웨스트빌리지,도곡로덴하우스웨스트빌리지아파트,서울 강남구 도곡동 462-2,서울 강남구 남부순환로378길 11,37.48549701802601,127.0465443407052,3,로덴하우스웨스트빌리지 강남구 도곡동
강남구,역삼동,한양럭스,한양럭스,한양럭스오피스텔,서울 강남구 역삼동 628-1,서울 강남구 테헤란로25길 58,37.50429703494524,127.03456216841462,3,한양럭스 강남구 역삼동
강남구,논현동,e-편한세상,e-편한세상,논현e편한세상아파트,서울 강남구 논현동 195-1,서울 강남구 봉은사로11길 12,37.50686105140391,127.02875001221048,3,e-편한세상 강남구 논현동
강남구,신사동,대성아파트,대성아파트,대성아파트,서울 강남구 신사동 540-2,서울 강남구 논현로151길 45,37.51950221644594,127.02439977840416,3,대성아파트 강남구 신사동
강남구,청담동,삼환(101동),삼환,삼환아파트,서울 강남구 청담동 10,서울 강남구 학동로77길 49,37.52158457923568,127.04757919229174,3,삼환 강남구 청담동
강남구,역삼동,지석천평대,지석천평대,지석천평대아파트,서울 강남구 역삼동 789-29,서울 강남구 논현로71길 48,37.494158585177665,127.03566568781382,3,지석천평대 강남구 역삼동
강남구,신사동,신사동씨티빌,신사동씨티빌,신사씨티빌아파트,서울 강남구 신사동 523-4,서울 강남구 강남대로162길 27-26,37.52104994852903,127.02067972014376,3,신사동씨티빌 강남구 신사동
강남구,청담동,청담디에브스아파트,청담디에브스아파트,청담디에브스아파트,서울 강남구 청담동 62-6,서울 강남구 도산대로92길 28,37.5228849653728,127.049194299607,3,청담디에브스아파트 강남구 청담동
강남구,청담동,골든아트빌,골든아트빌,골든아트빌아파트,서울 강남구 청담동 28-13,서울 강남구 삼성로135길 28,37.5199125772066,127.046931086169,3,골든아트빌 강남구 청담동
강남구,삼성동,블루밍하우스,블루밍하우스,블루밍하우스아파트,서울 강남구 삼성동 64-4,서울 강남구 학동로82길 25,37.517419968994275,127.05225502136868,3,블루밍하우스 강남구 삼성동
강남구,청담동,상지리츠빌카일룸2차,상지리츠빌카일룸2차,상지리츠빌카일룸2차아파트,서울 강남구 청담동 128-18,서울 강남구 압구정로79길 87,37.52645070409117,127.05428520716718,3,상지리츠빌카일룸2차 강남구 청담동
강남구,대치동,스카이써밋아파트,스카이써밋아파트,스카이써밋아파트,서울 강남구 대치동 915-13,서울 강남구 삼성로67길 14,37.50113778196792,127.05831441457512,3,스카이써밋아파트 강남구 대치동
강남구,청담동,연세힐하우스(Ⅱ),연세힐하우스,연세힐하우스I아파트,서울 강남구 청담동 102-2,서울 강남구 압구정로71길 30-11,37.528489943954234,127.04737088867276,3,연세힐하우스 강남구 청담동
강남구,역삼동,명인갤러리2차,명인갤러리2차,명인갤러리2차아파트,서울 강남구 역삼동 732-25,서울 강남구 역삼로 237,37.497622557888384,127.0423303640208,3,명인갤러리2차 강남구 역삼동
강남구,청담동,한신오페라하우스2차,한신오페라하우스2차,한신오페라하우스2차아파트,서울 강남구 청담동 35-48,서울 강남구 학동로63길 14,37.518893264076546,127.04533774465824,3,한신오페라하우스2차 강남구 청담동
강남구,도곡동,도곡푸르지오,도곡푸르지오,도곡푸르지오아파트(102동),서울 강남구 도곡동 949-2,서울 강남구 강남대로 272,37.48773610225771,127.03291161371894,3,도곡푸르지오 강남구 도곡동
강남구,역삼동,정원,정원,모락정원,서울 강남구 역삼동 700-8,서울 강남구 언주로94길 5,37.5044917653679,127.042501624737,3,정원 강남구 역삼동
강남구,도곡동,그랜빌캐슬,그랜빌캐슬,그랜빌캐슬아파트,서울 강남구 도곡동 190-3,서울 강남구 남부순환로379길 35,37.48875663471498,127.04480956701182,3,그랜빌캐슬 강남구 도곡동
강남구,삼성동,시티(A동),시티,시티건설,서울 강남구 삼성동 113,서울 강남구 봉은사로 418,37.510510978010686,127.04597850640076,3,시티 강남구 삼성동
강남구,논현동,논현빌라트,논현빌라트,논현한가람빌라트,서울 강남구 논현동 105-3,서울 강남구 도산대로50길 54,37.51878068244954,127.03750538963028,3,논현빌라트 강남구 논현동
강남구,청담동,목화,목화,목화아파트,서울 강남구 청담동 105-6,서울 강남구 도산대로85길 53,37.528142007572974,127.04992179710725,3,목화 강남구 청담동
강남구,역삼동,에스케이허브젠,에스케이허브젠,SK허브젠아파트,서울 강남구 역삼동 831-45,서울 강남구 역삼로 109,37.49365893759802,127.03101559837168,3,에스케이허브젠 강남구 역삼동
강남구,도곡동,울트라멤버스,울트라멤버스,도곡울트라멤버스아파트,서울 강남구 도곡동 162-4,서울 강남구 남부순환로381길 25,37.487717913577576,127.04677073005858,3,울트라멤버스 강남구 도곡동
강남구,역삼동,갤러리아트,갤러리아트,갤러리아트아파트,서울 강남구 역삼동 783-28,서울 강남구 언주로63길 30,37.494263989243734,127.043748765299,3,갤러리아트 강남구 역삼동
강남구,청담동,청담파크빌,청담파크빌,청담연세파크빌아파트,서울 강남구 청담동 59-21,서울 강남구 삼성로140길 35,37.52234699163597,127.05148469383874,3,청담파크빌 강남구 청담동
강남구,삼성동,삼성팰리스(71-16),삼성팰리스,삼성지웰팰리스아파트,서울 강남구 삼성동 114-11,서울 강남구 봉은사로 448,37.51145318126863,127.04883955758484,3,삼성팰리스 강남구 삼성동
강남구,역삼동,강남한솔,강남한솔,강남한솔아파트,서울 강남구 역삼동 794-19,서울 강남구 도곡로19길 17,37.49281001933026,127.0377864043466,3,강남한솔 강남구 역삼동
강남구,청담동,청담8차상지리츠빌,청담8차상지리츠빌,청담상지리츠빌8차아파트,서울 강남구 청담동 121-14,서울 강남구 도산대로83길 22,37.5257071618834,127.04857281525,3,청담8차상지리츠빌 강남구 청담동
강남구,논현동,제이빌,제이빌,제이빌아파트,서울 강남구 논현동 108-2,서울 강남구 학동로43길 30,37.51804892919325,127.0379393920849,3,제이빌 강남구 논현동
강남구,역삼동,노블카운티,노블카운티,노블카운티아파트,서울 강남구 역삼동 794-24,서울 강남구 도곡로19길 13,37.4925685298956,127.03784734503054,3,노블카운티 강남구 역삼동
강남구,신사동,신사파크빌B동,신사파크빌B동,신사파크빌아파트 B동,서울 강남구 신사동 562,서울 강남구 도산대로23길 18,37.52042258961808,127.02649733095488,3,신사파크빌B동 강남구 신사동
강남구,역삼동,갤러리하우스,갤러리하우스,갤러리하우스아파트,서울 강남구 역삼동 783-3,서울 강남구 도곡로33길 16,37.49443168375856,127.04345824439076,3,갤러리하우스 강남구 역삼동
강남구,역삼동,역삼예명,역삼예명,역삼예명아파트,서울 강남구 역삼동 664-5,서울 강남구 봉은사로34길 53,37.50496617346937,127.03847450578026,3,역삼예명 강남구 역삼동
강남구,신사동,현대아인빌,현대아인빌,현대아인빌아파트,서울 강남구 신사동 569-1,서울 강남구 압구정로22길 29,37.5237572449326,127.026299409446,3,현대아인빌 강남구 신사동
강남구,역삼동,트레벨,트레벨,역삼동트레벨아파트,서울 강남구 역삼동 766-8,서울 강남구 도곡로57길 9-7,37.49613182935538,127.05039918102668,3,트레벨 강남구 역삼동
강남구,역삼동,현대하이츠,현대하이츠,현대하이츠,서울 강남구 역삼동 747-12,서울 강남구 역삼로23길 10,37.496190508143854,127.03806403215904,3,현대하이츠 강남구 역삼동
강남구,개포동,상지리츠빌,상지리츠빌,개포상지리츠빌아파트,서울 강남구 개포동 176-1,서울 강남구 개포로 405,37.48730094054184,127.06026656049836,3,상지리츠빌 강남구 개포동
강남구,역삼동,프리우스역삼102동,프리우스역삼,프리우스역삼아파트,서울 강남구 역삼동 636-33,서울 강남구 강남대로94길 51-14,37.50131023491462,127.03120423317355,3,프리우스역삼 강남구 역삼동
강남구,역삼동,역삼엔스위트102동,역삼엔스위트,역삼엔스위트아파트,서울 강남구 역삼동 656-30,서울 강남구 언주로103길 16,37.50666091780426,127.03861675010532,3,역삼엔스위트 강남구 역삼동
강남구,역삼동,세방하이빌1,세방하이빌1,세방하이빌아파트,서울 강남구 역삼동 771-4,서울 강남구 역삼로 240,37.4971862751056,127.04287292753482,3,세방하이빌1 강남구 역삼동
강남구,압구정동,현대빌라트,현대빌라트,현대빌라트,서울 강남구 압구정동 446,서울 강남구 압구정로29길 49,37.53048118926221,127.02732677886304,3,현대빌라트 강남구 압구정동
강남구,도곡동,포스코트,포스코트,포스코트아파트,서울 강남구 도곡동 164-6,서울 강남구 남부순환로381길 15,37.48790859118363,127.04761210001328,3,포스코트 강남구 도곡동
강남구,대치동,청암빌라트,청암빌라트,청암빌라트,서울 강남구 대치동 650,서울 강남구 남부순환로391길 7,37.49244903135108,127.057176876562,3,청암빌라트 강남구 대치동
강남구,청담동,청담2차이-편한세상(204동),청담2차이-편한세상,청담2차이편한세상201-203동 전기차충전소,서울 강남구 청담동 14,서울 강남구 도산대로70길 25,37.5216953208237,127.045500073841,3,청담2차이-편한세상 강남구 청담동
강남구,역삼동,EGSoulLeader,EGSoulLeader,역삼동EGSoulLeader(역삼동이지소울리더),서울 강남구 역삼동 828-28,서울 강남구 테헤란로14길 34,37.49720368386407,127.03363046792322,3,EGSoulLeader 강남구 역삼동
강남구,개포동,리더스,리더스,리더스내과가정의학과의원,서울 강남구 개포동 1239-17,서울 강남구 논현로 98,37.47859867348881,127.04478541172227,3,리더스 강남구 개포동
강남구,논현동,힐타워,힐타워,힐타워아파트,서울 강남구 논현동 53-1,서울 강남구 강남대로132길 26,37.512462931515465,127.02312388584988,3,힐타워 강남구 논현동
강남구,청담동,연세빌라(102-6),연세빌라,연세빌라,서울 강남구 청담동 127,서울 강남구 압구정로79길 61-9,37.52612560207617,127.05192623120172,3,연세빌라 강남구 청담동
강남구,청담동,청담포레,청담포레,청담포레아파트,서울 강남구 청담동 59-16,서울 강남구 도산대로98길 31,37.52250802064656,127.05205607853644,3,청담포레 강남구 청담동
강남구,대치동,상지리츠빌카일룸(1009-4),상지리츠빌카일룸,상지리츠빌카일룸아파트,서울 강남구 대치동 1009-4,서울 강남구 도곡로 603,37.5015667979306,127.06815714206104,3,상지리츠빌카일룸 강남구 대치동
강남구,삼성동,호산프라자,호산프라자,호산프라자아파트,서울 강남구 삼성동 37,서울 강남구 선릉로 604,37.510961345201586,127.04396662428276,3,호산프라자 강남구 삼성동
강남구,역삼동,명인갤러리,명인갤러리,명인갤러리2차아파트,서울 강남구 역삼동 732-25,서울 강남구 역삼로 237,37.497622557888384,127.0423303640208,3,명인갤러리 강남구 역삼동
강남구,신사동,유로미아파트A동,유로미아파트A동,유로미아파트 A동,서울 강남구 신사동 547-7,서울 강남구 압구정로14길 16,37.523348869256495,127.02304692658814,3,유로미아파트A동 강남구 신사동
강남구,도곡동,파크힐,파크힐,파크힐아파트,서울 강남구 도곡동 550-1,서울 강남구 도곡로14길 14-1,37.4898405385731,127.037029572184,3,파크힐 강남구 도곡동
강남구,삼성동,삼성동헤렌하우스2(82-4),삼성동헤렌하우스2,헤렌하우스2아파트,서울 강남구 삼성동 82-1,서울 강남구 영동대로128길 45,37.5192320216944,127.061341972962,3,삼성동헤렌하우스2 강남구 삼성동
강남구,논현동,한화꿈에그린2차,한화꿈에그린2차,논현한화꿈에그린2차아파트,서울 강남구 논현동 194-23,서울 강남구 봉은사로21길 19,37.5074371578982,127.030876528863,3,한화꿈에그린2차 강남구 논현동
강남구,삼성동,SM드림빌,SM드림빌,SM드림빌아파트,서울 강남구 삼성동 29-11,서울 강남구 봉은사로61길 34,37.513296922886205,127.0458761545039,3,SM드림빌 강남구 삼성동
강남구,삼성동,시티(B동),시티,시티건설,서울 강남구 삼성동 113,서울 강남구 봉은사로 418,37.510510978010686,127.04597850640076,3,시티 강남구 삼성동
강남구,역삼동,강남웅진베어스빌,강남웅진베어스빌,강남웅진베어스빌,서울 강남구 역삼동 838-10,서울 강남구 도곡로 113,37.490176958445495,127.03281770177038,3,강남웅진베어스빌 강남구 역삼동
강남구,청담동,청담아르지움,청담아르지움,청담아르지움,서울 강남구 청담동 32,서울 강남구 삼성로135길 15,37.5197859358389,127.048175320976,3,청담아르지움 강남구 청담동
강남구,역삼동,역삼동골든베리힐,역삼동골든베리힐,골든베리힐아파트,서울 강남구 역삼동 667-1,서울 강남구 논현로102길 4,37.50470757615195,127.03562999067309,3,역삼동골든베리힐 강남구 역삼동
강남구,역삼동,우림루미아트2,우림루미아트2,"우림루미아트오피스텔(1,2)",서울 강남구 역삼동 706-11,서울 강남구 언주로90길 6,37.5021964572892,127.04372625094868,3,우림루미아트2 강남구 역삼동
강남구,역삼동,역삼동그린비,역삼동그린비,역삼그린비아파트,서울 강남구 역삼동 656-32,서울 강남구 언주로103길 12,37.5067896276961,127.039023975887,3,역삼동그린비 강남구 역삼동
강남구,도곡동,도곡푸르지오102동,도곡푸르지오,도곡푸르지오아파트(102동),서울 강남구 도곡동 949-2,서울 강남구 강남대로 272,37.48773610225771,127.03291161371894,3,도곡푸르지오 강남구 도곡동
강남구,삼성동,삼성동라테라스,삼성동라테라스,삼성라테라스아파트,서울 강남구 삼성동 110-2,서울 강남구 봉은사로 645,37.51556436338938,127.06575943021568,3,삼성동라테라스 강남구 삼성동
강남구,청담동,청담어퍼하우스,청담어퍼하우스,어퍼하우스청담,서울 강남구 청담동 64-1,서울 강남구 학동로81길 28,37.5209247539568,127.050452051393,3,청담어퍼하우스 강남구 청담동
강남구,논현동,브라운스톤,브라운스톤,논현브라운스톤로얄스위트아파트,서울 강남구 논현동 43-3,서울 강남구 학동로11길 13,37.513298848515646,127.0241964235341,3,브라운스톤 강남구 논현동
강남구,삼성동,삼성월드타워,삼성월드타워,삼성월드타워아파트,서울 강남구 삼성동 3-1,서울 강남구 학동로 408,37.51743410847059,127.0440971114081,3,삼성월드타워 강남구 삼성동
강남구,삼성동,이안애빌,이안애빌,삼성이안파크아파트,서울 강남구 삼성동 130,서울 강남구 봉은사로68길 65,37.50858961416719,127.05340703555412,3,이안애빌 강남구 삼성동
강남구,논현동,로체샤르캐슬,로체샤르캐슬,로체샤르캐슬아파트,서울 강남구 논현동 114-23,서울 강남구 언주로136길 16,37.51717709763506,127.03686661546018,3,로체샤르캐슬 강남구 논현동
강남구,개포동,우찬현대(1260-11),우찬현대,우찬현대아파트,서울 강남구 개포동 1260-11,서울 강남구 개포로31길 3-12,37.479366506016376,127.04889554677116,3,우찬현대 강남구 개포동
강남구,신사동,하야트빌,하야트빌,하얏트빌아파트,서울 강남구 신사동 551-5,서울 강남구 논현로159길 56,37.52181881743107,127.02379985208093,3,하야트빌 강남구 신사동
강남구,논현동,더그레이스,더그레이스,더그레이스아파트,서울 강남구 논현동 212-20,서울 강남구 언주로125길 12,37.51299273903502,127.03419404855612,3,더그레이스 강남구 논현동
강남구,역삼동,경일역삼,경일역삼,경일역삼아파트,서울 강남구 역삼동 775-14,서울 강남구 논현로72길 32,37.49615945307649,127.0419665391166,3,경일역삼 강남구 역삼동
강남구,개포동,새롬(1164-12),새롬,새롬아파트,서울 강남구 개포동 1164-14,서울 강남구 논현로2길 38,37.47328557498746,127.05310945633184,3,새롬 강남구 개포동
강남구,논현동,테크노빌라트,테크노빌라트,테크노빌라트,서울 강남구 논현동 271-6,서울 강남구 선릉로111길 38-16,37.51123656153389,127.04029082237082,3,테크노빌라트 강남구 논현동
강남구,역삼동,역삼동칼라,역삼동칼라,역삼동칼라하우스,서울 강남구 역삼동 778-28,서울 강남구 언주로69길 17-5,37.49610728797188,127.04418182044805,3,역삼동칼라 강남구 역삼동
강남구,신사동,신사파크빌A동,신사파크빌A동,신사파크빌아파트 A동,서울 강남구 신사동 562,서울 강남구 도산대로23길 18,37.52026949852427,127.026140948179,3,신사파크빌A동 강남구 신사동
강남구,역삼동,리츠빌아파트,리츠빌아파트,상지리츠빌아파트,서울 강남구 역삼동 761-9,서울 강남구 언주로 320,37.49656247937236,127.04606155181244,3,리츠빌아파트 강남구 역삼동
강남구,개포동,리치타운,리치타운,리치타운아파트,서울 강남구 개포동 1204-5,서울 강남구 개포로28길 28,37.4773043971975,127.050323223495,3,리치타운 강남구 개포동
강남구,삼성동,그라나다,그라나다,그라나다아파트,서울 강남구 삼성동 45-5,서울 강남구 선릉로112길 74,37.51263136726073,127.0496252994411,3,그라나다 강남구 삼성동
강남구,개포동,새롬(1164-14),새롬,새롬아파트,서울 강남구 개포동 1164-14,서울 강남구 논현로2길 38,37.47328557498746,127.05310945633184,3,새롬 강남구 개포동
강남구,개포동,개포래미안포레스트,개포래미안포레스트,개포래미안포레스트아파트,서울 강남구 개포동 1282,서울 강남구 개포로 264,37.47844335279694,127.05421654374456,3,개포래미안포레스트 강남구 개포동
강남구,청담동,강변상지리츠빌,강변상지리츠빌,강변상지리츠빌아파트,서울 강남구 청담동 106-17,서울 강남구 선릉로190길 112,37.52795431474983,127.05059028095252,3,강변상지리츠빌 강남구 청담동
강남구,도곡동,우성캐릭터빌,우성캐릭터빌,우성캐릭터빌아파트,서울 강남구 도곡동 467-18,서울 강남구 언주로 122,37.4870818309528,127.05105343019142,3,우성캐릭터빌 강남구 도곡동
강남구,논현동,우성,우성,우성빌리지,서울 강남구 논현동 153-1,서울 강남구 논현로119길 16,37.5102518655929,127.030995317536,3,우성 강남구 논현동
강남구,역삼동,네스빌(728-10),네스빌,네스빌오피스텔,서울 강남구 역삼동 830-41,서울 강남구 역삼로7길 17,37.49532719470602,127.03253159470668,3,네스빌 강남구 역삼동
강남구,논현동,논현아이파크,논현아이파크,논현아이파크아파트,서울 강남구 논현동 225-6,서울 강남구 언주로 615,37.51054419159915,127.03594154291945,3,논현아이파크 강남구 논현동
강남구,청담동,청담그랑빌,청담그랑빌,청담그랑빌아파트,서울 강남구 청담동 46-5,서울 강남구 학동로77길 5,37.51906208007039,127.0490266369508,3,청담그랑빌 강남구 청담동
강남구,논현동,비쥬힐,비쥬힐,비쥬힐아파트,서울 강남구 논현동 39-10,서울 강남구 학동로21길 23,37.5148370813246,127.027323335913,3,비쥬힐 강남구 논현동
강남구,삼성동,삼성웰피아,삼성웰피아,삼성웰피아아파트,서울 강남구 삼성동 130-2,서울 강남구 테헤란로77길 31,37.5084165208802,127.05362859275138,3,삼성웰피아 강남구 삼성동
강남구,역삼동,(828-21),,스머프매직포레스트,서울 강남구 역삼동 616-14,서울 강남구 강남대로106길 29,37.5034906075971,127.027843960692,3, 강남구 역삼동
강남구,역삼동,쎄비앙102동,쎄비앙,쎄비앙아파트,서울 강남구 역삼동 778,서울 강남구 언주로69길 31,37.49583568290892,127.04282692211112,3,쎄비앙 강남구 역삼동
강남구,청담동,효성빌라청담101(A동),효성빌라청담101,효성빌라 청담101,서울 강남구 청담동 101,서울 강남구 압구정로71길 28,37.52825431750879,127.04627109416874,3,효성빌라청담101 강남구 청담동
강남구,대치동,풍림아이원4차(1007-2),풍림아이원4차,대치풍림아이원4차아파트,서울 강남구 대치동 1007-2,서울 강남구 영동대로 330-7,37.504250824377635,127.06669951243704,3,풍림아이원4차 강남구 대치동
강남구,논현동,한양빌라트,한양빌라트,한양빌라트,서울 강남구 논현동 79-7,서울 강남구 논현로140길 22,37.5170417510865,127.03130127471871,3,한양빌라트 강남구 논현동
강남구,개포동,현대,현대,현대자동차블루핸즈 개포점,서울 강남구 개포동 1212-5,서울 강남구 개포로 254,37.4789154226885,127.050274558366,3,현대 강남구 개포동
강남구,역삼동,현대이스트빌,현대이스트빌,현대이스트빌아파트,서울 강남구 역삼동 728-45,서울 강남구 역삼로33길 19,37.4984924759089,127.04106427685744,3,현대이스트빌 강남구 역삼동
강남구,개포동,포이벨리,포이벨리,포이벨리아파트,서울 강남구 개포동 1164-28,서울 강남구 양재대로 379,37.47460457981301,127.0552357547017,3,포이벨리 강남구 개포동
강남구,논현동,논현라폴리움,논현라폴리움,논현라폴리움아파트,서울 강남구 논현동 252,서울 강남구 학동로46길 32,37.5140445979526,127.038774384903,3,논현라폴리움 강남구 논현동
강남구,도곡동,조이너스도곡,조이너스도곡,조이너스도곡아파트,서울 강남구 도곡동 950-19,서울 강남구 강남대로48길 24,37.487014661166,127.035116162978,3,조이너스도곡 강남구 도곡동
강남구,청담동,상지리츠빌9차,상지리츠빌9차,상지리츠빌9차아파트,서울 강남구 청담동 116-10,서울 강남구 압구정로77길 27,37.52690757163517,127.04789933747163,3,상지리츠빌9차 강남구 청담동
강남구,논현동,지고하임(101동),지고하임,지고하임아파트,서울 강남구 논현동 44-8,서울 강남구 학동로9길 21,37.513554828193094,127.02373049269237,3,지고하임 강남구 논현동
강남구,역삼동,조이너스,조이너스,조이너스아파트,서울 강남구 역삼동 747-1,서울 강남구 역삼로19길 12,37.4958591701462,127.037335607085,3,조이너스 강남구 역삼동
강남구,일원동,디에이치포레센트,디에이치포레센트,디에이치포레센트아파트,서울 강남구 일원동 742,서울 강남구 개포로110길 38,37.490340979012075,127.07859846615882,3,디에이치포레센트 강남구 일원동
강남구,대치동,노빌리티빌리지,노빌리티빌리지,신구노빌리티아파트,서울 강남구 대치동 1017-1,서울 강남구 삼성로51길 10-13,37.497335346932346,127.06048270096284,3,노빌리티빌리지 강남구 대치동
강남구,청담동,구산,구산,구산아파트,서울 강남구 청담동 128-1,서울 강남구 도산대로101길 34,37.52668513914401,127.05390412935216,3,구산 강남구 청담동
강남구,도곡동,도곡3차아이파크,도곡3차아이파크,도곡아이파크3차아파트,서울 강남구 도곡동 970,서울 강남구 도곡로14길 21,37.489843894762735,127.03781204801123,3,도곡3차아이파크 강남구 도곡동
강남구,논현동,라이헤스빌,라이헤스빌,라이헤스빌아파트,서울 강남구 논현동 109-9,서울 강남구 선릉로137길 21,37.5187334508696,127.03868179195,3,라이헤스빌 강남구 논현동
강남구,삼성동,월성빌라트,월성빌라트,월성아파트,서울 강남구 삼성동 91-16,서울 강남구 영동대로114길 23,37.51615046463111,127.0615837767215,3,월성빌라트 강남구 삼성동
강남구,대치동,우정에쉐르,우정에쉐르,대치우정에쉐르1아파트,서울 강남구 대치동 891-28,서울 강남구 삼성로85길 38,37.50454553815614,127.054209401475,3,우정에쉐르 강남구 대치동
강남구,청담동,호원빌라,호원빌라,호원아파트,서울 강남구 청담동 115-17,서울 강남구 압구정로75길 15,37.526796156917,127.04712998189,3,호원빌라 강남구 청담동
강남구,청담동,범신칼릭스빌,범신칼릭스빌,청담범신칼릭스빌3차,서울 강남구 청담동 62-27,서울 강남구 도산대로92길 38,37.522239818933805,127.04926288115044,3,범신칼릭스빌 강남구 청담동
강남구,청담동,PH129,PH129,PH129아파트,서울 강남구 청담동 129,서울 강남구 압구정로79길 88,37.52606328219612,127.05426569451164,3,PH129 강남구 청담동
강남구,신사동,청림빌,청림빌,청림빌아파트,서울 강남구 신사동 555-11,서울 강남구 논현로153길 42,37.52062928894932,127.02479493681815,3,청림빌 강남구 신사동
강남구,청담동,청담대우멤버스카운티7차,청담대우멤버스카운티7차,대우맴버스카운티7차 전기차충전소,서울 강남구 청담동 110-3,서울 강남구 도산대로85길 50-14,37.5272827901222,127.051235804224,3,청담대우멤버스카운티7차 강남구 청담동
강남구,역삼동,역삼카이스아파트,역삼카이스아파트,역삼카이스아파트,서울 강남구 역삼동 836-35,서울 강남구 도곡로7길 23,37.49211465976038,127.03410876640456,3,역삼카이스아파트 강남구 역삼동
강남구,삼성동,삼성동드림하우스,삼성동드림하우스,드림하우스아파트,서울 강남구 삼성동 47-18,서울 강남구 봉은사로71길 19,37.51346572858703,127.04955006823069,3,삼성동드림하우스 강남구 삼성동
강남구,청담동,마크힐스이스트윙,마크힐스이스트윙,마크힐스청담1차아파트,서울 강남구 청담동 130-6,서울 강남구 영동대로142길 21,37.52482845232824,127.05525126817716,3,마크힐스이스트윙 강남구 청담동
강남구,삼성동,현대삼성동1차,현대삼성동1차,현대삼성동1차아파트,서울 강남구 삼성동 57-9,서울 강남구 삼성로120길 52-5,37.5191017975474,127.05499818491376,3,현대삼성동1차 강남구 삼성동
강남구,신사동,리갈팰리스,리갈팰리스,리갈팰리스아파트,서울 강남구 신사동 626,서울 강남구 도산대로35길 46,37.52374536161029,127.03073618543128,3,리갈팰리스 강남구 신사동
강남구,삼성동,엘에이치삼성도시형생활주택,엘에이치삼성도시형생활주택,엘에이치삼성,서울 강남구 삼성동 109-21,서울 강남구 영동대로112길 46,37.5155175763733,127.064000481792,3,엘에이치삼성도시형생활주택 강남구 삼성동
강남구,역삼동,역삼이안애에이,역삼이안애에이,역삼이안애아파트,서울 강남구 역삼동 777-2,서울 강남구 논현로70길 14,37.49522544172454,127.04101951667124,3,역삼이안애에이 강남구 역삼동
강남구,삼성동,심포니하우스,심포니하우스,심포니하우스,서울 강남구 삼성동 150-12,서울 강남구 봉은사로82길 28,37.5114611728416,127.055241413286,3,심포니하우스 강남구 삼성동
강남구,일원동,디에이치자이개포,디에이치자이개포,디에이치자이개포아파트,서울 강남구 일원동 743,서울 강남구 영동대로 22,37.49093338684232,127.07514348665778,3,디에이치자이개포 강남구 일원동
강남구,역삼동,시티프라디움더강남201동,시티프라디움더강남,시티프라디움더강남101동아파트,서울 강남구 역삼동 900,서울 강남구 언주로 557,37.50751133330654,127.03902208955492,3,시티프라디움더강남 강남구 역삼동
강남구,자곡동,강남자곡 힐스테이트,강남자곡 힐스테이트,강남자곡힐스테이트아파트,서울 강남구 자곡동 619,서울 강남구 자곡로3길 21,37.47136754830765,127.08875842678428,3,강남자곡 힐스테이트 강남구 자곡동
강남구,청담동,현대아파트(75-1),현대아파트,청담현대3차아파트,서울 강남구 청담동 127-31,서울 강남구 도산대로101길 29,37.52692338066789,127.0530716622141,3,현대아파트 강남구 청담동
강남구,삼성동,래미안라클래시,래미안라클래시,래미안라클래시아파트,서울 강남구 삼성동 189,서울 강남구 삼성로 651,37.517485780654525,127.05008663369084,3,래미안라클래시 강남구 삼성동
강남구,논현동,펜트힐루논현,펜트힐루논현,펜트힐루논현,서울 강남구 논현동 211-21,서울 강남구 언주로 641,37.5138367528585,127.034969240484,3,펜트힐루논현 강남구 논현동
강남구,논현동,애플타운,애플타운,애플노래타운,서울 강남구 논현동 185-1,서울 강남구 강남대로118길 40,37.5070814194057,127.026515234802,3,애플타운 강남구 논현동
강남구,삼성동,아셈,아셈,아셈타워,서울 강남구 삼성동 159,서울 강남구 영동대로 517,37.513059123227,127.059825780171,3,아셈 강남구 삼성동
강남구,역삼동,프리마빌,프리마빌,역삼프리마빌아파트,서울 강남구 역삼동 727-11,서울 강남구 역삼로25길 17,37.49733254679578,127.03939902179712,3,프리마빌 강남구 역삼동
강남구,역삼동,마이다스힐빌라트,마이다스힐빌라트,마이다스힐빌라트,서울 강남구 역삼동 728-6,서울 강남구 역삼로25길 20,37.497649564528594,127.0398062982,3,마이다스힐빌라트 강남구 역삼동
강남구,삼성동,동일파크스위트,동일파크스위트,동일파크스위트아파트,서울 강남구 삼성동 100-14,서울 강남구 영동대로112길 67,37.51624912070574,127.06576908019616,3,동일파크스위트 강남구 삼성동
강남구,개포동,그린빌리지,그린빌리지,더샵그린아파트,서울 강남구 개포동 1167,서울 강남구 논현로4길 28,37.473209315637774,127.05237797384518,3,그린빌리지 강남구 개포동
강남구,청담동,에비뉴나인티,에비뉴나인티,청담애비뉴나인티,서울 강남구 청담동 90-13,서울 강남구 도산대로59길 24,37.5251959174909,127.042540518294,3,에비뉴나인티 강남구 청담동
강남구,논현동,벨러스빌,벨러스빌,벨러스빌아파트,서울 강남구 논현동 47-11,서울 강남구 학동로5길 17,37.51290992333641,127.0226399168274,3,벨러스빌 강남구 논현동
강남구,삼성동,삼성동신도브래뉴,삼성동신도브래뉴,신도브래뉴아파트,서울 강남구 삼성동 121-38,서울 강남구 삼성로103길 12,37.51038802076037,127.05340379267172,3,삼성동신도브래뉴 강남구 삼성동
강남구,역삼동,포스틸빌라트,포스틸빌라트,포스틸아파트,서울 강남구 역삼동 741-22,서울 강남구 테헤란로20길 36,37.497338418585315,127.03506219206956,3,포스틸빌라트 강남구 역삼동
강남구,청담동,신동아빌라트,신동아빌라트,신동아빌라트,서울 강남구 청담동 141-6,서울 강남구 도산대로81길 61,37.527318685013746,127.04495480457264,3,신동아빌라트 강남구 청담동
강남구,논현동,더원센트럴,더원센트럴,더원센트럴아파트,서울 강남구 논현동 118-8,서울 강남구 학동로53길 3-8,37.51721221592966,127.03971035852734,3,더원센트럴 강남구 논현동
강남구,청담동,청담대우로얄카운티6차,청담대우로얄카운티6차,청담대우로얄카운티6차아파트,서울 강남구 청담동 101-1,서울 강남구 압구정로71길 20,37.52795706838139,127.04606274804117,3,청담대우로얄카운티6차 강남구 청담동
강남구,청담동,청담대우멤버스카운티11차,청담대우멤버스카운티11차,청담대우멤버스카운티11차아파트,서울 강남구 청담동 122-15,서울 강남구 도산대로87길 23,37.5261498714366,127.049971377642,3,청담대우멤버스카운티11차 강남구 청담동
강남구,신사동,썬-타워빌딩,썬-타워빌딩,썬-타워빌딩,서울 강남구 신사동 588-16,서울 강남구 도산대로 225,37.52109984311131,127.0314002543487,3,썬-타워빌딩 강남구 신사동
강남구,역삼동,강남센트럴아이파크,강남센트럴아이파크,강남센트럴아이파크아파트,서울 강남구 역삼동 902,서울 강남구 테헤란로44길 26,37.50038649492938,127.04568844126749,3,강남센트럴아이파크 강남구 역삼동
강남구,개포동,개포자이르네,개포자이르네,개포자이르네아파트,서울 강남구 개포동 1283,서울 강남구 언주로7길 6,37.4785239141338,127.055358480031,3,개포자이르네 강남구 개포동
강남구,삼성동,신동아듀크빌,신동아듀크빌,신동아듀크빌아파트,서울 강남구 삼성동 99-11,서울 강남구 봉은사로113길 33,37.517397201357326,127.06540472358375,3,신동아듀크빌 강남구 삼성동
강남구,개포동,개포자이프레지던스,개포자이프레지던스,개포자이프레지던스아파트,서울 강남구 개포동 1284,서울 강남구 삼성로 14,37.48518724018239,127.07146417569656,3,개포자이프레지던스 강남구 개포동
강남구,대치동,대치르엘,대치르엘,대치르엘아파트,서울 강남구 대치동 1030,서울 강남구 도곡로93길 23,37.50156265788691,127.06429165515826,3,대치르엘 강남구 대치동
강남구,대치동,풍림아이원2차202동,풍림아이원2차,대치풍림아이원2차아파트,서울 강남구 대치동 910-7,서울 강남구 선릉로72길 45,37.50130612506325,127.0548550741604,3,풍림아이원2차 강남구 대치동
강남구,논현동,학동,학동,학동역 7호선,서울 강남구 논현동 279-67,서울 강남구 학동로 지하 180,37.51434578734927,127.03190190063152,3,학동 강남구 논현동
강남구,개포동,개포더샵트리에,개포더샵트리에,개포더샵트리에아파트,서울 강남구 개포동 651-1,서울 강남구 개포로 311,37.4848300737937,127.057251347174,3,개포더샵트리에 강남구 개포동
강남구,역삼동,역삼센트럴2차아이파크,역삼센트럴2차아이파크,역삼센트럴2차아이파크,서울 강남구 역삼동 712-5,서울 강남구 역삼로 307-1,37.49996272894844,127.04644022861402,3,역삼센트럴2차아이파크 강남구 역삼동
강남구,신사동,우찬,우찬,우찬,서울 강남구 논현동 3-6,서울 강남구 도산대로6길 5,37.51635734516,127.021674962147,2,우찬 강남구 신사동
강남구,삼성동,한양립스,한양립스,삼성동한양립스아파트,서울 강남구 삼성동 142-16,,37.5062900730311,127.051780163323,3,한양립스 강남구 삼성동
강남구,논현동,펜트힐캐스케이드,펜트힐캐스케이드,펜트힐캐스케이드,서울 강남구 논현동 106,서울 강남구 언주로 720,37.5181217052429,127.035707631355,3,펜트힐캐스케이드 강남구 논현동
강남구,신사동,신사동닛시빌라트,신사동닛시빌라트,닛시빌라트,서울 강남구 신사동 634-14,서울 강남구 압구정로42길 46,37.52602299818803,127.03435837558904,3,신사동닛시빌라트 강남구 신사동
강남구,대치동,대치더클래스,대치더클래스,대치더클래스아파트,서울 강남구 대치동 1031,서울 강남구 삼성로51길 10-14,37.49727111620653,127.06098701044353,3,대치더클래스 강남구 대치동
강남구,대치동,대치푸르지오써밋,대치푸르지오써밋,대치푸르지오써밋아파트,서울 강남구 대치동 1032,서울 강남구 삼성로72길 12,37.50147842810233,127.0617311838319,3,대치푸르지오써밋 강남구 대치동
강남구,청담동,더갤러리파크,더갤러리파크,더갤러리파크아파트,서울 강남구 청담동 54-5,서울 강남구 영동대로141길 14,37.52350024570679,127.05357603763515,3,더갤러리파크 강남구 청담동
강남구,논현동,네오빌,네오빌,네오빌,서울 강남구 논현동 10-22,서울 강남구 논현로145길 38,37.5169800127299,127.0257902745956,3,네오빌 강남구 논현동
강남구,역삼동,리치타워,리치타워,리치타워아파트,서울 강남구 역삼동 604,서울 강남구 논현로105길 52,37.50542632704941,127.03005234869524,3,리치타워 강남구 역삼동
강남구,삼성동,이안애2차,이안애2차,이안애2차아파트,서울 강남구 삼성동 130-6,서울 강남구 테헤란로77길 27,37.50814612693853,127.05383198272656,3,이안애2차 강남구 삼성동
강남구,도곡동,도곡하이빌,도곡하이빌,도곡하이빌아파트,서울 강남구 도곡동 919-3,서울 강남구 남부순환로363길 9-6,37.48592999486713,127.03756584757754,3,도곡하이빌 강남구 도곡동
강남구,역삼동,노블스위트,노블스위트,노블스위트아파트,서울 강남구 역삼동 747,서울 강남구 역삼로19길 14,37.49611326363818,127.03730520096622,3,노블스위트 강남구 역삼동
강남구,역삼동,시티프라디움더강남101동,시티프라디움더강남,시티프라디움더강남101동아파트,서울 강남구 역삼동 900,서울 강남구 언주로 557,37.50751133330654,127.03902208955492,3,시티프라디움더강남 강남구 역삼동
강남구,개포동,대치푸르지오발라드,대치푸르지오발라드,대치푸르지오발라드,서울 강남구 개포동 176-2,서울 강남구 개포로 407,37.4873313751686,127.060656678189,3,대치푸르지오발라드 강남구 개포동
강남구,도곡동,도곡현대힐스테이트102동,도곡현대힐스테이트,도곡현대힐스테이트아파트,서울 강남구 도곡동 183,서울 강남구 남부순환로379길 15,37.48772183180859,127.0459701891126,3,도곡현대힐스테이트 강남구 도곡동
강남구,논현동,브라이튼N40,브라이튼N40,브라이튼N40아파트,서울 강남구 논현동 40,서울 강남구 논현로131길 44,37.5142570136015,127.026539264325,3,브라이튼N40 강남구 논현동
강남구,역삼동,동원스위트뷰역삼,동원스위트뷰역삼,동원스위트뷰아파트,서울 강남구 역삼동 745-13,서울 강남구 역삼로19길 25,37.49696563109818,127.03725699839734,3,동원스위트뷰역삼 강남구 역삼동
강남구,도곡동,필로스(193-45),필로스,필로스아파트,서울 강남구 도곡동 193-45,서울 강남구 남부순환로381길 57,37.48699084767754,127.04430987360676,3,필로스 강남구 도곡동
강남구,대치동,대치동우정에쉐르2(890-42),대치동우정에쉐르2,대치우정에쉐르2오피스텔,서울 강남구 대치동 890-42,서울 강남구 테헤란로68길 15,37.50431562706523,127.0525580319192,3,대치동우정에쉐르2 강남구 대치동
강남구,삼성동,브르넨삼성,브르넨삼성,삼성브르넨오피스텔,서울 강남구 삼성동 90,서울 강남구 영동대로122길 2,37.5167579458508,127.0594249127,3,브르넨삼성 강남구 삼성동
강남구,논현동,신동아,신동아,논현신동아파밀리에아파트,서울 강남구 논현동 22,서울 강남구 강남대로146길 28,37.5147155300318,127.02266760909572,3,신동아 강남구 논현동
강남구,개포동,디에이치퍼스티어아이파크,디에이치퍼스티어아이파크,디에이치퍼스티어아이파크아파트,서울 강남구 개포동 660-1,서울 강남구 개포로 310,37.48178943055999,127.05671085125569,3,디에이치퍼스티어아이파크 강남구 개포동
강남구,도곡동,도곡월드메르디앙아파트,도곡월드메르디앙아파트,도곡월드메르디앙아파트,서울 강남구 도곡동 200-1,서울 강남구 남부순환로373길 15,37.487128068381935,127.0435908281424,3,도곡월드메르디앙아파트 강남구 도곡동
강남구,역삼동,상지리츠빌(2호라인),상지리츠빌,상지리츠빌아파트,서울 강남구 역삼동 761-9,서울 강남구 언주로 320,37.49656247937236,127.04606155181244,3,상지리츠빌 강남구 역삼동
강남구,도곡동,도곡루아르,도곡루아르,도곡루아르,서울 강남구 도곡동 941-1,,37.4900647874561,127.034385997902,3,도곡루아르 강남구 도곡동
강남구,논현동,아츠논현,아츠논현,아츠논현,서울 강남구 논현동 249-9,서울 강남구 언주로 624,37.5122163822006,127.036182133812,3,아츠논현 강남구 논현동
강남구,역삼동,원에디션강남,원에디션강남,원에디션강남,서울 강남구 역삼동 653-4,서울 강남구 언주로 563,37.5078800991059,127.038243012167,3,원에디션강남 강남구 역삼동
강남구,청담동,효성빌라청담101(2차),효성빌라청담101,효성빌라 청담101,서울 강남구 청담동 101,서울 강남구 압구정로71길 28,37.52825431750879,127.04627109416874,3,효성빌라청담101 강남구 청담동
강남구,도곡동,도곡더써밋타워,도곡더써밋타워,도곡더써밋타워아파트,서울 강남구 도곡동 954-17,,37.4855846042951,127.035640128595,3,도곡더써밋타워 강남구 도곡동
강남구,대치동,신성미소시티,신성미소시티,미소시티아파트,서울 강남구 대치동 904-10,서울 강남구 역삼로 451,37.502529846117,127.056438146416,3,신성미소시티 강남구 대치동
강남구,논현동,논현프라임아파트,논현프라임아파트,논현프라임아파트(192-3번지),서울 강남구 논현동 192-3,서울 강남구 논현로113길 5,37.5081745544226,127.03282897220087,3,논현프라임아파트 강남구 논현동
강남구,도곡동,도곡현대힐스테이트103동,도곡현대힐스테이트,도곡현대힐스테이트아파트,서울 강남구 도곡동 183,서울 강남구 남부순환로379길 15,37.48772183180859,127.0459701891126,3,도곡현대힐스테이트 강남구 도곡동
송파구,장지동,송파더센트레,송파더센트레,송파더센트레아파트,서울 송파구 장지동 879,서울 송파구 위례광장로 163,37.47929357128287,127.1400928993921,3,송파더센트레 송파구 장지동
송파구,거여동,거여4단지,거여4단지,거여4단지아파트,서울 송파구 거여동 293,서울 송파구 양산로4길 8,37.48919387869777,127.14381453489769,3,거여4단지 송파구 거여동
송파구,마천동,마천금호어울림1차아파트,마천금호어울림1차아파트,마천금호어울림1차아파트,서울 송파구 마천동 575,서울 송파구 성내천로 245,37.49822157809914,127.15481144729506,3,마천금호어울림1차아파트 송파구 마천동
송파구,잠실동,주공아파트 5단지,주공아파트 5단지,잠실주공5단지 테니스장,서울 송파구 잠실동 27-10,서울 송파구 송파대로 567,37.5141378110971,127.096343371517,3,주공아파트 5단지 송파구 잠실동
송파구,문정동,문정래미안,문정래미안,문정래미안아파트,서울 송파구 문정동 1,서울 송파구 문정로 83,37.490621445698174,127.13029006224446,3,문정래미안 송파구 문정동
송파구,문정동,파크하비오,파크하비오,호텔파크하비오,서울 송파구 문정동 618,서울 송파구 송파대로 111,37.48182408213381,127.1235091461094,3,파크하비오 송파구 문정동
송파구,송파동,힐스빌,힐스빌,힐스빌아파트,서울 송파구 송파동 104,서울 송파구 백제고분로44길 64,37.5039341207363,127.113389584287,3,힐스빌 송파구 송파동
송파구,풍납동,극동,극동,한강극동아파트,서울 송파구 풍납동 508,서울 송파구 토성로 38-6,37.52942952645229,127.11274031230222,3,극동 송파구 풍납동
송파구,신천동,파크리오,파크리오,파크리오아파트,서울 송파구 신천동 17,서울 송파구 올림픽로 435,37.52122940631966,127.10998251166994,3,파크리오 송파구 신천동
송파구,오금동,대림,대림,대림아파트,서울 송파구 오금동 2,서울 송파구 위례성대로 176,37.510480691041,127.129302101059,3,대림 송파구 오금동
송파구,오금동,현대(2-4차),현대,현대아파트,서울 송파구 오금동 43,서울 송파구 오금로35길 17,37.50605369301779,127.126307529181,3,현대 송파구 오금동
송파구,오금동,상아2차아파트,상아2차아파트,상아2차아파트,서울 송파구 오금동 165,서울 송파구 오금로 407,37.49793755208166,127.13672608142798,3,상아2차아파트 송파구 오금동
송파구,잠실동,레이크팰리스,레이크팰리스,레이크팰리스아파트,서울 송파구 잠실동 44,서울 송파구 잠실로 88,37.50926684745007,127.09427862597954,3,레이크팰리스 송파구 잠실동
송파구,가락동,가락(1차)쌍용아파트,가락쌍용아파트,가락쌍용1차아파트,서울 송파구 가락동 140,서울 송파구 동남로 193,37.49556859511541,127.1280720545949,3,가락쌍용아파트 송파구 가락동
송파구,송파동,홍익봄마을,홍익봄마을,홍익봄마을아파트,서울 송파구 송파동 173-12,서울 송파구 송파대로36길 37,37.50178727716301,127.11591508054364,3,홍익봄마을 송파구 송파동
송파구,신천동,장미2,장미2,장미1차아파트 2동,서울 송파구 신천동 7,서울 송파구 올림픽로35길 104,37.517204193829926,127.09820580184312,3,장미2 송파구 신천동
송파구,잠실동,갤러리아팰리스,갤러리아팰리스,갤러리아팰리스오피스텔,서울 송파구 잠실동 40,서울 송파구 올림픽로 212,37.511104282507425,127.0939178657084,3,갤러리아팰리스 송파구 잠실동
송파구,장지동,위례2차아이파크,위례2차아이파크,위례2차아이파크아파트,서울 송파구 장지동 884,서울 송파구 위례광장로 230,37.47973788900149,127.14374327299969,3,위례2차아이파크 송파구 장지동
송파구,풍납동,현대1,현대1,열린교회,서울 송파구 풍납동 260,서울 송파구 토성로 37,37.5301558143514,127.114528939663,3,현대1 송파구 풍납동
송파구,거여동,금호어울림,금호어울림,거여금호어울림아파트,서울 송파구 거여동 593,서울 송파구 오금로56길 28,37.49221744051116,127.14325155061164,3,금호어울림 송파구 거여동
송파구,가락동,에스디펠리체,에스디펠리체,SD펠리체아파트,서울 송파구 가락동 198-7,서울 송파구 동남로14길 23-9,37.49245035972257,127.13203011963392,3,에스디펠리체 송파구 가락동
송파구,송파동,미성맨션,미성맨션,미성맨션,서울 송파구 송파동 161,서울 송파구 오금로32길 10,37.50595741182904,127.11925114909012,3,미성맨션 송파구 송파동
송파구,송파동,송파삼성래미안아파트,송파삼성래미안아파트,송파삼성래미안아파트,서울 송파구 송파동 162,서울 송파구 오금로32길 14,37.50472541783163,127.11867465830989,3,송파삼성래미안아파트 송파구 송파동
송파구,마천동,송파건원여미지아파트,송파건원여미지아파트,송파건원여미지아파트,서울 송파구 마천동 21,서울 송파구 마천로35길 12,37.500019149303085,127.1455463389736,3,송파건원여미지아파트 송파구 마천동
송파구,신천동,장미1,장미1,장미1차아파트 1동,서울 송파구 신천동 7,서울 송파구 올림픽로35길 104,37.51655596026799,127.09870039412336,3,장미1 송파구 신천동
송파구,잠실동,리센츠,리센츠,리센츠아파트,서울 송파구 잠실동 22,서울 송파구 올림픽로 135,37.51275285867244,127.0884194493474,3,리센츠 송파구 잠실동
송파구,잠실동,잠실엘스,잠실엘스,잠실엘스아파트,서울 송파구 잠실동 19,서울 송파구 올림픽로 99,37.51293085517571,127.08146118769716,3,잠실엘스 송파구 잠실동
송파구,마천동,우방아파트,우방아파트,우방아파트,서울 송파구 마천동 576,서울 송파구 성내천로 211,37.50032272026631,127.15203829468555,3,우방아파트 송파구 마천동
송파구,거여동,거여1단지,거여1단지,거여1단지아파트,서울 송파구 거여동 290,서울 송파구 양산로8길 8,37.49091568626336,127.14456639797557,3,거여1단지 송파구 거여동
송파구,방이동,대림,대림,대림아파트,서울 송파구 방이동 217,서울 송파구 양재대로 1109,37.50715617070512,127.12408922689272,3,대림 송파구 방이동
송파구,방이동,올림픽선수기자촌3단지,올림픽선수기자촌3단지,올림픽선수기자촌아파트,서울 송파구 방이동 89,서울 송파구 양재대로 1218,37.51455377089724,127.13525313717292,3,올림픽선수기자촌3단지 송파구 방이동
송파구,방이동,올림픽선수기자촌1단지,올림픽선수기자촌1단지,올림픽선수기자촌아파트,서울 송파구 방이동 89,서울 송파구 양재대로 1218,37.51455377089724,127.13525313717292,3,올림픽선수기자촌1단지 송파구 방이동
송파구,잠실동,우성아파트,우성아파트,우성4차아파트,서울 송파구 잠실동 320,서울 송파구 백제고분로18길 30,37.502807946126055,127.08293058644372,3,우성아파트 송파구 잠실동
송파구,방이동,올림픽선수기자촌2단지,올림픽선수기자촌2단지,올림픽선수기자촌아파트,서울 송파구 방이동 89,서울 송파구 양재대로 1218,37.51455377089724,127.13525313717292,3,올림픽선수기자촌2단지 송파구 방이동
송파구,잠실동,트리지움,트리지움,트리지움아파트,서울 송파구 잠실동 35,서울 송파구 잠실로 62,37.50991803073123,127.09114418702444,3,트리지움 송파구 잠실동
송파구,문정동,문정시영,문정시영,문정시영아파트,서울 송파구 문정동 145,서울 송파구 송이로31길 56,37.490597626696704,127.1354462575153,3,문정시영 송파구 문정동
송파구,오금동,오금아르미안,오금아르미안,오금아르미안아파트,서울 송파구 오금동 69-9,서울 송파구 성내천로6길 9-7,37.50371294723,127.13520304268,3,오금아르미안 송파구 오금동
송파구,가락동,가락금호아파트,가락금호아파트,가락금호아파트,서울 송파구 가락동 95-1,서울 송파구 송파대로32길 15,37.496362781444354,127.11636355547824,3,가락금호아파트 송파구 가락동
송파구,거여동,우방1,우방1,우방1차아파트 103동,서울 송파구 거여동 356,서울 송파구 오금로56길 16,37.49239126092184,127.14256776034104,3,우방1 송파구 거여동
송파구,오금동,삼성,삼성,삼성아파트,서울 송파구 오금동 160,서울 송파구 문정로 197,37.49645357187345,127.1390619569052,3,삼성 송파구 오금동
송파구,마천동,천마그랑밸리,천마그랑밸리,천마그랑밸리아파트,서울 송파구 마천동 68-5,서울 송파구 성내천로29길 28,37.5020759604892,127.153521101506,3,천마그랑밸리 송파구 마천동
송파구,문정동,올림픽훼밀리타운,올림픽훼밀리타운,올림픽훼밀리타운아파트,서울 송파구 문정동 150,서울 송파구 중대로 24,37.48907179365075,127.11548723573252,3,올림픽훼밀리타운 송파구 문정동
송파구,거여동,현대1차,현대1차,현대1차아파트,서울 송파구 거여동 362,서울 송파구 오금로54길 10,37.49287963162806,127.1410455172596,3,현대1차 송파구 거여동
송파구,마천동,아남,아남,아남아파트,서울 송파구 마천동 9,서울 송파구 마천로35길 18,37.5005249716484,127.14598611121085,3,아남 송파구 마천동
송파구,오금동,쌍용스윗닷홈1단지,쌍용스윗닷홈1단지,오금쌍용스윗닷홈1차아파트,서울 송파구 오금동 29,서울 송파구 양재대로72길 42,37.50791630072655,127.13105753687783,3,쌍용스윗닷홈1단지 송파구 오금동
송파구,방이동,원진아뜨리에,원진아뜨리에,원진아뜨리에아파트,서울 송파구 방이동 173-1,서울 송파구 백제고분로50길 29-23,37.51446744506206,127.11830550394662,3,원진아뜨리에 송파구 방이동
송파구,가락동,프라자,프라자,프라자아파트,서울 송파구 가락동 199,서울 송파구 문정로 125,37.4919909359252,127.13355359517703,3,프라자 송파구 가락동
송파구,신천동,더샵스타리버,더샵스타리버,더샵스타리버오피스텔,서울 송파구 신천동 11-8,서울 송파구 올림픽로35길 93,37.518001667968875,127.10440790642372,3,더샵스타리버 송파구 신천동
송파구,송파동,2차한양아파트,2차한양아파트,한양2차아파트,서울 송파구 송파동 151,서울 송파구 가락로 192,37.5050883015824,127.11617804579188,3,2차한양아파트 송파구 송파동
송파구,장지동,위례중앙푸르지오1단지,위례중앙푸르지오1단지,위례중앙푸르지오1단지아파트,서울 송파구 장지동 897,서울 송파구 위례광장로 120,37.4748435783521,127.14152939247208,3,위례중앙푸르지오1단지 송파구 장지동
송파구,송파동,여흥레이크빌,여흥레이크빌,여흥레이크빌아파트,서울 송파구 송파동 31,서울 송파구 석촌호수로 278,37.51032698849688,127.10635054146168,3,여흥레이크빌 송파구 송파동
송파구,방이동,리치빌(177-2),리치빌,리치빌,서울 송파구 방이동 58-19,서울 송파구 올림픽로32길 19-39,37.514281299311456,127.11144841475004,3,리치빌 송파구 방이동
송파구,송파동,한양아파트,한양아파트,한양1차아파트,서울 송파구 송파동 119,서울 송파구 가락로 187,37.50602092986586,127.11423984930684,3,한양아파트 송파구 송파동
송파구,방이동,현대홈타운스위트101,현대홈타운스위트101,현대홈타운스위트아파트 101동,서울 송파구 방이동 197-4,서울 송파구 위례성대로12길 31-9,37.51093092904059,127.12192497072536,3,현대홈타운스위트101 송파구 방이동
송파구,마천동,산성,산성,남한산성 마천점,서울 송파구 마천동 118-23,서울 송파구 마천로39길 5,37.49835751888138,127.14714329563594,3,산성 송파구 마천동
송파구,방이동,파라다이스빌(40-0),파라다이스빌,파라다이스빌,서울 송파구 방이동 135-8,서울 송파구 가락로36길 5-23,37.51048973022084,127.1189869063468,3,파라다이스빌 송파구 방이동
송파구,풍납동,한강극동,한강극동,한강극동아파트,서울 송파구 풍납동 508,서울 송파구 토성로 38-6,37.52942952645229,127.11274031230222,3,한강극동 송파구 풍납동
송파구,가락동,동구햇살,동구햇살,동구햇살아파트,서울 송파구 가락동 183,서울 송파구 문정로13길 7,37.49389307116786,127.13582763519396,3,동구햇살 송파구 가락동
송파구,가락동,가락우성2,가락우성2,가락우성1차아파트 2동,서울 송파구 가락동 96-1,서울 송파구 송파대로32길 8,37.49750917265014,127.11786711373756,3,가락우성2 송파구 가락동
송파구,신천동,한신잠실코아,한신잠실코아,한신잠실코아오피스텔,서울 송파구 신천동 11-9,서울 송파구 올림픽로35가길 11,37.516567472567736,127.10417967912882,3,한신잠실코아 송파구 신천동
송파구,오금동,상아1차아파트,상아1차아파트,가락상아아파트,서울 송파구 오금동 166,서울 송파구 오금로 405,37.49855543781126,127.13533849521252,3,상아1차아파트 송파구 오금동
송파구,가락동,동부센트레빌,동부센트레빌,송파동부센트레빌아파트,서울 송파구 가락동 478,서울 송파구 송파대로37길 29,37.50048548227683,127.10912765033991,3,동부센트레빌 송파구 가락동
송파구,문정동,문정가락현대1차,문정가락현대1차,현대아파트(가락1차),서울 송파구 문정동 3,서울 송파구 동남로 160,37.491568048968325,127.12814324666093,3,문정가락현대1차 송파구 문정동
송파구,오금동,우방,우방,오금우방아파트,서울 송파구 오금동 138,서울 송파구 성내천로 87,37.50142650900244,127.1395823536262,3,우방 송파구 오금동
송파구,석촌동,석촌,석촌,석촌역 8호선,서울 송파구 석촌동 209,서울 송파구 송파대로 지하 439,37.5054141216925,127.107004062699,3,석촌 송파구 석촌동
송파구,가락동,"가락3차쌍용스윗닷홈101동,102동","가락3차쌍용스윗닷홈101동,",가락쌍용스윗닷홈3차아파트 101동,서울 송파구 가락동 53,서울 송파구 송이로21길 23,37.49792877160799,127.12342484051548,3,"가락3차쌍용스윗닷홈101동, 송파구 가락동"
송파구,풍납동,신성노바빌아파트,신성노바빌아파트,신성노바빌아파트,서울 송파구 풍납동 510,서울 송파구 한가람로 468,37.538565423445256,127.11670518625093,3,신성노바빌아파트 송파구 풍납동
송파구,오금동,매그놀리아(1차),매그놀리아,매그놀리아1차아파트,서울 송파구 오금동 81-2,서울 송파구 중대로 292,37.50645229115669,127.13256259084172,3,매그놀리아 송파구 오금동
송파구,풍납동,강변현대,강변현대,강변현대아파트,서울 송파구 풍납동 299-1,서울 송파구 한가람로 402,37.533910422192285,127.11156134214735,3,강변현대 송파구 풍납동
송파구,방이동,현대주상복합,현대주상복합,현대주상복합빌딩아파트,서울 송파구 방이동 48-5,서울 송파구 오금로11길 55,37.51547444753081,127.11311294884312,3,현대주상복합 송파구 방이동
송파구,오금동,우창,우창,가락우창아파트,서울 송파구 오금동 164,서울 송파구 동남로24길 6,37.49925641727937,127.1369049040173,3,우창 송파구 오금동
송파구,송파동,한영해시안아파트,한영해시안아파트,한영해시안아파트,서울 송파구 송파동 167-1,서울 송파구 오금로32길 35,37.5032041687824,127.119025104919,3,한영해시안아파트 송파구 송파동
송파구,석촌동,석촌호수효성해링턴타워,석촌호수효성해링턴타워,석촌호수효성해링턴타워,서울 송파구 석촌동 24-3,서울 송파구 석촌호수로 210,37.50651005002503,127.10050014986253,3,석촌호수효성해링턴타워 송파구 석촌동
송파구,가락동,두산위브,두산위브,송파가락두산위브센티움아파트,서울 송파구 가락동 98,서울 송파구 송파대로30길 16,37.49459402535901,127.11915618357762,3,두산위브 송파구 가락동
송파구,장지동,송파파인타운6단지,송파파인타운6단지,송파파인타운6단지아파트,서울 송파구 장지동 847,서울 송파구 충민로6길 14,37.480402155591754,127.1319682165122,3,송파파인타운6단지 송파구 장지동
송파구,송파동,가락삼익맨숀,가락삼익맨숀,가락삼익맨숀,서울 송파구 송파동 166,서울 송파구 오금로32길 5,37.50423440071746,127.1213056236913,3,가락삼익맨숀 송파구 송파동
송파구,장지동,위례24단지(꿈에그린),위례24단지,송파꿈에그린위례24단지아파트,서울 송파구 장지동 901,서울 송파구 위례광장로 121,37.47587068082155,127.1392951377438,3,위례24단지 송파구 장지동
송파구,송파동,금강KCC,금강KCC,송파KCC아파트,서울 송파구 송파동 164,서울 송파구 송이로 27-1,37.50298237200997,127.11737357959537,3,금강KCC 송파구 송파동
송파구,방이동,한양3,한양3,잠실3차한양아파트 3동,서울 송파구 방이동 225,서울 송파구 양재대로 1089,37.50586128707079,127.12249692017052,3,한양3 송파구 방이동
송파구,신천동,롯데캐슬골드,롯데캐슬골드,잠실롯데캐슬골드아파트,서울 송파구 신천동 7-18,서울 송파구 올림픽로 269,37.51430355765642,127.10070967524918,3,롯데캐슬골드 송파구 신천동
송파구,송파동,현대,현대,현대자동차 석촌대리점,서울 송파구 송파동 142-3,서울 송파구 오금로 196,37.50808739972515,127.11561266071774,3,현대 송파구 송파동
송파구,신천동,진주,진주,국공립 잠실진주어린이집,서울 송파구 신천동 20-4,서울 송파구 올림픽로 393,37.51874836202909,127.11156591362425,3,진주 송파구 신천동
송파구,거여동,팰리스힐,팰리스힐,팰리스힐아파트,서울 송파구 거여동 127-1,서울 송파구 오금로53길 39-10,37.49826091001177,127.14364645901854,3,팰리스힐 송파구 거여동
송파구,방이동,신구블레스밸리,신구블레스밸리,신구블레스밸리아파트,서울 송파구 방이동 197,서울 송파구 위례성대로12길 25,37.51138912410199,127.1223272449523,3,신구블레스밸리 송파구 방이동
송파구,송파동,호수임광,호수임광,호수임광아파트,서울 송파구 송파동 33,서울 송파구 송파대로48길 29,37.510473613889,127.107608481206,3,호수임광 송파구 송파동
송파구,마천동,송파파크데일1단지,송파파크데일1단지,송파파크데일1단지아파트,서울 송파구 마천동 582,서울 송파구 성내천로37길 37,37.498666327269575,127.1591413549141,3,송파파크데일1단지 송파구 마천동
송파구,풍납동,신동아파밀리에,신동아파밀리에,강동역신동아파밀리에아파트,서울 강동구 천호동 447-17,서울 강동구 천호대로 1089,37.5365689827386,127.133547065604,1,신동아파밀리에 송파구 풍납동
송파구,거여동,현대3차,현대3차,현대3차아파트,서울 송파구 거여동 46,서울 송파구 거마로 41,37.49688973635329,127.14499293469729,3,현대3차 송파구 거여동
송파구,가락동,우정에쉐르,우정에쉐르,가락우정에쉐르오피스텔,서울 송파구 가락동 8-1,서울 송파구 중대로23길 20,37.50263494430626,127.12577814679298,3,우정에쉐르 송파구 가락동
송파구,풍납동,현대리버빌1지구,현대리버빌1지구,현대리버빌1차아파트,서울 송파구 풍납동 260,서울 송파구 토성로 37,37.53074972555152,127.11529917238448,3,현대리버빌1지구 송파구 풍납동
송파구,거여동,현대2차,현대2차,거여현대2차아파트,서울 송파구 거여동 44,서울 송파구 오금로61길 20,37.494635491828035,127.14639530968712,3,현대2차 송파구 거여동
송파구,문정동,성해,성해,성해아파트,서울 송파구 문정동 4-2,서울 송파구 송이로 186,37.4908902217295,127.12672298725116,3,성해 송파구 문정동
송파구,신천동,잠실푸르지오월드마크,잠실푸르지오월드마크,잠실푸르지오월드마크아파트,서울 송파구 신천동 11-4,서울 송파구 올림픽로35가길 9,37.51744017278381,127.10357798467008,3,잠실푸르지오월드마크 송파구 신천동
송파구,가락동,우성,우성,가락우성1차아파트,서울 송파구 가락동 96-1,서울 송파구 송파대로32길 8,37.496624453746946,127.1177978725618,3,우성 송파구 가락동
송파구,문정동,현대(62-5),현대,현대아울렛 가든파이브점,서울 송파구 문정동 634,서울 송파구 충민로 66,37.47792653325666,127.1241641105558,3,현대 송파구 문정동
송파구,송파동,경남레이크파크,경남레이크파크,경남레이크파크오피스텔,서울 송파구 송파동 32-1,서울 송파구 석촌호수로 268,37.509712175018834,127.10571289240733,3,경남레이크파크 송파구 송파동
송파구,장지동,송파파인타운7단지,송파파인타운7단지,송파파인타운7단지아파트,서울 송파구 장지동 844,서울 송파구 충민로4길 19,37.47914923144287,127.13081734268124,3,송파파인타운7단지 송파구 장지동
송파구,신천동,미성,미성,미성양꼬치 1호본점,서울 송파구 방이동 60-6,서울 송파구 올림픽로32길 19-6,37.5143387648609,127.109735996651,2,미성 송파구 신천동
송파구,가락동,현대(60동),현대,현대자동차 오금역대리점,서울 송파구 가락동 156-8,서울 송파구 중대로 200,37.49967329134886,127.12666658248484,3,현대 송파구 가락동
송파구,오금동,그랑밸리(119-27),그랑밸리,그랑밸리,서울 송파구 오금동 131-9,서울 송파구 동남로28길 11,37.50239469873129,127.1391498783171,3,그랑밸리 송파구 오금동
송파구,장지동,송파파인타운8단지,송파파인타운8단지,송파파인타운8단지아파트,서울 송파구 장지동 842,서울 송파구 충민로4길 6,37.47925292097956,127.128285018141,3,송파파인타운8단지 송파구 장지동
송파구,가락동,삼환,삼환,가락삼환아파트,서울 송파구 가락동 176,서울 송파구 오금로 432,37.49535701884207,127.1367711331632,3,삼환 송파구 가락동
송파구,장지동,위례신도시송파푸르지오,위례신도시송파푸르지오,위례송파푸르지오아파트,서울 송파구 장지동 878,서울 송파구 위례광장로 185,37.48020939023371,127.1397599524179,3,위례신도시송파푸르지오 송파구 장지동
송파구,가락동,sk파크타워,sk파크타워,SK허브파크아파트,서울 송파구 가락동 166-2,서울 송파구 오금로 396,37.49797282088963,127.13425633697337,3,sk파크타워 송파구 가락동
송파구,장지동,송파파인타운3단지,송파파인타운3단지,송파파인타운3단지아파트,서울 송파구 장지동 849,서울 송파구 충민로 152,37.483749408927885,127.132765558978,3,송파파인타운3단지 송파구 장지동
송파구,풍납동,금강캐스빌,금강캐스빌,금강캐스빌아파트,서울 송파구 풍납동 513,서울 송파구 풍성로25나길 16-1,37.53567999750771,127.11893640345276,3,금강캐스빌 송파구 풍납동
송파구,가락동,가락3차쌍용스윗닷홈(103동),가락3차쌍용스윗닷홈,가락쌍용스윗닷홈3차아파트,서울 송파구 가락동 53,서울 송파구 송이로21길 23,37.49774094166772,127.12296427076193,3,가락3차쌍용스윗닷홈 송파구 가락동
송파구,문정동,문정동아,문정동아,문정동아아파트,서울 송파구 문정동 15,서울 송파구 문정로5길 13,37.48765372272505,127.12846672729692,3,문정동아 송파구 문정동
송파구,신천동,잠실더샵스타파크,잠실더샵스타파크,잠실더샵스타파크아파트,서울 송파구 신천동 7-14,서울 송파구 올림픽로35가길 10,37.516979991353715,127.1022787862143,3,잠실더샵스타파크 송파구 신천동
송파구,가락동,극동,극동,가락극동아파트,서울 송파구 가락동 192,서울 송파구 동남로18길 9,37.49569686079808,127.13267814649176,3,극동 송파구 가락동
송파구,거여동,거여2단지효성,거여2단지효성,거여2단지효성동아아파트,서울 송파구 거여동 291,서울 송파구 양산로8길 24,37.49031265651005,127.14623874459724,3,거여2단지효성 송파구 거여동
송파구,거여동,거여5단지,거여5단지,거여5단지아파트,서울 송파구 거여동 294,서울 송파구 양산로4길 16,37.48888840123866,127.1453166864251,3,거여5단지 송파구 거여동
송파구,가락동,진넥스베르디엠,진넥스베르디엠,진넥스베르디엠아파트,서울 송파구 가락동 166-10,서울 송파구 동남로 234,37.49734764521765,127.13335279512935,3,진넥스베르디엠 송파구 가락동
송파구,방이동,해태그린피아빌라트,해태그린피아빌라트,해태그린피아빌라트,서울 송파구 방이동 180-8,서울 송파구 위례성대로 38,37.51579567926934,127.11633490313456,3,해태그린피아빌라트 송파구 방이동
송파구,오금동,올림픽파크센트레빌,올림픽파크센트레빌,올림픽파크센트레빌아파트,서울 송파구 오금동 615,서울 송파구 양재대로72길 5,37.51016172054345,127.12765926803318,3,올림픽파크센트레빌 송파구 오금동
송파구,방이동,그린파크빌아파트,그린파크빌아파트,그린파크빌아파트,서울 송파구 방이동 98-9,서울 송파구 올림픽로32길 39-27,37.514000294350815,127.1113337550975,3,그린파크빌아파트 송파구 방이동
송파구,가락동,래미안파크팰리스,래미안파크팰리스,래미안파크팰리스아파트,서울 송파구 가락동 165,서울 송파구 동남로 225,37.49819149934672,127.13209450858676,3,래미안파크팰리스 송파구 가락동
송파구,방이동,코오롱아파트,코오롱아파트,코오롱아파트,서울 송파구 방이동 212-8,서울 송파구 오금로31길 28,37.508345395329414,127.12332549393412,3,코오롱아파트 송파구 방이동
송파구,풍납동,현대리버빌2지구,현대리버빌2지구,현대리버빌2차아파트,서울 송파구 풍납동 261,서울 송파구 풍성로24길 42,37.53213936544873,127.1168309382764,3,현대리버빌2지구 송파구 풍납동
송파구,가락동,동부썬빌,동부썬빌,동부썬빌아파트,서울 송파구 가락동 99-6,서울 송파구 중대로 101,37.49339693732736,127.11970158704364,3,동부썬빌 송파구 가락동
송파구,석촌동,석촌동효신아파트,석촌동효신아파트,석촌효신아파트,서울 송파구 석촌동 54-31,서울 송파구 석촌호수로18길 8-52,37.504410922349706,127.10024852427968,3,석촌동효신아파트 송파구 석촌동
송파구,가락동,한화오벨리스크,한화오벨리스크,한화오벨리스크오피스텔,서울 송파구 가락동 78-1,서울 송파구 중대로 127,37.49482725596387,127.12193271122332,3,한화오벨리스크 송파구 가락동
송파구,오금동,다성파크뷰,다성파크뷰,다성파크뷰아파트,서울 송파구 오금동 26-3,서울 송파구 중대로35길 9,37.50699721780859,127.13111021816268,3,다성파크뷰 송파구 오금동
송파구,풍납동,미성,미성,미성맨션,서울 송파구 풍납동 219,서울 송파구 풍성로 14,37.53403183165908,127.11368744112325,3,미성 송파구 풍납동
송파구,잠실동,한영해시안아파트,한영해시안아파트,한영해시안잠실아파트,서울 송파구 잠실동 239-6,서울 송파구 백제고분로19길 23,37.506887377549845,127.08712997717208,3,한영해시안아파트 송파구 잠실동
송파구,송파동,SK,SK,송파SK아파트,서울 송파구 송파동 170,서울 송파구 송이로 50,37.50066072327652,127.11803491786073,3,SK 송파구 송파동
송파구,마천동,성영,성영,성영아파트,서울 송파구 마천동 22,서울 송파구 마천로35길 6,37.499697118822496,127.14511597545844,3,성영 송파구 마천동
송파구,가락동,성원상떼빌,성원상떼빌,성원상떼빌아파트,서울 송파구 가락동 80,서울 송파구 송파대로28길 27,37.495064853896295,127.12043702114713,3,성원상떼빌 송파구 가락동
송파구,오금동,엘리시움아파트,엘리시움아파트,엘리시움아파트,서울 송파구 오금동 26-2,서울 송파구 중대로35길 13,37.507080462376074,127.13079255211942,3,엘리시움아파트 송파구 오금동
송파구,문정동,세양청마루,세양청마루,세양청마루아파트,서울 송파구 문정동 146,서울 송파구 송이로31길 66,37.492426658755896,127.1370190845809,3,세양청마루 송파구 문정동
송파구,석촌동,신부파스카빌,신부파스카빌,석촌동신부파스카빌,서울 송파구 석촌동 60-2,서울 송파구 석촌호수로18길 8-72,37.5033888663409,127.10062037018,3,신부파스카빌 송파구 석촌동
송파구,석촌동,잠실한솔,잠실한솔,잠실한솔아파트,서울 송파구 석촌동 285,서울 송파구 백제고분로 348,37.50361422534689,127.10464459361582,3,잠실한솔 송파구 석촌동
송파구,잠실동,잠실월드메르디앙,잠실월드메르디앙,잠실월드메르디앙아파트,서울 송파구 잠실동 175-4,서울 송파구 올림픽로 74,37.5114620197581,127.079102443879,3,잠실월드메르디앙 송파구 잠실동
송파구,풍납동,쌍용,쌍용,쌍용아파트,서울 송파구 풍납동 401-1,서울 송파구 올림픽로47길 9,37.527294759980784,127.1176605498722,3,쌍용 송파구 풍납동
송파구,가락동,현대파크빌,현대파크빌,현대파크빌,서울 송파구 가락동 29-6,서울 송파구 오금로34길 37,37.500484399290194,127.12306489624704,3,현대파크빌 송파구 가락동
송파구,가락동,정산파크뷰,정산파크뷰,정산파크뷰아파트,서울 송파구 가락동 6-8,서울 송파구 양재대로68길 9,37.50270754064361,127.12358199018249,3,정산파크뷰 송파구 가락동
송파구,장지동,송파파인타운10단지,송파파인타운10단지,송파파인타운10단지아파트,서울 송파구 장지동 856,서울 송파구 송파대로8길 20,37.47756018501516,127.1305161055978,3,송파파인타운10단지 송파구 장지동
송파구,풍납동,송파현대힐스테이트,송파현대힐스테이트,송파현대힐스테이트아파트,서울 송파구 풍납동 511,서울 송파구 풍성로26길 31,37.531024030092624,127.1185352952336,3,송파현대힐스테이트 송파구 풍납동
송파구,문정동,트윈팰리스(102동),트윈팰리스,트윈팰리스아파트,서울 송파구 문정동 112,서울 송파구 새말로 176,37.48562591088029,127.13222728449152,3,트윈팰리스 송파구 문정동
송파구,가락동,주성파크빌,주성파크빌,주성파크빌아파트,서울 송파구 가락동 169-13,서울 송파구 오금로44가길 7,37.49712775411808,127.1349797002764,3,주성파크빌 송파구 가락동
송파구,문정동,문정대우푸르지오1차,문정대우푸르지오1차,문정푸르지오1차아파트,서울 송파구 문정동 18,서울 송파구 문정로 55,37.48687925060397,127.1281035778318,3,문정대우푸르지오1차 송파구 문정동
송파구,송파동,래미안송파파인탑,래미안송파파인탑,래미안송파파인탑아파트,서울 송파구 송파동 243,서울 송파구 오금로32길 31,37.50267698944269,127.12000592044332,3,래미안송파파인탑 송파구 송파동
송파구,송파동,아르누보팰리스,아르누보팰리스,잠실아르누보팰리스아파트,서울 송파구 송파동 7-1,서울 송파구 석촌호수로 258,37.50908849476169,127.1049101106016,3,아르누보팰리스 송파구 송파동
송파구,신천동,장미3,장미3,장미1차아파트 3동,서울 송파구 신천동 7,서울 송파구 올림픽로35길 104,37.51779722609851,127.09799844477448,3,장미3 송파구 신천동
송파구,잠실동,아시아선수촌아파트,아시아선수촌아파트,아시아선수촌아파트,서울 송파구 잠실동 86,서울 송파구 올림픽로4길 15,37.507445132763934,127.07668689556418,3,아시아선수촌아파트 송파구 잠실동
송파구,마천동,금호어울림,금호어울림,마천금호어울림1차아파트,서울 송파구 마천동 575,서울 송파구 성내천로 245,37.49822157809914,127.15481144729506,3,금호어울림 송파구 마천동
송파구,장지동,힐스테이트송파위례,힐스테이트송파위례,힐스테이트송파위례아파트,서울 송파구 장지동 883,서울 송파구 위례광장로 170,37.47959944141423,127.14199851085776,3,힐스테이트송파위례 송파구 장지동
송파구,마천동,마천대성,마천대성,대성주유소,서울 송파구 마천동 31,서울 송파구 마천로 230,37.500178787611,127.143203428233,3,마천대성 송파구 마천동
송파구,가락동,동궁리치웰(101동),동궁리치웰,동궁리치웰아파트,서울 송파구 가락동 196-1,서울 송파구 오금로44길 51,37.49366466626995,127.13225389396136,3,동궁리치웰 송파구 가락동
송파구,문정동,문정대우푸르지오2차,문정대우푸르지오2차,문정푸르지오2차아파트,서울 송파구 문정동 19,서울 송파구 송이로32길 37,37.48684048624714,127.12728940974272,3,문정대우푸르지오2차 송파구 문정동
송파구,장지동,송파파인타운5단지,송파파인타운5단지,송파파인타운5단지아파트,서울 송파구 장지동 845,서울 송파구 충민로4길 5,37.48006926637387,127.12990542579068,3,송파파인타운5단지 송파구 장지동
송파구,잠실동,현대,현대,현대자동차 신잠실대리점,서울 송파구 잠실동 228-8,서울 송파구 백제고분로 139,37.50606518766516,127.08277698219251,3,현대 송파구 잠실동
송파구,가락동,가락쌍용(2차),가락쌍용,가락쌍용1차아파트,서울 송파구 가락동 140,서울 송파구 동남로 193,37.49556859511541,127.1280720545949,3,가락쌍용 송파구 가락동
송파구,문정동,브리앙뜨,브리앙뜨,동부주택브리앙뜨아파트,서울 송파구 문정동 74,서울 송파구 송파대로 106,37.4802609216168,127.125984843964,3,브리앙뜨 송파구 문정동
송파구,거여동,보화2차,보화2차,보화2차아파트,서울 송파구 거여동 258-7,서울 송파구 오금로68길 33,37.49032200138623,127.1488564474665,3,보화2차 송파구 거여동
송파구,가락동,현대(5차),현대,현대자동차 오금역대리점,서울 송파구 가락동 156-8,서울 송파구 중대로 200,37.49967329134886,127.12666658248484,3,현대 송파구 가락동
송파구,방이동,올림픽카운티,올림픽카운티,효성올림픽카운티아파트,서울 송파구 방이동 51-4,서울 송파구 백제고분로 497,37.51492170910598,127.11448755744436,3,올림픽카운티 송파구 방이동
송파구,가락동,대림,대림,가락대림아파트,서울 송파구 가락동 70-19,서울 송파구 송이로 88,37.49948885604415,127.118593993627,3,대림 송파구 가락동
송파구,석촌동,미켈란호수가,미켈란호수가,미켈란호수가아파트,서울 송파구 석촌동 158-5,서울 송파구 석촌호수로 230,37.507404007937176,127.10241048885018,3,미켈란호수가 송파구 석촌동
송파구,풍납동,송파해모로아파트,송파해모로아파트,송파해모로아파트,서울 송파구 풍납동 512,서울 송파구 풍성로26길 47,37.52994423931859,127.11712166474658,3,송파해모로아파트 송파구 풍납동
송파구,석촌동,예명,예명,석촌예명아파트,서울 송파구 석촌동 253-2,서울 송파구 송파대로37길 80,37.49933005662445,127.10349415856444,3,예명 송파구 석촌동
송파구,장지동,송파파인타운9단지,송파파인타운9단지,송파파인타운9단지아파트,서울 송파구 장지동 843,서울 송파구 송파대로8길 17,37.47817130925129,127.12865399496567,3,송파파인타운9단지 송파구 장지동
송파구,풍납동,갑을,갑을,갑을아파트,서울 송파구 풍납동 214-6,서울 송파구 한가람로 414,37.535145639588805,127.11256788860383,3,갑을 송파구 풍납동
송파구,문정동,대림미소나눔,대림미소나눔,대림미소나눔아파트,서울 송파구 문정동 94-9,서울 송파구 송이로36길 42-10,37.483991935868595,127.12855090959056,3,대림미소나눔 송파구 문정동
송파구,장지동,위례아이파크,위례아이파크,위례아이파크아파트,서울 송파구 장지동 894,서울 송파구 위례광장로 136,37.47644210590582,127.14216550945,3,위례아이파크 송파구 장지동
송파구,가락동,가락미륭아파트,가락미륭아파트,미륭아파트,서울 송파구 가락동 138,서울 송파구 동남로11길 4,37.49382461802379,127.12855984480125,3,가락미륭아파트 송파구 가락동
송파구,마천동,삼익1,삼익1,도모도모미용실,서울 송파구 송파동 166-4,서울 송파구 오금로 252,37.505586026466624,127.12119018873996,2,삼익1 송파구 마천동
송파구,거여동,거여2단지효성아파트,거여2단지효성아파트,거여2단지효성동아아파트,서울 송파구 거여동 291,서울 송파구 양산로8길 24,37.49031265651005,127.14623874459724,3,거여2단지효성아파트 송파구 거여동
송파구,방이동,방이동그린파크,방이동그린파크,그린파크,서울 송파구 방이동 172-11,서울 송파구 오금로23길 65,37.513913823537834,127.118709565817,3,방이동그린파크 송파구 방이동
송파구,문정동,현대2,현대2,GDR아카데미 송파법조타운2호점,서울 송파구 문정동 644-2,서울 송파구 법원로11길 7,37.4853495562207,127.119290748988,3,현대2 송파구 문정동
송파구,오금동,영풍,영풍,영풍아파트,서울 송파구 오금동 133-16,서울 송파구 마천로 204,37.50155817596696,127.14099850910364,3,영풍 송파구 오금동
송파구,잠실동,우성4차,우성4차,우성4차아파트,서울 송파구 잠실동 320,서울 송파구 백제고분로18길 30,37.502807946126055,127.08293058644372,3,우성4차 송파구 잠실동
송파구,마천동,현대그린빌,현대그린빌,현대그린빌아파트,서울 송파구 마천동 181,서울 송파구 마천로 315,37.495181162392896,127.15096037462736,3,현대그린빌 송파구 마천동
송파구,가락동,예일,예일,예일아파트,서울 송파구 가락동 92-3,서울 송파구 양재대로60길 11,37.49808806353453,127.11742020036576,3,예일 송파구 가락동
송파구,오금동,현대백조,현대백조,현대백조아파트,서울 송파구 오금동 11,서울 송파구 양재대로72길 15,37.50939232481867,127.1292595063335,3,현대백조 송파구 오금동
송파구,방이동,방이금호어울림,방이금호어울림,방이금호어울림아파트,서울 송파구 방이동 157,서울 송파구 위례성대로8길 28,37.51252133028157,127.11825266437712,3,방이금호어울림 송파구 방이동
송파구,석촌동,로쟌뷰,로쟌뷰,골프존파크 석촌호수점,서울 송파구 석촌동 1-1,서울 송파구 석촌호수로 188,37.5062249239007,127.097766165609,3,로쟌뷰 송파구 석촌동
송파구,삼전동,현대1,현대1,현대타운1,서울 송파구 송파동 100-19,서울 송파구 송파대로36길 31-34,37.50229510336777,127.1144162521258,2,현대1 송파구 삼전동
송파구,장지동,송파파인타운11단지,송파파인타운11단지,송파파인타운11단지아파트,서울 송파구 장지동 854,서울 송파구 송파대로8길 58,37.47969800022244,127.1331880147091,3,송파파인타운11단지 송파구 장지동
송파구,문정동,프라임,프라임,쥬빌리프라임주니어 어학학원,서울 송파구 문정동 115-8,서울 송파구 송이로 238,37.48779656681152,127.13130392697248,3,프라임 송파구 문정동
송파구,마천동,송파파크데일2단지,송파파크데일2단지,송파파크데일2단지아파트,서울 송파구 마천동 607,서울 송파구 성내천로47길 38,37.49577990304887,127.1588457369864,3,송파파크데일2단지 송파구 마천동
송파구,방이동,올림픽하이빌,올림픽하이빌,올림픽하이빌아파트,서울 송파구 방이동 205-6,서울 송파구 양재대로71길 1-10,37.50982825318469,127.12607071469454,3,올림픽하이빌 송파구 방이동
송파구,오금동,우송그린,우송그린,우송그린아파트,서울 송파구 오금동 76,서울 송파구 성내천로 28,37.505741029197665,127.1360571985306,3,우송그린 송파구 오금동
송파구,장지동,송파파인타운2단지,송파파인타운2단지,송파파인타운2단지아파트,서울 송파구 장지동 835,서울 송파구 충민로 151,37.4840322759134,127.1311967107801,3,송파파인타운2단지 송파구 장지동
송파구,거여동,성동레인보우,성동레인보우,성동레인보우아파트,서울 송파구 거여동 129,서울 송파구 거마로15길 12,37.49819423405546,127.14512211409472,3,성동레인보우 송파구 거여동
송파구,장지동,위례중앙푸르지오2단지,위례중앙푸르지오2단지,위례중앙푸르지오2단지아파트,서울 송파구 장지동 896,서울 송파구 위례광장로 290,37.47497539036918,127.14280712651492,3,위례중앙푸르지오2단지 송파구 장지동
송파구,거여동,블레스,블레스,블래스아파트,서울 송파구 거여동 45-1,서울 송파구 거마로8길 23,37.49372235376611,127.1474564798954,3,블레스 송파구 거여동
송파구,방이동,인택파크랜드,인택파크랜드,인택파크랜드아파트,서울 송파구 방이동 185,서울 송파구 양재대로71길 2-27,37.51139149203582,127.12691485804407,3,인택파크랜드 송파구 방이동
송파구,장지동,송파파인타운13단지,송파파인타운13단지,송파파인타운13단지아파트,서울 송파구 장지동 857,서울 송파구 송파대로8길 10,37.476894905667905,127.1291809029229,3,송파파인타운13단지 송파구 장지동
송파구,오금동,르네상스빌,르네상스빌,르네상스빌아파트,서울 송파구 오금동 45,서울 송파구 오금로 307,37.503452112906,127.126661656735,3,르네상스빌 송파구 오금동
송파구,가락동,성해,성해,성해아파트,서울 송파구 가락동 101-5,서울 송파구 송파대로24길 5-7,37.4901556968127,127.120899529588,3,성해 송파구 가락동
송파구,마천동,기영,기영,기영아파트,서울 송파구 마천동 191-17,서울 송파구 마천로51길 27,37.497327197042665,127.15248908682968,3,기영 송파구 마천동
송파구,방이동,현대홈타운스위트105,현대홈타운스위트105,현대홈타운스위트아파트 105동,서울 송파구 방이동 197-4,서울 송파구 위례성대로12길 31-9,37.51088694560901,127.1226352047208,3,현대홈타운스위트105 송파구 방이동
송파구,가락동,삼성프라자,삼성프라자,삼성프라자아파트,서울 송파구 가락동 168-1,서울 송파구 오금로44길 10,37.4966382877928,127.13517219375,3,삼성프라자 송파구 가락동
송파구,장지동,송파파인타운4단지,송파파인타운4단지,송파파인타운4단지아파트,서울 송파구 장지동 837,서울 송파구 새말로12길 16,37.48180310629792,127.12963255589116,3,송파파인타운4단지 송파구 장지동
송파구,석촌동,다성리치빌,다성리치빌,다성리치빌아파트,서울 송파구 석촌동 77-7,서울 송파구 백제고분로37길 12,37.5040516243332,127.103152341076,3,다성리치빌 송파구 석촌동
송파구,풍납동,연지토성,연지토성,연지토성아파트,서울 송파구 풍납동 400-5,서울 송파구 강동대로9길 20,37.52795493042005,127.11701899845552,3,연지토성 송파구 풍납동
송파구,장지동,송파와이즈더샵,송파와이즈더샵,송파와이즈더샵아파트,서울 송파구 장지동 895,서울 송파구 위례광장로 270,37.47585985791547,127.14307448433908,3,송파와이즈더샵 송파구 장지동
송파구,가락동,가락스타클래스,가락스타클래스,가락스타클래스아파트,서울 송파구 가락동 8,서울 송파구 오금로 306,37.50287604668463,127.1261223566675,3,가락스타클래스 송파구 가락동
송파구,방이동,부광,부광,부광아파트,서울 송파구 방이동 107-2,서울 송파구 올림픽로32길 57-18,37.51289746854705,127.1132266930355,3,부광 송파구 방이동
송파구,가락동,헬리오시티,헬리오시티,헬리오시티아파트 상가,서울 송파구 가락동 479,서울 송파구 송파대로 345,37.4996100876749,127.111610941234,3,헬리오시티 송파구 가락동
송파구,방이동,현대홈타운스위트104,현대홈타운스위트104,현대홈타운스위트아파트 104동,서울 송파구 방이동 197-4,서울 송파구 위례성대로12길 31-9,37.5109369853662,127.12303568201628,3,현대홈타운스위트104 송파구 방이동
송파구,문정동,문정대우푸르지오3차,문정대우푸르지오3차,문정푸르지오3차아파트,서울 송파구 문정동 117,서울 송파구 송이로 257,37.48711860585526,127.13327355259652,3,문정대우푸르지오3차 송파구 문정동
송파구,가락동,현대(6차),현대,현대자동차 오금역대리점,서울 송파구 가락동 156-8,서울 송파구 중대로 200,37.49967329134886,127.12666658248484,3,현대 송파구 가락동
송파구,가락동,동궁리치웰(102동),동궁리치웰,동궁리치웰아파트,서울 송파구 가락동 196-1,서울 송파구 오금로44길 51,37.49366466626995,127.13225389396136,3,동궁리치웰 송파구 가락동
송파구,오금동,반석블레스빌,반석블레스빌,반석블레스빌아파트,서울 송파구 오금동 55-8,서울 송파구 동남로23가길 20,37.50154594429408,127.13289658464276,3,반석블레스빌 송파구 오금동
송파구,가락동,시안헤븐스테이,시안헤븐스테이,시안헤븐스테이아파트,서울 송파구 가락동 177-10,서울 송파구 문정로 171,37.49433053417682,127.13775193504112,3,시안헤븐스테이 송파구 가락동
송파구,거여동,쌍용스윗닷홈2차,쌍용스윗닷홈2차,오금쌍용스윗닷홈2차아파트,서울 송파구 오금동 30-2,서울 송파구 중대로 293,37.507154619605146,127.13216458857198,2,쌍용스윗닷홈2차 송파구 거여동
송파구,가락동,현대7,현대7,가락현대7차아파트,서울 송파구 가락동 171-5,서울 송파구 오금로44가길 27,37.49694643008215,127.13358956006176,3,현대7 송파구 가락동
송파구,문정동,광남캐스빌(C동),광남캐스빌,광남캐스빌,서울 송파구 마천동 14-13,서울 송파구 성내천로23길 28-10,37.50194714434852,127.14420428104305,2,광남캐스빌 송파구 문정동
송파구,문정동,아름빌,아름빌,아름빌아파트,서울 송파구 문정동 81-1,서울 송파구 새말로6길 27,37.482366131289446,127.12807665158688,3,아름빌 송파구 문정동
송파구,마천동,뉴타운,뉴타운,뉴타운아파트,서울 송파구 마천동 197-9,서울 송파구 성내천로34길 7-22,37.498610924516,127.1540364713777,3,뉴타운 송파구 마천동
송파구,송파동,성지,성지,성지마트,서울 송파구 송파동 182-7,서울 송파구 송파대로36가길 13,37.50024798145833,127.11538117830486,3,성지 송파구 송파동
송파구,신천동,잠실아이스페이스,잠실아이스페이스,잠실아이스페이스빌딩,서울 송파구 신천동 11-10,서울 송파구 오금로 58,37.5168113572709,127.105518167867,3,잠실아이스페이스 송파구 신천동
송파구,방이동,한성나이스빌,한성나이스빌,한성나이스빌아파트,서울 송파구 방이동 212-3,서울 송파구 마천로 16,37.50982464842735,127.1226481703233,3,한성나이스빌 송파구 방이동
송파구,가락동,이연파레스,이연파레스,이연파레스아파트,서울 송파구 가락동 97-8,서울 송파구 송파대로30길 11,37.494865068199594,127.11841932076484,3,이연파레스 송파구 가락동
송파구,문정동,자이파인빌(102동),자이파인빌,자이파인빌아파트,서울 송파구 문정동 68-1,서울 송파구 송파대로14길 8,37.48348658212274,127.12508913468704,3,자이파인빌 송파구 문정동
송파구,송파동,송파,송파,송파여성문화회관,서울 송파구 송파동 113-2,서울 송파구 백제고분로42길 5,37.505903526123625,127.10977680479608,3,송파 송파구 송파동
송파구,마천동,신동아,신동아,신동아아파트,서울 송파구 마천동 20,서울 송파구 성내천로21길 11,37.50002597088506,127.14439283864192,3,신동아 송파구 마천동
송파구,풍납동,토성현대,토성현대,토성현대아파트,서울 송파구 풍납동 251-2,서울 송파구 풍성로14길 19,37.53248229900372,127.11627030581144,3,토성현대 송파구 풍납동
송파구,마천동,동구햇살,동구햇살,동구햇살아파트,서울 송파구 마천동 188-2,서울 송파구 성내천로 266,37.4967344618779,127.15378156931902,3,동구햇살 송파구 마천동
송파구,문정동,트윈팰리스(101동),트윈팰리스,트윈팰리스아파트,서울 송파구 문정동 112,서울 송파구 새말로 176,37.48562591088029,127.13222728449152,3,트윈팰리스 송파구 문정동
송파구,장지동,송파파인타운1단지,송파파인타운1단지,송파파인타운1단지아파트,서울 송파구 장지동 833,서울 송파구 충민로 188,37.486824935391745,127.13481077850604,3,송파파인타운1단지 송파구 장지동
송파구,가락동,쌍용스윗닷홈(105동),쌍용스윗닷홈,가락쌍용스윗닷홈3차아파트,서울 송파구 가락동 53,서울 송파구 송이로21길 23,37.49774094166772,127.12296427076193,3,쌍용스윗닷홈 송파구 가락동
송파구,오금동,매그놀리아(2차),매그놀리아,매그놀리아1차아파트,서울 송파구 오금동 81-2,서울 송파구 중대로 292,37.50645229115669,127.13256259084172,3,매그놀리아 송파구 오금동
송파구,오금동,송파레미니스2단지,송파레미니스2단지,송파레미니스2단지아파트,서울 송파구 오금동 617,서울 송파구 동남로 341,37.50657677897386,127.13794069026162,3,송파레미니스2단지 송파구 오금동
송파구,방이동,서경아파트,서경아파트,서경아파트,서울 송파구 방이동 124-18,서울 송파구 오금로23길 8-16,37.50888806029628,127.11686594541136,3,서경아파트 송파구 방이동
송파구,신천동,현대타워,현대타워,현대타워아파트,서울 송파구 신천동 7-28,서울 송파구 올림픽로 293-19,37.51515616673789,127.10250252203012,3,현대타워 송파구 신천동
송파구,방이동,신동아타워,신동아타워,신동아타워아파트,서울 송파구 방이동 39-2,서울 송파구 오금로11길 33,37.51561378213335,127.11059752330708,3,신동아타워 송파구 방이동
송파구,석촌동,밀란체1,밀란체1,밀란체1아파트,서울 송파구 석촌동 227-12,서울 송파구 가락로3길 3-24,37.49910135236837,127.09911506704614,3,밀란체1 송파구 석촌동
송파구,가락동,주성드림펠리스,주성드림펠리스,주성드림팰리스아파트,서울 송파구 가락동 160-1,서울 송파구 오금로 336,37.50124330578645,127.12873880767492,3,주성드림펠리스 송파구 가락동
송파구,거여동,삼호아파트,삼호아파트,삼호아파트,서울 송파구 거여동 136,서울 송파구 거마로9길 19,37.496570631229616,127.14363982885122,3,삼호아파트 송파구 거여동
송파구,신천동,한빛웰리스,한빛웰리스,웰리스타워아파트,서울 송파구 신천동 7-17,서울 송파구 송파대로 562,37.515331690009425,127.09954373368922,3,한빛웰리스 송파구 신천동
송파구,오금동,송파레미니스,송파레미니스,송파레미니스2단지아파트,서울 송파구 오금동 617,서울 송파구 동남로 341,37.50657677897386,127.13794069026162,3,송파레미니스 송파구 오금동
송파구,풍납동,대아(제101상가동),대아,대아아파트,서울 송파구 풍납동 163,서울 송파구 풍성로 52,37.5334354307372,127.11821326833862,3,대아 송파구 풍납동
송파구,문정동,우민늘푸른,우민늘푸른,우민늘푸른아파트,서울 송파구 문정동 68-17,서울 송파구 새말로5길 4-7,37.48332254745536,127.12513747891047,3,우민늘푸른 송파구 문정동
송파구,문정동,현대,현대,현대아울렛 가든파이브점,서울 송파구 문정동 634,서울 송파구 충민로 66,37.47792653325666,127.1241641105558,3,현대 송파구 문정동
송파구,송파동,레이크해모로,레이크해모로,레이크해모로아파트,서울 송파구 송파동 58-4,서울 송파구 오금로 126,37.51135911487686,127.10879511071882,3,레이크해모로 송파구 송파동
송파구,거여동,쌍용스윗닷홈거여역1차,쌍용스윗닷홈거여역1차,쌍용스윗닷홈거여역1차아파트,서울 송파구 거여동 28,서울 송파구 오금로62길 10,37.49202257965666,127.14639020980852,3,쌍용스윗닷홈거여역1차 송파구 거여동
송파구,마천동,솔렌시아,솔렌시아,솔렌시아아파트,서울 송파구 마천동 31-2,서울 송파구 마천로 234,37.4998648157153,127.143551143751,3,솔렌시아 송파구 마천동
송파구,잠실동,잠실포스코더샵,잠실포스코더샵,잠실포스코더샵아파트,서울 송파구 잠실동 336-5,서울 송파구 백제고분로 188,37.50416892586843,127.08729193786908,3,잠실포스코더샵 송파구 잠실동
송파구,석촌동,베스트휴,베스트휴,석촌베스트휴아파트,서울 송파구 석촌동 227-10,서울 송파구 가락로3길 3-16,37.499259648856714,127.09944888723189,3,베스트휴 송파구 석촌동
송파구,삼전동,레이크시티,레이크시티,레이크시티,서울 송파구 삼전동 8,서울 송파구 삼전로8길 8,37.505008754491534,127.0895763469676,3,레이크시티 송파구 삼전동
송파구,방이동,뉴파크플러스,뉴파크플러스,뉴파크플러스아파트,서울 송파구 방이동 107-18,,37.5126093200246,127.113046415086,3,뉴파크플러스 송파구 방이동
송파구,가락동,우민-늘푸른아파트,우민-늘푸른아파트,우민늘푸른아파트,서울 송파구 문정동 68-17,서울 송파구 새말로5길 4-7,37.48332254745536,127.12513747891047,2,우민-늘푸른아파트 송파구 가락동
송파구,마천동,씨티,씨티,씨티당구장,서울 송파구 마천동 32-2,서울 송파구 마천로 240,37.499544313837475,127.14408091686208,3,씨티 송파구 마천동
송파구,오금동,대영공원(102동),대영공원,대영공원아파트,서울 송파구 오금동 54-4,서울 송파구 동남로23가길 34,37.501756052097,127.131937935258,3,대영공원 송파구 오금동
송파구,삼전동,경덕,경덕,경덕아파트,서울 송파구 삼전동 72-9,서울 송파구 백제고분로32길 6-24,37.50234389991657,127.09380850052716,3,경덕 송파구 삼전동
송파구,방이동,옥산크리스탈,옥산크리스탈,옥산크리스탈아파트,서울 송파구 방이동 193-37,서울 송파구 위례성대로14길 11,37.51217708807753,127.12359081537076,3,옥산크리스탈 송파구 방이동
송파구,마천동,송파자연채,송파자연채,자연채아파트,서울 송파구 마천동 32-1,서울 송파구 성내천로 133,37.49949892313812,127.14362055834395,3,송파자연채 송파구 마천동
송파구,가락동,동일씨티빌,동일씨티빌,동일씨티빌아파트,서울 송파구 가락동 16-12,서울 송파구 양재대로66길 43,37.49993565741333,127.12566052954372,3,동일씨티빌 송파구 가락동
송파구,방이동,정우아트빌A,정우아트빌A,정우아트빌아파트 A동,서울 송파구 방이동 134-1,서울 송파구 가락로36길 5-14,37.51025165115776,127.119199165867,3,정우아트빌A 송파구 방이동
송파구,장지동,송파파인타운12단지,송파파인타운12단지,송파파인타운12단지아파트,서울 송파구 장지동 855,서울 송파구 송파대로8길 42,37.47854599555547,127.13204183121314,3,송파파인타운12단지 송파구 장지동
송파구,방이동,광남,광남,광남벨라스아파트,서울 송파구 방이동 154-1,서울 송파구 백제고분로50길 14,37.51384231585023,127.11632282221797,3,광남 송파구 방이동
송파구,오금동,송파두산위브,송파두산위브,송파두산위브아파트,서울 송파구 오금동 135,서울 송파구 성내천로 103,37.50048854604295,127.14111298075896,3,송파두산위브 송파구 오금동
송파구,문정동,주성파크뷰,주성파크뷰,주성파크뷰아파트,서울 송파구 문정동 56-6,서울 송파구 새말로5길 27,37.4849162752009,127.123573031031,3,주성파크뷰 송파구 문정동
송파구,방이동,올림픽파크리움,올림픽파크리움,올림픽파크리움,서울 송파구 방이동 51,서울 송파구 백제고분로 505,37.515533001593745,127.1149907129843,3,올림픽파크리움 송파구 방이동
송파구,오금동,혜성공원(101동),혜성공원,혜성공원아파트,서울 송파구 오금동 54-1,서울 송파구 동남로23가길 36,37.50201815059852,127.13202208496747,3,혜성공원 송파구 오금동
송파구,문정동,동궁리치웰문정(102),동궁리치웰문정,문정동궁리치웰아파트,서울 송파구 문정동 55-3,서울 송파구 송파대로22길 4-16,37.48677694158377,127.12262631099416,3,동궁리치웰문정 송파구 문정동
송파구,문정동,동부화이트빌(2동),동부화이트빌,동부화이트빌아파트,서울 송파구 문정동 58-17,서울 송파구 새말로5길 18,37.48410457709791,127.12432697228552,3,동부화이트빌 송파구 문정동
송파구,신천동,크로바,크로바,크로바빌리지,서울 송파구 방이동 152-20,서울 송파구 가락로39길 36-1,37.5130431024709,127.1154280188486,2,크로바 송파구 신천동
송파구,가락동,골드팰리스아파트,골드팰리스아파트,골드팰리스아파트,서울 송파구 가락동 164-1,서울 송파구 동남로17길 15,37.4963764893674,127.130820246585,3,골드팰리스아파트 송파구 가락동
송파구,가락동,그랜드,그랜드,그랜드캐슬,서울 송파구 가락동 130-5,서울 송파구 동남로9길 25,37.494290637823006,127.12670724701518,3,그랜드 송파구 가락동
송파구,풍납동,칼라,칼라,칼라아파트,서울 송파구 풍납동 398-16,서울 송파구 올림픽로45길 26,37.5276427463204,127.11563378394,3,칼라 송파구 풍납동
송파구,풍납동,신아,신아,신아아파트,서울 송파구 풍납동 271-3,서울 송파구 토성로 13,37.53135066073587,127.11253050658154,3,신아 송파구 풍납동
송파구,오금동,오금그랑밸리,오금그랑밸리,오금그랑밸리아파트,서울 송파구 오금동 71-8,서울 송파구 동남로23길 42,37.5032745930429,127.134030480315,3,오금그랑밸리 송파구 오금동
송파구,풍납동,잠실올림픽공원아이파크,잠실올림픽공원아이파크,잠실올림픽공원아이파크아파트,서울 송파구 풍납동 514,서울 송파구 올림픽로43길 34,37.52535194818127,127.11424669477836,3,잠실올림픽공원아이파크 송파구 풍납동
송파구,문정동,인택,인택,인택파크랜드아파트,서울 송파구 방이동 185,서울 송파구 양재대로71길 2-27,37.51139149203582,127.12691485804407,2,인택 송파구
송파구,거여동,로얄,로얄,로얄아파트,서울 송파구 거여동 551-11,서울 송파구 오금로68길 25-5,37.49088517628665,127.14953375821382,3,로얄 송파구 거여동
송파구,송파동,대우레이크월드,대우레이크월드,잠실대우레이크월드아파트,서울 송파구 송파동 58-1,서울 송파구 석촌호수로 298,37.51158671197415,127.10820276014032,3,대우레이크월드 송파구 송파동
송파구,오금동,그랑밸리(64),그랑밸리,그랑밸리,서울 송파구 오금동 131-9,서울 송파구 동남로28길 11,37.50239469873129,127.1391498783171,3,그랑밸리 송파구 오금동
송파구,오금동,쌍용스윗닷홈(401동),쌍용스윗닷홈,오금쌍용스윗닷홈1차아파트,서울 송파구 오금동 29,서울 송파구 양재대로72길 42,37.50791630072655,127.13105753687783,3,쌍용스윗닷홈 송파구 오금동
송파구,문정동,동궁리치웰(69-3),동궁리치웰,문정동궁리치웰아파트,서울 송파구 문정동 55-3,서울 송파구 송파대로22길 4-16,37.48677694158377,127.12262631099416,3,동궁리치웰 송파구 문정동
송파구,마천동,보보스빌,보보스빌,보보스빌아파트,서울 송파구 마천동 200-75,서울 송파구 성내천로 254-1,37.49788473958495,127.15401688593388,3,보보스빌 송파구 마천동
송파구,가락동,대련,대련,대련아파트,서울 송파구 가락동 166-15,서울 송파구 동남로20길 3,37.49691190985306,127.13304103688051,3,대련 송파구 가락동
송파구,송파동,한양파크뷰,한양파크뷰,한양파크뷰2아파트,서울 송파구 송파동 100,서울 송파구 송이로 14,37.50350671171842,127.1155920256039,3,한양파크뷰 송파구 송파동
송파구,방이동,(185-5),,방이동먹자골목,서울 송파구 방이동 95-4,,37.5147825360342,127.109220856293,3, 송파구 방이동
송파구,가락동,동성아파트(103동),동성아파트,동성아파트,서울 송파구 가락동 15,서울 송파구 송이로17길 50-16,37.500943218940535,127.12543716700536,3,동성아파트 송파구 가락동
송파구,오금동,쌍용스윗닷홈(301동),쌍용스윗닷홈,오금쌍용스윗닷홈1차아파트,서울 송파구 오금동 29,서울 송파구 양재대로72길 42,37.50791630072655,127.13105753687783,3,쌍용스윗닷홈 송파구 오금동
송파구,신천동,잠실시그마타워,잠실시그마타워,잠실시그마타워아파트,서울 송파구 신천동 7-19,서울 송파구 올림픽로 289,37.51462275760842,127.10251989035392,3,잠실시그마타워 송파구 신천동
송파구,삼전동,동원아이파크,동원아이파크,DW동원아이파크아파트,서울 송파구 삼전동 38-26,서울 송파구 삼전로4길 4-12,37.5017584727781,127.08642510687,3,동원아이파크 송파구 삼전동
송파구,문정동,삼형아파트,삼형아파트,삼형아파트,서울 송파구 문정동 96-12,서울 송파구 새말로 139,37.483767601486136,127.12936120182272,3,삼형아파트 송파구 문정동
송파구,잠실동,신동아예지움,신동아예지움,잠실신동아아파트,서울 송파구 잠실동 307-2,서울 송파구 백제고분로12길 27,37.5036547913498,127.08046944271572,3,신동아예지움 송파구 잠실동
송파구,오금동,노블레스카운티,노블레스카운티,노블레스카운티아파트,서울 송파구 오금동 4-7,서울 송파구 위례성대로 196,37.50942825288005,127.13261196393266,3,노블레스카운티 송파구 오금동
송파구,방이동,대양코리아나타워,대양코리아나타워,대양코리아나타워아파트,서울 송파구 방이동 182-2,서울 송파구 위례성대로 114,37.51285124326799,127.1242547454019,3,대양코리아나타워 송파구 방이동
송파구,석촌동,은성,은성,은성,서울 송파구 석촌동 262-12,서울 송파구 가락로11길 19-12,37.50210696846827,127.1034798965334,3,은성 송파구 석촌동
송파구,삼전동,엘에스타워,엘에스타워,엘에스타워,서울 송파구 삼전동 7-16,서울 송파구 삼전로 72,37.50474522688032,127.08895852389324,3,엘에스타워 송파구 삼전동
송파구,방이동,우광아파트,우광아파트,우광아파트,서울 송파구 방이동 179-1,서울 송파구 백제고분로50길 7-18,37.5150967510698,127.11608044656384,3,우광아파트 송파구 방이동
송파구,가락동,카나피아,카나피아,카나피아아파트,서울 송파구 가락동 46-3,서울 송파구 오금로34길 57,37.499128017675055,127.12168073194736,3,카나피아 송파구 가락동
송파구,방이동,몽촌(아),몽촌,몽촌아파트,서울 송파구 방이동 103-24,서울 송파구 올림픽로32길 49-12,37.51296518720011,127.11213189901711,3,몽촌 송파구 방이동
송파구,문정동,미소로,미소로,미소로아파트,서울 송파구 문정동 88-11,서울 송파구 송이로36길 62-6,37.4837016679848,127.127017251173,3,미소로 송파구 문정동
송파구,송파동,에스-탑,에스-탑,에스탑아파트,서울 송파구 송파동 118-2,서울 송파구 백제고분로44길 13-18,37.507110776291235,127.11274858625724,3,에스-탑 송파구 송파동
송파구,석촌동,현대(201),현대,현대자동차 송파대로지점,서울 송파구 석촌동 290,서울 송파구 송파대로 417,37.50411513486002,127.10770679544297,3,현대 송파구 석촌동
송파구,삼전동,하늘공원(69-5),하늘공원,하늘공원아파트,서울 송파구 삼전동 69-5,서울 송파구 삼학사로1길 40,37.4987480884495,127.092536289083,3,하늘공원 송파구 삼전동
송파구,가락동,금홍해오름,금홍해오름,금홍해오름아파트,서울 송파구 가락동 173-4,서울 송파구 오금로44가길 7-25,37.4965792385255,127.13401523409864,3,금홍해오름 송파구 가락동
송파구,가락동,현진타워,현진타워,현진타워,서울 송파구 가락동 171,서울 송파구 오금로44가길 13,37.4976059360982,127.1344106078732,3,현진타워 송파구 가락동
송파구,송파동,갑오빌라트,갑오빌라트,갑오빌라트,서울 송파구 송파동 14,서울 송파구 백제고분로41길 19-25,37.50685264659481,127.1064270444098,3,갑오빌라트 송파구 송파동
송파구,방이동,현대홈타운스위트103,현대홈타운스위트103,현대홈타운스위트아파트 103동,서울 송파구 방이동 197-4,서울 송파구 위례성대로12길 31-9,37.51061020863259,127.12275916807332,3,현대홈타운스위트103 송파구 방이동
송파구,가락동,e지브로,e지브로,e-지브로아파트,서울 송파구 가락동 16-21,서울 송파구 양재대로66길 29,37.5006809613656,127.12464735605197,3,e지브로 송파구 가락동
송파구,가락동,쌍용노블래스,쌍용노블래스,쌍용노블레스아파트,서울 송파구 가락동 29-16,서울 송파구 오금로36길 42,37.50035360755063,127.1232049133,3,쌍용노블래스 송파구 가락동
송파구,방이동,서울탑빌라트,서울탑빌라트,서울탑빌라트,서울 송파구 방이동 126-5,서울 송파구 가락로 232,37.508824252580354,127.11760893179532,3,서울탑빌라트 송파구 방이동
송파구,가락동,롯데캐슬,롯데캐슬,송파롯데캐슬파인힐아파트,서울 송파구 가락동 79,서울 송파구 중대로 121,37.49441856684362,127.1215758412106,3,롯데캐슬 송파구 가락동
송파구,방이동,인텍스빌,인텍스빌,인텍스빌아파트,서울 송파구 방이동 130-19,서울 송파구 오금로27길 43,37.50983949385455,127.1204799833059,3,인텍스빌 송파구 방이동
송파구,방이동,동광팰리스,동광팰리스,동광팰리스오피스텔,서울 송파구 방이동 50-10,서울 송파구 오금로11길 63-13,37.51550643418137,127.11451446667095,3,동광팰리스 송파구 방이동
송파구,방이동,에비뉴잠실,에비뉴잠실,에비뉴잠실오피스텔,서울 송파구 방이동 47-2,서울 송파구 오금로11길 47-16,37.5161557392418,127.112973715851,3,에비뉴잠실 송파구 방이동
송파구,오금동,진성,진성,진성금속,서울 송파구 오금동 87-5,서울 송파구 중대로36길 21,37.5060808707536,127.135130405856,3,진성 송파구 오금동
송파구,풍납동,미랜드퀸,미랜드퀸,미랜드퀸아파트,서울 송파구 풍납동 254,서울 송파구 풍성로14길 32,37.53247267927392,127.11505291981916,3,미랜드퀸 송파구 풍납동
송파구,가락동,주성드림아파트,주성드림아파트,주성드림팰리스아파트,서울 송파구 가락동 160-1,서울 송파구 오금로 336,37.50124330578645,127.12873880767492,3,주성드림아파트 송파구 가락동
송파구,가락동,아키죤아파트1동,아키죤아파트,아키죤아파트,서울 송파구 가락동 101-3,서울 송파구 송파대로24길 5-13,37.49039729584497,127.12077327489402,3,아키죤아파트 송파구 가락동
송파구,마천동,대성스카이뷰아파트,대성스카이뷰아파트,대성스카이뷰아파트,서울 송파구 마천동 5,서울 송파구 거마로 101,37.5018620696659,127.148152170792,3,대성스카이뷰아파트 송파구 마천동
송파구,가락동,쌍용스윗닷홈(104동),쌍용스윗닷홈,가락쌍용스윗닷홈3차아파트,서울 송파구 가락동 53,서울 송파구 송이로21길 23,37.49774094166772,127.12296427076193,3,쌍용스윗닷홈 송파구 가락동
송파구,오금동,미소,미소,더미소작은도서관,서울 송파구 오금동 43,서울 송파구 오금로35길 17,37.50517891453429,127.12621670848304,3,미소 송파구 오금동
송파구,방이동,인택스빌,인택스빌,인택스빌3차아파트,서울 송파구 방이동 186-12,서울 송파구 위례성대로18길 15,37.510819609053335,127.1258348597236,3,인택스빌 송파구 방이동
송파구,오금동,금성리치몬드,금성리치몬드,금성리치몬드아파트,서울 송파구 오금동 85-4,서울 송파구 중대로34길 21,37.5055040945915,127.13445756506708,3,금성리치몬드 송파구 오금동
송파구,가락동,송파Nsuite,송파Nsuite,송파N-Suite아파트,서울 송파구 가락동 77-7,서울 송파구 송파대로28길 35,37.49537016756115,127.12144168469162,3,송파Nsuite 송파구 가락동
송파구,문정동,그랜빌캐슬,그랜빌캐슬,그랜빌캐슬아파트,서울 송파구 문정동 70-16,서울 송파구 새말로 97-1,37.48289277451383,127.1251299783154,3,그랜빌캐슬 송파구 문정동
송파구,가락동,가락한일유앤아이,가락한일유앤아이,가락한일유앤아이아파트,서울 송파구 가락동 142-1,서울 송파구 동남로9길 41,37.4958910765882,127.126472475859,3,가락한일유앤아이 송파구 가락동
송파구,삼전동,동승,동승,동승아파트,서울 송파구 삼전동 164-5,서울 송파구 백제고분로32길 18,37.5009844085699,127.094779382865,3,동승 송파구 삼전동
송파구,문정동,선경쉐르빌(106-15),선경쉐르빌,선경쉐르빌아파트(106-15번지),서울 송파구 문정동 106-15,서울 송파구 송이로30길 25,37.48631205883593,127.1293508901034,3,선경쉐르빌 송파구 문정동
송파구,송파동,위례캐스빌,위례캐스빌,위례캐슬빌아파트,서울 송파구 송파동 104-1,서울 송파구 가락로 165,37.5037969943327,127.113570329368,3,위례캐스빌 송파구 송파동
송파구,삼전동,동신,동신,동신아파트,서울 송파구 삼전동 166-10,서울 송파구 백제고분로32길 26-20,37.50041227861925,127.09363871045136,3,동신 송파구 삼전동
송파구,오금동,오륜파크빌,오륜파크빌,현대파크빌,서울 송파구 오금동 84-1,서울 송파구 중대로34길 9-10,37.5061131520229,127.133682799901,3,오륜파크빌 송파구 오금동
송파구,송파동,노보빌아파트,노보빌아파트,노보빌아파트,서울 송파구 송파동 180-7,서울 송파구 송파대로36가길 7,37.50078611269805,127.11514451577897,3,노보빌아파트 송파구 송파동
송파구,방이동,은성아파트,은성아파트,은성아파트,서울 송파구 방이동 148-7,서울 송파구 오금로19길 33,37.51256805425776,127.11472827658986,3,은성아파트 송파구 방이동
송파구,오금동,송파호반베르디움더퍼스트,송파호반베르디움더퍼스트,송파호반베르디움더퍼스트아파트,서울 송파구 오금동 619,서울 송파구 동남로 342,37.505727520857654,127.1399081668687,3,송파호반베르디움더퍼스트 송파구 오금동
송파구,석촌동,월드,월드,석촌트럼프월드,서울 송파구 석촌동 175-12,서울 송파구 백제고분로39길 10-20,37.50565474488881,127.10594354595928,3,월드 송파구 석촌동
송파구,문정동,선경쉐르빌(106-23),선경쉐르빌,선경쉐르빌아파트(106-15번지),서울 송파구 문정동 106-15,서울 송파구 송이로30길 25,37.48631205883593,127.1293508901034,3,선경쉐르빌 송파구 문정동
송파구,잠실동,앙시레이크타워,앙시레이크타워,앙시레이크타워,서울 송파구 잠실동 305,서울 송파구 도곡로 450,37.5053610007132,127.078225154103,3,앙시레이크타워 송파구 잠실동
송파구,풍납동,송파N-suite,송파N-suite,송파앤스위트아파트,서울 송파구 풍납동 254-2,서울 송파구 풍성로14길 33,37.53213424687345,127.1146994091871,3,송파N-suite 송파구 풍납동
송파구,방이동,윈저하우스,윈저하우스,윈저하우스아파트,서울 송파구 방이동 211-1,서울 송파구 마천로 12,37.50994767004146,127.12218011873252,3,윈저하우스 송파구 방이동
송파구,송파동,송정,송정,송정아파트,서울 송파구 송파동 187-5,서울 송파구 송파대로34가길 10,37.49955423331469,127.11442790238972,3,송정 송파구 송파동
송파구,오금동,광남캐스빌,광남캐스빌,광남캐스빌아파트,서울 송파구 오금동 113-2,서울 송파구 문정로 261,37.501567512972606,127.1422289664812,3,광남캐스빌 송파구 오금동
송파구,문정동,자이파인빌(101동),자이파인빌,자이파인빌아파트,서울 송파구 문정동 68-1,서울 송파구 송파대로14길 8,37.48348658212274,127.12508913468704,3,자이파인빌 송파구 문정동
송파구,문정동,동부화이트빌,동부화이트빌,동부화이트빌아파트,서울 송파구 문정동 58-17,서울 송파구 새말로5길 18,37.48410457709791,127.12432697228552,3,동부화이트빌 송파구 문정동
송파구,방이동,더원센트럴,더원센트럴,더원센트럴오피스텔,서울 송파구 방이동 48-3,서울 송파구 위례성대로2길 13,37.515772473175765,127.11332831404138,3,더원센트럴 송파구 방이동
송파구,가락동,프라임레지던스,프라임레지던스,프라임레지던스아파트,서울 송파구 가락동 196-3,서울 송파구 오금로44길 57,37.4933010914006,127.13186765197575,3,프라임레지던스 송파구 가락동
송파구,문정동,주성아트빌,주성아트빌,주성아파트,서울 송파구 문정동 61-11,서울 송파구 송파대로20길 12,37.485674396339725,127.1240763014358,3,주성아트빌 송파구 문정동
송파구,오금동,다성이즈빌클래식,다성이즈빌클래식,다성이즈빌클래식아파트,서울 송파구 오금동 75,서울 송파구 성내천로 36,37.50488414820952,127.13607939383368,3,다성이즈빌클래식 송파구 오금동
송파구,문정동,예그리나(1동),예그리나,우암예그리나아파트,서울 송파구 문정동 68-15,서울 송파구 새말로5길 4-15,37.48336078442629,127.12561467473095,3,예그리나 송파구 문정동
송파구,석촌동,원남,원남,원남아파트,서울 송파구 석촌동 282-12,서울 송파구 백제고분로40길 16-8,37.5029964032419,127.106362761509,3,원남 송파구 석촌동
송파구,오금동,명성화인캐슬,명성화인캐슬,명성아파트,서울 송파구 오금동 118-23,서울 송파구 동남로30길 16,37.504074223820226,127.14062776302686,3,명성화인캐슬 송파구 오금동
송파구,방이동,드림팰리스,드림팰리스,송파드림팰리스오피스텔,서울 송파구 방이동 41-12,서울 송파구 올림픽로34길 3-30,37.5167215509408,127.112047027507,3,드림팰리스 송파구 방이동
송파구,송파동,각산,각산,각산아파트,서울 송파구 송파동 173-1,서울 송파구 송이로 36,37.50209987265908,127.11688363754337,3,각산 송파구 송파동
송파구,방이동,보미리즌빌(101동),보미리즌빌,보미리즌빌아파트,서울 송파구 방이동 134,서울 송파구 가락로36길 5-24,37.51069193971095,127.1194984650388,3,보미리즌빌 송파구 방이동
송파구,방이동,세원아파트,세원아파트,세원아파트,서울 송파구 방이동 169-2,서울 송파구 위례성대로8길 13,37.5134753827852,127.119258585436,3,세원아파트 송파구 방이동
송파구,가락동,가락그랑밸리,가락그랑밸리,그랑밸리,서울 송파구 문정동 109-7,서울 송파구 새말로19길 11,37.48703213022224,127.13164745250074,2,가락그랑밸리 송파구
송파구,송파동,경일,경일,경일아파트,서울 송파구 송파동 139-4,서울 송파구 가락로31길 19,37.508190302572025,127.11449424146538,3,경일 송파구 송파동
송파구,삼전동,하이파크아파트,하이파크아파트,하이파크아파트,서울 송파구 삼전동 38-12,서울 송파구 삼전로2길 27,37.50050620030697,127.08747879648912,3,하이파크아파트 송파구 삼전동
송파구,방이동,도무스빌,도무스빌,도무스빌,서울 송파구 석촌동 56-8,서울 송파구 석촌호수로18길 16-7,37.50524457752964,127.10104132139617,2,도무스빌 송파구
송파구,마천동,다우림,다우림,다우림아파트,서울 송파구 마천동 30-2,서울 송파구 성내천로 127,37.499548241492654,127.1430733027798,3,다우림 송파구 마천동
송파구,가락동,프라임,프라임,뉴프라임약국,서울 송파구 가락동 96-16,서울 송파구 송파대로 278,37.494238633315,127.117753416165,3,프라임 송파구 가락동
송파구,문정동,동궁리치웰문정(101),동궁리치웰문정,문정동궁리치웰아파트,서울 송파구 문정동 55-3,서울 송파구 송파대로22길 4-16,37.48677694158377,127.12262631099416,3,동궁리치웰문정 송파구 문정동
송파구,방이동,해동아파트A동(134-5),해동아파트A동,해동아파트 A동,서울 송파구 방이동 134-5,서울 송파구 가락로38길 10,37.51057098203848,127.11971882793748,3,해동아파트A동 송파구 방이동
송파구,거여동,청솔,청솔,청솔아파트,서울 송파구 거여동 33-2,서울 송파구 오금로 550,37.49264888702239,127.1498968637509,3,청솔 송파구 거여동
송파구,방이동,현대홈타운스위트102,현대홈타운스위트102,현대홈타운스위트아파트 102동,서울 송파구 방이동 197-4,서울 송파구 위례성대로12길 31-9,37.510749404216774,127.12233411834389,3,현대홈타운스위트102 송파구 방이동
송파구,송파동,온누리,온누리,온누리아파트,서울 송파구 송파동 132-4,서울 송파구 백제고분로46길 8-23,37.50755426118407,127.11159901649738,3,온누리 송파구 송파동
송파구,가락동,동성아파트(101동),동성아파트,동성아파트,서울 송파구 가락동 15,서울 송파구 송이로17길 50-16,37.500943218940535,127.12543716700536,3,동성아파트 송파구 가락동
송파구,송파동,엘에이치송파도시형생활주택,엘에이치송파도시형생활주택,엘에이치송파,서울 송파구 송파동 12-2,서울 송파구 백제고분로41길 27-1,37.5081074637256,127.106739855811,3,엘에이치송파도시형생활주택 송파구 송파동
송파구,잠실동,NS파인트리,NS파인트리,NS파인트리,서울 송파구 잠실동 183-12,서울 송파구 백제고분로7길 41,37.5109291004675,127.083644221599,3,NS파인트리 송파구 잠실동
송파구,송파동,트윈레이크팰리스빌,트윈레이크팰리스빌,트윈레이크팰리스빌,서울 송파구 송파동 58-15,서울 송파구 백제고분로45길 40,37.5110800084062,127.107587861561,3,트윈레이크팰리스빌 송파구 송파동
송파구,오금동,더뷰21,더뷰21,더뷰21아파트,서울 송파구 오금동 130-3,서울 송파구 동남로 312,37.5031423493934,127.138539425842,3,더뷰21 송파구 오금동
송파구,가락동,그린아파트,그린아파트,그린아파트,서울 송파구 가락동 1-7,서울 송파구 양재대로68길 3-21,37.50373996047565,127.1237080966049,3,그린아파트 송파구 가락동
송파구,삼전동,한양,한양,한양아파트,서울 송파구 삼전동 38-19,서울 송파구 삼전로4길 4-28,37.500972711238674,127.086540684987,3,한양 송파구 삼전동
송파구,잠실동,파크인-수,파크인-수,파크인수아파트,서울 송파구 잠실동 250-5,서울 송파구 백제고분로 187,37.5047596495852,127.08774501271436,3,파크인-수 송파구 잠실동
송파구,방이동,이스턴잠실,이스턴잠실,이스턴잠실오피스텔,서울 송파구 방이동 46-1,서울 송파구 오금로11길 43-16,37.5163760026668,127.112535164522,3,이스턴잠실 송파구 방이동
송파구,방이동,트리니엘,트리니엘,트리니엘아파트,서울 송파구 방이동 454,서울 송파구 가락로39길 5,37.511603042310675,127.11841748299648,3,트리니엘 송파구 방이동
송파구,방이동,보미리즌빌(102동),보미리즌빌,보미리즌빌아파트,서울 송파구 방이동 134,서울 송파구 가락로36길 5-24,37.51069193971095,127.1194984650388,3,보미리즌빌 송파구 방이동
송파구,방이동,서림올림피아드,서림올림피아드,서림올림피아드아파트,서울 송파구 방이동 126-12,서울 송파구 가락로34길 5-25,37.509558689001075,127.11839276361236,3,서림올림피아드 송파구 방이동
송파구,방이동,해동아파트B동(134-22),해동아파트B동,해동아파트 B동,서울 송파구 방이동 134-5,서울 송파구 가락로38길 10,37.51045392276018,127.11964851567258,3,해동아파트B동 송파구 방이동
송파구,거여동,e편한세상송파파크센트럴,e편한세상송파파크센트럴,e편한세상송파파크센트럴아파트,서울 송파구 거여동 696,서울 송파구 오금로 551,37.49378052144603,127.15062849226092,3,e편한세상송파파크센트럴 송파구 거여동
송파구,가락동,청솔,청솔,청솔아파트,서울 송파구 가락동 149-5,서울 송파구 송이로23길 30-19,37.496316365248816,127.1264596229789,3,청솔 송파구 가락동
송파구,오금동,아키스,아키스,아키스아파트,서울 송파구 오금동 80-14,서울 송파구 마천로 121,37.505410944716026,127.13317260810786,3,아키스 송파구 오금동
송파구,마천동,대성골드클래스,대성골드클래스,대성골드클래스아파트,서울 송파구 마천동 50,서울 송파구 거마로 102,37.501698266247416,127.14872635492328,3,대성골드클래스 송파구 마천동
송파구,마천동,한주리버뷰,한주리버뷰,한주리버뷰아파트,서울 송파구 마천동 22-3,서울 송파구 마천로 243,37.49963079153295,127.14483312467492,3,한주리버뷰 송파구 마천동
송파구,방이동,한승,한승,올림픽공원한승오디브아파트,서울 송파구 방이동 168,서울 송파구 위례성대로 76,37.51420587665198,127.12036371106258,3,한승 송파구 방이동
송파구,오금동,에스아이팰리스송파올림픽공원,에스아이팰리스송파올림픽공원,에스아이팰리스송파올림픽공원,서울 송파구 오금동 1-6,서울 송파구 양재대로 1158,37.51067417186431,127.12786259989907,3,에스아이팰리스송파올림픽공원 송파구 오금동
송파구,문정동,문정그린,문정그린,문정그린아파트,서울 송파구 문정동 113-3,서울 송파구 송이로 264,37.4863615313062,127.133475731853,3,문정그린 송파구 문정동
송파구,방이동,신암밀리안아파트,신암밀리안아파트,신암밀리안아파트,서울 송파구 방이동 169-1,서울 송파구 위례성대로8길 11,37.5136256226577,127.11948391362304,3,신암밀리안아파트 송파구 방이동
송파구,가락동,테라펠리체송파,테라펠리체송파,테라펠리체송파아파트,서울 송파구 가락동 166-6,서울 송파구 동남로 240-6,37.4977255221334,127.133835213909,3,테라펠리체송파 송파구 가락동
송파구,가락동,동성아파트(102동),동성아파트,동성아파트,서울 송파구 가락동 15,서울 송파구 송이로17길 50-16,37.500943218940535,127.12543716700536,3,동성아파트 송파구 가락동
송파구,거여동,송파시그니처롯데캐슬,송파시그니처롯데캐슬,송파시그니처롯데캐슬아파트,서울 송파구 거여동 697,서울 송파구 거마로 56,37.49573061531137,127.14752149321824,3,송파시그니처롯데캐슬 송파구 거여동
송파구,거여동,송파위례리슈빌,송파위례리슈빌,송파위례리슈빌아파트,서울 송파구 거여동 654,서울 송파구 위례송파로 124,37.483867398222785,127.1465235428542,3,송파위례리슈빌 송파구 거여동
송파구,방이동,광명아파트,광명아파트,광명아파트,서울 송파구 방이동 120-2,서울 송파구 백제고분로48나길 7-17,37.50979837880384,127.11564131357392,3,광명아파트 송파구 방이동
송파구,방이동,아크로빌,아크로빌,아크로빌아파트,서울 송파구 방이동 104-4,서울 송파구 오금로17길 13,37.512019593153035,127.1116463834244,3,아크로빌 송파구 방이동
송파구,송파동,호수,호수,호수임광아파트,서울 송파구 송파동 33,서울 송파구 송파대로48길 29,37.510473613889,127.107608481206,3,호수 송파구 송파동
송파구,방이동,디벨라지오,디벨라지오,디벨라지오아파트,서울 송파구 방이동 211-7,,37.5101207172117,127.121252941253,3,디벨라지오 송파구 방이동
송파구,석촌동,배명씨앤디,배명씨앤디,배명시앤디아파트,서울 송파구 석촌동 222-7,서울 송파구 송파대로37길 132,37.49769650247763,127.09825375587867,3,배명씨앤디 송파구 석촌동
송파구,방이동,인택스빌3차,인택스빌3차,인택스빌3차아파트,서울 송파구 방이동 186-12,서울 송파구 위례성대로18길 15,37.510819609053335,127.1258348597236,3,인택스빌3차 송파구 방이동
송파구,방이동,현대월드빌리지,현대월드빌리지,현대월드빌리지아파트,서울 송파구 방이동 191,서울 송파구 위례성대로16길 8,37.512226283632536,127.12478984125396,3,현대월드빌리지 송파구 방이동
송파구,방이동,올림픽포레다움아파트,올림픽포레다움아파트,잠실올림픽포레다움아파트,서울 송파구 방이동 455,서울 송파구 위례성대로6길 30-11,37.5129893171043,127.116067002755,3,올림픽포레다움아파트 송파구 방이동
송파구,송파동,송파센텀레이크,송파센텀레이크,송파센텀레이크아파트,서울 송파구 송파동 246,서울 송파구 백제고분로45길 17-9,37.5092106833467,127.10926928911,3,송파센텀레이크 송파구 송파동
송파구,문정동,힐스테이트e편한세상문정,힐스테이트e편한세상문정,힐스테이트e편한세상문정아파트,서울 송파구 문정동 656,서울 송파구 송이로31길 20,37.4893367001114,127.133438057542,3,힐스테이트e편한세상문정 송파구 문정동
송파구,가락동,강남팰리스,강남팰리스,강남팰리스,서울 송파구 가락동 57-8,서울 송파구 송이로 107,37.496935638488736,127.12190560621364,3,강남팰리스 송파구 가락동
송파구,송파동,송파파밀리에더퍼스트,송파파밀리에더퍼스트,송파파밀리에더퍼스트아파트,서울 송파구 송파동 245,서울 송파구 송이로4길 15,37.50295279240716,127.11446249335756,3,송파파밀리에더퍼스트 송파구 송파동
송파구,풍납동,이트리움송파(281-4),이트리움송파,이트리움송파아파트,서울 송파구 풍납동 281-4,,37.5327284057996,127.114287361881,3,이트리움송파 송파구 풍납동
송파구,방이동,현대빌라(208-19),현대빌라,현대빌라,서울 송파구 방이동 106-7,서울 송파구 오금로17길 30-1,37.513225784131635,127.11286071418348,3,현대빌라 송파구 방이동
송파구,오금동,한두리,한두리,한두리,서울 송파구 오금동 77-8,서울 송파구 중대로38길 30,37.5059575951629,127.135774845248,3,한두리 송파구 오금동
송파구,풍납동,올림픽레아아파트,올림픽레아아파트,올림픽레아아파트,서울 송파구 풍납동 515,서울 송파구 토성로19길 1,37.5292080776647,127.117165767154,3,올림픽레아아파트 송파구 풍납동
송파구,송파동,잠실더샵루벤,잠실더샵루벤,잠실더샵루벤아파트,서울 송파구 송파동 171,서울 송파구 송이로12길 11,37.5002063393952,127.117408815627,3,잠실더샵루벤 송파구 송파동
송파구,오금동,송파더플래티넘,송파더플래티넘,송파더플래티넘아파트,서울 송파구 오금동 67,서울 송파구 성내천로 50,37.50283517879644,127.13615257882498,3,송파더플래티넘 송파구 오금동
송파구,거여동,포레나송파,포레나송파,포레나송파아파트,서울 송파구 거여동 651,서울 송파구 위례송파로 123,37.48578282697687,127.1487773385924,3,포레나송파 송파구 거여동
송파구,방이동,정우아트빌B,정우아트빌B,정우아트빌아파트 B동,서울 송파구 방이동 134-1,서울 송파구 가락로36길 5-14,37.51007786831383,127.1190891778994,3,정우아트빌B 송파구 방이동
강동구,천호동,한신아파트,한신아파트,한신아파트,서울 강동구 천호동 237,서울 강동구 구천면로42길 16,37.54576852243732,127.13483537827224,3,한신아파트 강동구 천호동
강동구,길동,현대웰하임(201동),현대웰하임,현대웰하임1단지,서울 강동구 길동 343-1,서울 강동구 천중로53길 6,37.54106530086004,127.14546994094736,3,현대웰하임 강동구 길동
강동구,명일동,삼익가든,삼익가든,삼익맨션,서울 강동구 명일동 270,서울 강동구 상암로 225,37.5467947805473,127.147624327885,3,삼익가든 강동구 명일동
강동구,천호동,천호동삼성아파트,천호동삼성아파트,천호삼성아파트,서울 강동구 천호동 528,서울 강동구 성안로25길 6,37.538718654878096,127.13523001553811,3,천호동삼성아파트 강동구 천호동
강동구,명일동,신동아,신동아,신동아아파트,서울 강동구 명일동 44,서울 강동구 고덕로 240,37.5537375803272,127.1521105266878,3,신동아 강동구 명일동
강동구,길동,우성,우성,길동우성아파트,서울 강동구 길동 400,서울 강동구 천호대로193길 37,37.5371898887801,127.14417481462476,3,우성 강동구 길동
강동구,성내동,신주,신주,신주아파트,서울 강동구 성내동 320-1,서울 강동구 올림픽로 568-12,37.53195788463355,127.12166842721494,3,신주 강동구 성내동
강동구,길동,에이치비골드빌(103동),에이치비골드빌,골드빌공인중개사사무소,서울 강동구 길동 384-5,서울 강동구 성안로 170,37.5379898328853,127.135939261805,3,에이치비골드빌 강동구 길동
강동구,길동,대상,대상,대상아파트,서울 강동구 길동 344-5,서울 강동구 천중로 221,37.54111845687195,127.14473908486804,3,대상 강동구 길동
강동구,천호동,유원아파트,유원아파트,유원아파트,서울 강동구 천호동 287-9,서울 강동구 상암로12길 24,37.54876401536862,127.1278382365973,3,유원아파트 강동구 천호동
강동구,성내동,신이모닝빌,신이모닝빌,신이모닝빌아파트,서울 강동구 성내동 413-6,서울 강동구 풍성로55길 6,37.529556872629406,127.13558907905464,3,신이모닝빌 강동구 성내동
강동구,길동,다성이즈빌,다성이즈빌,다성이즈빌(416-17),서울 강동구 길동 416-17,서울 강동구 천호대로173길 39,37.5369627981921,127.135848012598,3,다성이즈빌 강동구 길동
강동구,길동,청광플러스원큐브2차,청광플러스원큐브2차,청광플러스원큐브2차,서울 강동구 길동 457,서울 강동구 천호대로175길 10,37.535129850105726,127.13690030777356,3,청광플러스원큐브2차 강동구 길동
강동구,명일동,래미안솔베뉴,래미안솔베뉴,래미안솔베뉴아파트,서울 강동구 명일동 359,서울 강동구 양재대로 1650,37.55264978731833,127.1451835029128,3,래미안솔베뉴 강동구 명일동
강동구,성내동,동남드림빌,동남드림빌,동남드림빌아파트,서울 강동구 성내동 13-15,서울 강동구 천호대로 1044-12,37.53657452747321,127.1277201206361,3,동남드림빌 강동구 성내동
강동구,명일동,삼익그린2차,삼익그린2차,삼익그린맨션2차아파트,서울 강동구 명일동 15,서울 강동구 고덕로 210,37.55269966641881,127.14854472216015,3,삼익그린2차 강동구 명일동
강동구,길동,강동LG자이,강동LG자이,GS강동자이아파트,서울 강동구 길동 474,서울 강동구 천호대로 1239,37.53801268222193,127.14982016649486,3,강동LG자이 강동구 길동
강동구,길동,다오아트빌,다오아트빌,다오아트빌아파트,서울 강동구 길동 383-7,서울 강동구 성안로 184,37.53932259925484,127.13655721135478,3,다오아트빌 강동구 길동
강동구,암사동,한강현대,한강현대,한강현대아파트,서울 강동구 암사동 442-1,서울 강동구 올림픽로104길 42,37.555499109211,127.13181080868,3,한강현대 강동구 암사동
강동구,명일동,다성씨티(2),다성씨티,다성시티빌2차아파트,서울 강동구 명일동 352-5,서울 강동구 양재대로130길 26,37.54573617261623,127.14465974868504,3,다성씨티 강동구 명일동
강동구,길동,삼익파크맨션,삼익파크맨션,삼익파크아파트,서울 강동구 길동 54,서울 강동구 명일로 293,37.5447405093763,127.147620276993,3,삼익파크맨션 강동구 길동
강동구,천호동,강동역두산위브센티움,강동역두산위브센티움,강동역두산위브센티움아파트,서울 강동구 천호동 155-5,서울 강동구 성안로 155,37.53722353140524,127.13476115513052,3,강동역두산위브센티움 강동구 천호동
강동구,성내동,성내스테이,성내스테이,성내스테이아파트,서울 강동구 성내동 549-5,서울 강동구 성내로 54,37.52827374895303,127.12591168944807,3,성내스테이 강동구 성내동
강동구,길동,강동큐브(2차),강동큐브,강동큐브,서울 강동구 길동 456-3,서울 강동구 천호대로175길 16,37.53544227464679,127.13709209062324,3,강동큐브 강동구 길동
강동구,천호동,대명에버빌아파트,대명에버빌아파트,대명에버빌아파트,서울 강동구 천호동 54-4,서울 강동구 천중로39길 19-17,37.54214798032263,127.13823703126197,3,대명에버빌아파트 강동구 천호동
강동구,천호동,중앙하이츠,중앙하이츠,중앙하이츠아파트,서울 강동구 천호동 305,서울 강동구 구천면로41길 79,37.547424569344855,127.13000411681922,3,중앙하이츠 강동구 천호동
강동구,둔촌동,상상프리,상상프리,상상프리,서울 강동구 둔촌동 67-10,서울 강동구 천호대로186길 8,37.53321505515205,127.14162830862507,3,상상프리 강동구 둔촌동
강동구,명일동,고덕주공9,고덕주공9,고덕주공9단지아파트,서울 강동구 명일동 257,서울 강동구 상암로 251,37.54791250355194,127.15080524896489,3,고덕주공9 강동구 명일동
강동구,천호동,우성,우성,천호우성아파트,서울 강동구 천호동 19-1,서울 강동구 구천면로 366,37.5497679445997,127.13881692627864,3,우성 강동구 천호동
강동구,고덕동,래미안힐스테이트고덕,래미안힐스테이트고덕,래미안힐스테이트고덕아파트,서울 강동구 고덕동 688,서울 강동구 아리수로50길 50,37.5595258727289,127.149057394089,3,래미안힐스테이트고덕 강동구 고덕동
강동구,성내동,센츄럴(438-2),센츄럴,센츄럴아파트,서울 강동구 성내동 438-2,서울 강동구 강동대로53길 58,37.525285932354606,127.13258572742784,3,센츄럴 강동구 성내동
강동구,성내동,태천,태천,태천스마트빌,서울 강동구 성내동 386-17,서울 강동구 천호대로176길 58-7,37.5319002342736,127.13492580874,3,태천 강동구 성내동
강동구,성내동,에스케이허브진,에스케이허브진,SK허브진아파트,서울 강동구 성내동 194,서울 강동구 천호대로 1092,37.53515714105992,127.13272539542368,3,에스케이허브진 강동구 성내동
강동구,암사동,롯데캐슬퍼스트,롯데캐슬퍼스트,강동롯데캐슬퍼스트아파트,서울 강동구 암사동 414-2,서울 강동구 고덕로 131,37.55662489972904,127.1430397571237,3,롯데캐슬퍼스트 강동구 암사동
강동구,둔촌동,태천해오름,태천해오름,태천해오름아파트,서울 강동구 둔촌동 425-3,서울 강동구 천호대로182길 12-6,37.53294395367557,127.1400336638408,3,태천해오름 강동구 둔촌동
강동구,성내동,올림픽파크한양수자인,올림픽파크한양수자인,성내올림픽파크한양수자인아파트,서울 강동구 성내동 606,서울 강동구 성내로 80,37.5269010822696,127.12799889607774,3,올림픽파크한양수자인 강동구 성내동
강동구,성내동,현대,현대,현대자동차블루핸즈 동심자동차,서울 강동구 성내동 435-3,서울 강동구 성내로 92,37.5264459572507,127.129759544092,3,현대 강동구 성내동
강동구,천호동,코오롱상가아파트,코오롱상가아파트,더샵강동센트럴시티아파트,서울 강동구 천호동 410-100,서울 강동구 진황도로 14,37.5391183365225,127.128286807959,3,코오롱상가아파트 강동구 천호동
강동구,천호동,다성이즈빌(121-32),다성이즈빌,다성이즈빌,서울 강동구 천호동 167-54,서울 강동구 성안로27길 61,37.53991071469973,127.13281528884092,3,다성이즈빌 강동구 천호동
강동구,둔촌동,청호뜨레피움퍼스트아파트,청호뜨레피움퍼스트아파트,청호뜨레피움퍼스트아파트,서울 강동구 둔촌동 64,서울 강동구 천호대로 1176,37.533569718437406,127.141903909992,3,청호뜨레피움퍼스트아파트 강동구 둔촌동
강동구,길동,동서울오네뜨,동서울오네뜨,동서울오네뜨아파트,서울 강동구 길동 339-1,서울 강동구 양재대로124길 32,37.54261185064243,127.1436421163211,3,동서울오네뜨 강동구 길동
강동구,천호동,현대아파트,현대아파트,현대아파트,서울 강동구 천호동 168-6,서울 강동구 진황도로 47-2,37.538425906109225,127.13278097392036,3,현대아파트 강동구 천호동
강동구,성내동,성주아트빌,성주아트빌,성주아트빌,서울 강동구 성내동 203-5,서울 강동구 천호대로168길 41-12,37.53346058275955,127.13189872925508,3,성주아트빌 강동구 성내동
강동구,길동,강동큐브,강동큐브,강동큐브,서울 강동구 길동 456-3,서울 강동구 천호대로175길 16,37.53544227464679,127.13709209062324,3,강동큐브 강동구 길동
강동구,천호동,현대프라자아파트,현대프라자아파트,선한청지기교회,서울 광진구 구의동 631-1,서울 광진구 광나루로56길 63,37.5369693556977,127.096150972608,1,현대프라자아파트 강동구 천호동
강동구,강일동,강일리버파크2단지,강일리버파크2단지,강일리버파크2단지아파트,서울 강동구 강일동 668,서울 강동구 아리수로97길 68,37.56946934224351,127.17644649415864,3,강일리버파크2단지 강동구 강일동
강동구,길동,현대웰하임(101동),현대웰하임,현대웰하임1단지,서울 강동구 길동 343-1,서울 강동구 천중로53길 6,37.54106530086004,127.14546994094736,3,현대웰하임 강동구 길동
강동구,길동,다성이즈빌아파트,다성이즈빌아파트,다성이즈빌아파트,서울 강동구 길동 481,서울 강동구 천중로40길 22,37.5399927327195,127.138286232645,3,다성이즈빌아파트 강동구 길동
강동구,길동,길동우성,길동우성,길동우성아파트,서울 강동구 길동 400,서울 강동구 천호대로193길 37,37.5371898887801,127.14417481462476,3,길동우성 강동구 길동
강동구,성내동,코오롱(1차),코오롱,코오롱1차아파트,서울 강동구 성내동 196-8,서울 강동구 천호대로168길 25,37.53436106483173,127.1323619320905,3,코오롱 강동구 성내동
강동구,암사동,삼성광나루,삼성광나루,삼성광나루아파트,서울 강동구 암사동 508,서울 강동구 상암로3길 77,37.55403745044372,127.12710031436971,3,삼성광나루 강동구 암사동
강동구,길동,신동아,신동아,길동신동아4차아파트,서울 강동구 길동 92,서울 강동구 명일로 260,37.54150065027357,127.14751431512092,3,신동아 강동구 길동
강동구,성내동,성내동삼성아파트,성내동삼성아파트,성내삼성아파트,서울 강동구 성내동 590,서울 강동구 풍성로 127,37.530845468827806,127.12566485026886,3,성내동삼성아파트 강동구 성내동
강동구,고덕동,아남1,아남1,아남아파트 1동,서울 강동구 고덕동 486,서울 강동구 양재대로 1706,37.55854052261666,127.1459000302608,3,아남1 강동구 고덕동
강동구,성내동,성내웰빙시티,성내웰빙시티,성내웰빙시티아파트,서울 강동구 성내동 410-15,서울 강동구 풍성로51길 8,37.53028429070259,127.13293850559262,3,성내웰빙시티 강동구 성내동
강동구,길동,다성이즈빌(387-4),다성이즈빌,다성이즈빌(416-17),서울 강동구 길동 416-17,서울 강동구 천호대로173길 39,37.5369627981921,127.135848012598,3,다성이즈빌 강동구 길동
강동구,암사동,프라이어팰리스,프라이어팰리스,프라이어팰리스아파트,서울 강동구 암사동 413,서울 강동구 고덕로 130,37.55352610318784,127.13949839212972,3,프라이어팰리스 강동구 암사동
강동구,성내동,현대상가,현대상가,현대아파트(383-11번지),서울 강동구 성내동 383-11,서울 강동구 성안로 109,37.53317095337659,127.1330658199676,3,현대상가 강동구 성내동
강동구,성내동,성내1차e-편한세상,성내1차e-편한세상,성내1차e편한세상아파트,서울 강동구 성내동 598,서울 강동구 천호대로168길 58,37.53323462886736,127.1309117530755,3,성내1차e-편한세상 강동구 성내동
강동구,천호동,성원아파트,성원아파트,성원아파트,서울 강동구 천호동 564,서울 강동구 진황도로31길 26,37.538683776707835,127.13421162112058,3,성원아파트 강동구 천호동
강동구,명일동,현대(고덕),현대,현대자동차블루핸즈 명일점,서울 강동구 명일동 344-10,서울 강동구 상암로 197,37.5466437112884,127.144469130493,3,현대 강동구 명일동
강동구,둔촌동,한솔솔파크,한솔솔파크,둔촌한솔솔파크아파트,서울 강동구 둔촌동 611,서울 강동구 천호대로198길 36,37.533881125647405,127.14805143249347,3,한솔솔파크 강동구 둔촌동
강동구,성내동,둔촌역청구,둔촌역청구,둔촌역청구아파트,서울 강동구 성내동 419-1,서울 강동구 풍성로 196,37.529395657028765,127.13315753960504,3,둔촌역청구 강동구 성내동
강동구,천호동,제일아파트,제일아파트,제일아파트,서울 강동구 천호동 361-1,서울 강동구 천중로12길 17,37.54443232644912,127.12755021108842,3,제일아파트 강동구 천호동
강동구,성내동,성안마을청구,성안마을청구,성안마을청구아파트,서울 강동구 성내동 295,서울 강동구 풍성로 114-1,37.53164861260692,127.12448165001356,3,성안마을청구 강동구 성내동
강동구,상일동,고덕리엔파크3단지,고덕리엔파크3단지,고덕리엔파크3단지아파트,서울 강동구 상일동 490,서울 강동구 상일로 74,37.55268516575942,127.17552532997468,3,고덕리엔파크3단지 강동구 상일동
강동구,강일동,강일리버파크10단지,강일리버파크10단지,강일리버파크10단지아파트,서울 강동구 강일동 695,서울 강동구 고덕로97길 20,37.56010142540984,127.18079429007123,3,강일리버파크10단지 강동구 강일동
강동구,둔촌동,광남캐스빌103동,광남캐스빌,광남캐스빌아파트,서울 강동구 둔촌동 435-7,서울 강동구 양재대로102길 11,37.53313129402744,127.13932915476796,3,광남캐스빌 강동구 둔촌동
강동구,성내동,하나플러스ll,하나플러스ll,하나플러스ll아파트,서울 강동구 성내동 601,서울 강동구 양재대로85길 60,37.52534115614168,127.13154504953752,3,하나플러스ll 강동구 성내동
강동구,성내동,금광포란재,금광포란재,금광포란재아파트,서울 강동구 성내동 604,서울 강동구 천호옛14길 28-39,37.53524931782249,127.12757077496435,3,금광포란재 강동구 성내동
강동구,천호동,동아하이빌아파트,동아하이빌아파트,동아하이빌아파트,서울 강동구 천호동 217-132,서울 강동구 구천면로 278,37.54471302389559,127.13442158557712,3,동아하이빌아파트 강동구 천호동
강동구,천호동,대우한강베네시티,대우한강베네시티,대우한강베네시티아파트,서울 강동구 천호동 425-5,서울 강동구 올림픽로 664,37.54061129486903,127.12492312779791,3,대우한강베네시티 강동구 천호동
강동구,상일동,고덕숲아이파크,고덕숲아이파크,고덕숲아이파크아파트,서울 강동구 상일동 515,서울 강동구 고덕로80길 134,37.55120850681088,127.16224400379576,3,고덕숲아이파크 강동구 상일동
강동구,강일동,강일리버파크4단지,강일리버파크4단지,강일리버파크4단지아파트,서울 강동구 강일동 673,서울 강동구 아리수로97길 19,37.56734297721291,127.176458457018,3,강일리버파크4단지 강동구 강일동
강동구,명일동,중앙,중앙,중앙고시텔,서울 강동구 명일동 324-12,서울 강동구 상암로47길 77,37.5500100089764,127.144330776321,3,중앙 강동구 명일동
강동구,천호동,동구햇살아파트,동구햇살아파트,동구햇살아파트,서울 강동구 천호동 567,서울 강동구 상암로41길 45,37.54823386087569,127.14083289788334,3,동구햇살아파트 강동구 천호동
강동구,암사동,중앙하이츠,중앙하이츠,중앙하이츠아파트,서울 강동구 암사동 493-14,서울 강동구 올림픽로98가길 47,37.55121012247407,127.1320250621637,3,중앙하이츠 강동구 암사동
강동구,길동,라인,라인,라인아파트,서울 강동구 길동 365-1,서울 강동구 천중로50길 48-12,37.53924112934988,127.14147224550167,3,라인 강동구 길동
강동구,천호동,천호롯데아파트,천호롯데아파트,천호롯데아파트,서울 강동구 천호동 55-4,서울 강동구 천중로 161,37.54160557477485,127.13824055591232,3,천호롯데아파트 강동구 천호동
강동구,성내동,파라디아,파라디아,성내동파라디아아파트,서울 강동구 성내동 605,서울 강동구 천호옛길 30,37.53186662783111,127.12278607897429,3,파라디아 강동구 성내동
강동구,둔촌동,프라자,프라자,프라자아파트,서울 강동구 둔촌동 603,서울 강동구 천호대로 1240,37.53540177717921,127.14823999311191,3,프라자 강동구 둔촌동
강동구,둔촌동,신성둔촌미소지움1,신성둔촌미소지움1,둔촌신성미소지움1차 전기차충전소,서울 강동구 둔촌동 546,서울 강동구 명일로 104,37.5283134333228,127.142525230161,3,신성둔촌미소지움1 강동구 둔촌동
강동구,성내동,오륜하이츠,오륜하이츠,오륜하이츠아파트,서울 강동구 성내동 443-24,서울 강동구 강동대로53길 28,37.52397821791304,127.13210376007666,3,오륜하이츠 강동구 성내동
강동구,성내동,원다빌2,원다빌2,원다빌2아파트,서울 강동구 성내동 592,서울 강동구 천호대로162길 73,37.53336781250287,127.12777122193056,3,원다빌2 강동구 성내동
강동구,명일동,동양타워,동양타워,동양타워아파트,서울 강동구 명일동 48-12,서울 강동구 동남로71길 38,37.55206639070052,127.15407172910982,3,동양타워 강동구 명일동
강동구,천호동,래미안강동팰리스,래미안강동팰리스,래미안강동팰리스아파트,서울 강동구 천호동 571,서울 강동구 천호대로 1077,37.53738879127191,127.13203463437566,3,래미안강동팰리스 강동구 천호동
강동구,강일동,강일리버파크8단지,강일리버파크8단지,강일리버파크8단지아파트,서울 강동구 강일동 701,서울 강동구 아리수로94길 72,37.56165697932953,127.17693852197124,3,강일리버파크8단지 강동구 강일동
강동구,천호동,동아코아아파트,동아코아아파트,동아코아아파트,서울 강동구 천호동 563,서울 강동구 구천면로 189,37.5412698062232,127.12588375421508,3,동아코아아파트 강동구 천호동
강동구,길동,다성이즈빌(349-1),다성이즈빌,다성이즈빌(416-17),서울 강동구 길동 416-17,서울 강동구 천호대로173길 39,37.5369627981921,127.135848012598,3,다성이즈빌 강동구 길동
강동구,천호동,강동역신동아파밀리에,강동역신동아파밀리에,강동역신동아파밀리에아파트,서울 강동구 천호동 447-17,서울 강동구 천호대로 1089,37.5365689827386,127.133547065604,3,강동역신동아파밀리에 강동구 천호동
강동구,길동,우림루미아트,우림루미아트,우림루미아트아파트,서울 강동구 길동 45,서울 강동구 명일로26길 20,37.54227065536754,127.14851158159938,3,우림루미아트 강동구 길동
강동구,둔촌동,둔촌푸르지오,둔촌푸르지오,둔촌푸르지오아파트,서울 강동구 둔촌동 630,서울 강동구 명일로 172,37.53414613042936,127.14651776352255,3,둔촌푸르지오 강동구 둔촌동
강동구,길동,삼익세라믹,삼익세라믹,삼익세라믹아파트,서울 강동구 길동 184,서울 강동구 천호대로199길 40,37.53821965927825,127.1485940647716,3,삼익세라믹 강동구 길동
강동구,천호동,광남캐스빌아파트,광남캐스빌아파트,광남캐스빌아파트,서울 강동구 천호동 52-1,서울 강동구 양재대로121길 31,37.54250125803238,127.139695103194,3,광남캐스빌아파트 강동구 천호동
강동구,천호동,천호1차우림루미아트,천호1차우림루미아트,천호우림루미아트1차아파트,서울 강동구 천호동 47-24,서울 강동구 천중로39길 69,37.544119453670014,127.13969359633668,3,천호1차우림루미아트 강동구 천호동
강동구,길동,하이존,하이존,하이존아파트,서울 강동구 길동 106,서울 강동구 명일로 222,37.538458298019016,127.14653185794543,3,하이존 강동구 길동
강동구,고덕동,배재현대,배재현대,배재현대아파트,서울 강동구 고덕동 312,서울 강동구 고덕로61길 37,37.55653326273869,127.15219656341894,3,배재현대 강동구 고덕동
강동구,성내동,성내2차e-편한세상,성내2차e-편한세상,성내2차e편한세상아파트,서울 강동구 성내동 137,서울 강동구 풍성로37길 55,37.53443246180656,127.12640628867824,3,성내2차e-편한세상 강동구 성내동
강동구,성내동,동원,동원,동원아파트,서울 강동구 성내동 457-4,서울 강동구 성내로6나길 27,37.52745818327872,127.12350289114435,3,동원 강동구 성내동
강동구,천호동,천호동1차예전이룸아파트,천호동1차예전이룸아파트,천호예전이룸1차아파트,서울 강동구 천호동 49-4,서울 강동구 양재대로121길 50,37.54316508636366,127.13910793734466,3,천호동1차예전이룸아파트 강동구 천호동
강동구,성내동,파크프라자,파크프라자,파크프라자,서울 강동구 성내동 428-2,서울 강동구 양재대로89길 16,37.526865851257,127.134566037519,3,파크프라자 강동구 성내동
강동구,성내동,파크뷰진도맨션,파크뷰진도맨션,파크뷰진도맨션,서울 강동구 성내동 452-2,서울 강동구 강동대로 143-48,37.52768786270163,127.1209646025338,3,파크뷰진도맨션 강동구 성내동
강동구,명일동,현대(명일),현대,현대자동차블루핸즈 명일점,서울 강동구 명일동 344-10,서울 강동구 상암로 197,37.5466437112884,127.144469130493,3,현대 강동구 명일동
강동구,암사동,암사라인,암사라인,라인아파트,서울 강동구 암사동 442,서울 강동구 올림픽로104길 32,37.55521496969027,127.13129423965424,3,암사라인 강동구 암사동
강동구,강일동,강일리버파크3단지,강일리버파크3단지,강일리버파크3단지아파트,서울 강동구 강일동 674,서울 강동구 아리수로93길 40,37.56659797268128,127.17456076561342,3,강일리버파크3단지 강동구 강일동
강동구,암사동,암사e편한세상,암사e편한세상,암사e편한세상아파트,서울 강동구 암사동 422-26,서울 강동구 구천면로 365-13,37.5512815429311,127.1388831069819,3,암사e편한세상 강동구 암사동
강동구,길동,강동렘브란트,강동렘브란트,강동렘브란트,서울 강동구 길동 457-1,서울 강동구 천호대로177길 9,37.53504922522124,127.13727579329937,3,강동렘브란트 강동구 길동
강동구,암사동,선사현대아파트,선사현대아파트,선사현대아파트,서울 강동구 암사동 509,서울 강동구 상암로 11,37.55224672809914,127.1266717599396,3,선사현대아파트 강동구 암사동
강동구,암사동,다성이즈빌,다성이즈빌,다성이즈빌,서울 강동구 암사동 458-9,서울 강동구 고덕로20길 14-10,37.55431707455187,127.13335012356472,3,다성이즈빌 강동구 암사동
강동구,길동,강동한신휴플러스,강동한신휴플러스,강동한신휴플러스아파트,서울 강동구 길동 414-10,서울 강동구 진황도로 99,37.53605630680779,127.13747903559602,3,강동한신휴플러스 강동구 길동
강동구,길동,신암가온,신암가온,신암가온아파트,서울 강동구 길동 414-6,서울 강동구 천호대로177길 55,37.53700358130338,127.13797408855822,3,신암가온 강동구 길동
강동구,강일동,강일리버파크7단지,강일리버파크7단지,강일리버파크7단지아파트,서울 강동구 강일동 686,서울 강동구 아리수로98길 25,37.56482538514383,127.17899357565962,3,강일리버파크7단지 강동구 강일동
강동구,강일동,강일리버파크6단지,강일리버파크6단지,강일리버파크6단지아파트,서울 강동구 강일동 684,서울 강동구 아리수로94길 19,37.5639137922588,127.176457159507,3,강일리버파크6단지 강동구 강일동
강동구,성내동,늘조은,늘조은,늘조은오피스텔,서울 강동구 성내동 244-8,서울 강동구 천호대로176길 10-20,37.5343433566502,127.135267371428,3,늘조은 강동구 성내동
강동구,강일동,강일리버파크5단지,강일리버파크5단지,강일리버파크5단지아파트,서울 강동구 강일동 670,서울 강동구 아리수로97길 20,37.5677278108861,127.17818553972504,3,강일리버파크5단지 강동구 강일동
강동구,천호동,현대코아아파트,현대코아아파트,현대코아아파트,서울 강동구 천호동 565,서울 강동구 천호대로 1095,37.53599933169301,127.13374065722265,3,현대코아아파트 강동구 천호동
강동구,천호동,현진리버파크,현진리버파크,현진리버파크아파트,서울 강동구 천호동 467-11,서울 강동구 구천면로 144,37.542162555103616,127.12084427984344,3,현진리버파크 강동구 천호동
강동구,성내동,신호빌라트,신호빌라트,신호파크뷰아파트,서울 강동구 성내동 452-3,서울 강동구 강동대로 143-40,37.52751808942945,127.12133992359011,3,신호빌라트 강동구 성내동
강동구,명일동,우성101동,우성,우성아파트,서울 강동구 명일동 42,서울 강동구 고덕로62길 76,37.5511352619284,127.15229535799152,3,우성 강동구 명일동
강동구,성내동,성내동대성,성내동대성,성내동대성아파트,서울 강동구 성내동 51,서울 강동구 올림픽로62길 39,37.53675867980434,127.12486691686036,3,성내동대성 강동구 성내동
강동구,천호동,한건브리앙아파트,한건브리앙아파트,한건브리앙아파트,서울 강동구 천호동 338-20,서울 강동구 구천면로13길 17,37.542798018924024,127.12234233517138,3,한건브리앙아파트 강동구 천호동
강동구,암사동,영상라이브센스,영상라이브센스,영상아파트,서울 강동구 암사동 446-3,서울 강동구 고덕로23길 13-19,37.555309158826184,127.13406940860776,3,영상라이브센스 강동구 암사동
강동구,길동,이스트드림힐,이스트드림힐,이스트드림힐아파트,서울 강동구 길동 385-4,서울 강동구 양재대로111길 54,37.53787017663861,127.1365670088013,3,이스트드림힐 강동구 길동
강동구,천호동,강변그대가리버뷰,강변그대가리버뷰,강변그대가리버뷰아파트,서울 강동구 천호동 568,서울 강동구 올림픽로89길 58,37.54833632721124,127.1233336372376,3,강변그대가리버뷰 강동구 천호동
강동구,강일동,강일리버파크1단지,강일리버파크1단지,강일리버파크1단지아파트,서울 강동구 강일동 665,서울 강동구 아리수로93가길 25,37.567642354666944,127.17201752206532,3,강일리버파크1단지 강동구 강일동
강동구,길동,강동역에스케이허브,강동역에스케이허브,강동역SK허브아파트,서울 강동구 길동 445-1,서울 강동구 천호대로 1107,37.5355474889802,127.1349210652896,3,강동역에스케이허브 강동구 길동
강동구,성내동,강동네스빌,강동네스빌,강동네스빌아파트,서울 강동구 성내동 444-4,서울 강동구 강동대로53길 43,37.52478573644525,127.13190608053316,3,강동네스빌 강동구 성내동
강동구,길동,주풍그린빌,주풍그린빌,주풍그린빌아파트,서울 강동구 길동 323-1,서울 강동구 천중로49길 76,37.54407800570853,127.1441926047276,3,주풍그린빌 강동구 길동
강동구,둔촌동,광남캐스빌(631),광남캐스빌,광남캐스빌아파트,서울 강동구 둔촌동 435-7,서울 강동구 양재대로102길 11,37.53313129402744,127.13932915476796,3,광남캐스빌 강동구 둔촌동
강동구,길동,광남캐스빌610V,광남캐스빌610V,광남캐스빌610V아파트,서울 강동구 길동 410-3,서울 강동구 양재대로112길 26,37.53648442878555,127.14117286154872,3,광남캐스빌610V 강동구 길동
강동구,길동,다성팰리스,다성팰리스,다성팰리스아파트,서울 강동구 길동 358-3,서울 강동구 천중로48길 19-14,37.53966550307205,127.14221983340931,3,다성팰리스 강동구 길동
강동구,명일동,한양,한양,한양아파트,서울 강동구 명일동 54,서울 강동구 동남로71길 19,37.55046120299118,127.15515028907971,3,한양 강동구 명일동
강동구,성내동,영진파크빌(437-26),영진파크빌,영진파크빌아파트,서울 강동구 성내동 437-26,서울 강동구 강동대로53길 49,37.52510280247515,127.13198356543197,3,영진파크빌 강동구 성내동
강동구,명일동,다성이즈빌(명일4차),다성이즈빌,다성이즈빌,서울 강동구 명일동 312-10,서울 강동구 고덕로38길 33-9,37.55311617582524,127.14323901980184,3,다성이즈빌 강동구 명일동
강동구,고덕동,고덕 아이파크,고덕 아이파크,고덕아이파크아파트,서울 강동구 고덕동 499,서울 강동구 동남로79길 26,37.55893045558401,127.15524028249118,3,고덕 아이파크 강동구 고덕동
강동구,길동,광남캐스빌아파트101동,광남캐스빌아파트,광남캐스빌아파트,서울 강동구 길동 355-2,서울 강동구 천중로52길 9-10,37.54005640312081,127.14455599187254,3,광남캐스빌아파트 강동구 길동
강동구,길동,강동와이시티,강동와이시티,강동와이시티,서울 강동구 길동 414-4,서울 강동구 천호대로175길 42,37.53657528822511,127.13747433111482,3,강동와이시티 강동구 길동
강동구,천호동,신주아파트(313),신주아파트,신주아파트,서울 강동구 천호동 313,서울 강동구 천중로11길 24,37.5463172853854,127.127485527011,3,신주아파트 강동구 천호동
강동구,천호동,천호e-편한세상,천호e-편한세상,천호e편한세상아파트,서울 강동구 천호동 333-55,서울 강동구 올림픽로81길 15,37.54436727818855,127.12433645463754,3,천호e-편한세상 강동구 천호동
강동구,천호동,강동파크빌,강동파크빌,강동파크빌아파트,서울 강동구 천호동 450-38,서울 강동구 천호대로163길 29,37.5378367727264,127.131060100042,3,강동파크빌 강동구 천호동
강동구,길동,하나플러스,하나플러스,길동하나플러스아파트,서울 강동구 길동 401-1,서울 강동구 양재대로112길 77,37.5361672509148,127.14417737156931,3,하나플러스 강동구 길동
강동구,길동,길동쎈스빌주상복합,길동쎈스빌주상복합,쎈스빌아파텔오피스텔,서울 강동구 길동 352-4,서울 강동구 천중로 232,37.54052141050999,127.14594638021498,3,길동쎈스빌주상복합 강동구 길동
강동구,천호동,우정아파트,우정아파트,우정아파트,서울 강동구 천호동 46-5,서울 강동구 양재대로125길 19,37.54417172079365,127.14120093475644,3,우정아파트 강동구 천호동
강동구,길동,광남캐스빌(389-9),광남캐스빌,광남캐스빌,서울 강동구 길동 124-13,서울 강동구 명일로18길 10,37.53817318229177,127.14685376939688,3,광남캐스빌 강동구 길동
강동구,성내동,선광,선광,선광아파트,서울 강동구 성내동 565,서울 강동구 성내로14길 18,37.527199002599936,127.12661581792705,3,선광 강동구 성내동
강동구,성내동,둔촌역아치스톤(101동),둔촌역아치스톤,둔촌역아치스톤아파트,서울 강동구 성내동 412,서울 강동구 풍성로 203,37.529734720683685,127.1344942598299,3,둔촌역아치스톤 강동구 성내동
강동구,천호동,광남벨라스2차아파트,광남벨라스2차아파트,광남벨라스2차아파트,서울 강동구 천호동 53-6,서울 강동구 양재대로121길 49,37.54277968348032,127.13891712233958,3,광남벨라스2차아파트 강동구 천호동
강동구,길동,율전에버그린아파트,율전에버그린아파트,율전에버그린아파트,서울 강동구 길동 394-17,서울 강동구 양재대로112길 17,37.53687680723307,127.14080135354472,3,율전에버그린아파트 강동구 길동
강동구,길동,신대길파크하임,신대길파크하임,파크하임아파트,서울 강동구 길동 358-7,서울 강동구 양재대로 1500-25,37.53947810108624,127.14221495150396,3,신대길파크하임 강동구 길동
강동구,명일동,명일우성,명일우성,우성아파트,서울 강동구 명일동 42,서울 강동구 고덕로62길 76,37.5511352619284,127.15229535799152,3,명일우성 강동구 명일동
강동구,천호동,이연아마빌레(293-8),이연아마빌레,이연아마빌레아파트,서울 강동구 천호동 293-8,서울 강동구 구천면로 297-5,37.54681126890913,127.13378712959316,3,이연아마빌레 강동구 천호동
강동구,천호동,대명사이버아파트,대명사이버아파트,대명사이버아파트,서울 강동구 천호동 49-8,서울 강동구 양재대로123길 31,37.54346673532782,127.14002731770996,3,대명사이버아파트 강동구 천호동
강동구,길동,다성이즈빌아파트(388-4),다성이즈빌아파트,다성이즈빌아파트,서울 강동구 길동 481,서울 강동구 천중로40길 22,37.5399927327195,127.138286232645,3,다성이즈빌아파트 강동구 길동
강동구,성내동,태천해오름(412-1),태천해오름,태천해오름아파트(412-1번지),서울 강동구 성내동 412-1,서울 강동구 풍성로53길 12-18,37.52968723870765,127.1350462701804,3,태천해오름 강동구 성내동
강동구,성내동,경보그레이스힐,경보그레이스힐,경보그레이스힐아파트,서울 강동구 성내동 596,서울 강동구 풍성로53길 40,37.5311392500528,127.13539734863454,3,경보그레이스힐 강동구 성내동
강동구,성내동,현대토파즈,현대토파즈,현대토파즈아파트,서울 강동구 성내동 468,서울 강동구 강동대로 171,37.525471590010746,127.12595336221632,3,현대토파즈 강동구 성내동
강동구,성내동,한솔애리즈,한솔애리즈,한솔애리즈8차아파트,서울 강동구 성내동 405-9,서울 강동구 양재대로95길 60,37.53108705692965,127.13375903834604,3,한솔애리즈 강동구 성내동
강동구,성내동,다성이즈빌아파트,다성이즈빌아파트,다성이즈빌아파트,서울 강동구 성내동 423-64,서울 강동구 풍성로52길 45,37.52792763608267,127.13180979425591,3,다성이즈빌아파트 강동구 성내동
강동구,천호동,평대미진아파트,평대미진아파트,평대미진아파트,서울 강동구 천호동 22-17,서울 강동구 상암로41길 79,37.54978334691514,127.14102592992096,3,평대미진아파트 강동구 천호동
강동구,명일동,삼익그린11차,삼익그린11차,삼익그린11차아파트,서울 강동구 명일동 38,서울 강동구 명일로 376,37.55180792958618,127.15048151597054,3,삼익그린11차 강동구 명일동
강동구,암사동,한강리치팰리스,한강리치팰리스,한강리치팰리스아파트,서울 강동구 암사동 516-2,서울 강동구 선사로 138,37.550600058824465,127.12378889944765,3,한강리치팰리스 강동구 암사동
강동구,천호동,태천와이드빌,태천와이드빌,태천와이드빌아파트,서울 강동구 천호동 302-3,서울 강동구 천중로17길 42-10,37.54636700783451,127.13144166972285,3,태천와이드빌 강동구 천호동
강동구,명일동,명일지에스아파트,명일지에스아파트,명일지에스아파트,서울 강동구 명일동 332,서울 강동구 상암로51길 61,37.54907606137452,127.1462131499156,3,명일지에스아파트 강동구 명일동
강동구,길동,신암,신암,신암아파트,서울 강동구 길동 373-7,서울 강동구 성안로 192,37.5399656272757,127.13680391928575,3,신암 강동구 길동
강동구,둔촌동,현대2,현대2,2차현대아파트 상가,서울 강동구 둔촌동 70-5,서울 강동구 풍성로65길 36,37.5295334523074,127.140213959049,3,현대2 강동구 둔촌동
강동구,암사동,현대홈타운,현대홈타운,강동현대홈타운아파트,서울 강동구 암사동 400,서울 강동구 고덕로27길 36,37.556410512934974,127.13846256137452,3,현대홈타운 강동구 암사동
강동구,명일동,에스엠해그린,에스엠해그린,에스엠해그린아파트,서울 강동구 명일동 357,서울 강동구 상암로 210-32,37.54530154418081,127.14567506700148,3,에스엠해그린 강동구 명일동
강동구,성내동,이안강동,이안강동,이안강동아파트,서울 강동구 성내동 25-1,서울 강동구 천호대로162길 34,37.5355372309563,127.12794690080284,3,이안강동 강동구 성내동
강동구,암사동,영진해가든(2동),영진해가든,해가든아파트,서울 강동구 암사동 485-1,서울 강동구 구천면로47가길 14-36,37.550087024340456,127.13402836803648,3,영진해가든 강동구 암사동
강동구,천호동,즈믄촌,즈믄촌,즈믄촌아파트,서울 강동구 천호동 334,서울 강동구 올림픽로79길 7,37.54348774270702,127.12448888502146,3,즈믄촌 강동구 천호동
강동구,성내동,우림루미아트,우림루미아트,우림루미아트아파트,서울 강동구 성내동 599,서울 강동구 양재대로101길 46,37.53290533717899,127.13528740208244,3,우림루미아트 강동구 성내동
강동구,명일동,태천해오름103동,태천해오름,태천해오름아파트,서울 강동구 명일동 355,서울 강동구 천중로49길 101,37.54522861131699,127.14416766298618,3,태천해오름 강동구 명일동
강동구,명일동,형인허브빌,형인허브빌,형인허브빌아파트,서울 강동구 명일동 354,서울 강동구 상암로49길 13,37.54705460980307,127.14443371210072,3,형인허브빌 강동구 명일동
강동구,성내동,백룡도원,백룡도원,백룡도원아파트,서울 강동구 성내동 444,서울 강동구 양재대로85길 55,37.52469869153123,127.13159030346208,3,백룡도원 강동구 성내동
강동구,천호동,새롬트윈스아파트(B동),새롬트윈스아파트,새롬트윈스아파트,서울 강동구 천호동 39-7,서울 강동구 상암로 154-1,37.54563680685618,127.13963305896615,3,새롬트윈스아파트 강동구 천호동
강동구,천호동,천호네스빌,천호네스빌,천호네스빌아파트,서울 강동구 천호동 170-2,서울 강동구 성안로25길 40,37.53870970259255,127.13359614259473,3,천호네스빌 강동구 천호동
강동구,천호동,새롬트윈스아파트(A동),새롬트윈스아파트,새롬트윈스아파트,서울 강동구 천호동 39-7,서울 강동구 상암로 154-1,37.54563680685618,127.13963305896615,3,새롬트윈스아파트 강동구 천호동
강동구,고덕동,대우,대우,대우아파트,서울 강동구 고덕동 470,서울 강동구 양재대로 1716,37.55880660256336,127.14493626957642,3,대우 강동구 고덕동
강동구,고덕동,고덕그라시움,고덕그라시움,고덕그라시움아파트,서울 강동구 고덕동 693,서울 강동구 고덕로 333,37.55754060136432,127.16363056171647,3,고덕그라시움 강동구 고덕동
강동구,상일동,동아,동아,상일동아아파트,서울 강동구 상일동 473,서울 강동구 상암로81길 7,37.54614478403841,127.16748927218867,3,동아 강동구 상일동
강동구,천호동,브라운스톤암사아파트,브라운스톤암사아파트,브라운스톤암사아파트,서울 강동구 천호동 288-29,서울 강동구 올림픽로92길 61,37.54871944794687,127.12905126904576,3,브라운스톤암사아파트 강동구 천호동
강동구,성내동,올림픽파크힐,올림픽파크힐,올림픽파크힐아파트,서울 강동구 성내동 446-17,서울 강동구 성안로 18,37.525390002831166,127.12974187720846,3,올림픽파크힐 강동구 성내동
강동구,천호동,천호엘크루,천호엘크루,천호엘크루아파트,서울 강동구 천호동 427-3,서울 강동구 올림픽로 660,37.540161221404595,127.12451956225628,3,천호엘크루 강동구 천호동
강동구,성내동,갑지하이린,갑지하이린,갑지하이린아파트,서울 강동구 성내동 443-21,서울 강동구 강동대로53길 32,37.52422586760234,127.13221619158662,3,갑지하이린 강동구 성내동
강동구,암사동,한강포스파크,한강포스파크,한강포스파크아파트,서울 강동구 암사동 445,서울 강동구 고덕로19길 30,37.55623879033133,127.1342430992978,3,한강포스파크 강동구 암사동
강동구,명일동,삼환,삼환,명일삼환아파트,서울 강동구 명일동 47,서울 강동구 고덕로62길 29,37.55369571976989,127.15382158116016,3,삼환 강동구 명일동
강동구,길동,다성이즈빌(387-2),다성이즈빌,다성이즈빌(416-17),서울 강동구 길동 416-17,서울 강동구 천호대로173길 39,37.5369627981921,127.135848012598,3,다성이즈빌 강동구 길동
강동구,둔촌동,둔촌하이츠,둔촌하이츠,둔촌하이츠아파트,서울 강동구 둔촌동 545,서울 강동구 명일로 113,37.52952723307251,127.1423996981354,3,둔촌하이츠 강동구 둔촌동
강동구,길동,현대1,현대1,현대웰하임1단지,서울 강동구 길동 343-1,서울 강동구 천중로53길 6,37.54106530086004,127.14546994094736,3,현대1 강동구 길동
강동구,암사동,대원,대원,대원아파트,서울 강동구 암사동 461,서울 강동구 고덕로 52,37.55433199772501,127.1304767233752,3,대원 강동구 암사동
강동구,성내동,용명브릿지2차,용명브릿지2차,천호 용명브릿지2차아파트 전기차충전소,서울 강동구 성내동 378-6,서울 강동구 천호대로 1132-18,37.5335298829056,127.136719753108,3,용명브릿지2차 강동구 성내동
강동구,둔촌동,라이프101동(544)102동(544-1),라이프101동,라이프아파트 101동,서울 강동구 둔촌동 544,서울 강동구 풍성로65길 29,37.52944231159084,127.13957118750064,3,라이프101동 강동구 둔촌동
강동구,강일동,강일리버파크9단지,강일리버파크9단지,강일리버파크9단지아파트,서울 강동구 강일동 699,서울 강동구 고덕로97길 29,37.55985202836761,127.17890245172497,3,강일리버파크9단지 강동구 강일동
강동구,성내동,한솔브리즈(199-4),한솔브리즈,한솔브리즈아파트,서울 강동구 성내동 594,서울 강동구 양재대로81길 90,37.52488526129799,127.12990616866831,3,한솔브리즈 강동구 성내동
강동구,성내동,광남캐스빌(435-7),광남캐스빌,광남캐스빌아파트,서울 강동구 성내동 510-1,서울 강동구 풍성로 147-14,37.53172307337042,127.1289801179771,3,광남캐스빌 강동구 성내동
강동구,천호동,우정에쉐르(102동),우정에쉐르,우정에쉐르아파트,서울 강동구 천호동 163-34,서울 강동구 진황도로31길 6,37.53795324794897,127.13325535251276,3,우정에쉐르 강동구 천호동
강동구,성내동,한솔애리즈501동,한솔애리즈,한솔애리즈8차아파트,서울 강동구 성내동 405-9,서울 강동구 양재대로95길 60,37.53108705692965,127.13375903834604,3,한솔애리즈 강동구 성내동
강동구,상일동,중앙하이츠,중앙하이츠,명일중앙하이츠아파트,서울 강동구 상일동 476,서울 강동구 구천면로 557,37.55064961794943,127.15979953863706,3,중앙하이츠 강동구 상일동
강동구,성내동,신성,신성,신성금속,서울 강동구 성내동 381-27,서울 강동구 천호대로174길 41-4,37.532927106409,127.134371013567,3,신성 강동구 성내동
강동구,천호동,금호아파트,금호아파트,금호아파트,서울 강동구 천호동 44,서울 강동구 양재대로 1557,37.544815650311186,127.14218887999928,3,금호아파트 강동구 천호동
강동구,천호동,고려아파트(B동),고려아파트,고려아파트,서울 강동구 천호동 22-6,서울 강동구 상암로41길 89-8,37.550194932936606,127.14116816205586,3,고려아파트 강동구 천호동
강동구,성내동,동방,동방,동방아파트,서울 강동구 성내동 407-2,서울 강동구 양재대로95길 74,37.53137255476418,127.13306715040886,3,동방 강동구 성내동
강동구,강일동,고덕리엔파크2단지,고덕리엔파크2단지,고덕리엔파크2단지아파트,서울 강동구 강일동 717,서울 강동구 고덕로 427,37.55879738390321,127.1731810312974,3,고덕리엔파크2단지 강동구 강일동
강동구,천호동,천호태영아파트,천호태영아파트,천호태영아파트,서울 강동구 천호동 566,서울 강동구 천호대로 1055,37.5381551145525,127.12998349640708,3,천호태영아파트 강동구 천호동
강동구,천호동,두산위브센티움,두산위브센티움,두산위브센티움오피스텔,서울 강동구 천호동 414,서울 강동구 올림픽로70길 61,37.53941706613982,127.12699176310136,3,두산위브센티움 강동구 천호동
강동구,둔촌동,현대4,현대4,현대 4동,서울 강동구 상일동 172,서울 강동구 상암로 309,37.54689152279582,127.15713903826187,2,현대4 강동구 둔촌동
강동구,둔촌동,신동아파밀리에,신동아파밀리에,둔촌신동아파밀리에아파트,서울 강동구 둔촌동 555,서울 강동구 양재대로96길 79,37.529138839794776,127.14170205737636,3,신동아파밀리에 강동구 둔촌동
강동구,성내동,광남캐스빌(443-26),광남캐스빌,광남캐스빌아파트,서울 강동구 성내동 510-1,서울 강동구 풍성로 147-14,37.53172307337042,127.1289801179771,3,광남캐스빌 강동구 성내동
강동구,성내동,한독,한독,한독아파트,서울 강동구 성내동 435-2,서울 강동구 성내로18길 9,37.52637795775725,127.12932500959104,3,한독 강동구 성내동
강동구,성내동,집앤사비디아파트,집앤사비디아파트,다나와리얼티부동산중개법인,서울 강동구 성내동 545-7,서울 강동구 성내로 81,37.5273730671856,127.128955658286,3,집앤사비디아파트 강동구 성내동
강동구,둔촌동,KNP이스트빌,KNP이스트빌,KnP이스트빌아파트,서울 강동구 둔촌동 62,서울 강동구 진황도로 151-5,37.53275715251793,127.14179036286072,3,KNP이스트빌 강동구 둔촌동
강동구,성내동,영풍마드레빌,영풍마드레빌,영풍마드레빌아파트,서울 강동구 성내동 593,서울 강동구 성내로6다길 15,37.52716663262174,127.12314491793776,3,영풍마드레빌 강동구 성내동
강동구,성내동,대은팰리스뷰,대은팰리스뷰,대은팰리스뷰아파트,서울 강동구 성내동 454-15,서울 강동구 성내로6길 42-20,37.52845185027865,127.12102466512933,3,대은팰리스뷰 강동구 성내동
강동구,성내동,한솔애리즈(438-56),한솔애리즈,한솔애리즈8차아파트,서울 강동구 성내동 405-9,서울 강동구 양재대로95길 60,37.53108705692965,127.13375903834604,3,한솔애리즈 강동구 성내동
강동구,암사동,에스엠해그린,에스엠해그린,에스엠해그린아파트,서울 강동구 명일동 357,서울 강동구 상암로 210-32,37.54530154418081,127.14567506700148,2,에스엠해그린 강동구 암사동
강동구,천호동,강변그대가갤럭시,강변그대가갤럭시,강변그대가갤럭시아파트,서울 강동구 천호동 570,서울 강동구 올림픽로89길 55,37.5466395752889,127.12263377627674,3,강변그대가갤럭시 강동구 천호동
강동구,강일동,고덕리엔파크1단지,고덕리엔파크1단지,고덕리엔파크1단지아파트,서울 강동구 강일동 707,서울 강동구 상일로 152,37.56080444481549,127.1709537409476,3,고덕리엔파크1단지 강동구 강일동
강동구,길동,골드빌4차,골드빌4차,한빛아파트,서울 강동구 길동 384-1,서울 강동구 성안로 176,37.5382490177698,127.136202234008,3,골드빌4차 강동구 길동
강동구,천호동,태천아파트,태천아파트,태천와이드빌아파트,서울 강동구 천호동 302-3,서울 강동구 천중로17길 42-10,37.54636700783451,127.13144166972285,3,태천아파트 강동구 천호동
강동구,천호동,하이브2,하이브2,하이브2,서울 강동구 천호동 164-70,서울 강동구 천호대로167길 26,37.5371937143488,127.13324721219333,3,하이브2 강동구 천호동
강동구,천호동,그랜드밸리아파트,그랜드밸리아파트,그랜드밸리아파트,서울 강동구 천호동 34-1,서울 강동구 양재대로131길 27,37.54660124612542,127.14159139247906,3,그랜드밸리아파트 강동구 천호동
강동구,명일동,동은,동은,동은아파트,서울 강동구 명일동 343-10,서울 강동구 상암로49길 12-8,37.54692004711319,127.14542360572509,3,동은 강동구 명일동
강동구,성내동,성내3차e-편한세상,성내3차e-편한세상,e편한세상3차아파트,서울 강동구 성내동 600,서울 강동구 천호대로162길 35,37.535273608841806,127.128435227274,3,성내3차e-편한세상 강동구 성내동
강동구,천호동,삼익아파트,삼익아파트,삼익아파트,서울 강동구 천호동 288-5,서울 강동구 상암로12길 13,37.548575920328894,127.12847162757656,3,삼익아파트 강동구 천호동
강동구,길동,예다움,예다움,예다움아파트,서울 강동구 길동 347-27,서울 강동구 천중로49길 11,37.54155339238208,127.14272128929832,3,예다움 강동구 길동
강동구,천호동,형인허브빌,형인허브빌,형인허브빌아파트,서울 강동구 천호동 27-41,서울 강동구 상암로41길 61,37.54890043584992,127.14096994805055,3,형인허브빌 강동구 천호동
강동구,길동,하이브,하이브,하이브아파트,서울 강동구 길동 456-2,서울 강동구 진황도로 100,37.5355807904435,127.13729713346336,3,하이브 강동구 길동
강동구,천호동,다성이즈빌아파트(55-25),다성이즈빌아파트,다성이즈빌아파트,서울 강동구 천호동 55-25,서울 강동구 천중로 177,37.5414230594634,127.14020453887451,3,다성이즈빌아파트 강동구 천호동
강동구,암사동,동원베네스트,동원베네스트,동원베네스트아파트,서울 강동구 암사동 670,서울 강동구 고덕로 52-11,37.55410513451745,127.13112027228112,3,동원베네스트 강동구 암사동
강동구,길동,광남아파트102동,광남아파트,광남벨라스아파트,서울 강동구 길동 385-3,서울 강동구 천중로38가길 53,37.538201574921125,127.13671357308498,3,광남아파트 강동구 길동
강동구,길동,장인이즈빌,장인이즈빌,장인이즈빌아파트,서울 강동구 길동 475,서울 강동구 천중로50길 11-12,37.54008942211051,127.14333856108904,3,장인이즈빌 강동구 길동
강동구,천호동,다성씨티아파트(340-6),다성씨티아파트,다성씨티아파트,서울 강동구 천호동 53-9,서울 강동구 천중로39길 33,37.54264233211499,127.139256329232,3,다성씨티아파트 강동구 천호동
강동구,성내동,삼성파크타워,삼성파크타워,삼성파크타워아파트,서울 강동구 성내동 459-9,서울 강동구 강동대로 143,37.52675562558467,127.1232890486195,3,삼성파크타워 강동구 성내동
강동구,길동,한건,한건,한건아파트,서울 강동구 길동 237,서울 강동구 진황도로49길 34,37.534465303803415,127.14191126398364,3,한건 강동구 길동
강동구,성내동,다성이즈빌,다성이즈빌,다성이즈빌(551-4),서울 강동구 성내동 551-4,서울 강동구 성내로8길 22,37.5287130274972,127.122879335145,3,다성이즈빌 강동구 성내동
강동구,암사동,한건브리앙,한건브리앙,한건브리앙아파트,서울 강동구 암사동 497-6,서울 강동구 암사1길 9,37.5511870349931,127.13009665848752,3,한건브리앙 강동구 암사동
강동구,성내동,한솔애리즈1,한솔애리즈1,한솔애리즈5차아파트,서울 강동구 성내동 438-56,서울 강동구 강동대로53길 66,37.52576866491033,127.13276758724824,3,한솔애리즈1 강동구 성내동
강동구,성내동,한솔애리즈2차,한솔애리즈2차,한솔애리즈2차아파트,서울 강동구 성내동 597,서울 강동구 풍성로54길 7,37.52896739373024,127.1342077862873,3,한솔애리즈2차 강동구 성내동
강동구,천호동,강동상떼빌,강동상떼빌,강동상떼빌오피스텔,서울 강동구 천호동 450,서울 강동구 천호대로 1065,37.53701397074891,127.13041712548596,3,강동상떼빌 강동구 천호동
강동구,둔촌동,암펠로스타워,암펠로스타워,둔촌동암펠로스타워아파트,서울 강동구 둔촌동 556,서울 강동구 명일로 110,37.52886327750476,127.14307723448746,3,암펠로스타워 강동구 둔촌동
강동구,천호동,다성이즈빌(320),다성이즈빌,다성이즈빌,서울 강동구 천호동 167-54,서울 강동구 성안로27길 61,37.53991071469973,127.13281528884092,3,다성이즈빌 강동구 천호동
강동구,성내동,동아2,동아2,신동아아파트 2동,서울 강동구 명일동 44,서울 강동구 고덕로 240,37.55385476997299,127.1513627055715,2,동아2 강동구
강동구,길동,광남아파트101동,광남아파트,광남벨라스아파트,서울 강동구 길동 385-3,서울 강동구 천중로38가길 53,37.538201574921125,127.13671357308498,3,광남아파트 강동구 길동
강동구,둔촌동,현대3,현대3,강동 둔촌현대3차 전기차충전소,서울 강동구 둔촌동 135-1,서울 강동구 진황도로 211,37.52744423462524,127.14452938810804,3,현대3 강동구 둔촌동
강동구,천호동,집앤사스윗사이드아파트,집앤사스윗사이드아파트,카스텔리 천호엠티비,서울 강동구 천호동 328-1,서울 강동구 천중로 6,37.54580379511357,127.12229972052592,3,집앤사스윗사이드아파트 강동구 천호동
강동구,명일동,다성이즈빌(346-12),다성이즈빌,다성이즈빌,서울 강동구 명일동 312-10,서울 강동구 고덕로38길 33-9,37.55311617582524,127.14323901980184,3,다성이즈빌 강동구 명일동
강동구,길동,에이치비골드빌(102동),에이치비골드빌,골드빌공인중개사사무소,서울 강동구 길동 384-5,서울 강동구 성안로 170,37.5379898328853,127.135939261805,3,에이치비골드빌 강동구 길동
강동구,성내동,중앙하이츠,중앙하이츠,중앙하이츠아파트,서울 강동구 성내동 410-2,서울 강동구 양재대로95길 53,37.53044580684183,127.13352709681516,3,중앙하이츠 강동구 성내동
강동구,둔촌동,청원파크빌,청원파크빌,둔촌청원아파트,서울 강동구 둔촌동 90,서울 강동구 명일로 143,37.531803813370466,127.14334985605008,3,청원파크빌 강동구 둔촌동
강동구,둔촌동,동아,동아,동아아파트,서울 강동구 둔촌동 621,서울 강동구 동남로49길 60-5,37.53325963427039,127.14571839418012,3,동아 강동구 둔촌동
강동구,성내동,일심,일심,일심아파트,서울 강동구 성내동 396-10,서울 강동구 풍성로55길 52,37.53141215432975,127.13626673373268,3,일심 강동구 성내동
강동구,천호동,천호2차이룸아파트,천호2차이룸아파트,천호2차이룸아파트,서울 강동구 천호동 52-6,서울 강동구 양재대로121길 25-6,37.542263065215465,127.13997301598556,3,천호2차이룸아파트 강동구 천호동
강동구,성내동,새한올림픽,새한올림픽,새한올림픽아파트,서울 강동구 성내동 467-1,서울 강동구 성내로6다길 115,37.52529140559042,127.1276171679884,3,새한올림픽 강동구 성내동
강동구,성내동,샤인빌(B동),샤인빌,샤인빌20차,서울 강동구 성내동 77-19,서울 강동구 올림픽로62길 5-22,37.537298691456385,127.1237137295702,3,샤인빌 강동구 성내동
강동구,둔촌동,동호리츠빌,동호리츠빌,동호리츠빌아파트,서울 강동구 둔촌동 61-12,서울 강동구 천호대로188길 26,37.53292505586972,127.14302163551233,3,동호리츠빌 강동구 둔촌동
강동구,성내동,동아1,동아1,동아1차아파트,서울 강동구 성내동 419-13,서울 강동구 풍성로54길 12-11,37.52884987964355,127.1329540611932,3,동아1 강동구 성내동
강동구,둔촌동,세양청마루,세양청마루,세양청마루아파트,서울 강동구 둔촌동 426,서울 강동구 천호대로 1162,37.533295592100245,127.1405830492809,3,세양청마루 강동구 둔촌동
강동구,천호동,천호2차우림루미아트,천호2차우림루미아트,천호2차우림루미아트아파트,서울 강동구 천호동 50,서울 강동구 양재대로121길 22,37.543065955815464,127.14064665507463,3,천호2차우림루미아트 강동구 천호동
강동구,성내동,아이퍼스트빌,아이퍼스트빌,아이퍼스트빌,서울 강동구 성내동 199-18,서울 강동구 천호대로174길 16,37.534267614429275,127.1345295535848,3,아이퍼스트빌 강동구 성내동
강동구,길동,다성이즈텔,다성이즈텔,다성이즈텔아파트,서울 강동구 길동 416-3,서울 강동구 성안로 162,37.53742795891458,127.13563501043328,3,다성이즈텔 강동구 길동
강동구,천호동,다성씨티아파트,다성씨티아파트,다성씨티아파트,서울 강동구 천호동 53-9,서울 강동구 천중로39길 33,37.54264233211499,127.139256329232,3,다성씨티아파트 강동구 천호동
강동구,둔촌동,아인리베,아인리베,아인리베아파트,서울 강동구 둔촌동 488,서울 강동구 양재대로 1404-10,37.53099515793086,127.13844724330497,3,아인리베 강동구 둔촌동
강동구,길동,예전이룸2차,예전이룸2차,길동예전이룸2차아파트,서울 강동구 길동 337-19,서울 강동구 양재대로122가길 14,37.542656108597384,127.14280938831467,3,예전이룸2차 강동구 길동
강동구,암사동,아키스,아키스,아키스오피스텔,서울 강동구 암사동 487-37,서울 강동구 구천면로 335,37.54927434808903,127.136368274848,3,아키스 강동구 암사동
강동구,암사동,암사동한솔,암사동한솔,암사한솔아파트,서울 강동구 암사동 419,서울 강동구 암사19길 25,37.552076347954575,127.14030144736682,3,암사동한솔 강동구 암사동
강동구,성내동,비앤비(101동),비앤비,비앤비아파트,서울 강동구 성내동 386,서울 강동구 천호대로174길 49,37.53270474244176,127.13420995738538,3,비앤비 강동구 성내동
강동구,둔촌동,율전에버그린,율전에버그린,율전에버그린아파트,서울 강동구 둔촌동 104-3,서울 강동구 풍성로73길 17,37.52680802024435,127.14608143533222,3,율전에버그린 강동구 둔촌동
강동구,성내동,드림스빌,드림스빌,드림스빌아파트,서울 강동구 성내동 508-2,서울 강동구 성안로13길 60,37.53228513227362,127.12913155978396,3,드림스빌 강동구 성내동
강동구,암사동,내일쎄닛빌,내일쎄닛빌,동진아파트,서울 강동구 암사동 466-3,서울 강동구 고덕로20나길 49,37.55359376564636,127.13076175764434,3,내일쎄닛빌 강동구 암사동
강동구,길동,길동3차이룸,길동3차이룸,길동이룸3차아파트,서울 강동구 길동 146-1,서울 강동구 천호대로193길 26,37.536317521098454,127.14507376412128,3,길동3차이룸 강동구 길동
강동구,암사동,메이저(474-21),메이저,메이저아파트,서울 강동구 암사동 474-21,서울 강동구 암사13길 7,37.55236199400309,127.13643161645405,3,메이저 강동구 암사동
강동구,명일동,고덕삼환아파트,고덕삼환아파트,고덕삼환아파트,서울 강동구 명일동 41,서울 강동구 고덕로62길 126,37.54948882557538,127.15183935105144,3,고덕삼환아파트 강동구 명일동
강동구,길동,에스엠이로빌,에스엠이로빌,에스엠이로빌아파트,서울 강동구 길동 379,서울 강동구 천중로42길 53,37.53863861494033,127.13898185421075,3,에스엠이로빌 강동구 길동
강동구,암사동,신동아빌라트,신동아빌라트,신동아빌라트,서울 강동구 암사동 450-10,서울 강동구 고덕로27길 33-27,37.556152579682184,127.13713115388092,3,신동아빌라트 강동구 암사동
강동구,길동,신동아4,신동아4,길동신동아4차아파트,서울 강동구 길동 92,서울 강동구 명일로 260,37.54150065027357,127.14751431512092,3,신동아4 강동구 길동
강동구,성내동,동일상가,동일상가,동일아파트,서울 강동구 성내동 416-11,서울 강동구 풍성로56길 15,37.52835821704886,127.135085733139,3,동일상가 강동구 성내동
강동구,천호동,동성아파트,동성아파트,천호동동성아파트,서울 강동구 천호동 35-8,서울 강동구 상암로41길 13,37.546752336873695,127.14107001009155,3,동성아파트 강동구 천호동
강동구,천호동,골드하임(101동),골드하임,골드하임아파트,서울 강동구 천호동 54-13,서울 강동구 천중로35가길 15,37.54187222752611,127.13827725712632,3,골드하임 강동구 천호동
강동구,성내동,몽촌토성,몽촌토성,몽촌토성맨숀,서울 강동구 성내동 460,서울 강동구 성내로6다길 42,37.52654057084341,127.1238780999413,3,몽촌토성 강동구 성내동
강동구,천호동,우정에쉐르(101동),우정에쉐르,우정에쉐르아파트,서울 강동구 천호동 163-34,서울 강동구 진황도로31길 6,37.53795324794897,127.13325535251276,3,우정에쉐르 강동구 천호동
강동구,암사동,양지벨로스,양지벨로스,양지벨로스,서울 강동구 암사동 456-46,서울 강동구 고덕로20가길 14-6,37.5536849523825,127.134605191052,3,양지벨로스 강동구 암사동
강동구,명일동,KNP,KNP,KNP아파트,서울 강동구 명일동 336-12,서울 강동구 상암로47길 38,37.548233156819045,127.14439977414,3,KNP 강동구 명일동
강동구,길동,청광플러스원큐브3차,청광플러스원큐브3차,청광플러스원큐브3차,서울 강동구 길동 415-16,서울 강동구 진황도로 87,37.53640996494821,127.136299587728,3,청광플러스원큐브3차 강동구 길동
강동구,명일동,다성씨티(1차),다성씨티,다성시티빌2차아파트,서울 강동구 명일동 352-5,서울 강동구 양재대로130길 26,37.54573617261623,127.14465974868504,3,다성씨티 강동구 명일동
강동구,천호동,율전에버그린아파트,율전에버그린아파트,율전에버그린아파트,서울 강동구 천호동 54-7,서울 강동구 천중로39길 19,37.54198487763179,127.1390231429192,3,율전에버그린아파트 강동구 천호동
강동구,성내동,운암화인빌,운암화인빌,운암화인빌102동아파트,서울 강동구 성내동 466-1,서울 강동구 성내로6가길 110,37.52573107402253,127.12763601748708,3,운암화인빌 강동구 성내동
강동구,성내동,우성(101동),우성,우성아파트,서울 강동구 성내동 386-83,서울 강동구 양재대로101길 51-18,37.53231630397273,127.13430429752586,3,우성 강동구 성내동
강동구,천호동,평대보민아파트,평대보민아파트,평대보민아파트,서울 강동구 천호동 26-12,서울 강동구 구천면로68길 38,37.54891652640397,127.14257689854854,3,평대보민아파트 강동구 천호동
강동구,암사동,한솔솔파크,한솔솔파크,한솔솔파크더리버아파트,서울 강동구 암사동 518,서울 강동구 선사로 120,37.54963351613407,127.12357115676716,3,한솔솔파크 강동구 암사동
강동구,둔촌동,초원동아,초원동아,동아아파트,서울 강동구 둔촌동 621,서울 강동구 동남로49길 60-5,37.53325963427039,127.14571839418012,3,초원동아 강동구 둔촌동
강동구,암사동,경지리버캐슬,경지리버캐슬,경지리버캐슬아파트,서울 강동구 암사동 510-10,서울 강동구 상암로4가길 48,37.55112689342565,127.1240262892912,3,경지리버캐슬 강동구 암사동
강동구,명일동,명일진로,명일진로,고덕복합빌딩아파트,서울 강동구 명일동 47-12,서울 강동구 동남로73길 26,37.55324396831153,127.15478033359418,3,명일진로 강동구 명일동
강동구,둔촌동,광남아파트102동,광남아파트,광남아파트,서울 강동구 둔촌동 518-2,서울 강동구 풍성로61길 10,37.52899936584591,127.13774099668616,3,광남아파트 강동구 둔촌동
강동구,길동,형인허브빌아파트,형인허브빌아파트,형인허브빌아파트,서울 강동구 길동 100,서울 강동구 천호대로197길 84,37.53972360144934,127.14773711313636,3,형인허브빌아파트 강동구 길동
강동구,천호동,신동양빛여울아파트,신동양빛여울아파트,신동양빛여울아파트,서울 강동구 천호동 35-4,서울 강동구 상암로41가길 11,37.54695550251824,127.14070035834663,3,신동양빛여울아파트 강동구 천호동
강동구,성내동,강동다온채,강동다온채,강동다온채아파트,서울 강동구 성내동 447-2,서울 강동구 성안로 11-10,37.5254232739761,127.128979452699,3,강동다온채 강동구 성내동
강동구,성내동,한솔애리즈3차,한솔애리즈3차,한솔에리즈3차아파트,서울 강동구 성내동 420-2,서울 강동구 성안로 66,37.529381041448566,127.1317286326466,3,한솔애리즈3차 강동구 성내동
강동구,천호동,SM이로빌아파트,SM이로빌아파트,sm이로빌아파트,서울 강동구 천호동 52-3,서울 강동구 천중로39길 22,37.54201133505626,127.13950861824232,3,SM이로빌아파트 강동구 천호동
강동구,명일동,명일동다성이즈빌아파트,명일동다성이즈빌아파트,명일동다성이즈빌아파트,서울 강동구 명일동 358,서울 강동구 암사길 109,37.55115311964851,127.14081123058044,3,명일동다성이즈빌아파트 강동구 명일동
강동구,천호동,현진에스페랑스,현진에스페랑스,현진에스페랑스아파트,서울 강동구 천호동 166-109,서울 강동구 천호대로163길 33,37.53809279671996,127.13093382344292,3,현진에스페랑스 강동구 천호동
강동구,암사동,효정하나플러스,효정하나플러스,효정하나플러스아파트,서울 강동구 암사동 672,서울 강동구 구천면로47길 69-18,37.551427438799784,127.1342661560754,3,효정하나플러스 강동구 암사동
강동구,암사동,정산(101동),정산,정산아파트,서울 강동구 암사동 441-10,서울 강동구 고덕로 47,37.555182594908295,127.13042614685077,3,정산 강동구 암사동
강동구,성내동,탑건위너빌,탑건위너빌,탑건위너빌,서울 강동구 성내동 561-1,서울 강동구 성안로3길 96-10,37.52803497979399,127.12506732443052,3,탑건위너빌 강동구 성내동
강동구,길동,청광플러스원(큐브1차),청광플러스원,청광플러스원큐브3차,서울 강동구 길동 415-16,서울 강동구 진황도로 87,37.53640996494821,127.136299587728,3,청광플러스원 강동구 길동
강동구,성내동,해가든,해가든,해가든아파트,서울 강동구 성내동 387-48,서울 강동구 양재대로101길 5,37.5325117650779,127.13748497435984,3,해가든 강동구 성내동
강동구,성내동,한솔브리즈,한솔브리즈,한솔브리즈아파트,서울 강동구 성내동 594,서울 강동구 양재대로81길 90,37.52488526129799,127.12990616866831,3,한솔브리즈 강동구 성내동
강동구,길동,다성이즈빌(주상복합),다성이즈빌,다성이즈빌(416-17),서울 강동구 길동 416-17,서울 강동구 천호대로173길 39,37.5369627981921,127.135848012598,3,다성이즈빌 강동구 길동
강동구,길동,SM해그린12차,SM해그린12차,SM해그린12차아파트,서울 강동구 길동 97-6,서울 강동구 천중로56길 13,37.5400030012832,127.14621692955384,3,SM해그린12차 강동구 길동
강동구,상일동,고덕센트럴IPARK,고덕센트럴IPARK,고덕센트럴아이파크아파트,서울 강동구 상일동 513,서울 강동구 고덕로80길 99,37.551954493737526,127.16679836775783,3,고덕센트럴IPARK 강동구 상일동
강동구,성내동,신일유토빌(603-0),신일유토빌,신일유토빌아파트,서울 강동구 성내동 603,서울 강동구 양재대로81길 16,37.52316230010543,127.13336026581926,3,신일유토빌 강동구 성내동
강동구,둔촌동,성원,성원,성원아파트,서울 강동구 둔촌동 613,서울 강동구 명일로12길 56,37.53286861368455,127.1478819850746,3,성원 강동구 둔촌동
강동구,천호동,천호KNP아파트,천호KNP아파트,제8차KNP아파트,서울 강동구 천호동 33-7,서울 강동구 양재대로131가길 19,37.547698689293725,127.14156857273314,3,천호KNP아파트 강동구 천호동
강동구,명일동,우성102동,우성,우성아파트,서울 강동구 명일동 42,서울 강동구 고덕로62길 76,37.5511352619284,127.15229535799152,3,우성 강동구 명일동
강동구,길동,노블레스(383-8),노블레스,노블레스,서울 강동구 길동 383-16,서울 강동구 양재대로113길 60,37.53878006518648,127.13667163298808,3,노블레스 강동구 길동
강동구,성내동,대주그린빌,대주그린빌,대주그린빌아파트,서울 강동구 성내동 420-16,서울 강동구 성안로 67,37.5296410029327,127.131303704923,3,대주그린빌 강동구 성내동
강동구,성내동,스위트빌(435-10),스위트빌,스위트빌,서울 강동구 성내동 382-9,서울 강동구 천호대로174길 40-3,37.53317000961295,127.13390078859489,3,스위트빌 강동구 성내동
강동구,암사동,한양그린,한양그린,한양그린아파트,서울 강동구 암사동 449,서울 강동구 아리수로 64,37.556686357272326,127.13679713359248,3,한양그린 강동구 암사동
강동구,길동,웅주아크로파크,웅주아크로파크,아크로파크2차아파트,서울 강동구 길동 320-9,서울 강동구 양재대로122가길 51,37.5443470232366,127.14302421637822,3,웅주아크로파크 강동구 길동
강동구,길동,동삼빌라트,동삼빌라트,동삼빌라트,서울 강동구 길동 107,서울 강동구 천호대로197길 70,37.53895964081569,127.14766771683963,3,동삼빌라트 강동구 길동
강동구,성내동,광남캐스빌(448-5),광남캐스빌,광남캐스빌아파트,서울 강동구 성내동 510-1,서울 강동구 풍성로 147-14,37.53172307337042,127.1289801179771,3,광남캐스빌 강동구 성내동
강동구,천호동,고려아파트(C동),고려아파트,고려아파트,서울 강동구 천호동 22-6,서울 강동구 상암로41길 89-8,37.550194932936606,127.14116816205586,3,고려아파트 강동구 천호동
강동구,성내동,집앤사비키아파트,집앤사비키아파트,집앤사비키아파트,서울 강동구 성내동 545-8,서울 강동구 성내로 79,37.5274607097621,127.128730678489,3,집앤사비키아파트 강동구 성내동
강동구,성내동,우성(104동),우성,우성아파트,서울 강동구 성내동 386-83,서울 강동구 양재대로101길 51-18,37.53231630397273,127.13430429752586,3,우성 강동구 성내동
강동구,길동,에이스빌(370-3),에이스빌,에이스빌,서울 강동구 길동 347-11,서울 강동구 양재대로 1522-10,37.541566882075195,127.14199487734808,3,에이스빌 강동구 길동
강동구,둔촌동,광남캐스빌101동,광남캐스빌,광남캐스빌아파트,서울 강동구 둔촌동 435-7,서울 강동구 양재대로102길 11,37.53313129402744,127.13932915476796,3,광남캐스빌 강동구 둔촌동
강동구,둔촌동,케이엔피로얄,케이엔피로얄,KNP로얄아파트,서울 강동구 둔촌동 511-2,서울 강동구 풍성로63길 4,37.52849700962821,127.138935883937,3,케이엔피로얄 강동구 둔촌동
강동구,천호동,태천해오름아파트,태천해오름아파트,태천해오름아파트,서울 강동구 천호동 52-17,서울 강동구 천중로43길 17,37.54192897721588,127.14057775906784,3,태천해오름아파트 강동구 천호동
강동구,천호동,천호동이연아마빌레아파트,천호동이연아마빌레아파트,천호이연아마빌레아파트,서울 강동구 천호동 291-50,서울 강동구 천중로21길 61,37.547371234602,127.13259314949084,3,천호동이연아마빌레아파트 강동구 천호동
강동구,명일동,태천해오름101동,태천해오름,태천해오름아파트,서울 강동구 명일동 355,서울 강동구 천중로49길 101,37.54522861131699,127.14416766298618,3,태천해오름 강동구 명일동
강동구,상일동,고덕롯데캐슬베네루체,고덕롯데캐슬베네루체,고덕롯데캐슬베네루체아파트,서울 강동구 상일동 514,서울 강동구 상암로79길 88,37.549312250137085,127.1678007705208,3,고덕롯데캐슬베네루체 강동구 상일동
강동구,암사동,대은팰리스뷰(101),대은팰리스뷰,대은팰리스뷰아파트,서울 강동구 암사동 503-31,서울 강동구 상암로3길 32,37.55198107438609,127.12737861061228,3,대은팰리스뷰 강동구 암사동
강동구,천호동,강동이루미아파트,강동이루미아파트,강동이루미아파트,서울 강동구 천호동 46,서울 강동구 양재대로123길 30,37.543862673987775,127.14044899766547,3,강동이루미아파트 강동구 천호동
강동구,성내동,집앤사베니아파트,집앤사베니아파트,집앤사베니아파트,서울 강동구 성내동 542-1,서울 강동구 성내로 65,37.5280819486058,127.127486163531,3,집앤사베니아파트 강동구 성내동
강동구,암사동,대명,대명,대명아파트,서울 강동구 암사동 447-8,,37.55525676851092,127.1357623826694,3,대명 강동구 암사동
강동구,둔촌동,미랜드퀸아파트102동,미랜드퀸아파트,미랜드퀸아파트,서울 강동구 둔촌동 46-41,서울 강동구 명일로10가길 24,37.53259797901835,127.14524758114696,3,미랜드퀸아파트 강동구 둔촌동
강동구,성내동,해가든(454-1),해가든,해가든아파트,서울 강동구 성내동 387-48,서울 강동구 양재대로101길 5,37.5325117650779,127.13748497435984,3,해가든 강동구 성내동
강동구,성내동,코랜드빌리지,코랜드빌리지,코랜드빌리지아파트,서울 강동구 성내동 465-1,서울 강동구 성안로3길 51,37.52658240910976,127.1269032564285,3,코랜드빌리지 강동구 성내동
강동구,둔촌동,둔촌늘푸른,둔촌늘푸른,둔촌늘푸른아파트,서울 강동구 둔촌동 65-4,서울 강동구 명일로13길 38,37.53352013894448,127.142672037507,3,둔촌늘푸른 강동구 둔촌동
강동구,상일동,고덕아르테온,고덕아르테온,고덕아르테온아파트,서울 강동구 상일동 519,서울 강동구 고덕로 360,37.55500651472703,127.16845975290046,3,고덕아르테온 강동구 상일동
강동구,성내동,오륜아크로빌,오륜아크로빌,오륜아크로빌,서울 강동구 성내동 440-27,서울 강동구 강동대로55길 36,37.52382718450299,127.1334089620176,3,오륜아크로빌 강동구 성내동
강동구,길동,광남캐스빌(247-0),광남캐스빌,광남캐스빌,서울 강동구 길동 124-13,서울 강동구 명일로18길 10,37.53817318229177,127.14685376939688,3,광남캐스빌 강동구 길동
강동구,길동,이편한세상강동에코포레,이편한세상강동에코포레,e편한세상강동에코포레아파트,서울 강동구 길동 477,서울 강동구 천중로 253,37.54124847749881,127.14814859986971,3,이편한세상강동에코포레 강동구 길동
강동구,성내동,센츄럴(438-6),센츄럴,센츄럴아파트,서울 강동구 성내동 438-2,서울 강동구 강동대로53길 58,37.525285932354606,127.13258572742784,3,센츄럴 강동구 성내동
강동구,성내동,중명,중명,중명아파트,서울 강동구 성내동 434-4,서울 강동구 강동대로51길 75,37.52688441680046,127.1308735039194,3,중명 강동구 성내동
강동구,둔촌동,광남아파트101동,광남아파트,광남아파트,서울 강동구 둔촌동 518-2,서울 강동구 풍성로61길 10,37.52899936584591,127.13774099668616,3,광남아파트 강동구 둔촌동
강동구,천호동,리버하임아파트,리버하임아파트,리버하임아파트,서울 강동구 천호동 462-35,서울 강동구 선사로 20,37.54107826769439,127.11945189700876,3,리버하임아파트 강동구 천호동
강동구,길동,SM드림빌,SM드림빌,SM드림빌아파트,서울 강동구 길동 378-1,서울 강동구 양재대로115길 7,37.538565696726465,127.13969228675808,3,SM드림빌 강동구 길동
강동구,성내동,하나플러스,하나플러스,하나플러스아파트,서울 강동구 성내동 448-14,서울 강동구 강동대로51길 12,37.524038211701615,127.13000425066171,3,하나플러스 강동구 성내동
강동구,암사동,삼화그린,삼화그린,삼화그린아파트,서울 강동구 암사동 454-10,서울 강동구 고덕로24가길 4,37.55323854946406,127.13574966793682,3,삼화그린 강동구 암사동
강동구,암사동,힐스테이트 강동 리버뷰,힐스테이트 강동 리버뷰,힐스테이트강동리버뷰아파트,서울 강동구 암사동 675,서울 강동구 올림픽로91길 30,37.54881982042725,127.12537024107174,3,힐스테이트 강동 리버뷰 강동구 암사동
강동구,길동,신세대빌라트,신세대빌라트,신세대빌라트,서울 강동구 길동 351-2,서울 강동구 천중로 220,37.5405635370029,127.144661069649,3,신세대빌라트 강동구 길동
강동구,길동,한솔브리즈,한솔브리즈,한솔브리즈아파트,서울 강동구 길동 415-11,서울 강동구 천호대로173길 50,37.537260386809585,127.13640522970884,3,한솔브리즈 강동구 길동
강동구,길동,광남(355-2),광남,광남벨라스아파트,서울 강동구 길동 385-3,서울 강동구 천중로38가길 53,37.538201574921125,127.13671357308498,3,광남 강동구 길동
강동구,성내동,씨제이나인,씨제이나인,CJ나인파크아파트,서울 강동구 성내동 164-1,서울 강동구 천호대로 1078,37.53582190465769,127.13126928380656,3,씨제이나인 강동구 성내동
강동구,천호동,골드하임(102동),골드하임,골드하임아파트,서울 강동구 천호동 54-13,서울 강동구 천중로35가길 15,37.54187222752611,127.13827725712632,3,골드하임 강동구 천호동
강동구,성내동,로얄,로얄,신로얄원룸고시텔,서울 강동구 성내동 385-1,서울 강동구 성안로 106,37.5326625502846,127.133277617732,3,로얄 강동구 성내동
강동구,길동,동심훼밀리,동심훼밀리,동심훼밀리아파트,서울 강동구 길동 383-6,서울 강동구 천중로38가길 32,37.53922584277957,127.13685914207156,3,동심훼밀리 강동구 길동
강동구,성내동,포레스(B동),포레스,포레스아파트,서울 강동구 성내동 111-64,서울 강동구 풍성로 91,37.533167722249,127.122738430557,3,포레스 강동구 성내동
강동구,둔촌동,찬솔,찬솔,찬솔아파트,서울 강동구 둔촌동 46-20,서울 강동구 명일로 152,37.53246920111802,127.1444598872076,3,찬솔 강동구 둔촌동
강동구,암사동,대은팰리스뷰(102),대은팰리스뷰,대은팰리스뷰아파트,서울 강동구 암사동 503-31,서울 강동구 상암로3길 32,37.55198107438609,127.12737861061228,3,대은팰리스뷰 강동구 암사동
강동구,천호동,베스트빌,베스트빌,베스트빌아파트,서울 강동구 천호동 37-24,서울 강동구 상암로41가길 40,37.54700712226611,127.13895665191087,3,베스트빌 강동구 천호동
강동구,성내동,인택스파크뷰,인택스파크뷰,인택스파크뷰오피스텔,서울 강동구 성내동 448-17,서울 강동구 강동대로 217,37.5234213886515,127.130491879869,3,인택스파크뷰 강동구 성내동
강동구,명일동,다성이즈빌(346-10),다성이즈빌,다성이즈빌,서울 강동구 명일동 312-10,서울 강동구 고덕로38길 33-9,37.55311617582524,127.14323901980184,3,다성이즈빌 강동구 명일동
강동구,암사동,정산(102동),정산,정산아파트,서울 강동구 암사동 441-10,서울 강동구 고덕로 47,37.555182594908295,127.13042614685077,3,정산 강동구 암사동
강동구,성내동,현대제이드,현대제이드,현대제이드아파트,서울 강동구 성내동 460-1,서울 강동구 강동대로 155,37.526210335301265,127.12432441383774,3,현대제이드 강동구 성내동
강동구,천호동,신주아파트(102동),신주아파트,신주아파트,서울 강동구 천호동 313,서울 강동구 천중로11길 24,37.5463172853854,127.127485527011,3,신주아파트 강동구 천호동
강동구,명일동,우성103동,우성,우성아파트,서울 강동구 명일동 42,서울 강동구 고덕로62길 76,37.5511352619284,127.15229535799152,3,우성 강동구 명일동
강동구,성내동,메이저,메이저,메이저아파트,서울 강동구 성내동 429-6,서울 강동구 양재대로87길 18,37.525878813872616,127.13416152675234,3,메이저 강동구 성내동
강동구,길동,에스엠이로빌(379-0),에스엠이로빌,에스엠이로빌아파트,서울 강동구 길동 379,서울 강동구 천중로42길 53,37.53863861494033,127.13898185421075,3,에스엠이로빌 강동구 길동
강동구,명일동,삼보힐아파트,삼보힐아파트,삼보힐아파트,서울 강동구 명일동 312-256,서울 강동구 구천면로65길 12,37.55140727342487,127.14150429175088,3,삼보힐아파트 강동구 명일동
강동구,길동,예건타워빌,예건타워빌,예건타워빌아파트,서울 강동구 길동 385-1,서울 강동구 양재대로113길 53,37.538493310744165,127.1368759068499,3,예건타워빌 강동구 길동
강동구,길동,골든빌,골든빌,골든빌아파트,서울 강동구 길동 74,서울 강동구 명일로26길 5,37.542958783415,127.14798112098296,3,골든빌 강동구 길동
강동구,길동,태흥,태흥,태흥아파트,서울 강동구 길동 350-9,서울 강동구 천중로50길 11-13,37.54040706983953,127.14367183173071,3,태흥 강동구 길동
강동구,성내동,타운빌라트,타운빌라트,타운빌라트,서울 강동구 성내동 447-5,서울 강동구 성내로18길 41,37.52512206272395,127.12840650918795,3,타운빌라트 강동구 성내동
강동구,암사동,우암쎈스뷰,우암쎈스뷰,우암쎈스뷰아파트,서울 강동구 암사동 463-18,서울 강동구 고덕로10길 30,37.55341484421984,127.12960258208756,3,우암쎈스뷰 강동구 암사동
강동구,성내동,우성(102동),우성,우성아파트,서울 강동구 성내동 386-83,서울 강동구 양재대로101길 51-18,37.53231630397273,127.13430429752586,3,우성 강동구 성내동
강동구,천호동,늘푸른아파트,늘푸른아파트,늘푸른아파트,서울 강동구 천호동 52-16,서울 강동구 천중로43길 25,37.54216491984147,127.14067777687728,3,늘푸른아파트 강동구 천호동
강동구,성내동,한솔애리즈(405-5),한솔애리즈,한솔애리즈8차아파트,서울 강동구 성내동 405-9,서울 강동구 양재대로95길 60,37.53108705692965,127.13375903834604,3,한솔애리즈 강동구 성내동
강동구,둔촌동,주풍그린빌라트,주풍그린빌라트,주풍그린빌라트,서울 강동구 둔촌동 622-12,서울 강동구 명일로 158-5,37.53306157290911,127.14485701777386,3,주풍그린빌라트 강동구 둔촌동
강동구,암사동,한건,한건,한건브리앙아파트,서울 강동구 암사동 497-6,서울 강동구 암사1길 9,37.5511870349931,127.13009665848752,3,한건 강동구 암사동
강동구,암사동,다성리버빌,다성리버빌,다성리버빌아파트,서울 강동구 암사동 441-1,서울 강동구 올림픽로104길 8,37.55537495252382,127.13002245386812,3,다성리버빌 강동구 암사동
강동구,둔촌동,경방필하우스,경방필하우스,경방필하우스아파트,서울 강동구 둔촌동 518-6,서울 강동구 풍성로 239,37.52856987555268,127.13826627377816,3,경방필하우스 강동구 둔촌동
강동구,천호동,창대캐슬,창대캐슬,창대캐슬아파트,서울 강동구 천호동 166-106,서울 강동구 천호대로163길 33-6,37.53829089577915,127.1310427912792,3,창대캐슬 강동구 천호동
강동구,천호동,신주아파트(101동),신주아파트,신주아파트,서울 강동구 천호동 313,서울 강동구 천중로11길 24,37.5463172853854,127.127485527011,3,신주아파트 강동구 천호동
강동구,천호동,다성시티아파트,다성시티아파트,다성씨티아파트,서울 강동구 천호동 53-9,서울 강동구 천중로39길 33,37.54264233211499,127.139256329232,3,다성시티아파트 강동구 천호동
강동구,둔촌동,광남캐스빌105동,광남캐스빌,광남캐스빌아파트,서울 강동구 둔촌동 435-7,서울 강동구 양재대로102길 11,37.53313129402744,127.13932915476796,3,광남캐스빌 강동구 둔촌동
강동구,둔촌동,그랜드1,그랜드1,워크바디핏아카데미 잠실방이점,서울 송파구 방이동 160,서울 송파구 가락로 278,37.512483666726,127.119863268437,1,그랜드1 강동구 둔촌동
강동구,천호동,보람아파트,보람아파트,보람아파트,서울 강동구 천호동 287-25,서울 강동구 상암로12길 32,37.54824148152,127.12779660574134,3,보람아파트 강동구 천호동
강동구,성내동,운암화인빌102,운암화인빌102,운암화인빌102동아파트,서울 강동구 성내동 466-1,서울 강동구 성내로6가길 110,37.52573107402253,127.12763601748708,3,운암화인빌102 강동구 성내동
강동구,길동,태성,태성,태성아파트,서울 강동구 길동 360-5,서울 강동구 명일로17길 40,37.53896759540955,127.1441465558301,3,태성 강동구 길동
강동구,둔촌동,도원빌,도원빌,도원빌아파트,서울 강동구 둔촌동 446-4,서울 강동구 양재대로102길 44,37.532134928288926,127.1407302129181,3,도원빌 강동구 둔촌동
강동구,성내동,한강훼미리,한강훼미리,한강훼미리아파트,서울 강동구 성내동 410-43,서울 강동구 풍성로 197,37.52973549689369,127.13381092933254,3,한강훼미리 강동구 성내동
강동구,암사동,정산(103동),정산,정산아파트,서울 강동구 암사동 441-10,서울 강동구 고덕로 47,37.555182594908295,127.13042614685077,3,정산 강동구 암사동
강동구,천호동,금성타운,금성타운,금성타운아파트,서울 강동구 천호동 49-16,서울 강동구 양재대로121길 26,37.54280341773517,127.14018109830336,3,금성타운 강동구 천호동
강동구,명일동,세비앙,세비앙,세비앙빌,서울 강동구 천호동 25-38,서울 강동구 양재대로135길 4-21,37.549593269894,127.14324359436522,2,세비앙 강동구 명일동
강동구,둔촌동,태상아트빌,태상아트빌,태상아트빌아파트,서울 강동구 둔촌동 61-8,서울 강동구 천호대로186길 23-9,37.5326425597994,127.142676022726,3,태상아트빌 강동구 둔촌동
강동구,길동,메트로아파트,메트로아파트,메트로아파텔아파트,서울 강동구 길동 388-5,서울 강동구 천중로44길 82,37.53747462182556,127.13889822866348,3,메트로아파트 강동구 길동
강동구,성내동,청구빌라트,청구빌라트,청구빌라트,서울 강동구 성내동 459-2,서울 강동구 강동대로 143-16,37.527059298186295,127.12238903048792,3,청구빌라트 강동구 성내동
강동구,천호동,썬팰리스아파트,썬팰리스아파트,썬팰리스아파트,서울 강동구 천호동 28-32,서울 강동구 상암로41길 29,37.547606751416005,127.1408452974208,3,썬팰리스아파트 강동구 천호동
강동구,천호동,지원G델타아파트,지원G델타아파트,지원G델타아파트,서울 강동구 천호동 54-12,서울 강동구 천중로35가길 11,37.54188150492401,127.13804870567547,3,지원G델타아파트 강동구 천호동
강동구,성내동,노블네스트,노블네스트,노블레스트아파트,서울 강동구 성내동 542,서울 강동구 성내로 63,37.528210947773246,127.12734157395214,3,노블네스트 강동구 성내동
강동구,성내동,라움,라움,라움포레아파트,서울 강동구 성내동 607,서울 강동구 천호옛6길 15,37.53310154437686,127.12398851375698,3,라움 강동구 성내동
강동구,성내동,한양립스,한양립스,한양립스,서울 강동구 성내동 244-5,서울 강동구 천호대로176길 10-10,37.534183290473294,127.13578074308336,3,한양립스 강동구 성내동
강동구,길동,태솔,태솔,태솔아파트,서울 강동구 길동 347-20,서울 강동구 양재대로122길 16,37.5419211740953,127.142577154753,3,태솔 강동구 길동
강동구,천호동,광남벨라스643V(50-7),광남벨라스643V,광남벨라스643V아파트,서울 강동구 천호동 50-7,서울 강동구 양재대로121길 16,37.54291426998351,127.1409134143237,3,광남벨라스643V 강동구 천호동
강동구,성내동,한솔애리즈202동,한솔애리즈,한솔애리즈8차아파트,서울 강동구 성내동 405-9,서울 강동구 양재대로95길 60,37.53108705692965,127.13375903834604,3,한솔애리즈 강동구 성내동
강동구,길동,유덕휴먼빌,유덕휴먼빌,유덕휴먼빌아파트,서울 강동구 길동 353-40,서울 강동구 천중로54길 9-14,37.53989901722178,127.14578675741554,3,유덕휴먼빌 강동구 길동
강동구,천호동,광남벨라스643V(50-32),광남벨라스643V,광남벨라스643V아파트,서울 강동구 천호동 50-7,서울 강동구 양재대로121길 16,37.54291426998351,127.1409134143237,3,광남벨라스643V 강동구 천호동
강동구,성내동,포레스(C동),포레스,포레스아파트,서울 강동구 성내동 111-64,서울 강동구 풍성로 91,37.533167722249,127.122738430557,3,포레스 강동구 성내동
강동구,천호동,로뎀,로뎀,로뎀고시텔,서울 강동구 천호동 166-8,서울 강동구 진황도로 43,37.5382898322187,127.131997753011,3,로뎀 강동구 천호동
강동구,명일동,한강훼미리,한강훼미리,한강훼미리아파트,서울 강동구 명일동 344-16,서울 강동구 상암로 199,37.5466767946047,127.1446762771483,3,한강훼미리 강동구 명일동
강동구,천호동,아크로파크,아크로파크,아크로파크아파트,서울 강동구 천호동 40-9,서울 강동구 양재대로127길 53,37.5453158217963,127.139827091947,3,아크로파크 강동구 천호동
강동구,둔촌동,광남캐스빌102동,광남캐스빌,광남캐스빌아파트,서울 강동구 둔촌동 435-7,서울 강동구 양재대로102길 11,37.53313129402744,127.13932915476796,3,광남캐스빌 강동구 둔촌동
강동구,천호동,다성이즈빌(437-22),다성이즈빌,다성이즈빌,서울 강동구 천호동 167-54,서울 강동구 성안로27길 61,37.53991071469973,127.13281528884092,3,다성이즈빌 강동구 천호동
강동구,천호동,베네캐슬,베네캐슬,베네캐슬,서울 강동구 천호동 195-50,서울 강동구 진황도로27라길 32,37.54155091140781,127.13247874147068,3,베네캐슬 강동구 천호동
강동구,천호동,광남벨라스2차아파트(53-32),광남벨라스2차아파트,광남벨라스2차아파트,서울 강동구 천호동 53-6,서울 강동구 양재대로121길 49,37.54277968348032,127.13891712233958,3,광남벨라스2차아파트 강동구 천호동
강동구,성내동,한솔애리즈601동,한솔애리즈,한솔애리즈8차아파트,서울 강동구 성내동 405-9,서울 강동구 양재대로95길 60,37.53108705692965,127.13375903834604,3,한솔애리즈 강동구 성내동
강동구,둔촌동,미랜드퀸아파트101동,미랜드퀸아파트,미랜드퀸아파트,서울 강동구 둔촌동 46-41,서울 강동구 명일로10가길 24,37.53259797901835,127.14524758114696,3,미랜드퀸아파트 강동구 둔촌동
강동구,성내동,샤인빌(A동),샤인빌,샤인빌20차,서울 강동구 성내동 77-19,서울 강동구 올림픽로62길 5-22,37.537298691456385,127.1237137295702,3,샤인빌 강동구 성내동
강동구,천호동,시티빌아파트,시티빌아파트,다성시티빌아파트,서울 강동구 천호동 340-6,서울 강동구 구천면로17길 18,37.54244897565971,127.1235502456922,3,시티빌아파트 강동구 천호동
강동구,천호동,부강아파트,부강아파트,부강아파트,서울 강동구 천호동 317-31,서울 강동구 올림픽로89길 24,37.547795503811955,127.12525875864289,3,부강아파트 강동구 천호동
강동구,암사동,리치,리치,한강리치팰리스아파트,서울 강동구 암사동 516-2,서울 강동구 선사로 138,37.550600058824465,127.12378889944765,3,리치 강동구 암사동
강동구,길동,시가오똠,시가오똠,시가오똠아파트,서울 강동구 길동 334-6,서울 강동구 양재대로122가길 26,37.54341625948271,127.1430507270425,3,시가오똠 강동구 길동
강동구,고덕동,고덕센트럴푸르지오,고덕센트럴푸르지오,고덕센트럴푸르지오아파트,서울 강동구 고덕동 210-1,서울 강동구 고덕로 399,37.557711676927354,127.17008653243371,3,고덕센트럴푸르지오 강동구 고덕동
강동구,길동,양촌,양촌,양촌아파트,서울 강동구 길동 352-3,서울 강동구 천중로54길 9-9,37.54036417041959,127.14559417579034,3,양촌 강동구 길동
강동구,성내동,포레스(A동),포레스,포레스아파트,서울 강동구 성내동 111-64,서울 강동구 풍성로 91,37.533167722249,127.122738430557,3,포레스 강동구 성내동
강동구,천호동,고려아파트(D동),고려아파트,고려아파트,서울 강동구 천호동 22-6,서울 강동구 상암로41길 89-8,37.550194932936606,127.14116816205586,3,고려아파트 강동구 천호동
강동구,성내동,태천해오름,태천해오름,태천해오름아파트(412-1번지),서울 강동구 성내동 412-1,서울 강동구 풍성로53길 12-18,37.52968723870765,127.1350462701804,3,태천해오름 강동구 성내동
강동구,천호동,용명브릿지아파트,용명브릿지아파트,용명브릿지아파트,서울 강동구 천호동 28,서울 강동구 양재대로133길 51,37.547661237170104,127.140487809605,3,용명브릿지아파트 강동구 천호동
강동구,성내동,비앤비(102동),비앤비,비앤비아파트,서울 강동구 성내동 386,서울 강동구 천호대로174길 49,37.53270474244176,127.13420995738538,3,비앤비 강동구 성내동
강동구,암사동,대의아름누리,대의아름누리,대의아름누리아파트,서울 강동구 암사동 671,서울 강동구 암사19길 45,37.5530155284855,127.14152543957,3,대의아름누리 강동구 암사동
강동구,길동,삼유스위트빌,삼유스위트빌,스위트빌아파트,서울 강동구 길동 241-5,서울 강동구 진황도로49길 5,37.534600528189976,127.14034111259753,3,삼유스위트빌 강동구 길동
강동구,성내동,삼진,삼진,삼진아파트,서울 강동구 성내동 433-12,서울 강동구 양재대로91나길 44,37.52678899847599,127.13160528814532,3,삼진 강동구 성내동
강동구,성내동,올림픽파크플러스,올림픽파크플러스,올림픽파크플러스아파트,서울 강동구 성내동 448-18,서울 강동구 양재대로81길 61,37.52364078203756,127.13089951277658,3,올림픽파크플러스 강동구 성내동
강동구,암사동,대송,대송,대송아파트,서울 강동구 암사동 440-4,서울 강동구 올림픽로104길 17,37.55571313229696,127.13056174818088,3,대송 강동구 암사동
강동구,둔촌동,노바,노바,노바아파트,서울 강동구 둔촌동 61-9,서울 강동구 천호대로186길 23-11,37.53261437305971,127.14288753850688,3,노바 강동구 둔촌동
강동구,성내동,집앤사비카,집앤사비카,집앤사비카,서울 강동구 성내동 419,서울 강동구 풍성로 188,37.5297413088146,127.132652443163,3,집앤사비카 강동구 성내동
강동구,천호동,성인아파트,성인아파트,성인아파트,서울 강동구 천호동 32-2,서울 강동구 양재대로133길 19,37.54776015515427,127.14215373468606,3,성인아파트 강동구 천호동
강동구,암사동,라움(492-28),라움,라움아파트,서울 강동구 암사동 492-45,서울 강동구 상암로15길 30-5,37.55020488402138,127.13177885186764,3,라움 강동구 암사동
강동구,성내동,힐데스하임올림픽파크아파트,힐데스하임올림픽파크아파트,힐데스하임올림픽파크아파트,서울 강동구 성내동 608,서울 강동구 강동대로55길 39,37.52407097878794,127.13294444882646,3,힐데스하임올림픽파크아파트 강동구 성내동
강동구,길동,효성노바,효성노바,효성노바아파트,서울 강동구 길동 346-1,서울 강동구 천중로49길 20,37.54184573433012,127.14312014407837,3,효성노바 강동구 길동
강동구,성내동,라움포레,라움포레,라움포레아파트,서울 강동구 성내동 607,서울 강동구 천호옛6길 15,37.53310154437686,127.12398851375698,3,라움포레 강동구 성내동
강동구,천호동,고려아파트(A동),고려아파트,고려아파트,서울 강동구 천호동 22-6,서울 강동구 상암로41길 89-8,37.550194932936606,127.14116816205586,3,고려아파트 강동구 천호동
강동구,길동,예전이룸1차,예전이룸1차,길동예전이룸1차아파트,서울 강동구 길동 242-6,서울 강동구 양재대로110길 28,37.5351225198154,127.1408353922903,3,예전이룸1차 강동구 길동
강동구,성내동,건영아모리움,건영아모리움,강동건영아모리움,서울 강동구 성내동 244-6,서울 강동구 천호대로176길 10-12,37.53422940001201,127.13564279440922,3,건영아모리움 강동구 성내동
강동구,성내동,에스아이팰리스센트럴성내,에스아이팰리스센트럴성내,에스아이팰리스센트럴성내,서울 강동구 성내동 548-4,서울 강동구 성내로 64,37.527745653272,127.126855449186,3,에스아이팰리스센트럴성내 강동구 성내동
강동구,상일동,고덕자이,고덕자이,고덕자이아파트,서울 강동구 상일동 521,서울 강동구 상일로 55,37.55234547559315,127.17061754567608,3,고덕자이 강동구 상일동
강동구,천호동,다성이즈빌(50-11),다성이즈빌,다성이즈빌,서울 강동구 천호동 167-54,서울 강동구 성안로27길 61,37.53991071469973,127.13281528884092,3,다성이즈빌 강동구 천호동
강동구,명일동,해밀,해밀,해밀아파트,서울 강동구 명일동 335-7,서울 강동구 상암로47길 33,37.54792633740233,127.1440551701134,3,해밀 강동구 명일동
강동구,천호동,신주아파트,신주아파트,신주아파트,서울 강동구 천호동 313,서울 강동구 천중로11길 24,37.5463172853854,127.127485527011,3,신주아파트 강동구 천호동
강동구,천호동,아스하임,아스하임,아스하임,서울 강동구 천호동 432-7,서울 강동구 올림픽로 663,37.5407556608486,127.123872195132,3,아스하임 강동구 천호동
강동구,성내동,중앙,중앙,중앙마트,서울 강동구 성내동 513,서울 강동구 풍성로45길 18,37.53159703628849,127.13052648695287,3,중앙 강동구 성내동
강동구,성내동,파크뷰캐슬,파크뷰캐슬,파크뷰캐슬아파트,서울 강동구 성내동 468-3,서울 강동구 강동대로 187,37.52489870152259,127.12749432175409,3,파크뷰캐슬 강동구 성내동
강동구,성내동,아미캐슬(434-32),아미캐슬,아미캐슬,서울 강동구 성내동 434-32,서울 강동구 성내로17길 16,37.527579103752586,127.13004433480086,3,아미캐슬 강동구 성내동
강동구,강일동,강동리버스트4단지,강동리버스트4단지,강동리버스트4단지아파트,서울 강동구 강일동 114,서울 강동구 아리수로93가길 110,37.57289837550242,127.17289445571085,3,강동리버스트4단지 강동구 강일동
강동구,암사동,새롬,새롬,새롬6차,서울 강동구 암사동 453-2,서울 강동구 고덕로20가길 38,37.55391757697079,127.13603156358658,3,새롬 강동구 암사동
강동구,강일동,강동리버스트8단지,강동리버스트8단지,강동리버스트8단지아파트,서울 강동구 강일동 66,서울 강동구 아리수로93나길 88,37.57152848383827,127.17619892137948,3,강동리버스트8단지 강동구 강일동
강동구,성내동,한영해시안아파트,한영해시안아파트,한영해시안아파트,서울 강동구 성내동 552-1,,37.5297088848687,127.122637729852,3,한영해시안아파트 강동구 성내동
강동구,둔촌동,둔촌현대수린나아파트,둔촌현대수린나아파트,둔촌현대수린나아파트,서울 강동구 둔촌동 632,서울 강동구 동남로49길 77,37.5328218887146,127.145604403436,3,둔촌현대수린나아파트 강동구 둔촌동
강동구,천호동,힐데스하임천호아파트,힐데스하임천호아파트,힐데스하임천호아파트,서울 강동구 천호동 578,서울 강동구 올림픽로78길 30,37.541814628417704,127.12614831596478,3,힐데스하임천호아파트 강동구 천호동
강동구,성내동,호암아펙스,호암아펙스,호암아펙스아파트,서울 강동구 성내동 455-3,서울 강동구 성내로6길 34-8,37.52857360472892,127.1217851134418,3,호암아펙스 강동구 성내동
강동구,상일동,고덕아르테스미소지움,고덕아르테스미소지움,고덕아르테스미소지움아파트,서울 강동구 상일동 555,서울 강동구 동남로 858,37.54990664286192,127.15685227089948,3,고덕아르테스미소지움 강동구 상일동
강동구,길동,길동다성이즈빌,길동다성이즈빌,다성이즈빌아파트,서울 강동구 길동 46-3,서울 강동구 양재대로126길 85,37.543127472934266,127.14709771669833,3,길동다성이즈빌 강동구 길동
강동구,길동,거산유팰리스2차,거산유팰리스2차,거산유팰리스2차,서울 강동구 길동 414-9,서울 강동구 천호대로177길 39,37.5364153776659,127.137846282981,3,거산유팰리스2차 강동구 길동
강동구,둔촌동,더샵파크솔레이유,더샵파크솔레이유,더샵파크솔레이유아파트,서울 강동구 둔촌동 654,서울 강동구 진황도로61길 25-23,37.52969257175612,127.1449873948622,3,더샵파크솔레이유 강동구 둔촌동
강동구,강일동,힐스테이트리슈빌강일,힐스테이트리슈빌강일,힐스테이트리슈빌강일아파트,서울 강동구 강일동 72,서울 강동구 아리수로93다길 80,37.57287478622729,127.17423128834972,3,힐스테이트리슈빌강일 강동구 강일동
강동구,고덕동,고덕풍경채어바니티,고덕풍경채어바니티,고덕풍경채어바니티아파트,서울 강동구 고덕동 136,서울 강동구 아리수로 375,37.56355207433742,127.16873139699652,3,고덕풍경채어바니티 강동구 고덕동
강동구,길동,골드클래스,골드클래스,강동구길동골드클래스주상복합아파트,서울 강동구 길동 414-5,서울 강동구 양재대로111길 27,37.5371386582555,127.138036567513,3,골드클래스 강동구 길동
강동구,둔촌동,더샵둔촌포레,더샵둔촌포레,더샵둔촌포레아파트,서울 강동구 둔촌동 30-4,서울 강동구 동남로49길 57,37.5317251231737,127.146533392185,3,더샵둔촌포레 강동구 둔촌동
강동구,길동,동남아이스타즈,동남아이스타즈,지웰홈스라이프강동,서울 강동구 길동 413-8,서울 강동구 천호대로177길 50,37.5367275318881,127.1382677568883,3,동남아이스타즈 강동구 길동
강동구,길동,강동헤리티지자이,강동헤리티지자이,강동헤리티지자이아파트,서울 강동구 길동 483,서울 강동구 천중로 264,37.5393053255164,127.149338475704,3,강동헤리티지자이 강동구 길동
강동구,천호동,강동밀레니얼중흥S-클래스,강동밀레니얼중흥S-클래스,강동밀레니얼중흥S-클래스아파트,서울 강동구 천호동 423-200,서울 강동구 올림픽로78길 60,37.541331014180386,127.12761847646024,3,강동밀레니얼중흥S-클래스 강동구 천호동
강동구,둔촌동,올림픽파크포레온,올림픽파크포레온,올림픽파크포레온아파트,서울 강동구 둔촌동 174-1,서울 강동구 양재대로 1300,37.52385510719138,127.14041148237744,3,올림픽파크포레온 강동구 둔촌동
강동구,성내동,미랜드프레임빌,미랜드프레임빌,미랜드프레임빌아파트,서울 강동구 성내동 420-20,서울 강동구 성내로17길 72,37.529893458699576,127.13114575893644,3,미랜드프레임빌 강동구 성내동
강동구,길동,엠엑스아뜨리에빌아파트,엠엑스아뜨리에빌아파트,엠엑스아뜨리에빌아파트,서울 강동구 길동 361-21,서울 강동구 천중로56길 40,37.5389658465668,127.145572221675,3,엠엑스아뜨리에빌아파트 강동구 길동
강동구,둔촌동,월드메르디앙올림픽파크,월드메르디앙올림픽파크,월드메르디앙올림픽파크오피스텔,서울 강동구 둔촌동 435-5,서울 강동구 천호대로 1156,37.5332895356926,127.139612298598,3,월드메르디앙올림픽파크 강동구 둔촌동
강동구,길동,서한베네치아,서한베네치아,서한베네치아아파트,서울 강동구 길동 143-4,서울 강동구 명일로 201,37.53687721877203,127.14566207195372,3,서한베네치아 강동구 길동
강동구,길동,에스아이팰리스강동센텀I,에스아이팰리스강동센텀I,에스아이팰리스강동센텀I,서울 강동구 길동 388-2,서울 강동구 천중로42길 77,37.5375812626257,127.13862348104,3,에스아이팰리스강동센텀I 강동구 길동
강동구,천호동,천호역마에스트로,천호역마에스트로,천호역마에스트로아파트,서울 강동구 천호동 334-2,서울 강동구 올림픽로 691,37.5431307268771,127.124697627524,3,천호역마에스트로 강동구 천호동
강동구,성내동,광남캐스빌(510-1),광남캐스빌,광남캐스빌아파트,서울 강동구 성내동 510-1,서울 강동구 풍성로 147-14,37.53172307337042,127.1289801179771,3,광남캐스빌 강동구 성내동
강동구,길동,SM빌,SM빌,SM베스트빌아파트,서울 강동구 길동 380-1,서울 강동구 천중로40길 45,37.53903931436216,127.13842364449434,3,SM빌 강동구 길동
강동구,상일동,강동리엔파크14단지,강동리엔파크14단지,강동리엔파크14단지아파트,서울 강동구 상일동 28,서울 강동구 고덕로98길 160,37.55110033251727,127.18088458051903,3,강동리엔파크14단지 강동구 상일동
강동구,둔촌동,한솔,한솔,둔촌한솔솔파크아파트,서울 강동구 둔촌동 611,서울 강동구 천호대로198길 36,37.533881125647405,127.14805143249347,3,한솔 강동구 둔촌동
강동구,성내동,그란츠리버파크,그란츠리버파크,그란츠리버파크아파트,서울 강동구 성내동 611,서울 강동구 천호대로 1050,37.5365461344272,127.128146627786,3,그란츠리버파크 강동구 성내동
강동구,명일동,동은그랜드,동은그랜드,동은그랜드아파트,서울 강동구 명일동 348-4,서울 강동구 천중로51길 108-5,37.54560819533926,127.145422188927,3,동은그랜드 강동구 명일동
강동구,길동,중앙하이츠강동,중앙하이츠강동,강동중앙하이츠시티아파트,서울 강동구 길동 415-5,서울 강동구 양재대로111길 43,37.5373478906153,127.137091053349,3,중앙하이츠강동 강동구 길동
강동구,암사동,풍천,풍천,고향풍천장어,서울 강동구 암사동 463-7,서울 강동구 고덕로8길 52,37.552424474963075,127.1289376984412,3,풍천 강동구 암사동
종로구,숭인동,숭인한양LEEPS,숭인한양,숭인한양립스,서울 종로구 숭인동 1421-2,서울 종로구 난계로29가길 20,37.57362022152963,127.02236962062615,3,숭인한양 종로구 숭인동
종로구,누상동,청호그린빌,addr,,서울 종로구 누상동,,37.580026884522,126.962264659143,1,서울 종로구 누상동
종로구,숭인동,하림빌라트,addr,,서울 종로구 숭인동,,37.5745280159936,127.019597569646,1,서울 종로구 숭인동
종로구,필운동,두레엘리시안,addr,,서울 종로구 필운동,,37.5778012532176,126.967749538039,1,서울 종로구 필운동
종로구,당주동,롯데미도파광화문빌딩,addr,,서울 종로구 당주동,,37.5715715163219,126.974000740278,1,서울 종로구 당주동
종로구,연지동,하이텍하우스,하이텍,현성하이테크,서울 종로구 장사동 116-4,서울 종로구 청계천로 159,37.5693578353196,126.995254890629,2,하이텍 종로구 연지동
종로구,부암동,프라임캐슬(케이빌라트),addr,,서울 종로구 부암동,,37.5924142953536,126.964061015983,1,서울 종로구 부암동
종로구,숭인동,에비뉴청계Ⅰ,에비뉴청계1,에비뉴청계I아파트,서울 종로구 숭인동 1419-2,서울 종로구 종로66길 35,37.5732364482655,127.022101221193,3,에비뉴청계1 종로구 숭인동
중구,신당동,남산리젠트힐,addr,,서울 중구 신당동,,37.5620157313143,127.014442188261,1,서울 중구 신당동
중구,충무로5가,충무로엘크루메크로시티2차,addr,,서울 중구 충무로5가,,37.5631302462414,126.99982795883,1,서울 중구 충무로5가
중구,인현동2가,인현상가/신성아파트,인현상가/신성,신성당구장,서울 중구 인현동2가 192-30,서울 중구 마른내로 72,37.5638041174189,126.995812118021,3,인현상가/신성 중구
중구,신당동,수산타운(2차),수산,왕게수산,서울 중구 신당동 292-74,서울 중구 다산로 203-1,37.561579665754365,127.01430402127494,3,수산 중구 신당동
중구,황학동,골드캐슬Ⅲ,addr,,서울 중구 황학동,,37.5674999372117,127.021415848975,1,서울 중구 황학동
중구,신당동,남산FORESTHOUSE,남산,남산타운아파트,서울 중구 신당동 844,서울 중구 다산로 32,37.5465805104561,127.00703402265,3,남산 중구 신당동
용산구,한남동,한남아이파크애비뉴,addr,,서울 용산구 한남동,,37.5346298557798,127.000552132438,1,서울 용산구 한남동
용산구,한남동,한성1,addr,,서울 용산구 한남동,,37.5346298557798,127.000552132438,1,서울 용산구 한남동
용산구,효창동,효창팰리스2차,addr,,서울 용산구 효창동,,37.5424588083349,126.9618988792,1,서울 용산구 효창동
용산구,한남동,한남동UNVILLAGE루하우스,한남동루하우스,루하우스아파트,서울 용산구 한남동 1-51,서울 용산구 유엔빌리지길 230,37.53639335892749,127.01246174151632,3,한남동루하우스 용산구 한남동
용산구,한남동,성아1,addr,,서울 용산구 한남동,,37.5346298557798,127.000552132438,1,서울 용산구 한남동
용산구,문배동,삼라마이다스빌2,addr,,서울 용산구 문배동,,37.5371018437132,126.969405422634,1,서울 용산구 문배동
용산구,이촌동,미주B,미주,한강미주맨션아파트(B동),서울 용산구 이촌동 302-48,서울 용산구 이촌로62길 9,37.5203432431158,126.969525386873,3,미주 용산구 이촌동
용산구,이태원동,주공1,addr,,서울 용산구 이태원동,,37.5402662116134,126.991527297365,1,서울 용산구 이태원동
용산구,후암동,삼안리치10차,addr,,서울 용산구 후암동,,37.5486798277286,126.978150463736,1,서울 용산구 후암동
용산구,한남동,장미1,addr,,서울 용산구 한남동,,37.5346298557798,127.000552132438,1,서울 용산구 한남동
용산구,동빙고동,현대플래티앙Ⅰ,현대플래티앙1,현대플래티앙1아파트,서울 용산구 동빙고동 1-67,서울 용산구 장문로 47,37.5272631886197,126.995624101974,3,현대플래티앙1 용산구 동빙고동
용산구,후암동,삼안리치8차,addr,,서울 용산구 후암동,,37.5486798277286,126.978150463736,1,서울 용산구 후암동
용산구,한남동,트윈빌에이동,addr,,서울 용산구 한남동,,37.5346298557798,127.000552132438,1,서울 용산구 한남동
용산구,청파동3가,효창PALACEVILLE,효창,효창골프클럽,서울 용산구 청파동3가 132-54,서울 용산구 효창원로 164,37.54246615284636,126.96232433347693,3,효창 용산구 청파동3가
용산구,한남동,형우베스트빌3차,addr,,서울 용산구 한남동,,37.5346298557798,127.000552132438,1,서울 용산구 한남동
용산구,후암동,힐튼빌리지1차,addr,,서울 용산구 후암동,,37.5486798277286,126.978150463736,1,서울 용산구 후암동
용산구,한남동,현대하이페리온II,현대하이페리온,웰페리온 SPA&FITNESS,서울 용산구 한남동 805,서울 용산구 서빙고로 413,37.527473107420946,127.00475489941628,3,현대하이페리온 용산구 한남동
용산구,한남동,오페라하우스WEST,오페라하우스,오페라하우스3차아파트,서울 용산구 한남동 657-33,서울 용산구 대사관로 23,37.533958607505085,127.00096169747103,3,오페라하우스 용산구 한남동
용산구,동빙고동,SOD빌,addr,,서울 용산구 동빙고동,,37.5244123976895,126.995112936884,1,서울 용산구 동빙고동
용산구,한남동,윌쏘나슈트,addr,,서울 용산구 한남동,,37.5346298557798,127.000552132438,1,서울 용산구 한남동
용산구,이촌동,G&D용산드림,&용산드림,지앤디용산드림,서울 용산구 이촌동 212-41,서울 용산구 이촌로2가길 9,37.529794998835015,126.95364875991763,3,&용산드림 용산구 이촌동
용산구,한남동,트윈빌비동,addr,,서울 용산구 한남동,,37.5346298557798,127.000552132438,1,서울 용산구 한남동
용산구,동빙고동,리버힐에이동,addr,,서울 용산구 동빙고동,,37.5244123976895,126.995112936884,1,서울 용산구 동빙고동
용산구,이태원동,ThePlusⅢ,addr,,서울 용산구 이태원동,,37.5402662116134,126.991527297365,1,서울 용산구 이태원동
용산구,한강로2가,호반써밋A.DITION,호반써밋.,용산호반써밋에이디션아파트,서울 용산구 한강로2가 210-1,서울 용산구 한강대로 66,37.52640508632716,126.96585978903984,3,호반써밋. 용산구 한강로2가
성동구,성수동2가,금호타운2차아파트,금호타운2차,금호2차아파트,서울 성동구 성수동2가 832,서울 성동구 연무장길 31,37.54358465465025,127.05313778528564,3,금호타운2차 성동구 성수동2가
성동구,성수동1가,신장미,addr,,서울 성동구 성수동1가,,37.5417253860375,127.043351028535,1,서울 성동구 성수동1가
성동구,성수동2가,강변청구3,addr,,서울 성동구 성수동2가,,37.5409627375214,127.057019282187,1,서울 성동구 성수동2가
성동구,성수동2가,신성미소지움,addr,,서울 성동구 성수동2가,,37.5409627375214,127.057019282187,1,서울 성동구 성수동2가
성동구,행당동,서울숲한성,addr,,서울 성동구 행당동,,37.558305907888,127.037031736958,1,서울 성동구 행당동
성동구,행당동,다울아크로빌,addr,,서울 성동구 행당동,,37.558305907888,127.037031736958,1,서울 성동구 행당동
광진구,군자동,광진We’vePark,광진’,광진구케이블티비,서울 광진구 군자동 360,서울 광진구 군자로9길 13,37.5491818959398,127.069969225704,3,광진’ 광진구 군자동
광진구,광장동,삼성광장2,addr,,서울 광진구 광장동,,37.5468565308903,127.103025712709,1,서울 광진구 광장동
광진구,자양동,우성4,addr,,서울 광진구 자양동,,37.5311077958687,127.073018338792,1,서울 광진구 자양동
광진구,구의동,구의현대7단지현대홈타운,addr,,서울 광진구 구의동,,37.5502741239801,127.093135225891,1,서울 광진구 구의동
광진구,구의동,은진아파트5차,addr,,서울 광진구 구의동,,37.5502741239801,127.093135225891,1,서울 광진구 구의동
광진구,구의동,성동강변파크빌101(강변타워),addr,,서울 광진구 구의동,,37.5502741239801,127.093135225891,1,서울 광진구 구의동
광진구,구의동,청목파크빌,addr,,서울 광진구 구의동,,37.5502741239801,127.093135225891,1,서울 광진구 구의동
광진구,자양동,스카이빌1차,addr,,서울 광진구 자양동,,37.5311077958687,127.073018338792,1,서울 광진구 자양동
광진구,광장동,광장동현대Ⅰ빌라트,addr,,서울 광진구 광장동,,37.5468565308903,127.103025712709,1,서울 광진구 광장동
광진구,화양동,신원리브웰화양동주상복합,addr,,서울 광진구 화양동,,37.5464762611363,127.071367614735,1,서울 광진구 화양동
광진구,자양동,스카이빌2차,addr,,서울 광진구 자양동,,37.5311077958687,127.073018338792,1,서울 광진구 자양동
광진구,구의동,퓨전빌,addr,,서울 광진구 구의동,,37.5502741239801,127.093135225891,1,서울 광진구 구의동
동대문구,제기동,경동미주,addr,,서울 동대문구 제기동,,37.5831154639891,127.037818414722,1,서울 동대문구 제기동
동대문구,용두동,신설동역대우아이빌1,addr,,서울 동대문구 용두동,,37.575418648042,127.033598820976,1,서울 동대문구 용두동
동대문구,전농동,봄봄하이츠,addr,,서울 동대문구 전농동,,37.5793286114285,127.053978285554,1,서울 동대문구 전농동
동대문구,장안동,형인허브빌2차(566),addr,,서울 동대문구 장안동,,37.5696967138505,127.071439570463,1,서울 동대문구 장안동
동대문구,장안동,이한센토빌(410-13),addr,,서울 동대문구 장안동,,37.5696967138505,127.071439570463,1,서울 동대문구 장안동
동대문구,장안동,가우디트윈캐슬1,addr,,서울 동대문구 장안동,,37.5696967138505,127.071439570463,1,서울 동대문구 장안동
동대문구,장안동,은하수드림빌,addr,,서울 동대문구 장안동,,37.5696967138505,127.071439570463,1,서울 동대문구 장안동
동대문구,전농동,샤인파크,addr,,서울 동대문구 전농동,,37.5793286114285,127.053978285554,1,서울 동대문구 전농동
동대문구,장안동,공감대2차(375-7),addr,,서울 동대문구 장안동,,37.5696967138505,127.071439570463,1,서울 동대문구 장안동
동대문구,장안동,대성장안애캐슬,addr,,서울 동대문구 장안동,,37.5696967138505,127.071439570463,1,서울 동대문구 장안동
동대문구,장안동,르미에르장안타운5차,addr,,서울 동대문구 장안동,,37.5696967138505,127.071439570463,1,서울 동대문구 장안동
동대문구,장안동,홍해오크펠리스3차,addr,,서울 동대문구 장안동,,37.5696967138505,127.071439570463,1,서울 동대문구 장안동
동대문구,휘경동,캠퍼스드림오피스텔,캠퍼스드림,캠퍼스드림,서울 동대문구 휘경동 336-32,서울 동대문구 이문로 10,37.5887851136141,127.054678043644,3,캠퍼스드림 동대문구 휘경동
동대문구,회기동,동일스카이시티3차,addr,,서울 동대문구 회기동,,37.5907885967281,127.05537245757,1,서울 동대문구 회기동
동대문구,답십리동,한원힐트리움아파트,한원힐트리움,한원힐트리움,서울 동대문구 답십리동 465-55,서울 동대문구 천호대로 221,37.5708341355357,127.047452028901,3,한원힐트리움 동대문구 답십리동
동대문구,신설동,신설에스하임,addr,,서울 동대문구 신설동,,37.574962961668,127.025538570996,1,서울 동대문구 신설동
동대문구,용두동,LOFT129,129,129공간 경희대점,서울 동대문구 회기동 60-58,서울 동대문구 회기로 129,37.591592480148,127.05092998418,2,129 동대문구 용두동
중랑구,중화동,한신아파트상가동유치원동(103~109),addr,,서울 중랑구 중화동,,37.599461816745,127.077320262185,1,서울 중랑구 중화동
중랑구,신내동,신내6대주,addr,,서울 중랑구 신내동,,37.6058747809885,127.09936528756,1,서울 중랑구 신내동
중랑구,신내동,대성유니트,addr,,서울 중랑구 신내동,,37.6058747809885,127.09936528756,1,서울 중랑구 신내동
중랑구,상봉동,건영1,addr,,서울 중랑구 상봉동,,37.5967688195518,127.088754299651,1,서울 중랑구 상봉동
중랑구,묵동,신도2,addr,,서울 중랑구 묵동,,37.6123807746797,127.079182031593,1,서울 중랑구 묵동
중랑구,면목동,개인택시주택조합(미성아파트),addr,,서울 중랑구 면목동,,37.5803715762429,127.087661590766,1,서울 중랑구 면목동
중랑구,신내동,조호그레이스2,addr,,서울 중랑구 신내동,,37.6058747809885,127.09936528756,1,서울 중랑구 신내동
중랑구,면목동,온세솔내움,addr,,서울 중랑구 면목동,,37.5803715762429,127.087661590766,1,서울 중랑구 면목동
중랑구,묵동,신안2,addr,,서울 중랑구 묵동,,37.6123807746797,127.079182031593,1,서울 중랑구 묵동
중랑구,상봉동,미랜드프래임빌(102동),addr,,서울 중랑구 상봉동,,37.5967688195518,127.088754299651,1,서울 중랑구 상봉동
중랑구,묵동,고덕골든빌(102동),addr,,서울 중랑구 묵동,,37.6123807746797,127.079182031593,1,서울 중랑구 묵동
중랑구,묵동,고덕골든빌(103동),addr,,서울 중랑구 묵동,,37.6123807746797,127.079182031593,1,서울 중랑구 묵동
중랑구,묵동,성원팰리스,성원,성원하이츠,서울 중랑구 묵동 240-58,서울 중랑구 동일로157라길 12-6,37.61037397736206,127.07550812787834,3,성원 중랑구 묵동
중랑구,묵동,고덕골든빌(101동),addr,,서울 중랑구 묵동,,37.6123807746797,127.079182031593,1,서울 중랑구 묵동
중랑구,면목동,한건브리앙,addr,,서울 중랑구 면목동,,37.5803715762429,127.087661590766,1,서울 중랑구 면목동
중랑구,망우동,주영파크뷰,addr,,서울 중랑구 망우동,,37.5955130359783,127.103962394815,1,서울 중랑구 망우동
중랑구,망우동,로얄팰리스주상복합아파트,addr,,서울 중랑구 망우동,,37.5955130359783,127.103962394815,1,서울 중랑구 망우동
성북구,정릉동,정릉성원상떼빌,addr,,서울 성북구 정릉동,,37.618580825547,126.995482832879,1,서울 성북구 정릉동
성북구,돈암동,구현대,addr,,서울 성북구 돈암동,,37.5962791991147,127.00991034218,1,서울 성북구 돈암동
성북구,정릉동,"산장아파트가동,나동",addr,,서울 성북구 정릉동,,37.618580825547,126.995482832879,1,서울 성북구 정릉동
성북구,동소문동6가,한신플러스B,한신플러스,동소문한신휴플러스2차아파트,서울 성북구 동소문동7가 23,서울 성북구 동소문로13길 47,37.59512549943119,127.01413719283488,2,한신플러스 성북구 동소문동6가
성북구,장위동,코코아파트,코코,살롱드코코,서울 성북구 장위동 238-390,서울 성북구 장위로 133,37.6137332450643,127.051325639356,3,코코 성북구 장위동
성북구,보문동6가,동문골드빌A동,addr,,서울 성북구 보문동6가,,37.5803846015945,127.018842854522,1,서울 성북구 보문동6가
성북구,보문동3가,코지아뜨리에,addr,,서울 성북구 보문동3가,,37.58388803571,127.016352976758,1,서울 성북구 보문동3가
성북구,정릉동,이니지오2,addr,,서울 성북구 정릉동,,37.618580825547,126.995482832879,1,서울 성북구 정릉동
강북구,수유동,태솔타운,태솔,태솔캡슬,서울 강북구 수유동 50-20,서울 강북구 도봉로71가길 35,37.63277483162302,127.02188659647132,3,태솔 강북구 수유동
강북구,번동,꿈의숲수림채,addr,,서울 강북구 번동,,37.6241057350223,127.04133717608,1,서울 강북구 번동
강북구,수유동,풍산쉐르빌A동,addr,,서울 강북구 수유동,,37.6424621841481,127.022094520762,1,서울 강북구 수유동
강북구,수유동,썬힐하우스,addr,,서울 강북구 수유동,,37.6424621841481,127.022094520762,1,서울 강북구 수유동
강북구,수유동,JKapartment,addr,,서울 강북구 수유동,,37.6424621841481,127.022094520762,1,서울 강북구 수유동
강북구,미아동,동아하이빌14차,addr,,서울 강북구 미아동,,37.6270831294021,127.027060776679,1,서울 강북구 미아동
강북구,번동,아츠스테이수유점,addr,,서울 강북구 번동,,37.6241057350223,127.04133717608,1,서울 강북구 번동
강북구,수유동,프롬하우징,addr,,서울 강북구 수유동,,37.6424621841481,127.022094520762,1,서울 강북구 수유동
도봉구,창동,LIG건영캐스빌,건영캐스빌,건영캐스빌아파트,서울 도봉구 창동 635-42,서울 도봉구 우이천로20길 7,37.641439430353785,127.03403189342396,3,건영캐스빌 도봉구 창동
도봉구,방학동,이에스에이아파트2,addr,,서울 도봉구 방학동,,37.6658975489539,127.026875382235,1,서울 도봉구 방학동
도봉구,창동,원산아파트33차,addr,,서울 도봉구 창동,,37.6522582058479,127.045432300312,1,서울 도봉구 창동
도봉구,도봉동,중흥에스-클래스,addr,,서울 도봉구 도봉동,,37.6873960128038,127.021495626589,1,서울 도봉구 도봉동
도봉구,쌍문동,동순미,addr,,서울 도봉구 쌍문동,,37.6513191127046,127.029190894368,1,서울 도봉구 쌍문동
도봉구,방학동,선덕빌라트아파트,선덕빌라트,선덕빌라트,서울 도봉구 방학동 519-1,서울 도봉구 해등로 318,37.65765295191583,127.02104506822984,3,선덕빌라트 도봉구 방학동
도봉구,쌍문동,한성쉐르빌,addr,,서울 도봉구 쌍문동,,37.6513191127046,127.029190894368,1,서울 도봉구 쌍문동
도봉구,쌍문동,영진팰리스,영진,영진빌라,서울 도봉구 쌍문동 141-13,서울 도봉구 노해로60길 34-17,37.650334063042585,127.03360987919379,3,영진 도봉구 쌍문동
노원구,공릉동,청솔브레씽A동,addr,,서울 노원구 공릉동,,37.6248431089168,127.073821318894,1,서울 노원구 공릉동
노원구,상계동,한신4차,addr,,서울 노원구 상계동,,37.6612505755399,127.060252770712,1,서울 노원구 상계동
노원구,공릉동,시영2단지(라이프)아파트,addr,,서울 노원구 공릉동,,37.6248431089168,127.073821318894,1,서울 노원구 공릉동
노원구,상계동,성원상떼빌,addr,,서울 노원구 상계동,,37.6612505755399,127.060252770712,1,서울 노원구 상계동
노원구,중계동,중계3우성,addr,,서울 노원구 중계동,,37.6525550467646,127.077488598779,1,서울 노원구 중계동
노원구,공릉동,대아아파트1차,addr,,서울 노원구 공릉동,,37.6248431089168,127.073821318894,1,서울 노원구 공릉동
노원구,공릉동,대동아파트2,addr,,서울 노원구 공릉동,,37.6248431089168,127.073821318894,1,서울 노원구 공릉동
노원구,중계동,양지마을(대림)1,addr,,서울 노원구 중계동,,37.6525550467646,127.077488598779,1,서울 노원구 중계동
노원구,중계동,코지아뜨리에101,addr,,서울 노원구 중계동,,37.6525550467646,127.077488598779,1,서울 노원구 중계동
노원구,중계동,양지마을(대림)2,addr,,서울 노원구 중계동,,37.6525550467646,127.077488598779,1,서울 노원구 중계동
노원구,상계동,대망드림힐1,addr,,서울 노원구 상계동,,37.6612505755399,127.060252770712,1,서울 노원구 상계동
노원구,중계동,성원1,addr,,서울 노원구 중계동,,37.6525550467646,127.077488598779,1,서울 노원구 중계동
노원구,상계동,비콘드림힐2,addr,,서울 노원구 상계동,,37.6612505755399,127.060252770712,1,서울 노원구 상계동
노원구,상계동,상계우방유쉘,addr,,서울 노원구 상계동,,37.6612505755399,127.060252770712,1,서울 노원구 상계동
노원구,상계동,비콘드림힐3,addr,,서울 노원구 상계동,,37.6612505755399,127.060252770712,1,서울 노원구 상계동
노원구,상계동,대동황토빌라트,addr,,서울 노원구 상계동,,37.6612505755399,127.060252770712,1,서울 노원구 상계동
노원구,월계동,건양노블레스빌,addr,,서울 노원구 월계동,,37.6199191869583,127.062987742987,1,서울 노원구 월계동
노원구,중계동,성원2,addr,,서울 노원구 중계동,,37.6525550467646,127.077488598779,1,서울 노원구 중계동
노원구,중계동,중계스타클래스,addr,,서울 노원구 중계동,,37.6525550467646,127.077488598779,1,서울 노원구 중계동
노원구,공릉동,청구빌아파트,addr,,서울 노원구 공릉동,,37.6248431089168,127.073821318894,1,서울 노원구 공릉동
은평구,진관동,구파발9단지래미안(916~928동)BL3-2,addr,,서울 은평구 진관동,,37.6349668825061,126.92106591289,1,서울 은평구 진관동
은평구,진관동,상림마을7단지아이파크(713~718동)BL1-11,addr,,서울 은평구 진관동,,37.6349668825061,126.92106591289,1,서울 은평구 진관동
은평구,진관동,상림마을7단지아이파크(719~729동)BL1-13,addr,,서울 은평구 진관동,,37.6349668825061,126.92106591289,1,서울 은평구 진관동
은평구,진관동,상림마을7단지아이파크(730~742동)BL1-14,addr,,서울 은평구 진관동,,37.6349668825061,126.92106591289,1,서울 은평구 진관동
은평구,진관동,상림마을6단지푸르지오(622~629동)BL1-5,addr,,서울 은평구 진관동,,37.6349668825061,126.92106591289,1,서울 은평구 진관동
은평구,진관동,우물골2단지두산위브(204~208동)BL2-5,addr,,서울 은평구 진관동,,37.6349668825061,126.92106591289,1,서울 은평구 진관동
은평구,진관동,박석고개1단지힐스테이트(101~111동)BL2-12,addr,,서울 은평구 진관동,,37.6349668825061,126.92106591289,1,서울 은평구 진관동
은평구,진관동,우물골2단지두산위브(245~255동)BL2-6,addr,,서울 은평구 진관동,,37.6349668825061,126.92106591289,1,서울 은평구 진관동
은평구,응암동,드림캐시아1,addr,,서울 은평구 응암동,,37.5963272964126,126.924109745075,1,서울 은평구 응암동
은평구,진관동,상림마을8단지롯데캐슬(821~830동)BL1-12,addr,,서울 은평구 진관동,,37.6349668825061,126.92106591289,1,서울 은평구 진관동
은평구,수색동,제일아파트가동(345-4),addr,,서울 은평구 수색동,,37.5835205431622,126.893690338772,1,서울 은평구 수색동
은평구,진관동,상림마을7단지아이파크(702~705동)BL1-4,addr,,서울 은평구 진관동,,37.6349668825061,126.92106591289,1,서울 은평구 진관동
은평구,대조동,효원,addr,,서울 은평구 대조동,,37.6141899645264,126.920825111083,1,서울 은평구 대조동
은평구,진관동,상림마을6단지푸르지오(615~621동)BL1-6,addr,,서울 은평구 진관동,,37.6349668825061,126.92106591289,1,서울 은평구 진관동
은평구,진관동,우물골2단지두산위브(223~244동)BL2-7,우물골2단지두산위브(223~244동)2-7,은평뉴타운우물골2단지아파트(223~244동) 223동,서울 은평구 진관동 84,서울 은평구 진관2로 57-37,37.63644058178854,126.92908684837288,3,우물골2단지두산위브(223~244동)2-7 은평구 진관동
은평구,진관동,우물골2단지두산위브(209~222동)BL2-8,addr,,서울 은평구 진관동,,37.6349668825061,126.92106591289,1,서울 은평구 진관동
은평구,대조동,신세계드림빌1,addr,,서울 은평구 대조동,,37.6141899645264,126.920825111083,1,서울 은평구 대조동
은평구,진관동,상림마을7단지아이파크(709~712동)BL1-10,addr,,서울 은평구 진관동,,37.6349668825061,126.92106591289,1,서울 은평구 진관동
은평구,진관동,상림마을8단지롯데캐슬(810~820동)BL1-1,상림마을8단지롯데캐슬(810~820동)1-1,은평뉴타운상림마을8단지롯데캐슬아파트(810~820동),서울 은평구 진관동 19,서울 은평구 진관4로 17,37.64417800735758,126.92297333526051,3,상림마을8단지롯데캐슬(810~820동)1-1 은평구 진관동
은평구,진관동,마고정3단지센트레빌(310~322동)BL2-3,마고정3단지센트레빌(310~322동)2-3,은평뉴타운마고정3단지아파트(310~322동),서울 은평구 진관동 107,서울 은평구 진관2로 90,37.633427563063606,126.92740166839124,3,마고정3단지센트레빌(310~322동)2-3 은평구 진관동
은평구,신사동,양지파크,addr,,서울 은평구 신사동,,37.5949214743514,126.908475948726,1,서울 은평구 신사동
은평구,진관동,구파발10단지어울림(1011~1019동)BL3-1,addr,,서울 은평구 진관동,,37.6349668825061,126.92106591289,1,서울 은평구 진관동
은평구,진관동,상림마을7단지아이파크(706~708동)BL1-3,addr,,서울 은평구 진관동,,37.6349668825061,126.92106591289,1,서울 은평구 진관동
은평구,진관동,폭포동4단지힐스테이트(426~428동)BL3-11,addr,,서울 은평구 진관동,,37.6349668825061,126.92106591289,1,서울 은평구 진관동
은평구,역촌동,거성리젠시2차,addr,,서울 은평구 역촌동,,37.6043976551679,126.915123289569,1,서울 은평구 역촌동
은평구,진관동,박석고개1단지힐스테이트(116~131동)BL2-1,박석고개1단지힐스테이트(116~131동)2-1,은평뉴타운박석고개1단지힐스테이트아파트(116~131동),서울 은평구 진관동 102,서울 은평구 진관1로 21-10,37.6336445151165,126.921484225549,3,박석고개1단지힐스테이트(116~131동)2-1 은평구 진관동
은평구,진관동,박석고개1단지힐스테이트(112~115동)BL2-13,addr,,서울 은평구 진관동,,37.6349668825061,126.92106591289,1,서울 은평구 진관동
은평구,진관동,폭포동4단지힐스테이트(408~422동)BL3-9,addr,,서울 은평구 진관동,,37.6349668825061,126.92106591289,1,서울 은평구 진관동
은평구,진관동,상림마을6단지푸르지오(606~614동)BL1-7,addr,,서울 은평구 진관동,,37.6349668825061,126.92106591289,1,서울 은평구 진관동
은평구,구산동,금강포란재(101),addr,,서울 은평구 구산동,,37.6117570303251,126.910376186527,1,서울 은평구 구산동
은평구,수색동,"수정가,나동",addr,,서울 은평구 수색동,,37.5835205431622,126.893690338772,1,서울 은평구 수색동
은평구,진관동,상림마을8단지롯데캐슬(801~809동)BL1-2,addr,,서울 은평구 진관동,,37.6349668825061,126.92106591289,1,서울 은평구 진관동
은평구,대조동,정익제이원6차,addr,,서울 은평구 대조동,,37.6141899645264,126.920825111083,1,서울 은평구 대조동
은평구,응암동,드림캐시아2,addr,,서울 은평구 응암동,,37.5963272964126,126.924109745075,1,서울 은평구 응암동
은평구,진관동,폭포동4단지힐스테이트(423~425동)BL3-10,addr,,서울 은평구 진관동,,37.6349668825061,126.92106591289,1,서울 은평구 진관동
은평구,신사동,테마빌2,addr,,서울 은평구 신사동,,37.5949214743514,126.908475948726,1,서울 은평구 신사동
은평구,진관동,마고정3단지센트레빌(323~335동)BL2-2,addr,,서울 은평구 진관동,,37.6349668825061,126.92106591289,1,서울 은평구 진관동
은평구,진관동,우물골2단지두산위브(201~203동)BL2-4,addr,,서울 은평구 진관동,,37.6349668825061,126.92106591289,1,서울 은평구 진관동
은평구,진관동,상림마을6단지푸르지오(601~605동)BL1-8,addr,,서울 은평구 진관동,,37.6349668825061,126.92106591289,1,서울 은평구 진관동
은평구,갈현동,지캐슬,addr,,서울 은평구 갈현동,,37.6198652831792,126.914367182376,1,서울 은평구 갈현동
은평구,진관동,마고정3단지센트레빌(301~309동)BL2-11,addr,,서울 은평구 진관동,,37.6349668825061,126.92106591289,1,서울 은평구 진관동
은평구,역촌동,만민하늘애2차,addr,,서울 은평구 역촌동,,37.6043976551679,126.915123289569,1,서울 은평구 역촌동
은평구,수색동,제일아파트나동(345-5),addr,,서울 은평구 수색동,,37.5835205431622,126.893690338772,1,서울 은평구 수색동
은평구,대조동,영화노블레스아파트,영화노블레스,영화노블레스,서울 은평구 대조동 15-122,서울 은평구 통일로65길 3,37.608954119885,126.930524102269,3,영화노블레스 은평구 대조동
은평구,대조동,장미아파트,장미,먹는장미오일 서부총판,서울 은평구 대조동 225-4,서울 은평구 연서로18길 16,37.6120670929078,126.919284773093,3,장미 은평구 대조동
은평구,대조동,만민하늘愛,addr,,서울 은평구 대조동,,37.6141899645264,126.920825111083,1,서울 은평구 대조동
은평구,역촌동,혜승밸라지오,addr,,서울 은평구 역촌동,,37.6043976551679,126.915123289569,1,서울 은평구 역촌동
은평구,역촌동,역산미르빌,addr,,서울 은평구 역촌동,,37.6043976551679,126.915123289569,1,서울 은평구 역촌동
은평구,증산동,자산메르시안(164-31),addr,,서울 은평구 증산동,,37.5843030609174,126.907039772766,1,서울 은평구 증산동
은평구,대조동,제이타워1,addr,,서울 은평구 대조동,,37.6141899645264,126.920825111083,1,서울 은평구 대조동
은평구,응암동,엘엔씨레반트,addr,,서울 은평구 응암동,,37.5963272964126,126.924109745075,1,서울 은평구 응암동
은평구,역촌동,도올탑스텔,addr,,서울 은평구 역촌동,,37.6043976551679,126.915123289569,1,서울 은평구 역촌동
은평구,대조동,DasHaus,addr,,서울 은평구 대조동,,37.6141899645264,126.920825111083,1,서울 은평구 대조동
은평구,대조동,신세계드림빌2,addr,,서울 은평구 대조동,,37.6141899645264,126.920825111083,1,서울 은평구 대조동
서대문구,홍은동,풍림2,addr,,서울 서대문구 홍은동,,37.5908908122788,126.933218715152,1,서울 서대문구 홍은동
서대문구,홍은동,신원지벤스타7,addr,,서울 서대문구 홍은동,,37.5908908122788,126.933218715152,1,서울 서대문구 홍은동
서대문구,홍은동,넥서스빌2,addr,,서울 서대문구 홍은동,,37.5908908122788,126.933218715152,1,서울 서대문구 홍은동
서대문구,북가좌동,충우팰리스1,addr,,서울 서대문구 북가좌동,,37.5780815956198,126.91039845202,1,서울 서대문구 북가좌동
서대문구,북아현동,조은1차,addr,,서울 서대문구 북아현동,,37.559565244981,126.956901214305,1,서울 서대문구 북아현동
서대문구,남가좌동,엠화일비동,addr,,서울 서대문구 남가좌동,,37.5755473825402,126.919548350676,1,서울 서대문구 남가좌동
서대문구,홍은동,신원지벤스타4,addr,,서울 서대문구 홍은동,,37.5908908122788,126.933218715152,1,서울 서대문구 홍은동
서대문구,홍제동,인왕궁맨숀,addr,,서울 서대문구 홍제동,,37.585845800944,126.948725215733,1,서울 서대문구 홍제동
서대문구,홍은동,신원지벤스타3,addr,,서울 서대문구 홍은동,,37.5908908122788,126.933218715152,1,서울 서대문구 홍은동
서대문구,북가좌동,충우팰리스2,addr,,서울 서대문구 북가좌동,,37.5780815956198,126.91039845202,1,서울 서대문구 북가좌동
서대문구,북아현동,조은2차,addr,,서울 서대문구 북아현동,,37.559565244981,126.956901214305,1,서울 서대문구 북아현동
서대문구,홍은동,신원지벤스타2,addr,,서울 서대문구 홍은동,,37.5908908122788,126.933218715152,1,서울 서대문구 홍은동
서대문구,홍은동,미건스카이빌,addr,,서울 서대문구 홍은동,,37.5908908122788,126.933218715152,1,서울 서대문구 홍은동
서대문구,홍제동,송도그린빌A동,addr,,서울 서대문구 홍제동,,37.585845800944,126.948725215733,1,서울 서대문구 홍제동
서대문구,홍은동,신원지벤스타6,addr,,서울 서대문구 홍은동,,37.5908908122788,126.933218715152,1,서울 서대문구 홍은동
서대문구,북가좌동,동도하이츠에이동,addr,,서울 서대문구 북가좌동,,37.5780815956198,126.91039845202,1,서울 서대문구 북가좌동
서대문구,북가좌동,동도하이츠비동,addr,,서울 서대문구 북가좌동,,37.5780815956198,126.91039845202,1,서울 서대문구 북가좌동
서대문구,홍은동,장성미모아,addr,,서울 서대문구 홍은동,,37.5908908122788,126.933218715152,1,서울 서대문구 홍은동
서대문구,홍은동,G패밀리움,패밀리움,골드패밀리움아파트,서울 서대문구 홍은동 437-2,서울 서대문구 통일로 542,37.59611285915767,126.93972732005764,3,패밀리움 서대문구 홍은동
서대문구,홍은동,신원지벤스타5,addr,,서울 서대문구 홍은동,,37.5908908122788,126.933218715152,1,서울 서대문구 홍은동
서대문구,남가좌동,엠화일에이동,addr,,서울 서대문구 남가좌동,,37.5755473825402,126.919548350676,1,서울 서대문구 남가좌동
서대문구,홍은동,제이씨라디앙,addr,,서울 서대문구 홍은동,,37.5908908122788,126.933218715152,1,서울 서대문구 홍은동
서대문구,홍은동,신원지벤스타1,addr,,서울 서대문구 홍은동,,37.5908908122788,126.933218715152,1,서울 서대문구 홍은동
서대문구,홍은동,세윤외인빌리지,addr,,서울 서대문구 홍은동,,37.5908908122788,126.933218715152,1,서울 서대문구 홍은동
서대문구,연희동,충우하이빌,addr,,서울 서대문구 연희동,,37.5739100104158,126.935230751932,1,서울 서대문구 연희동
서대문구,홍은동,북한산삼부르네상스205동206동207동,addr,,서울 서대문구 홍은동,,37.5908908122788,126.933218715152,1,서울 서대문구 홍은동
서대문구,홍은동,북한산삼부르네상스301동302동303동,addr,,서울 서대문구 홍은동,,37.5908908122788,126.933218715152,1,서울 서대문구 홍은동
서대문구,연희동,흥연,addr,,서울 서대문구 연희동,,37.5739100104158,126.935230751932,1,서울 서대문구 연희동
서대문구,홍은동,북한산삼부르네상스202동203동204동,addr,,서울 서대문구 홍은동,,37.5908908122788,126.933218715152,1,서울 서대문구 홍은동
서대문구,홍은동,북한산삼부르네상스102동103동104동,addr,,서울 서대문구 홍은동,,37.5908908122788,126.933218715152,1,서울 서대문구 홍은동
서대문구,충정로2가,로얄패밀리아파트B동,addr,,서울 서대문구 충정로2가,,37.5648511031139,126.964119536636,1,서울 서대문구 충정로2가
마포구,망원동,한강1차대주피오레,addr,,서울 마포구 망원동,,37.5567856576913,126.901347294861,1,서울 마포구 망원동
마포구,망원동,대림2,addr,,서울 마포구 망원동,,37.5567856576913,126.901347294861,1,서울 마포구 망원동
마포구,상수동,래미안밤섬리베뉴Ⅰ,래미안밤섬리베뉴1,래미안밤섬리베뉴1아파트,서울 마포구 상수동 402,서울 마포구 독막로20나길 22,37.54673756766916,126.92573749909259,3,래미안밤섬리베뉴1 마포구 상수동
마포구,연남동,무지개에이,addr,,서울 마포구 연남동,,37.5644776141885,126.922023205508,1,서울 마포구 연남동
마포구,상수동,래미안밤섬리베뉴Ⅱ,래미안밤섬리베뉴2,래미안밤섬리베뉴II아파트,서울 마포구 상수동 398,서울 마포구 독막로20나길 21,37.54687895701406,126.92707491451532,3,래미안밤섬리베뉴2 마포구 상수동
마포구,망원동,미원2,addr,,서울 마포구 망원동,,37.5567856576913,126.901347294861,1,서울 마포구 망원동
마포구,중동,울트라월드컵(참누리),addr,,서울 마포구 중동,,37.5716627632571,126.9055839139,1,서울 마포구 중동
마포구,성산동,삼호빌라트,addr,,서울 마포구 성산동,,37.5628827605386,126.909284812172,1,서울 마포구 성산동
마포구,망원동,대상3,addr,,서울 마포구 망원동,,37.5567856576913,126.901347294861,1,서울 마포구 망원동
마포구,망원동,대성2,addr,,서울 마포구 망원동,,37.5567856576913,126.901347294861,1,서울 마포구 망원동
마포구,연남동,노블레스빌2,addr,,서울 마포구 연남동,,37.5644776141885,126.922023205508,1,서울 마포구 연남동
마포구,망원동,동보프리미아,addr,,서울 마포구 망원동,,37.5567856576913,126.901347294861,1,서울 마포구 망원동
마포구,공덕동,로즈빌A,로즈빌,로즈빌아파트,서울 마포구 공덕동 111-7,서울 마포구 임정로25길 21,37.5471577123056,126.95976453787,3,로즈빌 마포구 공덕동
마포구,중동,백명TRENDYAPT,백명,백명트렌디아파트,서울 마포구 중동 39-9,서울 마포구 성암로7길 22,37.56963083055524,126.90647845370319,3,백명 마포구 중동
마포구,망원동,신부3차파스카,addr,,서울 마포구 망원동,,37.5567856576913,126.901347294861,1,서울 마포구 망원동
마포구,망원동,미원1,addr,,서울 마포구 망원동,,37.5567856576913,126.901347294861,1,서울 마포구 망원동
마포구,공덕동,로즈빌B,로즈빌,로즈빌아파트,서울 마포구 공덕동 111-7,서울 마포구 임정로25길 21,37.5471577123056,126.95976453787,3,로즈빌 마포구 공덕동
마포구,성산동,해피존2,addr,,서울 마포구 성산동,,37.5628827605386,126.909284812172,1,서울 마포구 성산동
마포구,서교동,삼익플라주서교1,addr,,서울 마포구 서교동,,37.5550949138083,126.914613374473,1,서울 마포구 서교동
마포구,망원동,대상4,addr,,서울 마포구 망원동,,37.5567856576913,126.901347294861,1,서울 마포구 망원동
마포구,염리동,우리파크아파트,addr,,서울 마포구 염리동,,37.5470619620453,126.94565571696,1,서울 마포구 염리동
마포구,성산동,예림아너스,addr,,서울 마포구 성산동,,37.5628827605386,126.909284812172,1,서울 마포구 성산동
양천구,목동,진도2,addr,,서울 양천구 목동,,37.5304364108359,126.870989288343,1,서울 양천구 목동
양천구,신정동,목동삼성쉐르빌Ⅱ,목동삼성쉐르빌2,삼성쉐르빌2아파트,서울 양천구 신정동 318-12,서울 양천구 목동동로 177,37.52162401812374,126.87044337718785,3,목동삼성쉐르빌2 양천구 신정동
양천구,신정동,목동경동미르웰,addr,,서울 양천구 신정동,,37.5185526780279,126.854354325392,1,서울 양천구 신정동
양천구,신월동,동양브로미(102동)B,addr,,서울 양천구 신월동,,37.532815818936,126.831535864977,1,서울 양천구 신월동
양천구,신정동,신정6현대,addr,,서울 양천구 신정동,,37.5185526780279,126.854354325392,1,서울 양천구 신정동
양천구,목동,목4현대,addr,,서울 양천구 목동,,37.5304364108359,126.870989288343,1,서울 양천구 목동
양천구,목동,부영3,addr,,서울 양천구 목동,,37.5304364108359,126.870989288343,1,서울 양천구 목동
양천구,목동,목동벨로스주상복합,addr,,서울 양천구 목동,,37.5304364108359,126.870989288343,1,서울 양천구 목동
양천구,목동,목동휘버스II,목동휘버스,목동휘버스아파트,서울 양천구 목동 729-12,서울 양천구 목동중앙남로7길 36,37.53756881578425,126.86462723373944,3,목동휘버스 양천구 목동
양천구,신월동,주함헤븐106동,addr,,서울 양천구 신월동,,37.532815818936,126.831535864977,1,서울 양천구 신월동
양천구,목동,진도1,addr,,서울 양천구 목동,,37.5304364108359,126.870989288343,1,서울 양천구 목동
양천구,신정동,예지팰리스50차,addr,,서울 양천구 신정동,,37.5185526780279,126.854354325392,1,서울 양천구 신정동
양천구,신정동,로데오휘버스빌,addr,,서울 양천구 신정동,,37.5185526780279,126.854354325392,1,서울 양천구 신정동
양천구,신월동,방주기픈샘2,addr,,서울 양천구 신월동,,37.532815818936,126.831535864977,1,서울 양천구 신월동
양천구,신월동,동양브로미(101동)A,addr,,서울 양천구 신월동,,37.532815818936,126.831535864977,1,서울 양천구 신월동
양천구,목동,ParkPalaceII,addr,,서울 양천구 목동,,37.5304364108359,126.870989288343,1,서울 양천구 목동
양천구,목동,상부파크팰리스,addr,,서울 양천구 목동,,37.5304364108359,126.870989288343,1,서울 양천구 목동
양천구,신월동,주함헤븐103동,addr,,서울 양천구 신월동,,37.532815818936,126.831535864977,1,서울 양천구 신월동
양천구,신월동,NEWSK아파트,아파트,신월시영아파트,서울 양천구 신월동 987-1,서울 양천구 신월로 99,37.51709330487288,126.83277476226287,3,아파트 양천구 신월동
양천구,신월동,호성파크1,addr,,서울 양천구 신월동,,37.532815818936,126.831535864977,1,서울 양천구 신월동
양천구,신월동,탑건위너스빌,addr,,서울 양천구 신월동,,37.532815818936,126.831535864977,1,서울 양천구 신월동
양천구,목동,한신빌라트1,addr,,서울 양천구 목동,,37.5304364108359,126.870989288343,1,서울 양천구 목동
양천구,목동,목동동화옥시죤-7,addr,,서울 양천구 목동,,37.5304364108359,126.870989288343,1,서울 양천구 목동
양천구,목동,강산빌라트,addr,,서울 양천구 목동,,37.5304364108359,126.870989288343,1,서울 양천구 목동
양천구,신월동,주함헤븐102동,addr,,서울 양천구 신월동,,37.532815818936,126.831535864977,1,서울 양천구 신월동
양천구,신월동,그린아파트빌,addr,,서울 양천구 신월동,,37.532815818936,126.831535864977,1,서울 양천구 신월동
양천구,신월동,주함헤븐105동,addr,,서울 양천구 신월동,,37.532815818936,126.831535864977,1,서울 양천구 신월동
양천구,신월동,용민홈타워빌,addr,,서울 양천구 신월동,,37.532815818936,126.831535864977,1,서울 양천구 신월동
양천구,신월동,주함헤븐101동,addr,,서울 양천구 신월동,,37.532815818936,126.831535864977,1,서울 양천구 신월동
양천구,목동,목동휘버스I,목동휘버스,목동휘버스아파트,서울 양천구 목동 729-12,서울 양천구 목동중앙남로7길 36,37.53756881578425,126.86462723373944,3,목동휘버스 양천구 목동
양천구,신정동,주안펌니스아파트,주안펌니스,주안아파트,서울 양천구 신정동 952-3,서울 양천구 오목로 174,37.52494207692505,126.85688726615912,3,주안펌니스 양천구 신정동
양천구,신월동,주남헤븐107동,addr,,서울 양천구 신월동,,37.532815818936,126.831535864977,1,서울 양천구 신월동
강서구,화곡동,화곡1차보람더하임,addr,,서울 강서구 화곡동,,37.5362848031693,126.848952280488,1,서울 강서구 화곡동
강서구,방화동,AirPalace(619-7),addr,,서울 강서구 방화동,,37.5713090735148,126.811820803059,1,서울 강서구 방화동
강서구,화곡동,트리움팰리스,트리움,윤탁아트리움아파트,서울 강서구 화곡동 1026-18,서울 강서구 강서로 206,37.54482822425335,126.83818171658997,3,트리움 강서구 화곡동
강서구,등촌동,"등촌1,2단지주공아파트",addr,,서울 강서구 등촌동,,37.5622374761139,126.843670821456,1,서울 강서구 등촌동
강서구,염창동,염창1차보람더하임,addr,,서울 강서구 염창동,,37.553736243135,126.870985348962,1,서울 강서구 염창동
강서구,염창동,현대3,addr,,서울 강서구 염창동,,37.553736243135,126.870985348962,1,서울 강서구 염창동
강서구,화곡동,토석아네스아파트,토석아네스,토석아네스,서울 강서구 화곡동 24-138,서울 강서구 화곡로42가길 30,37.5455328262805,126.84629024588,3,토석아네스 강서구 화곡동
강서구,등촌동,삼성한사랑1,addr,,서울 강서구 등촌동,,37.5622374761139,126.843670821456,1,서울 강서구 등촌동
강서구,가양동,강나루2현대,addr,,서울 강서구 가양동,,37.5693673262877,126.84732341674,1,서울 강서구 가양동
강서구,염창동,염창동한강우성,addr,,서울 강서구 염창동,,37.553736243135,126.870985348962,1,서울 강서구 염창동
강서구,등촌동,대동황토방2,addr,,서울 강서구 등촌동,,37.5622374761139,126.843670821456,1,서울 강서구 등촌동
강서구,가양동,가양도시개발9-2단지,addr,,서울 강서구 가양동,,37.5693673262877,126.84732341674,1,서울 강서구 가양동
강서구,염창동,현대2,addr,,서울 강서구 염창동,,37.553736243135,126.870985348962,1,서울 강서구 염창동
강서구,화곡동,효성A(923-17),addr,,서울 강서구 화곡동,,37.5362848031693,126.848952280488,1,서울 강서구 화곡동
강서구,화곡동,"대성3,4호(379-58,나동)",addr,,서울 강서구 화곡동,,37.5362848031693,126.848952280488,1,서울 강서구 화곡동
강서구,내발산동,천우네오젠6차,addr,,서울 강서구 내발산동,,37.5543737621716,126.83326640676,1,서울 강서구 내발산동
강서구,화곡동,트윈캐슬B동(56-11),addr,,서울 강서구 화곡동,,37.5362848031693,126.848952280488,1,서울 강서구 화곡동
강서구,화곡동,태흥그랑뷰,addr,,서울 강서구 화곡동,,37.5362848031693,126.848952280488,1,서울 강서구 화곡동
강서구,화곡동,호성그린아트빌,addr,,서울 강서구 화곡동,,37.5362848031693,126.848952280488,1,서울 강서구 화곡동
강서구,화곡동,삼호그린(346-19),addr,,서울 강서구 화곡동,,37.5362848031693,126.848952280488,1,서울 강서구 화곡동
강서구,가양동,가양1차보람더하임,addr,,서울 강서구 가양동,,37.5693673262877,126.84732341674,1,서울 강서구 가양동
강서구,화곡동,진민그린상가(367-30),addr,,서울 강서구 화곡동,,37.5362848031693,126.848952280488,1,서울 강서구 화곡동
강서구,화곡동,화성파크빌,addr,,서울 강서구 화곡동,,37.5362848031693,126.848952280488,1,서울 강서구 화곡동
강서구,염창동,이너스5차동진,addr,,서울 강서구 염창동,,37.553736243135,126.870985348962,1,서울 강서구 염창동
강서구,염창동,노블레스2(267-4),addr,,서울 강서구 염창동,,37.553736243135,126.870985348962,1,서울 강서구 염창동
강서구,내발산동,한서1차,addr,,서울 강서구 내발산동,,37.5543737621716,126.83326640676,1,서울 강서구 내발산동
강서구,화곡동,남경에버빌(343-47),addr,,서울 강서구 화곡동,,37.5362848031693,126.848952280488,1,서울 강서구 화곡동
강서구,화곡동,신원1차(24-124),addr,,서울 강서구 화곡동,,37.5362848031693,126.848952280488,1,서울 강서구 화곡동
강서구,내발산동,태승훼미리2,addr,,서울 강서구 내발산동,,37.5543737621716,126.83326640676,1,서울 강서구 내발산동
강서구,화곡동,우성트윈캐슬A동,addr,,서울 강서구 화곡동,,37.5362848031693,126.848952280488,1,서울 강서구 화곡동
강서구,내발산동,천우네오젠5차,addr,,서울 강서구 내발산동,,37.5543737621716,126.83326640676,1,서울 강서구 내발산동
강서구,내발산동,쥴리앙,addr,,서울 강서구 내발산동,,37.5543737621716,126.83326640676,1,서울 강서구 내발산동
강서구,화곡동,효성B(923-18),addr,,서울 강서구 화곡동,,37.5362848031693,126.848952280488,1,서울 강서구 화곡동
강서구,화곡동,에이원A동,addr,,서울 강서구 화곡동,,37.5362848031693,126.848952280488,1,서울 강서구 화곡동
강서구,화곡동,AndPra레지던스,레지던스,뉴욕레지던스2,서울 강서구 화곡동 858-23,서울 강서구 곰달래로38길 6,37.530940169846765,126.85477826093748,3,레지던스 강서구 화곡동
강서구,내발산동,A.G.S.드림,...드림,드림어린이집,서울 강서구 내발산동 748-4,서울 강서구 수명로2길 50,37.5494514192687,126.826256667343,3,...드림 강서구 내발산동
강서구,염창동,세왕네트빌,addr,,서울 강서구 염창동,,37.553736243135,126.870985348962,1,서울 강서구 염창동
강서구,화곡동,황제팰리체(And Pra space),addr,,서울 강서구 화곡동,,37.5362848031693,126.848952280488,1,서울 강서구 화곡동
강서구,화곡동,한경빌(938-26),addr,,서울 강서구 화곡동,,37.5362848031693,126.848952280488,1,서울 강서구 화곡동
강서구,화곡동,신원2차(24-130),addr,,서울 강서구 화곡동,,37.5362848031693,126.848952280488,1,서울 강서구 화곡동
강서구,화곡동,양지샤인아파트,양지샤인,양지샤인오피스텔,서울 강서구 화곡동 899-21,서울 강서구 강서로7길 20-20,37.5301786019477,126.84606607447,3,양지샤인 강서구 화곡동
강서구,화곡동,에이원B둥,addr,,서울 강서구 화곡동,,37.5362848031693,126.848952280488,1,서울 강서구 화곡동
강서구,화곡동,"대성1,2호(379-57,가동)",addr,,서울 강서구 화곡동,,37.5362848031693,126.848952280488,1,서울 강서구 화곡동
강서구,등촌동,"등촌지와인아파트,비지니스센터",등촌지와인,등촌지와인아파트,서울 강서구 등촌동 727,서울 강서구 양천로 620,37.5539523196104,126.866781804745,3,등촌지와인 강서구 등촌동
구로구,구로동,주공2,addr,,서울 구로구 구로동,,37.495770737873,126.882642231121,1,서울 구로구 구로동
구로구,개봉동,거성푸르뫼2,addr,,서울 구로구 개봉동,,37.4930115322773,126.857746551058,1,서울 구로구 개봉동
구로구,신도림동,대림e-편한세상6,addr,,서울 구로구 신도림동,,37.5077809050365,126.880610228674,1,서울 구로구 신도림동
구로구,구로동,주공1,addr,,서울 구로구 구로동,,37.495770737873,126.882642231121,1,서울 구로구 구로동
구로구,구로동,(777-3)두암호은리버빌,addr,,서울 구로구 구로동,,37.495770737873,126.882642231121,1,서울 구로구 구로동
구로구,구로동,801-9,addr,,서울 구로구 구로동,,37.495770737873,126.882642231121,1,서울 구로구 구로동
구로구,구로동,풍안주택,addr,,서울 구로구 구로동,,37.495770737873,126.882642231121,1,서울 구로구 구로동
구로구,고척동,경남2,addr,,서울 구로구 고척동,,37.5013977406621,126.863557123957,1,서울 구로구 고척동
구로구,구로동,현암B동,addr,,서울 구로구 구로동,,37.495770737873,126.882642231121,1,서울 구로구 구로동
구로구,구로동,800-22,addr,,서울 구로구 구로동,,37.495770737873,126.882642231121,1,서울 구로구 구로동
구로구,구로동,800-27,addr,,서울 구로구 구로동,,37.495770737873,126.882642231121,1,서울 구로구 구로동
구로구,구로동,800-19,addr,,서울 구로구 구로동,,37.495770737873,126.882642231121,1,서울 구로구 구로동
구로구,구로동,성산E동,addr,,서울 구로구 구로동,,37.495770737873,126.882642231121,1,서울 구로구 구로동
구로구,구로동,삼주빌라,삼주,삼주경매정보,서울 구로구 구로동 222-7,서울 구로구 디지털로32길 30,37.4834759358265,126.896505100918,3,삼주 구로구 구로동
구로구,온수동,아이에스빌리브,addr,,서울 구로구 온수동,,37.4941466665874,126.820586087352,1,서울 구로구 온수동
구로구,구로동,구로아트빌라9,addr,,서울 구로구 구로동,,37.495770737873,126.882642231121,1,서울 구로구 구로동
구로구,구로동,대길B,대길,대길손세차장,서울 구로구 구로동 515-11,서울 구로구 구로중앙로27길 28-22,37.49853321985084,126.88539271584276,3,대길 구로구 구로동
구로구,구로동,모란빌라,모란,모란뜰한복,서울 구로구 신도림동 437-1,서울 구로구 경인로59길 8,37.5063916668474,126.883427480197,2,모란 구로구 구로동
구로구,구로동,(716-25)우진빌라1차A,addr,,서울 구로구 구로동,,37.495770737873,126.882642231121,1,서울 구로구 구로동
구로구,구로동,명성빌라3차,addr,,서울 구로구 구로동,,37.495770737873,126.882642231121,1,서울 구로구 구로동
구로구,구로동,(806-41)가람빌라,addr,,서울 구로구 구로동,,37.495770737873,126.882642231121,1,서울 구로구 구로동
구로구,궁동,호수1차A동,addr,,서울 구로구 궁동,,37.5018731116129,126.827457184485,1,서울 구로구 궁동
구로구,개봉동,동서아파트(313-32),동서,KCC동서유리,서울 구로구 개봉동 416-145,서울 구로구 경인로38길 36,37.4957354047284,126.857108119288,3,동서 구로구 개봉동
구로구,구로동,삼성아트빌라,삼성아트,삼성아트,서울 구로구 구로동 1126-16,서울 구로구 시흥대로 541,37.481716640958,126.900080287139,3,삼성아트 구로구 구로동
구로구,오류동,미진주택B동,addr,,서울 구로구 오류동,,37.4889461307049,126.835492478188,1,서울 구로구 오류동
구로구,구로동,(716-22)우진빌라C,addr,,서울 구로구 구로동,,37.495770737873,126.882642231121,1,서울 구로구 구로동
구로구,구로동,재선주택,addr,,서울 구로구 구로동,,37.495770737873,126.882642231121,1,서울 구로구 구로동
구로구,구로동,태영빌라2,addr,,서울 구로구 구로동,,37.495770737873,126.882642231121,1,서울 구로구 구로동
구로구,구로동,조성빌라,addr,,서울 구로구 구로동,,37.495770737873,126.882642231121,1,서울 구로구 구로동
구로구,구로동,봉일(797-8),addr,,서울 구로구 구로동,,37.495770737873,126.882642231121,1,서울 구로구 구로동
구로구,구로동,미성빌라트,addr,,서울 구로구 구로동,,37.495770737873,126.882642231121,1,서울 구로구 구로동
구로구,구로동,미도빌라A동,addr,,서울 구로구 구로동,,37.495770737873,126.882642231121,1,서울 구로구 구로동
구로구,구로동,801-14,addr,,서울 구로구 구로동,,37.495770737873,126.882642231121,1,서울 구로구 구로동
구로구,구로동,800-30,addr,,서울 구로구 구로동,,37.495770737873,126.882642231121,1,서울 구로구 구로동
구로구,구로동,(803-13)구로아트빌라8,addr,,서울 구로구 구로동,,37.495770737873,126.882642231121,1,서울 구로구 구로동
구로구,구로동,일심빌리지,addr,,서울 구로구 구로동,,37.495770737873,126.882642231121,1,서울 구로구 구로동
구로구,구로동,(718-10)옥천빌라,addr,,서울 구로구 구로동,,37.495770737873,126.882642231121,1,서울 구로구 구로동
구로구,오류동,미진주택A동,addr,,서울 구로구 오류동,,37.4889461307049,126.835492478188,1,서울 구로구 오류동
구로구,구로동,구로궁전빌리지(771-42),addr,,서울 구로구 구로동,,37.495770737873,126.882642231121,1,서울 구로구 구로동
구로구,구로동,백록빌라,addr,,서울 구로구 구로동,,37.495770737873,126.882642231121,1,서울 구로구 구로동
구로구,구로동,(798-18)봉일주택,addr,,서울 구로구 구로동,,37.495770737873,126.882642231121,1,서울 구로구 구로동
금천구,시흥동,백운한비치5,addr,,서울 금천구 시흥동,,37.4476688042386,126.908452220723,1,서울 금천구 시흥동
금천구,독산동,목화102,addr,,서울 금천구 독산동,,37.4681432491734,126.899392976389,1,서울 금천구 독산동
금천구,독산동,은탑로얄클라스,addr,,서울 금천구 독산동,,37.4681432491734,126.899392976389,1,서울 금천구 독산동
금천구,독산동,동은6차,addr,,서울 금천구 독산동,,37.4681432491734,126.899392976389,1,서울 금천구 독산동
금천구,독산동,상진지오벨리A,addr,,서울 금천구 독산동,,37.4681432491734,126.899392976389,1,서울 금천구 독산동
금천구,독산동,상진지오벨리B,addr,,서울 금천구 독산동,,37.4681432491734,126.899392976389,1,서울 금천구 독산동
금천구,독산동,을미월드힐,addr,,서울 금천구 독산동,,37.4681432491734,126.899392976389,1,서울 금천구 독산동
금천구,독산동,동은5차,addr,,서울 금천구 독산동,,37.4681432491734,126.899392976389,1,서울 금천구 독산동
금천구,독산동,한솔아트빌라,addr,,서울 금천구 독산동,,37.4681432491734,126.899392976389,1,서울 금천구 독산동
금천구,독산동,세진웰빙101,addr,,서울 금천구 독산동,,37.4681432491734,126.899392976389,1,서울 금천구 독산동
금천구,독산동,목화103,addr,,서울 금천구 독산동,,37.4681432491734,126.899392976389,1,서울 금천구 독산동
영등포구,신길동,우성4,addr,,서울 영등포구 신길동,,37.5041663202167,126.91406973946,1,서울 영등포구 신길동
영등포구,당산동,THESILK,addr,,서울 영등포구 당산동,,37.5402584246452,126.902165652703,1,서울 영등포구 당산동
영등포구,양평동1가,한신공영,addr,,서울 영등포구 양평동1가,,37.5234622076971,126.888223442468,1,서울 영등포구 양평동1가
영등포구,대림동,한신휴2차,addr,,서울 영등포구 대림동,,37.4925087229046,126.902006335554,1,서울 영등포구 대림동
영등포구,영등포동8가,영등포메이준2011,addr,,서울 영등포구 영등포동8가,,37.5283028633869,126.905253942411,1,서울 영등포구 영등포동8가
영등포구,여의도동,대우트럼프월드Ⅰ,대우트럼프월드1,대우트럼프월드1차아파트,서울 영등포구 여의도동 55-1,서울 영등포구 여의동로 143,37.51754910066925,126.93233847805467,3,대우트럼프월드1 영등포구 여의도동
영등포구,당산동,성재I캐슬2차,성재캐슬2차,성재아이캐슬2차아파트,서울 영등포구 당산동 121-134,서울 영등포구 국회대로55길 16,37.52659324634038,126.90814770018554,3,성재캐슬2차 영등포구 당산동
동작구,상도동,이수브라운스톤상도(527-0),addr,,서울 동작구 상도동,,37.4985163075705,126.939014238644,1,서울 동작구 상도동
동작구,흑석동,흑석한강센트레빌Ⅱ,addr,,서울 동작구 흑석동,,37.5057750153538,126.966590753167,1,서울 동작구 흑석동
동작구,노량진동,정호샤인빌,addr,,서울 동작구 노량진동,,37.5107058110368,126.940393261192,1,서울 동작구 노량진동
동작구,흑석동,한진리버타운,addr,,서울 동작구 흑석동,,37.5057750153538,126.966590753167,1,서울 동작구 흑석동
동작구,노량진동,벧엘ForZoom,벧엘,벧엘생명교회,서울 동작구 상도동 364-7,서울 동작구 상도로15길 111-4,37.5047177876481,126.937025478038,2,벧엘 동작구 노량진동
동작구,대방동,현대홈타운2,addr,,서울 동작구 대방동,,37.5081642609998,126.926343500008,1,서울 동작구 대방동
동작구,상도1동,평화그린,addr,,서울 동작구 상도1동,,37.5032426328398,126.94974984805,1,서울 동작구 상도1동
동작구,사당동,남성골든빌A동B동,addr,,서울 동작구 사당동,,37.4839326741508,126.973135661399,1,서울 동작구 사당동
동작구,사당동,현대주택조합,addr,,서울 동작구 사당동,,37.4839326741508,126.973135661399,1,서울 동작구 사당동
동작구,흑석동,MARKHILLS,addr,,서울 동작구 흑석동,,37.5057750153538,126.966590753167,1,서울 동작구 흑석동
동작구,상도동,상도타워B동,addr,,서울 동작구 상도동,,37.4985163075705,126.939014238644,1,서울 동작구 상도동
동작구,상도동,드림캐슬타워,addr,,서울 동작구 상도동,,37.4985163075705,126.939014238644,1,서울 동작구 상도동
동작구,상도동,정호백경,addr,,서울 동작구 상도동,,37.4985163075705,126.939014238644,1,서울 동작구 상도동
동작구,사당동,강남드리움2차,addr,,서울 동작구 사당동,,37.4839326741508,126.973135661399,1,서울 동작구 사당동
관악구,신림동,LIG대학마을(건영아파트3차),addr,,서울 관악구 신림동,,37.4894520674165,126.926185482384,1,서울 관악구 신림동
관악구,신림동,LIG5차,5차,건영신림5차아파트,서울 관악구 신림동 233-11,서울 관악구 신림로3가길 45-10,37.468186170754485,126.94181971104787,3,5차 관악구 신림동
관악구,신림동,그대家,addr,,서울 관악구 신림동,,37.4894520674165,126.926185482384,1,서울 관악구 신림동
관악구,남현동,예촌BC,예촌,예촌아파트,서울 관악구 남현동 1072-47,서울 관악구 남부순환로256나길 15,37.4727430394401,126.973140797213,3,예촌 관악구 남현동
관악구,봉천동,새진4차,addr,,서울 관악구 봉천동,,37.4825384917268,126.952165181187,1,서울 관악구 봉천동
관악구,봉천동,새진8차,addr,,서울 관악구 봉천동,,37.4825384917268,126.952165181187,1,서울 관악구 봉천동
관악구,남현동,예촌A,예촌,예촌아파트,서울 관악구 남현동 1072-47,서울 관악구 남부순환로256나길 15,37.4727430394401,126.973140797213,3,예촌 관악구 남현동
관악구,신림동,신화아트벨리2차,addr,,서울 관악구 신림동,,37.4894520674165,126.926185482384,1,서울 관악구 신림동
관악구,남현동,르메이르강남타운1,addr,,서울 관악구 남현동,,37.4745631666845,126.977909779402,1,서울 관악구 남현동
관악구,신림동,벨라루체아파트,벨라루체,벨라루체,서울 관악구 신림동 1484-9,,37.4809400495242,126.911476724296,3,벨라루체 관악구 신림동
관악구,신림동,금호2,addr,,서울 관악구 신림동,,37.4894520674165,126.926185482384,1,서울 관악구 신림동
관악구,봉천동,벽산타운II,벽산타운,봉천벽산타운2차아파트,서울 관악구 봉천동 1716,서울 관악구 구암5가길 49,37.49251181247245,126.94603902289651,3,벽산타운 관악구 봉천동
관악구,봉천동,새진7차,addr,,서울 관악구 봉천동,,37.4825384917268,126.952165181187,1,서울 관악구 봉천동
관악구,봉천동,새진5차,addr,,서울 관악구 봉천동,,37.4825384917268,126.952165181187,1,서울 관악구 봉천동
관악구,봉천동,대동황실,addr,,서울 관악구 봉천동,,37.4825384917268,126.952165181187,1,서울 관악구 봉천동
관악구,봉천동,새진6차,addr,,서울 관악구 봉천동,,37.4825384917268,126.952165181187,1,서울 관악구 봉천동
관악구,남현동,쎈트앤빌2,addr,,서울 관악구 남현동,,37.4745631666845,126.977909779402,1,서울 관악구 남현동
관악구,남현동,로미아트빌,addr,,서울 관악구 남현동,,37.4745631666845,126.977909779402,1,서울 관악구 남현동
관악구,신림동,CLOUDAPT,addr,,서울 관악구 신림동,,37.4894520674165,126.926185482384,1,서울 관악구 신림동
관악구,남현동,네스코수피아아파트,네스코수피아,네스코수피아,서울 관악구 남현동 602-28,서울 관악구 승방4길 6,37.473858188616305,126.98084816209085,3,네스코수피아 관악구 남현동
관악구,신림동,신화아트벨리1차,addr,,서울 관악구 신림동,,37.4894520674165,126.926185482384,1,서울 관악구 신림동
관악구,남현동,한솔아크로,addr,,서울 관악구 남현동,,37.4745631666845,126.977909779402,1,서울 관악구 남현동
서초구,방배동,방배1차현대홈타운,addr,,서울 서초구 방배동,,37.4834130146568,126.994486969319,1,서울 서초구 방배동
서초구,반포동,반포주공1단지,addr,,서울 서초구 반포동,,37.50514467674,127.013359062646,1,서울 서초구 반포동
서초구,반포동,에이아이디차관주택,addr,,서울 서초구 반포동,,37.50514467674,127.013359062646,1,서울 서초구 반포동
서초구,잠원동,녹원한신,addr,,서울 서초구 잠원동,,37.514918688022,127.014102820234,1,서울 서초구 잠원동
서초구,반포동,쏠레뉴,addr,,서울 서초구 반포동,,37.50514467674,127.013359062646,1,서울 서초구 반포동
서초구,방배동,빌라일두오모,addr,,서울 서초구 방배동,,37.4834130146568,126.994486969319,1,서울 서초구 방배동
서초구,방배동,대림e-편한세상1,addr,,서울 서초구 방배동,,37.4834130146568,126.994486969319,1,서울 서초구 방배동
서초구,반포동,한신23차,addr,,서울 서초구 반포동,,37.50514467674,127.013359062646,1,서울 서초구 반포동
서초구,방배동,TheHerren,addr,,서울 서초구 방배동,,37.4834130146568,126.994486969319,1,서울 서초구 방배동
서초구,우면동,우솔마을서초리슈빌S아파트,우솔마을서초리슈빌S,우솔마을서초리슈빌S,서울 서초구 우면동 764,서울 서초구 양재대로2길 100-11,37.45646009925961,127.01619973385807,3,우솔마을서초리슈빌S 서초구 우면동
서초구,방배동,멤버스카운티601,addr,,서울 서초구 방배동,,37.4834130146568,126.994486969319,1,서울 서초구 방배동
서초구,방배동,방배대우멤버스카운티301,addr,,서울 서초구 방배동,,37.4834130146568,126.994486969319,1,서울 서초구 방배동
서초구,방배동,방배디오슈페리움Ⅰ,방배디오슈페리움1,디오슈페리움1오피스텔,서울 서초구 방배동 3001-2,서울 서초구 서초대로 3-4,37.48598070433366,126.98306234091369,3,방배디오슈페리움1 서초구 방배동
서초구,방배동,디오수페리움2,addr,,서울 서초구 방배동,,37.4834130146568,126.994486969319,1,서울 서초구 방배동
서초구,반포동,반포훼밀리빌,addr,,서울 서초구 반포동,,37.50514467674,127.013359062646,1,서울 서초구 반포동
서초구,방배동,양지빌라트,addr,,서울 서초구 방배동,,37.4834130146568,126.994486969319,1,서울 서초구 방배동
서초구,방배동,신호그린빌,addr,,서울 서초구 방배동,,37.4834130146568,126.994486969319,1,서울 서초구 방배동
서초구,반포동,반포쎄레노아파트,addr,,서울 서초구 반포동,,37.50514467674,127.013359062646,1,서울 서초구 반포동
서초구,반포동,한신3차,addr,,서울 서초구 반포동,,37.50514467674,127.013359062646,1,서울 서초구 반포동
서초구,양재동,양재테크노5,addr,,서울 서초구 양재동,,37.4720040276212,127.037463917199,1,서울 서초구 양재동
서초구,방배동,프라하임1차,addr,,서울 서초구 방배동,,37.4834130146568,126.994486969319,1,서울 서초구 방배동
서초구,방배동,신구드림하우스,addr,,서울 서초구 방배동,,37.4834130146568,126.994486969319,1,서울 서초구 방배동
서초구,잠원동,현대실크빌,addr,,서울 서초구 잠원동,,37.514918688022,127.014102820234,1,서울 서초구 잠원동
서초구,방배동,방배힐1차,addr,,서울 서초구 방배동,,37.4834130146568,126.994486969319,1,서울 서초구 방배동
서초구,방배동,리벨루스(804-1),addr,,서울 서초구 방배동,,37.4834130146568,126.994486969319,1,서울 서초구 방배동
서초구,서초동,로얄파크에이,addr,,서울 서초구 서초동,,37.4900861966502,127.01953478052,1,서울 서초구 서초동
서초구,방배동,UPPERHOUSE,addr,,서울 서초구 방배동,,37.4834130146568,126.994486969319,1,서울 서초구 방배동
서초구,서초동,티에스프리우스,addr,,서울 서초구 서초동,,37.4900861966502,127.01953478052,1,서울 서초구 서초동
서초구,방배동,방배CJ나인빌1차,addr,,서울 서초구 방배동,,37.4834130146568,126.994486969319,1,서울 서초구 방배동
서초구,서초동,트라움하우스3,addr,,서울 서초구 서초동,,37.4900861966502,127.01953478052,1,서울 서초구 서초동
서초구,반포동,청광아트빌라12,addr,,서울 서초구 반포동,,37.50514467674,127.013359062646,1,서울 서초구 반포동
서초구,방배동,팔라티노,addr,,서울 서초구 방배동,,37.4834130146568,126.994486969319,1,서울 서초구 방배동
서초구,양재동,양재테크노빌,addr,,서울 서초구 양재동,,37.4720040276212,127.037463917199,1,서울 서초구 양재동
서초구,양재동,양재테크노3,addr,,서울 서초구 양재동,,37.4720040276212,127.037463917199,1,서울 서초구 양재동
서초구,방배동,모닝아트빌,addr,,서울 서초구 방배동,,37.4834130146568,126.994486969319,1,서울 서초구 방배동
서초구,서초동,옥스포드빌라트,addr,,서울 서초구 서초동,,37.4900861966502,127.01953478052,1,서울 서초구 서초동
서초구,양재동,선경에버빌,addr,,서울 서초구 양재동,,37.4720040276212,127.037463917199,1,서울 서초구 양재동
서초구,방배동,UPPERHOUSE2,addr,,서울 서초구 방배동,,37.4834130146568,126.994486969319,1,서울 서초구 방배동
서초구,잠원동,보미리아파트,addr,,서울 서초구 잠원동,,37.514918688022,127.014102820234,1,서울 서초구 잠원동
서초구,방배동,디오엠프리미어,addr,,서울 서초구 방배동,,37.4834130146568,126.994486969319,1,서울 서초구 방배동
서초구,반포동,반포2차ApelBaum,반포2차,반포미도2차아파트,서울 서초구 반포동 60-5,서울 서초구 사평대로 240,37.502362889175714,127.007495816308,3,반포2차 서초구 반포동
서초구,서초동,새티스2,addr,,서울 서초구 서초동,,37.4900861966502,127.01953478052,1,서울 서초구 서초동
서초구,서초동,한승미메이드,addr,,서울 서초구 서초동,,37.4900861966502,127.01953478052,1,서울 서초구 서초동
서초구,방배동,롯데빌라트2차,addr,,서울 서초구 방배동,,37.4834130146568,126.994486969319,1,서울 서초구 방배동
서초구,반포동,브리앙뜨3차,addr,,서울 서초구 반포동,,37.50514467674,127.013359062646,1,서울 서초구 반포동
서초구,방배동,방배CJ나인빌2차,addr,,서울 서초구 방배동,,37.4834130146568,126.994486969319,1,서울 서초구 방배동
서초구,방배동,Venessere,addr,,서울 서초구 방배동,,37.4834130146568,126.994486969319,1,서울 서초구 방배동
서초구,방배동,베네쎄레,addr,,서울 서초구 방배동,,37.4834130146568,126.994486969319,1,서울 서초구 방배동
강남구,도곡동,타워팰리스1,addr,,서울 강남구 도곡동,,37.4909537197216,127.038482017226,1,서울 강남구 도곡동
강남구,청담동,삼호빌라A동,addr,,서울 강남구 청담동,,37.5250293348772,127.049233039691,1,서울 강남구 청담동
강남구,역삼동,현대트라움,addr,,서울 강남구 역삼동,,37.4953666908087,127.03306536185,1,서울 강남구 역삼동
강남구,압구정동,신현대11차,addr,,서울 강남구 압구정동,,37.5306686414268,127.030809170421,1,서울 강남구 압구정동
강남구,개포동,"우성9차아파트901동,902동",addr,,서울 강남구 개포동,,37.4819251305593,127.057440206035,1,서울 강남구 개포동
강남구,도곡동,현대그린1,addr,,서울 강남구 도곡동,,37.4909537197216,127.038482017226,1,서울 강남구 도곡동
강남구,압구정동,현대4차저층(51~56동),addr,,서울 강남구 압구정동,,37.5306686414268,127.030809170421,1,서울 강남구 압구정동
강남구,청담동,연세힐하우스1,addr,,서울 강남구 청담동,,37.5250293348772,127.049233039691,1,서울 강남구 청담동
강남구,개포동,개포주공1단지,addr,,서울 강남구 개포동,,37.4819251305593,127.057440206035,1,서울 강남구 개포동
강남구,역삼동,현대휴먼터치빌,addr,,서울 강남구 역삼동,,37.4953666908087,127.03306536185,1,서울 강남구 역삼동
강남구,도곡동,한신엠비씨,addr,,서울 강남구 도곡동,,37.4909537197216,127.038482017226,1,서울 강남구 도곡동
강남구,압구정동,신현대12차,addr,,서울 강남구 압구정동,,37.5306686414268,127.030809170421,1,서울 강남구 압구정동
강남구,도곡동,우성사원5,addr,,서울 강남구 도곡동,,37.4909537197216,127.038482017226,1,서울 강남구 도곡동
강남구,압구정동,신현대9차,addr,,서울 강남구 압구정동,,37.5306686414268,127.030809170421,1,서울 강남구 압구정동
강남구,신사동,RudenHouse,addr,,서울 강남구 신사동,,37.5239850298541,127.02277448907,1,서울 강남구 신사동
강남구,대치동,"대치우성아파트1동,2동,3동,5동,6동,7동",addr,,서울 강남구 대치동,,37.4932421505465,127.056693501258,1,서울 강남구 대치동
강남구,논현동,동현아파트1~6,addr,,서울 강남구 논현동,,37.512645150688,127.030154778539,1,서울 강남구 논현동
강남구,삼성동,삼성벨라스빌,addr,,서울 강남구 삼성동,,37.5143225723289,127.062831022499,1,서울 강남구 삼성동
강남구,청담동,이니그마빌2,addr,,서울 강남구 청담동,,37.5250293348772,127.049233039691,1,서울 강남구 청담동
강남구,논현동,요진보네르,addr,,서울 강남구 논현동,,37.512645150688,127.030154778539,1,서울 강남구 논현동
강남구,청담동,청담4차이-편한세상,addr,,서울 강남구 청담동,,37.5250293348772,127.049233039691,1,서울 강남구 청담동
강남구,삼성동,삼성리치빌1,addr,,서울 강남구 삼성동,,37.5143225723289,127.062831022499,1,서울 강남구 삼성동
강남구,청담동,청담3차이-편한세상(301동),addr,,서울 강남구 청담동,,37.5250293348772,127.049233039691,1,서울 강남구 청담동
강남구,삼성동,대우멤버스카운티501,addr,,서울 강남구 삼성동,,37.5143225723289,127.062831022499,1,서울 강남구 삼성동
강남구,청담동,청담힐(에이동)진도(비동),청담,더청담,서울 강남구 청담동 4,서울 강남구 도산대로 434,37.52309265479331,127.04342848231475,3,청담 강남구 청담동
강남구,대치동,"쌍용대치아파트1동,2동,3동,5동,6동",addr,,서울 강남구 대치동,,37.4932421505465,127.056693501258,1,서울 강남구 대치동
강남구,청담동,연세리버빌3,addr,,서울 강남구 청담동,,37.5250293348772,127.049233039691,1,서울 강남구 청담동
강남구,역삼동,역삼이안애비,addr,,서울 강남구 역삼동,,37.4953666908087,127.03306536185,1,서울 강남구 역삼동
강남구,청담동,삼호빌라B동,addr,,서울 강남구 청담동,,37.5250293348772,127.049233039691,1,서울 강남구 청담동
강남구,삼성동,삼성동신영지웰,addr,,서울 강남구 삼성동,,37.5143225723289,127.062831022499,1,서울 강남구 삼성동
강남구,역삼동,역삼르비앙1,addr,,서울 강남구 역삼동,,37.4953666908087,127.03306536185,1,서울 강남구 역삼동
강남구,신사동,압구정Ainvill,압구정,압구정로데오거리,서울 강남구 신사동 668-33,,37.5267558230172,127.039152029523,3,압구정 강남구 신사동
강남구,청담동,삼호빌라씨동,addr,,서울 강남구 청담동,,37.5250293348772,127.049233039691,1,서울 강남구 청담동
강남구,삼성동,대우멤버스카운티201,addr,,서울 강남구 삼성동,,37.5143225723289,127.062831022499,1,서울 강남구 삼성동
강남구,논현동,현대넥서스A동,addr,,서울 강남구 논현동,,37.512645150688,127.030154778539,1,서울 강남구 논현동
강남구,논현동,"청학아파트에이동,비동,씨동",addr,,서울 강남구 논현동,,37.512645150688,127.030154778539,1,서울 강남구 논현동
강남구,역삼동,성영forU,성영,성영포유아파트,서울 강남구 역삼동 681-46,서울 강남구 선릉로107길 24,37.509163603500745,127.04214686658524,3,성영 강남구 역삼동
강남구,도곡동,현대아이리스1,addr,,서울 강남구 도곡동,,37.4909537197216,127.038482017226,1,서울 강남구 도곡동
강남구,도곡동,현대향목빌라트,addr,,서울 강남구 도곡동,,37.4909537197216,127.038482017226,1,서울 강남구 도곡동
강남구,논현동,힐스빌7,addr,,서울 강남구 논현동,,37.512645150688,127.030154778539,1,서울 강남구 논현동
강남구,청담동,상지리츠빌4B,addr,,서울 강남구 청담동,,37.5250293348772,127.049233039691,1,서울 강남구 청담동
강남구,청담동,상지리츠빌6,addr,,서울 강남구 청담동,,37.5250293348772,127.049233039691,1,서울 강남구 청담동
강남구,신사동,체리빌,addr,,서울 강남구 신사동,,37.5239850298541,127.02277448907,1,서울 강남구 신사동
강남구,청담동,대우로얄카운티3,addr,,서울 강남구 청담동,,37.5250293348772,127.049233039691,1,서울 강남구 청담동
강남구,삼성동,대우멤버스카운티301,addr,,서울 강남구 삼성동,,37.5143225723289,127.062831022499,1,서울 강남구 삼성동
강남구,삼성동,삼성동씨엘케이,addr,,서울 강남구 삼성동,,37.5143225723289,127.062831022499,1,서울 강남구 삼성동
강남구,신사동,알파임하우스1,addr,,서울 강남구 신사동,,37.5239850298541,127.02277448907,1,서울 강남구 신사동
강남구,청담동,마크힐스웨스트윙,addr,,서울 강남구 청담동,,37.5250293348772,127.049233039691,1,서울 강남구 청담동
강남구,청담동,아노스카운트빌라트,addr,,서울 강남구 청담동,,37.5250293348772,127.049233039691,1,서울 강남구 청담동
강남구,역삼동,거평빌라트,addr,,서울 강남구 역삼동,,37.4953666908087,127.03306536185,1,서울 강남구 역삼동
강남구,청담동,상지리츠빌4A,addr,,서울 강남구 청담동,,37.5250293348772,127.049233039691,1,서울 강남구 청담동
강남구,역삼동,Bienestar,addr,,서울 강남구 역삼동,,37.4953666908087,127.03306536185,1,서울 강남구 역삼동
강남구,청담동,상지리츠빌5B,addr,,서울 강남구 청담동,,37.5250293348772,127.049233039691,1,서울 강남구 청담동
강남구,도곡동,PLUMHILLS,addr,,서울 강남구 도곡동,,37.4909537197216,127.038482017226,1,서울 강남구 도곡동
송파구,풍납동,동아한가람1,addr,,서울 송파구 풍납동,,37.5380588825241,127.122225970875,1,서울 송파구 풍납동
송파구,풍납동,씨티극동1,addr,,서울 송파구 풍납동,,37.5380588825241,127.122225970875,1,서울 송파구 풍납동
송파구,문정동,건영1,addr,,서울 송파구 문정동,,37.4847415034152,127.118267660547,1,서울 송파구 문정동
송파구,가락동,송파동부쎈트레빌,addr,,서울 송파구 가락동,,37.4965421665627,127.105729381413,1,서울 송파구 가락동
송파구,마천동,마천동금호타운1,addr,,서울 송파구 마천동,,37.4960258496317,127.149903613068,1,서울 송파구 마천동
송파구,가락동,풍림1,addr,,서울 송파구 가락동,,37.4965421665627,127.105729381413,1,서울 송파구 가락동
송파구,가락동,로즈힐파크(A동),addr,,서울 송파구 가락동,,37.4965421665627,127.105729381413,1,서울 송파구 가락동
송파구,가락동,한신1,addr,,서울 송파구 가락동,,37.4965421665627,127.105729381413,1,서울 송파구 가락동
송파구,방이동,주함위너스Ⅰ,주함위너스1,주함위너스아파트 1동,서울 송파구 방이동 154-21,서울 송파구 백제고분로50길 22,37.51356035011116,127.11718541403549,3,주함위너스1 송파구 방이동
송파구,방이동,올림픽베어스타운1,addr,,서울 송파구 방이동,,37.5110126423949,127.123923689605,1,서울 송파구 방이동
송파구,마천동,한보1,addr,,서울 송파구 마천동,,37.4960258496317,127.149903613068,1,서울 송파구 마천동
송파구,가락동,로즈힐파크(B동),addr,,서울 송파구 가락동,,37.4965421665627,127.105729381413,1,서울 송파구 가락동
송파구,석촌동,K.L.C,..,서울석촌동고분군,서울 송파구 석촌동 248,,37.5023225298382,127.102190932957,3,.. 송파구 석촌동
송파구,송파동,현대레이크빌1,addr,,서울 송파구 송파동,,37.50609292063,127.109579159297,1,서울 송파구 송파동
송파구,풍납동,대동1,addr,,서울 송파구 풍납동,,37.5380588825241,127.122225970875,1,서울 송파구 풍납동
송파구,가락동,신한에스빌-미지엔,addr,,서울 송파구 가락동,,37.4965421665627,127.105729381413,1,서울 송파구 가락동
송파구,방이동,태평양파크1,addr,,서울 송파구 방이동,,37.5110126423949,127.123923689605,1,서울 송파구 방이동
송파구,오금동,쌍용스위닷홈(201동),addr,,서울 송파구 오금동,,37.5029748269764,127.128103930329,1,서울 송파구 오금동
송파구,문정동,뉴파크팰리스,뉴파크,뉴월드파크골프 서울송파점,서울 송파구 가락동 107-15,서울 송파구 동남로 113,37.4903591655509,127.123664541706,2,뉴파크 송파구 문정동
송파구,가락동,금성프라자1,addr,,서울 송파구 가락동,,37.4965421665627,127.105729381413,1,서울 송파구 가락동
송파구,방이동,올림픽타워1,addr,,서울 송파구 방이동,,37.5110126423949,127.123923689605,1,서울 송파구 방이동
송파구,문정동,메트로IV,메트로,메트로-사아파트,서울 송파구 문정동 89-6,서울 송파구 송이로36길 66,37.4835109217716,127.126768185943,3,메트로 송파구 문정동
송파구,가락동,아키죤II,아키죤,아키죤아파트,서울 송파구 가락동 101-3,서울 송파구 송파대로24길 5-13,37.49039729584497,127.12077327489402,3,아키죤 송파구 가락동
송파구,문정동,동부브리앙뜨1,addr,,서울 송파구 문정동,,37.4847415034152,127.118267660547,1,서울 송파구 문정동
송파구,오금동,리오파크빌,addr,,서울 송파구 오금동,,37.5029748269764,127.128103930329,1,서울 송파구 오금동
송파구,가락동,신한빌라트-신한미지엔,addr,,서울 송파구 가락동,,37.4965421665627,127.105729381413,1,서울 송파구 가락동
송파구,풍납동,케이앤피상상,addr,,서울 송파구 풍납동,,37.5380588825241,127.122225970875,1,서울 송파구 풍납동
송파구,가락동,현대빌라트1,addr,,서울 송파구 가락동,,37.4965421665627,127.105729381413,1,서울 송파구 가락동
송파구,방이동,주함위너스Ⅱ,주함위너스2,주함위너스아파트,서울 송파구 방이동 154-21,서울 송파구 백제고분로50길 22,37.5135748962446,127.11705422913307,3,주함위너스2 송파구 방이동
송파구,석촌동,서원파인뷰(101동),addr,,서울 송파구 석촌동,,37.5035646306702,127.103667384036,1,서울 송파구 석촌동
송파구,삼전동,에이메스더리버송파,addr,,서울 송파구 삼전동,,37.5027233386057,127.092519707191,1,서울 송파구 삼전동
송파구,가락동,가락현대투웰브(101동),addr,,서울 송파구 가락동,,37.4965421665627,127.105729381413,1,서울 송파구 가락동
송파구,석촌동,서원파인뷰(102동),addr,,서울 송파구 석촌동,,37.5035646306702,127.103667384036,1,서울 송파구 석촌동
송파구,가락동,가락현대투웰브(102동),addr,,서울 송파구 가락동,,37.4965421665627,127.105729381413,1,서울 송파구 가락동
송파구,방이동,AQUADCASAS,addr,,서울 송파구 방이동,,37.5110126423949,127.123923689605,1,서울 송파구 방이동
송파구,가락동,청공빌딩주상복합-현대빌리지,addr,,서울 송파구 가락동,,37.4965421665627,127.105729381413,1,서울 송파구 가락동
송파구,가락동,동궁리치웰1,addr,,서울 송파구 가락동,,37.4965421665627,127.105729381413,1,서울 송파구 가락동
송파구,문정동,보라뷰2,addr,,서울 송파구 문정동,,37.4847415034152,127.118267660547,1,서울 송파구 문정동
송파구,오금동,슈프림하우스,슈프림,슈프림더하이움,서울 송파구 오금동 80-15,서울 송파구 마천로 123,37.5054016283619,127.133444026012,3,슈프림 송파구 오금동
송파구,가락동,카나피아Ⅱ,addr,,서울 송파구 가락동,,37.4965421665627,127.105729381413,1,서울 송파구 가락동
송파구,거여동,송파레이크파크호반써밋Ⅱ,송파레이크파크호반써밋2,송파레이크파크호반써밋2차아파트 1407동,서울 송파구 거여동 607,서울 송파구 위례송파로 80,37.4837516602315,127.142437146568,3,송파레이크파크호반써밋2 송파구 거여동
송파구,거여동,송파레이크파크호반써밋Ⅰ,송파레이크파크호반써밋1,위례글숲작은도서관,서울 송파구 거여동 597,서울 송파구 위례송파로 40,37.484388492708,127.138803283749,3,송파레이크파크호반써밋1 송파구 거여동
송파구,석촌동,루컴스힐더테라스,addr,,서울 송파구 석촌동,,37.5035646306702,127.103667384036,1,서울 송파구 석촌동
송파구,송파동,송파포트힐한샘인사이드,addr,,서울 송파구 송파동,,37.50609292063,127.109579159297,1,서울 송파구 송파동
송파구,거여동,대영무지개1,addr,,서울 송파구 거여동,,37.4969242257404,127.143310298223,1,서울 송파구 거여동
송파구,오금동,노블하우스1,addr,,서울 송파구 오금동,,37.5029748269764,127.128103930329,1,서울 송파구 오금동
강동구,둔촌동,둔촌주공1단지,addr,,서울 강동구 둔촌동,,37.5271882887608,127.142354524933,1,서울 강동구 둔촌동
강동구,둔촌동,둔촌주공2단지,addr,,서울 강동구 둔촌동,,37.5271882887608,127.142354524933,1,서울 강동구 둔촌동
강동구,둔촌동,둔촌주공4단지,addr,,서울 강동구 둔촌동,,37.5271882887608,127.142354524933,1,서울 강동구 둔촌동
강동구,길동,광남벨라스613V,addr,,서울 강동구 길동,,37.5344859624469,127.142712345548,1,서울 강동구 길동
강동구,성내동,코오롱2,addr,,서울 강동구 성내동,,37.5292748071425,127.130026914568,1,서울 강동구 성내동
강동구,둔촌동,둔촌주공3단지,addr,,서울 강동구 둔촌동,,37.5271882887608,127.142354524933,1,서울 강동구 둔촌동
강동구,길동,한전우성1,addr,,서울 강동구 길동,,37.5344859624469,127.142712345548,1,서울 강동구 길동
강동구,암사동,다성이즈빌Ⅰ,다성이즈빌1,다성이즈빌아파트(459-1),서울 강동구 암사동 459-1,서울 강동구 고덕로 64,37.5545713634047,127.13236484894034,3,다성이즈빌1 강동구 암사동
강동구,둔촌동,신성둔촌미소지움2,addr,,서울 강동구 둔촌동,,37.5271882887608,127.142354524933,1,서울 강동구 둔촌동
강동구,길동,희훈리치파크1,addr,,서울 강동구 길동,,37.5344859624469,127.142712345548,1,서울 강동구 길동
강동구,성내동,동남1,addr,,서울 강동구 성내동,,37.5292748071425,127.130026914568,1,서울 강동구 성내동
강동구,성내동,광남캐스빌3,addr,,서울 강동구 성내동,,37.5292748071425,127.130026914568,1,서울 강동구 성내동
강동구,둔촌동,다원애버니아,addr,,서울 강동구 둔촌동,,37.5271882887608,127.142354524933,1,서울 강동구 둔촌동
강동구,성내동,성내동AURAⅡ,성내동AURA2,성내아우라2아파트,서울 강동구 성내동 419-46,서울 강동구 풍성로54길 12-21,37.52909899800374,127.13256079891961,3,성내동AURA2 강동구 성내동
강동구,성내동,동원2,addr,,서울 강동구 성내동,,37.5292748071425,127.130026914568,1,서울 강동구 성내동
강동구,길동,태천해오름18차,addr,,서울 강동구 길동,,37.5344859624469,127.142712345548,1,서울 강동구 길동
강동구,천호동,엘림스퀘어II,엘림스퀘어,엘림스퀘어2차,서울 강동구 천호동 416-12,서울 강동구 구천면로24길 9,37.54031253835134,127.12626459319893,3,엘림스퀘어 강동구 천호동
강동구,길동,도림씨티빌1,addr,,서울 강동구 길동,,37.5344859624469,127.142712345548,1,서울 강동구 길동
강동구,길동,경지Arium,경지,경지천호아리움,서울 강동구 천호동 197-1,서울 강동구 성안로31길 64,37.541342650233396,127.13339490382944,2,경지 강동구 길동
강동구,길동,한빛골드빌1차,addr,,서울 강동구 길동,,37.5344859624469,127.142712345548,1,서울 강동구 길동
강동구,성내동,태천해오름15차,addr,,서울 강동구 성내동,,37.5292748071425,127.130026914568,1,서울 강동구 성내동
강동구,천호동,진넥스빌Ⅲ,진넥스빌3,진넥스빌아파트,서울 강동구 천호동 447-15,서울 강동구 천호대로 1087,37.53613658082872,127.13267847933002,3,진넥스빌3 강동구 천호동
강동구,길동,시가오똠에이동,addr,,서울 강동구 길동,,37.5344859624469,127.142712345548,1,서울 강동구 길동
강동구,명일동,태천해오름102동B,태천해오름102동,태천해오름아파트 102동,서울 강동구 명일동 355,서울 강동구 천중로49길 101,37.5450719263459,127.1440949404,3,태천해오름102동 강동구 명일동
강동구,길동,청원파크빌3,addr,,서울 강동구 길동,,37.5344859624469,127.142712345548,1,서울 강동구 길동
강동구,성내동,현대코럴,addr,,서울 강동구 성내동,,37.5292748071425,127.130026914568,1,서울 강동구 성내동
강동구,성내동,LIGA,addr,,서울 강동구 성내동,,37.5292748071425,127.130026914568,1,서울 강동구 성내동
강동구,길동,해맞이비동,addr,,서울 강동구 길동,,37.5344859624469,127.142712345548,1,서울 강동구 길동
강동구,명일동,태천해오름102동A,태천해오름102동,태천해오름아파트 102동,서울 강동구 명일동 355,서울 강동구 천중로49길 101,37.5450719263459,127.1440949404,3,태천해오름102동 강동구 명일동
강동구,둔촌동,KNP주상복합1,주상복합1,에이스빌아파트,서울 강동구 길동 370-3,서울 강동구 천중로40길 11,37.54052352816428,127.13896272270097,2,주상복합1 강동구 둔촌동
강동구,길동,문화1,addr,,서울 강동구 길동,,37.5344859624469,127.142712345548,1,서울 강동구 길동
강동구,암사동,동양넥스빌,addr,,서울 강동구 암사동,,37.5591140475274,127.13168588897,1,서울 강동구 암사동
강동구,길동,해맞이에이동,addr,,서울 강동구 길동,,37.5344859624469,127.142712345548,1,서울 강동구 길동
강동구,성내동,동남2,addr,,서울 강동구 성내동,,37.5292748071425,127.130026914568,1,서울 강동구 성내동
강동구,천호동,미사아름채아파트,미사아름채,미사아름채,서울 강동구 천호동 452-15,서울 강동구 천호대로159길 22-24,37.5383912619149,127.128257275454,3,미사아름채 강동구 천호동
강동구,길동,엠프라자아파트(152-3),addr,,서울 강동구 길동,,37.5344859624469,127.142712345548,1,서울 강동구 길동
강동구,성내동,주성AURA1,addr,,서울 강동구 성내동,,37.5292748071425,127.130026914568,1,서울 강동구 성내동
강동구,길동,청원파크빌2,addr,,서울 강동구 길동,,37.5344859624469,127.142712345548,1,서울 강동구 길동
강동구,길동,엠프라자아파트(152-9),addr,,서울 강동구 길동,,37.5344859624469,127.142712345548,1,서울 강동구 길동
강동구,길동,에스아이팰리스강동센텀Ⅱ,addr,,서울 강동구 길동,,37.5344859624469,127.142712345548,1,서울 강동구 길동
강동구,명일동,시앤디아파트,시앤디,시앤디건설,서울 강동구 천호동 35-35,서울 강동구 상암로41길 21,37.54708015883703,127.14118831491315,2,시앤디 강동구 명일동
