school_name,school_type,gu,dong,address,address_detail,founded,lat,lng,geocode_source
가락고등학교,고등학교,송파구,송파동,서울특별시 송파구 송이로 42,(송파동/가락고등학교),19881223,37.5010563298142,127.116425801136,addr
가락중학교,중학교,송파구,송파동,서울특별시 송파구 송이로 45,(송파동/가락중학교),19860129,37.5023397085349,127.11897125744,addr
가산중학교,중학교,금천구,독산동,서울특별시 금천구 시흥대로115길 48,(독산동),19700810,37.468777055274,126.894474890365,addr
가원중학교,중학교,송파구,가락동,서울특별시 송파구 중대로10길 40-18,(가락동/가원중학교),19881224,37.4909683312292,127.122978948911,addr
가재울고등학교,고등학교,서대문구,북가좌동,서울특별시 서대문구 수색로 100-35,(북가좌동),20130301,37.5743637013203,126.909529666957,addr
가재울중학교,중학교,서대문구,북가좌동,서울특별시 서대문구 수색로 100-75,(북가좌동/ 가재울중학교),20130301,37.5750983516219,126.909974232219,addr
강남중학교,중학교,동작구,대방동,서울특별시 동작구 대방동15길 29,(대방동/ 강남중학교),19590403,37.5027626308253,126.923346619702,addr
강동고등학교,고등학교,강동구,상일동,서울특별시 강동구 구천면로 572,(상일동),19841217,37.5499166487971,127.160668324892,addr
강동중학교,중학교,강동구,강일동,서울특별시 강동구 풍산로 237,/ 강동중학교 (강일동),20100301,37.5696502492074,127.177836046342,addr
강명중학교,중학교,강동구,강일동,서울특별시 강동구 상일로12길 56,(강일동/ 강명중학교),20120301,37.5556127825867,127.174608361426,addr
강북중학교,중학교,강북구,수유동,서울특별시 강북구 한천로150길 67,(수유동/ 강북중학교),19801227,37.6449158953693,127.025373389048,addr
강빛중학교,중학교,강동구,강일동,서울특별시 강동구 아리수로93다길 1,"(강일동, 강빛초중통합학교)",20210301,37.5743433210453,127.170774922577,addr
강서고등학교,고등학교,양천구,목동,서울특별시 양천구 목동중앙남로 27,/ 강서고등학교 (목동),19831101,37.5363155693554,126.865771125825,addr
강신중학교,중학교,양천구,신월동,서울특별시 양천구 남부순환로 604,(신월동/강신중학교),19881224,37.5151371613165,126.838160107241,addr
강일고등학교,고등학교,강동구,강일동,서울특별시 강동구 아리수로98길 40,(강일동),20100301,37.5638280994729,127.177903473129,addr
강일중학교,중학교,강동구,암사동,서울특별시 강동구 고덕로27길 12,(암사동414-17),19821209,37.5553453453104,127.138008577115,addr
강현중학교,중학교,동작구,상도동,서울특별시 동작구 상도로13라길 22,/ 강현중학교 (상도동),19680806,37.5031159857549,126.930756309893,addr
개봉중학교,중학교,구로구,개봉동,서울특별시 구로구 고척로21나길 68,(개봉동),19840504,37.5035293156194,126.842399758595,addr
개운중학교,중학교,성북구,돈암동,서울특별시 성북구 북악산로 935,(돈암동/개운중학교),20060301,37.5946266547149,127.024842114657,addr
개웅중학교,중학교,구로구,개봉동,서울특별시 구로구 개봉로11길 81,/ 개웅중학교 (개봉동/개웅중학교),19870212,37.48752689616,126.851071080046,addr
개원중학교,중학교,강남구,개포동,서울특별시 강남구 영동대로 101,/ 개원중학교 (개포동/개원중학교),19841204,37.4915905275033,127.071900307455,addr
개포고등학교,고등학교,강남구,개포동,서울특별시 강남구 개포로 402,(개포동/ 개포고등학교),19870512,37.4850425995284,127.059305485497,addr
개포중학교,중학교,강남구,개포동,서울특별시 강남구 선릉로 9,(개포동/개포중학교),19821209,37.4804473919149,127.062402866859,addr
거원중학교,중학교,송파구,거여동,서울특별시 송파구 양산로2길 30,(거여동/거원중학교),19971220,37.4876964764281,127.146542554504,addr
건국대학교사범대학부속고등학교,고등학교,광진구,화양동,서울특별시 광진구 능동로 120,/ 건국대학교사범대학부속고등학교 (화양동),19800131,37.539182674872,127.074711902268,addr
건국대학교사범대학부속중학교,중학교,광진구,,서울특별시 광진구 자양로 145-1,건국대학교사범대학부속중학교,19671230,37.5417240729902,127.081597057268,addr
경기고등학교,고등학교,강남구,삼성동,서울특별시 강남구 영동대로 643,/ 경기고등학교 (삼성동),19001003,37.517564539911,127.056075505663,addr
경기기계공업고등학교,고등학교,노원구,하계동,서울특별시 노원구 공릉로 264,(하계동),19570215,37.6322400488783,127.074928451599,addr
경기기계공업고등학교부설미래기술교육센터,공동실습소,노원구,하계동,서울특별시 노원구 공릉로 264,(하계동/ 경기기계공업고등학교),19820601,37.6322400488783,127.074928451599,addr
경기상업고등학교,고등학교,종로구,청운동,서울특별시 종로구 자하문로 136,(청운동),19230206,37.5892585316989,126.970057092906,addr
경기여자고등학교,고등학교,강남구,개포동,서울특별시 강남구 삼성로 29,/ 경기여자고등학교 (개포동),19080401,37.4869545236322,127.06612364407,addr
경기여자고등학교부설방송통신고등학교,방송통신고등학교,강남구,개포동,서울특별시 강남구 삼성로 29,(개포동/경기여자고등학교),19740301,37.4869545236322,127.06612364407,addr
경기초등학교,초등학교,서대문구,,서울특별시 서대문구 경기대로9길 10,(충정로2가/경기초등학교),19641203,37.5651102907996,126.962860648912,addr
경동고등학교,고등학교,성북구,삼선동,서울특별시 성북구 보문로29길 49,(삼선동3가/ 경동고등학교),19400416,37.5859418116443,127.01457927632,addr
경동고등학교부설방송통신고등학교,방송통신고등학교,성북구,삼선동,서울특별시 성북구 보문로29길 49,(삼선동3가/ 경동고등학교),19741231,37.5859418116443,127.01457927632,addr
경문고등학교,고등학교,동작구,동작동,서울특별시 동작구 동작대로 171,/ 경문고등학교 (동작동),19800124,37.4934188575707,126.982273400501,addr
경복고등학교,고등학교,종로구,청운동,서울특별시 종로구 자하문로28가길 9,/ 경복고등학교 (청운동/경복고등학교),19210502,37.585945671102,126.971510913077,addr
경복고등학교부설방송통신고등학교,방송통신고등학교,종로구,청운동,서울특별시 종로구 자하문로28가길 9,(청운동),19740323,37.585945671102,126.971510913077,addr
경복비즈니스고등학교,고등학교,강서구,등촌동,서울특별시 강서구 화곡로 379,(등촌동),19721002,37.5580972589988,126.852670273321,addr
경복여자고등학교,고등학교,강서구,등촌동,서울특별시 강서구 화곡로63길 40,/ 경복여자고등학교 (등촌동),19931002,37.5578218303652,126.850595718037,addr
경복초등학교,초등학교,광진구,능동,서울특별시 광진구 천호대로130길 58,/ 경복초등학교 (능동),19650302,37.5498138606171,127.086793350213,addr
경서중학교,중학교,강서구,가양동,서울특별시 강서구 양천로59길 31,(가양동),19500901,37.5612418553699,126.857763950485,addr
경성고등학교,고등학교,마포구,연남동,서울특별시 마포구 성미산로 111,/ 경성고등학교 (연남동),19671229,37.563510635781,126.919166278819,addr
경성중학교,중학교,마포구,연남동,서울특별시 마포구 성미산로 111,/ 경성중학교 (연남동/경성중고등학교),19670902,37.563510635781,126.919166278819,addr
경수중학교,중학교,성동구,성수동,서울특별시 성동구 뚝섬로13길 14,(성수동2가),19801227,37.5395090367488,127.059271203056,addr
경신고등학교,고등학교,종로구,혜화동,서울특별시 종로구 혜화로 74,(혜화동/경신중고등학교),18850509,37.5922022663657,126.999531005507,addr
경신중학교,중학교,종로구,혜화동,서울특별시 종로구 혜화로 74,(혜화동/경신중고등학교),18850509,37.5922022663657,126.999531005507,addr
경원중학교,중학교,서초구,잠원동,서울특별시 서초구 신반포로33길 39,(잠원동/경원중학교),19810301,37.5115815961934,127.009018254738,addr
경인고등학교,고등학교,구로구,고척동,서울특별시 구로구 경인로46길 31,/ 경인고등학교 (고척동),20020301,37.4959926823743,126.86542887783,addr
경인중학교,중학교,구로구,개봉동,서울특별시 구로구 경인로 301,(개봉동),19691111,37.4984656617815,126.853672529481,addr
경일고등학교,고등학교,성동구,성수동,서울특별시 성동구 성수일로 27,/ 경일고등학교 (성수동1가),20040506,37.5438083798316,127.047853796815,addr
경일중학교,중학교,성동구,성수동,서울특별시 성동구 성수일로 27,(성수동1가),20031230,37.5438083798316,127.047853796815,addr
경희고등학교,고등학교,동대문구,회기동,서울특별시 동대문구 경희대로 26,(회기동/ 경희고등학교),19591212,37.5939491407769,127.054890960564,addr
경희여자고등학교,고등학교,동대문구,,서울특별시 동대문구 경희대로 26,경희여자고등학교,19600209,37.5939491407769,127.054890960564,addr
경희여자중학교,중학교,동대문구,회기동,서울특별시 동대문구 경희대로 26,(회기동),19600209,37.5939491407769,127.054890960564,addr
경희중학교,중학교,동대문구,회기동,서울특별시 동대문구 경희대로 26,/ 경희중학교 (회기동),19591212,37.5939491407769,127.054890960564,addr
경희초등학교,초등학교,동대문구,회기동,서울특별시 동대문구 경희대로 26,/ 경희초등학교 (회기동/ 경희대학교),19610331,37.5939491407769,127.054890960564,addr
계성고등학교,고등학교,성북구,길음동,서울특별시 성북구 길음로 63,/ 계성고등학교 (길음동),19440908,37.6075324963563,127.020335456853,addr
계성초등학교,초등학교,서초구,반포동,서울특별시 서초구 신반포로19길 23,/ 계성초등학교 (반포동),18820908,37.5049357208076,126.996654362592,addr
고덕중학교,중학교,강동구,고덕동,서울특별시 강동구 동남로82길 94,(고덕동),19841130,37.5603584289834,127.161761886139,addr
고려대학교사범대학부속고등학교,고등학교,성북구,정릉동,서울특별시 성북구 정릉로 161,/ 고려대학교사범대학부속고등학교 (정릉동),19680311,37.6080476933587,127.002616144531,addr
고려대학교사범대학부속중학교,중학교,성북구,정릉동,서울특별시 성북구 정릉로 161,(정릉동/고려대학교사범대학부속중학교),19680311,37.6080476933587,127.002616144531,addr
고명외식고등학교,고등학교,성북구,돈암동,서울특별시 성북구 북악산로 870,(돈암동),19560221,37.597674141541,127.019187491701,addr
고명중학교,중학교,성북구,돈암동,서울특별시 성북구 북악산로 870,(돈암동/고명중학교),19550315,37.597674141541,127.019187491701,addr
고척고등학교,고등학교,구로구,고척동,서울특별시 구로구 중앙로15길 162,/ 고척고등학교 (고척동/ 고척고등학교),19841215,37.5080493827144,126.849869103403,addr
고척중학교,중학교,구로구,고척동,서울특별시 구로구 중앙로3길 20,/ 고척중학교 (고척동),19841208,37.4997408260167,126.861342460735,addr
공릉중학교,중학교,노원구,공릉동,서울특별시 노원구 노원로1길 42,(공릉동/공릉중학교),19841208,37.6221359473952,127.083501333421,addr
공항고등학교,고등학교,강서구,마곡동,서울특별시 강서구 방화대로34길 43,(마곡동/ 공항고등학교),19821130,37.5704610944881,126.81851983357,addr
공항중학교,중학교,강서구,공항동,서울특별시 강서구 방화대로 241,(공항동/공항중학교),19550428,37.5621745590982,126.814808958668,addr
관악고등학교,고등학교,영등포구,양평동,서울특별시 영등포구 영등포로6길 26,(양평동2가),19550427,37.5217916605406,126.88292354628,addr
관악중학교,중학교,관악구,봉천동,서울특별시 관악구 남부순환로237길 60,/ 관악중학교 (봉천동),19810225,37.4812582784976,126.961912338875,addr
광남고등학교,고등학교,광진구,광장동,서울특별시 광진구 아차산로70길 17-16,/ 광남고등학교 (광장동/ 광남고등학교),19860125,37.541514723184,127.101213923003,addr
광남중학교,중학교,광진구,광장동,서울특별시 광진구 아차산로70길 17-62,/ 광남중학교 (광장동),19930116,37.5408304051926,127.101643877784,addr
광문고등학교,고등학교,강동구,고덕동,서울특별시 강동구 동남로 968,/ 광문고등학교 (고덕동),19851105,37.5604616297792,127.158546528744,addr
광성고등학교,고등학교,마포구,신수동,서울특별시 마포구 신수로8길 20,(신수동),18940406,37.5486975552073,126.935969575594,addr
광성중학교,중학교,,신수동,서울 마포구 신수로8길 20,(신수동/광성중고등학교),18940406,37.5486975552073,126.935969575594,addr
광성하늘빛학교,특수학교,송파구,풍납동,서울특별시 송파구 올림픽로 625,/ 광성하늘빛학교 (풍납동/광성교회),19991108,37.537381320793,127.122235500675,addr
광신고등학교,고등학교,관악구,신림동,서울특별시 관악구 광신길 141,(신림동/광신중고등학교),19870120,37.4644762024804,126.925940565455,addr
광신방송예술고등학교,고등학교,관악구,신림동,서울특별시 관악구 광신길 141,(신림동/ 광신방송예술고등학교),19051010,37.4644762024804,126.925940565455,addr
광신중학교,중학교,관악구,신림동,서울특별시 관악구 광신길 141,/ 광신중학교 (신림동),19511010,37.4644762024804,126.925940565455,addr
광양고등학교,고등학교,광진구,자양동,서울특별시 광진구 자양로3가길 31,(자양동),19861215,37.529378916523,127.085182284683,addr
광양중학교,중학교,광진구,자양동,서울특별시 광진구 자양로3길 7,(자양동),19860129,37.5308913414973,127.08616998675,addr
광영고등학교,고등학교,양천구,신월동,서울특별시 양천구 남부순환로30길 17,(신월동/광영고등학교),19850201,37.5371981027922,126.823275879439,addr
광영여자고등학교,고등학교,양천구,신월동,서울특별시 양천구 남부순환로30길 17,/ 광영여자고등학교 (신월동),19841217,37.5371981027922,126.823275879439,addr
광운인공지능고등학교,고등학교,노원구,월계동,서울특별시 노원구 광운로1길 24,(월계동/광운중학교/전자공업고등학교),19340520,37.6192431974844,127.056540751938,addr
광운중학교,중학교,노원구,월계동,서울특별시 노원구 광운로1길 24,(월계동/광운중학교),19641207,37.6192431974844,127.056540751938,addr
광운초등학교,초등학교,성북구,장위동,서울특별시 성북구 한천로 694,/ 광운초등학교 (장위동/ 광운초등학교),19651025,37.6189751371516,127.055243952183,addr
광장중학교,중학교,광진구,광장동,서울특별시 광진구 광장로1길 1,/ 광장중학교 (광장동),19821209,37.5471775185817,127.101927589353,addr
광진중학교,중학교,광진구,자양동,서울특별시 광진구 뚝섬로64길 45,(자양동/광진중학교),19790901,37.5322195901849,127.090162126057,addr
광희중학교,중학교,성동구,응봉동,서울특별시 성동구 독서당로62길 46,/ 광희중학교 (응봉동),19370521,37.5511545255411,127.033980048989,addr
교남학교,특수학교,강서구,화곡동,서울특별시 강서구 까치산로22길 38,/ 교남학교 (화곡동),19830125,37.5479710903422,126.852349022502,addr
구로고등학교,고등학교,구로구,구로동,서울특별시 구로구 가마산로27길 45,/ 구로고등학교 (구로동),19811231,37.4988400846064,126.890309191986,addr
구로중학교,중학교,구로구,구로동,서울특별시 구로구 구로중앙로 48,(구로동),19780105,37.4948597203552,126.891099914602,addr
구룡중학교,중학교,강남구,개포동,서울특별시 강남구 선릉로 103,"(개포동,구룡중학교)",19881224,37.4862129389068,127.056507505045,addr
구산중학교,중학교,은평구,구산동,서울특별시 은평구 갈현로15길 20-23,(구산동/구산중학교),19811209,37.6098720248468,126.90948871144,addr
구암고등학교,고등학교,관악구,봉천동,서울특별시 관악구 성현로 57,(봉천동/구암고등학교),20120301,37.4925540129161,126.950219161074,addr
구암중학교,중학교,관악구,봉천동,서울특별시 관악구 성현로 53,(봉천동),20040301,37.4927662360841,126.949035651603,addr
구의중학교,중학교,광진구,화양동,서울특별시 광진구 광나루로30길 80,(화양동),19840430,37.5428503028479,127.078840375276,addr
구일고등학교,고등학교,구로구,구로동,서울특별시 구로구 구일로 90-51,(구로동),19900120,37.4935052933826,126.874618469825,addr
구일중학교,중학교,구로구,구로동,서울특별시 구로구 구일로 90-133,(구로동),19900120,37.4953009067244,126.873770176593,addr
구현고등학교,고등학교,구로구,구로동,서울특별시 구로구 경인로53가길 17,(구로동),20080301,37.5022832205782,126.874418207198,addr
국립국악고등학교,고등학교,강남구,개포동,서울특별시 강남구 개포로22길 65,(개포동/ 국악고등학교),19550401,37.4762397420077,127.051213825746,addr
국립국악중학교,각종학교(중),강남구,개포동,서울특별시 강남구 개포로22길 65,/ 국립국악중고등학교 (개포동),19550401,37.4762397420077,127.051213825746,addr
국립전통예술고등학교,고등학교,금천구,시흥동,서울특별시 금천구 시흥대로38길 62,(시흥동),19600513,37.4463710473917,126.906462134788,addr
국립전통예술중학교,각종학교(중),금천구,시흥동,서울특별시 금천구 시흥대로38길 62,(시흥동),19600310,37.4463710473917,126.906462134788,addr
국사봉중학교,중학교,동작구,상도동,서울특별시 동작구 양녕로20길 20,/ 국사봉중학교 (상도동),19860119,37.493532631943,126.944055659373,addr
금성초등학교,초등학교,중랑구,신내동,서울특별시 중랑구 신내로21길 55,/ 금성초등학교 (신내동),19650607,37.6153151256555,127.089858462734,addr
금옥여자고등학교,고등학교,양천구,신정동,서울특별시 양천구 신정로 213,(신정동),19810115,37.5109653172242,126.843971681779,addr
금옥중학교,중학교,양천구,신정동,서울특별시 양천구 신정로 213,/ 금옥중학교 (신정동),19810301,37.5109653172242,126.843971681779,addr
금천고등학교,고등학교,금천구,시흥동,서울특별시 금천구 시흥대로38길 26,(시흥동/금천고등학교),19831208,37.4448950223082,126.904901769267,addr
금천문화예술정보학교,각종학교(고),금천구,독산동,서울특별시 금천구 남부순환로126길 25,/ 금천문화예술정보학교 (독산동),20170301,37.4792685652716,126.907219449459,addr
금호고등학교,고등학교,성동구,금호동,서울특별시 성동구 금호로 118,(금호동1가),20170301,37.5536214995345,127.023433782844,addr
금호중학교,중학교,중구,신당동,서울특별시 중구 청구로 6,", 금호중학교 (신당동)",19680806,37.558394748875,127.020846448277,addr
길음중학교,중학교,성북구,길음동,서울특별시 성북구 길음로 144 ,/ 길음중학교 (길음동),20120301,37.6140334599191,127.017752359697,addr
꿈타래학교,각종학교(고),관악구,신림동,서울특별시 관악구 신림로 67,(신림동/서울산업정보학교),20030118,37.4705041702937,126.941940568518,addr
난곡중학교,중학교,금천구,독산동,서울특별시 금천구 문성로 67,(독산동),19800124,37.4780455835119,126.910791624653,addr
난우중학교,중학교,관악구,신림동,서울특별시 관악구 난곡로16길 32,/ 난우중학교 (신림동),19840423,37.4668039555901,126.922828324577,addr
남강고등학교,고등학교,관악구,신림동,서울특별시 관악구 난곡로34길 80,(신림동),19721229,37.4713756726623,126.924909105757,addr
남강중학교,중학교,관악구,신림동,서울특별시 관악구 난곡로34길 80,(신림동/남강중고등학교),19710130,37.4713756726623,126.924909105757,addr
남대문중학교,중학교,성북구,장위동,서울특별시 성북구 한천로 660-30,(장위동/ 남대문중학교),19340520,37.6185360086599,127.055981121102,addr
남서울중학교,중학교,관악구,신림동,서울특별시 관악구 남부순환로172길 97,/ 남서울중학교 (신림동),19641112,37.4821362472153,126.921037135349,addr
남성중학교,중학교,동작구,사당동,서울특별시 동작구 남부순환로269길 166,(사당동/남성중학교),19821209,37.4790082237647,126.97241407945,addr
내곡중학교,중학교,서초구,신원동,서울특별시 서초구 청계산로7길 9-20,(신원동),20180208,37.4520032504691,127.054444623274,addr
노곡중학교,중학교,도봉구,창동,서울특별시 도봉구 노해로70길 95,(창동/노곡중학교),19881219,37.6488025057469,127.053743652903,addr
노원고등학교,고등학교,노원구,상계동,서울특별시 노원구 노원로 586,(상계동),19881223,37.6618031933787,127.054019473757,addr
노원중학교,중학교,노원구,상계동,서울특별시 노원구 동일로213길 26,(상계동/노원중학교),19881224,37.6493611386676,127.059691996616,addr
노일중학교,중학교,노원구,상계동,서울특별시 노원구 동일로231길 24,/ 노일중학교 (상계동),19950301,37.6722888633529,127.053889693074,addr
녹천중학교,중학교,노원구,월계동,서울특별시 노원구 월계로 376,(월계동),19950110,37.6310791072444,127.061742156935,addr
누리학교,특수학교,동작구,대방동,서울특별시 동작구 상도로 53,/ 누리학교 (대방동),19980429,37.4999735128686,126.926521632974,addr
누원고등학교,고등학교,도봉구,도봉동,서울특별시 도봉구 마들로 849,/ 누원고등학교 (도봉동),20030106,37.6855689580624,127.049932683549,addr
다니엘학교,특수학교,서초구,내곡동,서울특별시 서초구 헌릉로468길 21-16,(내곡동/다니엘학교),19741213,37.4601639011933,127.092319064657,addr
단국대학교부속소프트웨어고등학교,고등학교,강남구,대치동,서울특별시 강남구 도곡로64길 21,(대치동 1013),19410525,37.4956174948977,127.057768228297,addr
단국대학교사범대학부속고등학교,고등학교,강남구,대치동,서울특별시 강남구 도곡로64길 21,(대치동),19831226,37.4956174948977,127.057768228297,addr
단국대학교사범대학부속중학교,중학교,강남구,대치동,서울특별시 강남구 도곡로64길 21,(대치동),19410525,37.4956174948977,127.057768228297,addr
당곡고등학교,고등학교,관악구,봉천동,서울특별시 관악구 봉천로21길 108,/ 당곡고등학교 (봉천동),19831226,37.4917603442825,126.934246405052,addr
당곡중학교,중학교,관악구,봉천동,서울특별시 관악구 봉천로13길 101,/ 당곡중학교 (봉천동),19821209,37.4923586311415,126.932678731475,addr
당산서중학교,중학교,영등포구,당산동,서울특별시 영등포구 당산로41길 12,(당산동5가/당산서중학교),19821209,37.5324839425003,126.898825095957,addr
당산중학교,중학교,영등포구,당산동,서울특별시 영등포구 버드나루로 160,(당산동),19680806,37.5320330761599,126.907614032983,addr
대경생활과학고등학교,고등학교,중구,신당동,서울특별시 중구 매봉18길 111,(신당동),19560228,37.5563732600255,127.016979156363,addr
대경중학교,중학교,중구,신당동,서울특별시 중구 매봉18길 111,(신당동),19560228,37.5563732600255,127.016979156363,addr
대광고등학교,고등학교,동대문구,신설동,서울특별시 동대문구 안암로 6,/ 대광고등학교 (신설동),19471125,37.5779549391135,127.025328234604,addr
대광중학교,중학교,동대문구,신설동,서울특별시 동대문구 안암로 6,(신설동),19471125,37.5779549391135,127.025328234604,addr
대광초등학교,초등학교,성북구,보문동,서울특별시 성북구 안암로 5,(보문동7가/대광초등학교),19651201,37.5791510372431,127.023445857158,addr
대동세무고등학교,고등학교,종로구,계동,서울특별시 종로구 계동길 84-10,(계동),19250418,37.5815827310558,126.987951316186,addr
대림중학교,중학교,영등포구,대림동,서울특별시 영등포구 시흥대로185길 6,(대림동/대림중학교),19840109,37.4921386164499,126.906943001077,addr
대명중학교,중학교,강남구,대치동,서울특별시 강남구 역삼로87길 26,(대치동/ 대명중학교),19900120,37.5063189430786,127.060778124521,addr
대방중학교,중학교,동작구,신대방동,서울특별시 동작구 여의대방로10길 24,(신대방동/ 대방중학교),19720901,37.4954367843295,126.91301619957,addr
대성고등학교,고등학교,은평구,갈현동,서울특별시 은평구 갈현로29길 51-24,/ 대성고등학교 (갈현동),19690109,37.6231422778381,126.909790703133,addr
대성중학교,중학교,은평구,갈현동,서울특별시 은평구 갈현로29길 51-24,/ 대성중학교 (갈현동),19690115,37.6231422778381,126.909790703133,addr
대신고등학교,고등학교,종로구,행촌동,서울특별시 종로구 사직로 9,(행촌동),19380405,37.573123769216,126.96125454884,addr
대신중학교,중학교,종로구,행촌동,서울특별시 종로구 사직로 9,(행촌동),19380405,37.573123769216,126.96125454884,addr
대영고등학교,고등학교,영등포구,신길동,서울특별시 영등포구 도림로86길 16,(신길동/ 대영고등학교),19871215,37.5036530645899,126.905518076656,addr
대영중학교,중학교,영등포구,신길동,서울특별시 영등포구 도림로80가길 14,(신길동/대영중학교),19880202,37.5034378363342,126.905208015838,addr
대왕중학교,중학교,강남구,수서동,서울특별시 강남구 광평로20길 7,(수서동/ 대왕중학교),19940105,37.4834603317394,127.087338052671,addr
대원고등학교,고등학교,광진구,중곡동,서울특별시 광진구 용마산로22길 26,/ 대원고등학교 (중곡동),19770520,37.5624502219725,127.089376716312,addr
대원국제중학교,중학교,광진구,중곡동,서울특별시 광진구 용마산로22길 26,/ 대원국제중학교 (중곡동),19770520,37.5624502219725,127.089376716312,addr
대원여자고등학교,고등학교,광진구,중곡동,서울특별시 광진구 용마산로22길 26,(중곡동),19821013,37.5624502219725,127.089376716312,addr
대원외국어고등학교,고등학교,광진구,중곡동,서울특별시 광진구 용마산로22길 26,(중곡동),19831007,37.5624502219725,127.089376716312,addr
대일고등학교,고등학교,강서구,등촌동,서울특별시 강서구 등촌로 105,(등촌동),19720926,37.5394886976531,126.863403109826,addr
대일관광고등학교,고등학교,양천구,신정동,서울특별시 양천구 신정이펜1로 11,/ 대일관광고등학교 (신정동/ 대일관광고등학교),19800926,37.5114137684075,126.834906714744,addr
대일외국어고등학교,고등학교,성북구,정릉동,서울특별시 성북구 서경로 116,(정릉동/대일외국어고등학교),19840304,37.6133045933527,127.014175970968,addr
대진고등학교,고등학교,노원구,하계동,서울특별시 노원구 공릉로62가길 47,/ 대진고등학교 (하계동),19840613,37.6378068538477,127.076090022542,addr
대진디자인고등학교,고등학교,강남구,수서동,서울특별시 강남구 광평로39길 93,(수서동/대진디자인고등학교),19940325,37.4904281491372,127.095979339516,addr
대진여자고등학교,고등학교,노원구,중계동,서울특별시 노원구 공릉로 438,/ 대진여자고등학교 (중계동),19880212,37.6461248249441,127.06719658578,addr
대청중학교,중학교,강남구,대치동,서울특별시 강남구 양재천로 321,(대치동/ 대청중학교),19870506,37.490348545788,127.058033515123,addr
대치중학교,중학교,강남구,도곡동,서울특별시 강남구 남부순환로378길 39,(도곡동/대치중학교),19860129,37.4845775128634,127.047065232332,addr
덕산중학교,중학교,은평구,신사동,서울특별시 은평구 가좌로 400,(신사동),19880202,37.6022573973254,126.904677132229,addr
덕성여자고등학교,고등학교,종로구,안국동,서울특별시 종로구 율곡로3길 50,/ 덕성여자고등학교 (안국동),19200419,37.5777608153459,126.983558137257,addr
덕성여자중학교,중학교,종로구,송현동,서울특별시 종로구 율곡로3길 49,(송현동),19200419,37.5777859821946,126.981909156246,addr
덕수고등학교,고등학교,송파구,거여동,서울특별시 송파구 위례북로 10,"(거여동, 덕수고등학교)",19100413,37.4855916213524,127.1470595726,addr
덕수중학교,중학교,,인현동,서울 중구 마른내로9길 10,(인현동2가/덕수중학교),19100413,37.5655795665775,126.996997330546,addr
덕원여자고등학교,고등학교,강서구,내발산동,서울특별시 강서구 강서로45길 91-44,(내발산동/덕원여자고등학교),19780429,37.5486225773288,126.829024518952,addr
덕원예술고등학교,고등학교,강서구,내발산동,서울특별시 강서구 강서로45길 91-44,/ 덕원예술고등학교 (내발산동),19911107,37.5486225773288,126.829024518952,addr
덕원중학교,중학교,강서구,내발산동,서울특별시 강서구 강서로45길 91-44,(내발산동/덕원중학교),19780429,37.5486225773288,126.829024518952,addr
덕일전자공업고등학교,고등학교,구로구,오류동,서울특별시 구로구 서해안로21길 5-12,(오류동),19941005,37.4905365201163,126.837134461147,addr
덜위치칼리지서울영국학교,외국인학교,서초구,반포동,서울특별시 서초구 신반포로15길 6,(반포동),20101020,37.5042903762188,126.995340780275,addr
도곡중학교,중학교,강남구,도곡동,서울특별시 강남구 언주로57길 31,(도곡동/도곡중학교),19910121,37.4922937289635,127.044785558988,addr
도봉중학교,중학교,도봉구,도봉동,서울특별시 도봉구 마들로 671,(도봉동/도봉중학교),19710901,37.6708838426227,127.045871656464,addr
도선고등학교,고등학교,성동구,하왕십리동,서울특별시 성동구 마장로 156,(하왕십리동),20170301,37.5668439494,127.026995731182,addr
독산고등학교,고등학교,금천구,독산동,서울특별시 금천구 문성로 64,/ 독산고등학교 (독산동),20011231,37.4762187185354,126.910939635513,addr
동광초등학교,초등학교,금천구,시흥동,서울특별시 금천구 탑골로10길 45,/ 동광초등학교 (시흥동),20010301,37.4519206711218,126.915824008297,addr
동구여자중학교,중학교,성북구,성북동,서울특별시 성북구 성북로8길 71,(성북동/동구여자중학교),19420617,37.5941065881018,127.008215538987,addr
동국대학교사범대학부속가람고등학교,고등학교,광진구,,서울특별시 광진구 광나루로36길 47,동국대학교사범대학부속가람고등학교,19300620,37.5419210650592,127.086977917618,addr
동국대학교사범대학부속가람중학교,중학교,광진구,구의동,서울특별시 광진구 광나루로36길 47,", 동국대학교사범대학부속가람중학교 (구의동)",19300620,37.5419210650592,127.086977917618,addr
동국대학교사범대학부속고등학교,고등학교,동대문구,장안동,서울특별시 동대문구 장안벚꽃로 201,(장안동/동국대학교사범대학부속고등학교),19470624,37.5780471818476,127.075133018965,addr
동국대학교사범대학부속중학교,중학교,동대문구,장안동,서울특별시 동대문구 장안벚꽃로 201,(장안동),19470624,37.5780471818476,127.075133018965,addr
동대문중학교,중학교,동대문구,전농동,서울특별시 동대문구 사가정로 59,/ 동대문중학교 (전농동),19630123,37.5745220668493,127.051994343436,addr
동덕여자고등학교,고등학교,서초구,방배동,서울특별시 서초구 효령로2길 123-5,/ 동덕여자고등학교 (방배동),19100428,37.4758460567445,126.992615816174,addr
동덕여자중학교,중학교,서초구,방배동,서울특별시 서초구 효령로2길 123-5,(방배동/동덕여자중고등학교),19080427,37.4758460567445,126.992615816174,addr
동도중학교,중학교,마포구,,서울특별시 마포구 백범로 139,동도중학교,19550409,37.5466750773343,126.948479002412,addr
동마중학교,중학교,성동구,마장동,서울특별시 성동구 마조로11길 18,(마장동),19841208,37.5628039441746,127.040361360585,addr
동명생활경영고등학교,고등학교,은평구,대조동,서울특별시 은평구 통일로 793,(대조동),19210603,37.6144187859471,126.92282044301,addr
동명여자고등학교,고등학교,은평구,대조동,서울특별시 은평구 통일로 793,(대조동/동명여자고등학교),19210603,37.6144187859471,126.92282044301,addr
동명여자중학교,중학교,서대문구,천연동,서울특별시 서대문구 독립문로 49,(천연동),19210603,37.5686154223912,126.962252871841,addr
동북고등학교,고등학교,강동구,둔촌동,서울특별시 강동구 강동대로 305,(둔촌동),19530604,37.5202406144077,127.139450654266,addr
동북중학교,중학교,강동구,둔촌동,서울특별시 강동구 강동대로 305,(둔촌동),19530604,37.5202406144077,127.139450654266,addr
동북초등학교,초등학교,도봉구,쌍문동,서울특별시 도봉구 시루봉로 53,/ 동북초등학교 (쌍문동),19640404,37.6562750160952,127.026703057445,addr
동산초등학교,초등학교,중구,신당동,서울특별시 중구 매봉18길 109,/ 동산초등학교 (신당동),19660310,37.5562046295135,127.016725380867,addr
동성고등학교,고등학교,종로구,혜화동,서울특별시 종로구 대학로 156,(혜화동/동성중고교),19070910,37.5849699592551,127.003097645534,addr
동성중학교,중학교,종로구,혜화동,서울특별시 종로구 대학로 156,(혜화동),19070908,37.5849699592551,127.003097645534,addr
동신중학교,중학교,강동구,천호동,서울특별시 강동구 진황도로 72,(천호동/ 동신중학교),19500516,37.5367695166843,127.134366593349,addr
동양고등학교,고등학교,강서구,가양동,서울특별시 강서구 허준로 50,(가양동/동양고등학교),19530519,37.5690302418497,126.846888761424,addr
동양중학교,중학교,동작구,흑석동,서울특별시 동작구 흑석로9길 94,/ 동양중학교 (흑석동),19510303,37.5102231403469,126.957477481379,addr
동원중학교,중학교,중랑구,망우동,서울특별시 중랑구 양원역로 32,(망우동/ 동원중학교),19860129,37.6038226403943,127.109498124672,addr
동일여자고등학교,고등학교,금천구,시흥동,서울특별시 금천구 탑골로10길 45,(시흥동/ 동일여자고등학교),19721219,37.4519206711218,126.915824008297,addr
동일중학교,중학교,금천구,시흥동,서울특별시 금천구 탑골로10길 45,(시흥동),19681216,37.4519206711218,126.915824008297,addr
동작고등학교,고등학교,동작구,사당동,서울특별시 동작구 솔밭로 51,(사당동/동작고등학교(복합정보센타)),19911023,37.4826019423842,126.965086250636,addr
동작중학교,중학교,동작구,동작동,서울특별시 동작구 동작대로39가길 83,(동작동),19841208,37.4954619461448,126.977801624632,addr
둔촌고등학교,고등학교,강동구,둔촌동,서울특별시 강동구 명일로 140,(둔촌동/둔촌고등학교),19970115,37.531432583881,127.143808707936,addr
둔촌중학교,중학교,강동구,둔촌동,서울특별시 강동구 진황도로61길 25-30,(둔촌동),19860129,37.5308360856293,127.146331741485,addr
등명중학교,중학교,강서구,등촌동,서울특별시 강서구 공항대로39길 39,(등촌동/등명중학교),19950110,37.5601933510779,126.843304086976,addr
등원중학교,중학교,강서구,등촌동,서울특별시 강서구 화곡로65길 50,(등촌동/등원중학교),19950504,37.5597340202733,126.85181537298,addr
등촌고등학교,고등학교,강서구,등촌동,서울특별시 강서구 공항대로39길 115,/ 등촌고등학교 (등촌동),20040301,37.5629452192593,126.845046119983,addr
등촌중학교,중학교,강서구,등촌동,서울특별시 강서구 공항대로 484-12,(등촌동/등촌중학교),19810130,37.5524822120704,126.859214787423,addr
리라아트고등학교,고등학교,중구,예장동,서울특별시 중구 소파로2길 ,/ 24 (예장동/리라아트고등학교),19520520,37.5576622746229,126.987778499953,addr
리라초등학교,초등학교,중구,예장동,서울특별시 중구 소파로2길 7,(예장동),19650520,37.5578196996083,126.987980721445,addr
마곡중학교,중학교,강서구,마곡동,서울특별시 강서구 마곡중앙5로 58,(마곡동),20150109,37.5680344018763,126.821325984502,addr
마곡하늬중학교,중학교,강서구,마곡동,서울특별시 강서구 마곡서1로 16,(마곡동),20200301,37.5581678959806,126.820984775861,addr
마장중학교,중학교,성동구,마장동,서울특별시 성동구 마장로35나길 31,/ 마장중학교 (마장동),20050301,37.5683388716972,127.041605053834,addr
마포고등학교,고등학교,강서구,등촌동,서울특별시 강서구 화곡로 403,(등촌동/마포고등학교),19530601,37.5600277060889,126.85286487714,addr
마포중학교,중학교,강서구,,서울특별시 강서구 화곡로 403,/ 마포중학교 (전화 02-3663-2587),19500601,37.5600277060889,126.85286487714,addr
매원초등학교,초등학교,성북구,돈암동,서울특별시 성북구 북악산로 870,(돈암동),19631205,37.597674141541,127.019187491701,addr
면목고등학교,고등학교,중랑구,면목동,서울특별시 중랑구 용마산로72길 36-14,(면목동/면목고등학교),19821130,37.5846634085871,127.097270640409,addr
면목중학교,중학교,중랑구,면목동,서울특별시 중랑구 용마산로70길 37,/ 면목중학교 (면목동),19811217,37.5830114568556,127.096589314058,addr
명덕고등학교,고등학교,강서구,내발산동,서울특별시 강서구 강서로47길 34-10,(내발산동/명덕고등학교),19841217,37.5538694849081,126.8339773378,addr
명덕여자고등학교,고등학교,강서구,내발산동,서울특별시 강서구 강서로47길 34-10,(내발산동),19831226,37.5538694849081,126.8339773378,addr
명덕여자중학교,중학교,강서구,내발산동,서울특별시 강서구 강서로47길 34-10,(내발산동),19771230,37.5538694849081,126.8339773378,addr
명덕외국어고등학교,고등학교,강서구,내발산동,서울특별시 강서구 강서로47길 34-10,/ 명덕외국어고등학교 (내발산동/명덕고등학교),19910911,37.5538694849081,126.8339773378,addr
명일여자고등학교,고등학교,강동구,명일동,서울특별시 강동구 명일로 350,(명일동/명일여자고등학교),19841217,37.5497763325665,127.149581506712,addr
명일중학교,중학교,강동구,고덕동,서울특별시 강동구 양재대로156길 57,(고덕동/명일중학교),19840109,37.5576563502383,127.14729852725,addr
명지고등학교,고등학교,서대문구,홍은동,서울특별시 서대문구 명지2길 56,/ 명지고등학교 (홍은동),19480412,37.5849113531243,126.927090249447,addr
명지중학교,중학교,서대문구,홍은동,서울특별시 서대문구 명지2길 56,(홍은동),19480412,37.5849113531243,126.927090249447,addr
명지초등학교,초등학교,서대문구,홍은동,서울특별시 서대문구 명지2길 32-20,(홍은동),19670315,37.5836299393884,126.928231470941,addr
목동고등학교,고등학교,양천구,신정동,서울특별시 양천구 목동동로2길 68,/ 목동고등학교 (신정동),19891208,37.5092159752312,126.86019842592,addr
목동중학교,중학교,양천구,신정동,서울특별시 양천구 목동동로 172,(신정동/목동중학교),19810301,37.5209571978324,126.871443390095,addr
목운중학교,중학교,양천구,목동,서울특별시 양천구 목동동로 235,(목동/목운초.중학교),20090301,37.527009517428,126.873044206364,addr
목일중학교,중학교,양천구,신정동,서울특별시 양천구 목동동로8길 70,(신정동/목일중학교),19861217,37.5135084946262,126.874268759045,addr
무학여자고등학교,고등학교,성동구,,서울특별시 성동구 고산자로 197,무학여자고등학교,19400330,37.5576263308862,127.033880902274,addr
무학중학교,중학교,성동구,행당동,서울특별시 성동구 행당로 120,(행당동),19681001,37.557701190017,127.031992242352,addr
문래중학교,중학교,영등포구,문래동,서울특별시 영등포구 선유서로13길 6,(문래동6가/문래중학교),19860129,37.520362407627,126.884670886121,addr
문성중학교,중학교,금천구,독산동,서울특별시 금천구 독산로102길 78,/ 문성중학교 (독산동),19900120,37.4754682009333,126.908493841535,addr
문일고등학교,고등학교,금천구,시흥동,서울특별시 금천구 시흥대로47길 45,(시흥동),19741227,37.4489152569278,126.898720653088,addr
문일중학교,중학교,금천구,시흥동,서울특별시 금천구 시흥대로47길 45,/ 문일중학교 (시흥동),19671214,37.4489152569278,126.898720653088,addr
문정고등학교,고등학교,송파구,문정동,서울특별시 송파구 송이로34길 62,(문정동/문정고등학교),20071101,37.4851784987927,127.126692082604,addr
문정중학교,중학교,송파구,문정동,서울특별시 송파구 문정로 73,(문정동/ 문정중학교),19900120,37.4883919978179,127.130286303121,addr
문창중학교,중학교,동작구,신대방동,서울특별시 동작구 여의대방로22나길 40,(신대방동),19810508,37.4958609410012,126.922405470441,addr
문현고등학교,고등학교,송파구,장지동,서울특별시 송파구 충민로 115,(장지동),20100301,37.4813135489878,127.128762268141,addr
문현중학교,중학교,송파구,장지동,서울특별시 송파구 충민로 99,(장지동/ 문현중학교),20090301,37.4805587972062,127.128244061598,addr
미래산업과학고등학교,고등학교,노원구,중계동,서울특별시 노원구 덕릉로82길 54,(중계동),19940301,37.658779482984,127.07844069313,addr
미림마이스터고등학교,고등학교,관악구,,서울특별시 관악구 호암로 546,미림마이스터고등학교,19910301,37.4661018035835,126.931927855676,addr
미림여자고등학교,고등학교,관악구,신림동,서울특별시 관악구 호암로 546,/ 미림여자고등학교 (신림동),19671230,37.4661018035835,126.931927855676,addr
미성중학교,중학교,관악구,신림동,서울특별시 관악구 문성로16길 40,(신림동),19840109,37.4753828116217,126.912088901502,addr
밀알학교,특수학교,강남구,일원동,서울특별시 강남구 일원로 90,(일원동/밀알학교),19970301,37.4857818608305,127.08207177919,addr
반포고등학교,고등학교,서초구,반포동,서울특별시 서초구 고무래로 71,(반포동/반포고등학교),19831226,37.5027027335348,127.016510661972,addr
반포중학교,중학교,서초구,반포동,서울특별시 서초구 신반포로 67,"(반포동,반포중학교)",19741227,37.5030523682879,126.991603997827,addr
방배중학교,중학교,서초구,반포동,서울특별시 서초구 동광로 144,(반포동/방배중학교),19801227,37.494868265986,126.997827018537,addr
방산고등학교,고등학교,송파구,방이동,서울특별시 송파구 오금로27길 18,(방이동),20030301,37.5083995194679,127.120469638696,addr
방산중학교,중학교,송파구,방이동,서울특별시 송파구 오금로29길 31,(방이동/ 방산중학교),19910221,37.5093439082296,127.121567809411,addr
방원중학교,중학교,강서구,방화동,서울특별시 강서구 금낭화로 268,/ 방원중학교 (방화동/방원중학교),19931005,37.5757386006668,126.808220414193,addr
방이중학교,중학교,송파구,방이동,서울특별시 송파구 오금로11길 64,(방이동/방이중학교),19850412,37.5149508047144,127.113373673739,addr
방학중학교,중학교,도봉구,방학동,서울특별시 도봉구 시루봉로 188,/ 방학중학교 (방학동),19820117,37.6654512192487,127.030859014878,addr
방화중학교,중학교,강서구,방화동,서울특별시 강서구 개화동로27길 9,(방화동),19860129,37.5643347062636,126.807106919786,addr
배명고등학교,고등학교,송파구,삼전동,서울특별시 송파구 삼학사로 11,/ 배명고등학교 (삼전동),19490307,37.4976894981876,127.095811765574,addr
배명중학교,중학교,송파구,삼전동,서울특별시 송파구 삼학사로 11,(삼전동/배명중고등학교),19490307,37.4976894981876,127.095811765574,addr
배문고등학교,고등학교,용산구,서계동,서울특별시 용산구 효창원로 258,(서계동),19551231,37.5499187190496,126.963904100329,addr
배문중학교,중학교,용산구,서계동,서울특별시 용산구 효창원로 258,/ 배문중학교 (서계동),19550317,37.5499187190496,126.963904100329,addr
배재고등학교,고등학교,강동구,고덕동,서울특별시 강동구 고덕로 227,(고덕동/배재중 고등학교),18850608,37.5550559824557,127.150160525237,addr
배재중학교,중학교,강동구,고덕동,서울특별시 강동구 고덕로 227,(고덕동/ 배재중학교),18850803,37.5550559824557,127.150160525237,addr
배화여자고등학교,고등학교,종로구,필운동,서울특별시 종로구 필운대로1길 34,(필운동/배화여자고등학교),18981002,37.5795440101952,126.967291871532,addr
배화여자중학교,중학교,종로구,필운동,서울특별시 종로구 필운대로1길 34,/ 배화여자중학교 (필운동),18981002,37.5795440101952,126.967291871532,addr
백석중학교,중학교,강서구,등촌동,서울특별시 강서구 등촌로51나길 35,(등촌동/백석중학교),19821209,37.5482909098797,126.858953909893,addr
백암고등학교,고등학교,양천구,신정동,서울특별시 양천구 신정로13길 16,/ 백암고등학교 (신정동),19840409,37.5122533613422,126.84449517891,addr
백운중학교,중학교,도봉구,쌍문동,서울특별시 도봉구 도봉로129길 50,(쌍문동),19920301,37.6562806786387,127.035622286787,addr
번동중학교,중학교,강북구,번동,서울특별시 강북구 오현로35길 87,(번동/번동중학교),19920301,37.6324556910711,127.036206363566,addr
보성고등학교,고등학교,송파구,방이동,서울특별시 송파구 양재대로 1278,(방이동/보성중고등학교),19060905,37.5200898870034,127.135729296295,addr
보성여자고등학교,고등학교,용산구,용산동,서울특별시 용산구 신흥로3가길 66,/ 보성여자고등학교 (용산동2가),19071010,37.5430815444968,126.984284175086,addr
보성여자중학교,중학교,용산구,용산동,서울특별시 용산구 신흥로3가길 66,(용산동2가),19071010,37.5430815444968,126.984284175086,addr
보성중학교,중학교,송파구,방이동,서울특별시 송파구 양재대로 1278,(방이동/보성중고등학교),19060905,37.5200898870034,127.135729296295,addr
보인고등학교,고등학교,송파구,오금동,서울특별시 송파구 오금로49길 18,/ 보인고등학교 (오금동),19080608,37.4975692004431,127.139517839227,addr
보인중학교,중학교,송파구,오금동,서울특별시 송파구 오금로49길 18,(오금동/ 보인중고등학교),19080608,37.4975692004431,127.139517839227,addr
봉림중학교,중학교,관악구,봉천동,서울특별시 관악구 장군봉길 72,(봉천동),19881224,37.4811981682395,126.937702673305,addr
봉영여자중학교,중학교,양천구,신정동,서울특별시 양천구 목동동로2길 68,(신정동/봉영여자중학교),19511008,37.5092159752312,126.86019842592,addr
봉원중학교,중학교,관악구,봉천동,서울특별시 관악구 관악로24가길 15,/ 봉원중학교 (봉천동/봉원중학교),19691111,37.4841027415012,126.958890911497,addr
봉은중학교,중학교,강남구,삼성동,서울특별시 강남구 영동대로128길 59,(삼성동),19860129,37.5189766694152,127.062389351922,addr
봉화중학교,중학교,중랑구,망우동,서울특별시 중랑구 망우로70길 89,(망우동/봉화중학교),19850501,37.5958275306695,127.104315557629,addr
북서울중학교,중학교,도봉구,도봉동,서울특별시 도봉구 도봉로169가길 33,(도봉동),19841208,37.6815704209468,127.042573542277,addr
북악중학교,중학교,성북구,정릉동,서울특별시 성북구 정릉로12길 41,(정릉동/북악중학교),19840110,37.6070090504822,127.001609529397,addr
불광중학교,중학교,은평구,불광동,서울특별시 은평구 불광로 180,/ 불광중학교 (불광동),19740920,37.6231798247545,126.932389206759,addr
불암고등학교,고등학교,노원구,중계동,서울특별시 노원구 중계로 155,(중계동),20050301,37.6491585296421,127.080305829512,addr
불암중학교,중학교,노원구,하계동,서울특별시 노원구 한글비석로5길 45,/ 불암중학교 (하계동),19921227,37.6454697408382,127.073217164139,addr
사당중학교,중학교,동작구,사당동,서울특별시 동작구 사당로9가길 58,/ 사당중학교 (사당동),19840109,37.4877611854985,126.968540661313,addr
삼각산고등학교,고등학교,강북구,미아동,서울특별시 강북구 삼양로19길 40,(미아동/삼각산고등학교),20110301,37.6162857334914,127.020107911458,addr
삼각산중학교,중학교,강북구,미아동,서울특별시 강북구 삼양로19길 141,/ 삼각산중학교 (미아동),20030106,37.6160412359101,127.014342650437,addr
삼선중학교,중학교,성북구,동소문동,서울특별시 성북구 동소문로3길 69,(동소문동4가/삼선중학교),19600219,37.5917443908697,127.007872876935,addr
삼성고등학교,고등학교,관악구,신림동,서울특별시 관악구 신림로 41,(신림동),19860112,37.469107701859,126.944010788599,addr
삼성중학교,중학교,관악구,신림동,서울특별시 관악구 신림로3가길 39-24,(신림동/삼성중학교),19701002,37.4676058987272,126.942513213832,addr
삼정중학교,중학교,강서구,방화동,서울특별시 강서구 금낭화로 210,(방화동/삼정중학교),19940105,37.5812950426769,126.810295495513,addr
상경중학교,중학교,노원구,상계동,서울특별시 노원구 동일로227길 61,(상계동/ 상경중학교),19881224,37.6671487661533,127.053705308096,addr
상계고등학교,고등학교,노원구,상계동,서울특별시 노원구 노해로 432,(상계동/ 상계고등학교),19871215,37.652724684304,127.055453430868,addr
상계제일중학교,중학교,노원구,중계동,서울특별시 노원구 덕릉로86길 29-15,/ 상계제일중학교 (중계동),19710116,37.6610756041689,127.078078515184,addr
상계중학교,중학교,노원구,상계동,서울특별시 노원구 노원로 398,(상계동/ 상계중학교),19860301,37.6526541000987,127.068552458297,addr
상도중학교,중학교,동작구,사당동,서울특별시 동작구 사당로2가길 72,/ 상도중학교 (사당동),19681023,37.4909219003444,126.961475595626,addr
상명고등학교,고등학교,노원구,중계동,서울특별시 노원구 덕릉로 553,(중계동),19371201,37.649540794927,127.067701313205,addr
상명대학교사범대학부속여자고등학교,고등학교,종로구,홍지동,서울특별시 종로구 홍지문2길 20,"(홍지동,상명대학교)",19661219,37.604108905882,126.955159496571,addr
상명대학교사범대학부속여자중학교,중학교,종로구,홍지동,서울특별시 종로구 홍지문2길 20,(홍지동),19661117,37.604108905882,126.955159496571,addr
상명대학교사범대학부속초등학교,초등학교,종로구,홍지동,서울특별시 종로구 홍지문2길 1,(홍지동/ 상명초등학교),19660312,37.6007485057551,126.956425519955,addr
상명중학교,중학교,노원구,중계동,서울특별시 노원구 덕릉로 553,/ 상명중학교 (중계동),19371201,37.649540794927,127.067701313205,addr
상명초등학교,초등학교,노원구,중계동,서울특별시 노원구 덕릉로 541,/ 상명초등학교 (중계동),19640206,37.648727616308,127.066984539254,addr
상문고등학교,고등학교,서초구,방배동,서울특별시 서초구 명달로 45,(방배동/상문고등학교),19721223,37.4797554325594,127.003916819634,addr
상봉중학교,중학교,중랑구,상봉동,서울특별시 중랑구 상봉중앙로8나길 28,(상봉동),20010506,37.601527985138,127.090124645592,addr
상신중학교,중학교,은평구,신사동,서울특별시 은평구 증산로15길 61,(신사동),19841208,37.5897854748773,126.906424934661,addr
상암고등학교,고등학교,마포구,상암동,서울특별시 마포구 월드컵북로 445,(상암동),20070104,37.5813414106022,126.883394497343,addr
상암중학교,중학교,마포구,상암동,서울특별시 마포구 상암산로1길 26,(상암동),20070301,37.5790569198061,126.887550793573,addr
상원중학교,중학교,노원구,상계동,서울특별시 노원구 수락산로 182,(상계동),19930115,37.6717249831458,127.059783582989,addr
상일미디어고등학교,고등학교,강동구,상일동,서울특별시 강동구 천호대로219길 61,/ 상일미디어고등학교 (상일동),19831226,37.5485874781342,127.170823536325,addr
상일여자고등학교,고등학교,강동구,상일동,서울특별시 강동구 천호대로219길 61,/ 상일여자고등학교 (상일동),19791006,37.5485874781342,127.170823536325,addr
상일중학교,중학교,강동구,상일동,서울특별시 강동구 천호대로219길 61,(상일동/ 상일여자중학교),19790221,37.5485874781342,127.170823536325,addr
상현중학교,중학교,동작구,상도동,서울특별시 동작구 사당로2길 2-19,(상도동),19680806,37.4941557795456,126.960607735677,addr
서라벌고등학교,고등학교,노원구,중계1동,서울특별시 노원구 한글비석로5길 18,/ (중계1동 313/ 서라벌고등학교) ,19560305,37.6452565325417,127.075840635297,addr
서라벌중학교,중학교,강북구,우이동,서울특별시 강북구 삼양로155길 37-9,/ 서라벌중학교 (우이동),19560305,37.6569840292148,127.011488328327,addr
서문여자고등학교,고등학교,서초구,방배동,서울특별시 서초구 동광로12길 84,(방배동/서문여자고등학교),19721229,37.4889197255873,126.984545759343,addr
서문여자중학교,중학교,서초구,방배동,서울특별시 서초구 동광로12길 84,(방배동),19781229,37.4889197255873,126.984545759343,addr
서서울생활과학고등학교,고등학교,구로구,궁동,서울특별시 구로구 오리로 1355-10,/ 서서울생활과학고등학교 (궁동),19720305,37.5038291911751,126.828259957002,addr
서연중학교,중학교,서대문구,연희동,서울특별시 서대문구 연희로11마길 9-6,(연희동),19841208,37.5682162296874,126.927137653568,addr
서운중학교,중학교,서초구,서초동,서울특별시 서초구 서운로 115,(서초동/서운중학교),19820107,37.4939485124964,127.024538241332,addr
서울가곡초등학교,초등학교,강서구,내발산동,서울특별시 강서구 공항대로36길 74,(내발산동/가곡초등학교),19920715,37.5557021717114,126.836083394211,addr
서울가동초등학교,초등학교,송파구,가락동,서울특별시 송파구 중대로20길 47,(가락동),19900425,37.4972559260218,127.129790328684,addr
서울가락초등학교,초등학교,송파구,가락동,서울특별시 송파구 송파대로37길 45,(가락동/ 가락초등학교),19810909,37.4998746399971,127.107214872322,addr
서울가산초등학교,초등학교,금천구,독산동,서울특별시 금천구 남부순환로 1304-11,/ 서울가산초등학교 (독산동),19830625,37.4781477195501,126.896184019972,addr
서울가양초등학교,초등학교,,가양동,서울 강서구 허준로 186,/ (가양동/가양초등학교),19920715,37.5622171927841,126.858521557616,addr
서울가원초등학교,초등학교,송파구,문정동,서울특별시 송파구 중대로4길 8,(문정동/ 가원초등학교),19881208,37.4894427777046,127.111028747643,addr
서울가인초등학교,초등학교,도봉구,창동,서울특별시 도봉구 도봉로136다길 4,(창동/가인초등학교),20031230,37.6594678039701,127.042950889775,addr
서울가재울초등학교,초등학교,서대문구,남가좌동,서울특별시 서대문구 모래내로15길 61,(남가좌동),20160301,37.5737644190198,126.918388033648,addr
서울가주초등학교,초등학교,송파구,가락동,서울특별시 송파구 오금로40길 37,/ 서울가주초등학교 (가락동/ 가주초등학교),19960810,37.4965672156015,127.129280370183,addr
서울갈산초등학교,초등학교,양천구,신정동,서울특별시 양천구 목동로 31,/ 서울갈산초등학교 (신정동),19870909,37.5123715649068,126.870229875385,addr
서울갈현초등학교,초등학교,은평구,갈현동,서울특별시 은평구 연서로29길 31,/ 갈현초등학교 (갈현동),19661202,37.6197796356231,126.916683441356,addr
서울강남초등학교,초등학교,동작구,상도1동,서울특별시 동작구 강남초등길 15,(상도1동),19451102,37.5062047182589,126.953567101813,addr
서울강덕초등학교,초등학교,강동구,고덕동,서울특별시 강동구 동남로82길 94-54,(고덕동/ 서울강덕초등학교),19861217,37.5595474750238,127.160483581978,addr
서울강동초등학교,초등학교,강동구,천호동,서울특별시 강동구 상암로14길 77,(천호동/서울강동초등학교),19760818,37.5463638024947,127.130187177341,addr
서울강명초등학교,초등학교,강동구,상일동,서울특별시 강동구 상일로 74-1,(상일동),20110301,37.5547060358492,127.173374480645,addr
서울강빛초등학교,초등학교,강동구,강일동,서울특별시 강동구 아리수로93다길 1,"(강일동, 강빛초중통합학교)",20210301,37.5743433210453,127.170774922577,addr
서울강서초등학교,초등학교,양천구,신월동,서울특별시 양천구 오목로 31,"(신월동, 서울강서초등학교)",19801018,37.5224127216539,126.840987861073,addr
서울강솔초등학교,초등학교,강동구,강일동,서울특별시 강동구 고덕로97길 80,/ 서울강솔초등학교 (강일동),20170301,37.5618696246217,127.180267055739,addr
서울강신초등학교,초등학교,양천구,신월동,서울특별시 양천구 월정로 280,/ 서울강신초등학교 (신월동/서울강신초등학교),19850419,37.5421368264529,126.829581447367,addr
서울강월초등학교,초등학교,양천구,신월동,서울특별시 양천구 신월로 97,(신월동/서울강월초등학교),19880209,37.516341716111,126.833431935892,addr
서울강일초등학교,초등학교,강동구,강일동,서울특별시 강동구 아리수로98길 24,/ 서울강일초등학교 (강일동),19930720,37.565255684305,127.177212459316,addr
서울개롱초등학교,초등학교,송파구,오금동,서울특별시 송파구 문정로 211,/ 서울개롱초등학교 (오금동),20071101,37.4973626123965,127.139888149341,addr
서울개명초등학교,초등학교,구로구,개봉동,서울특별시 구로구 개봉로1다길 16-9,(개봉동/개명초등학교),19831203,37.483056382598,126.850940659082,addr
서울개봉초등학교,초등학교,구로구,개봉동,서울특별시 구로구 개봉로16길 30-11,(개봉동),19710901,37.4895280611996,126.857972181036,addr
서울개운초등학교,초등학교,성북구,돈암동,서울특별시 성북구 정릉로48길 52,(돈암동/서울개운초등학교),20020710,37.6018109508131,127.027404487079,addr
서울개웅초등학교,초등학교,구로구,개봉동,서울특별시 구로구 개봉로11길 98,(개봉동/개웅초등학교),19980731,37.4885713176365,126.849982268839,addr
서울개원초등학교,초등학교,강남구,개포동,서울특별시 강남구 선릉로 29,"(개포동,개원초등학교)",19820920,37.4816986136485,127.059450501428,addr
서울개일초등학교,초등학교,강남구,개포동,서울특별시 강남구 개포로 401,/ 개일초등학교 (개포동/개일초등학교),19871117,37.4862353839469,127.057790853452,addr
서울개포초등학교,초등학교,강남구,개포동,서울특별시 강남구 삼성로4길 30,(개포동/ 개포초등학교),19830510,37.4863349159759,127.070310042973,addr
서울개현초등학교,초등학교,강남구,개포동,서울특별시 강남구 선릉로 15,"(개포동, 서울개현초등학교)",20240301,37.4810262095918,127.062042570555,addr
서울개화초등학교,초등학교,강서구,방화동,서울특별시 강서구 양천로 11,(방화동/개화초등학교),19560510,37.5739262377478,126.804694204855,addr
서울거여초등학교,초등학교,송파구,오금동,서울특별시 송파구 마천로25길 18,(오금동/ 거여초등학교),19670915,37.5050261154817,127.140946785902,addr
서울거원초등학교,초등학교,송파구,거여동,서울특별시 송파구 양산로2길 26,(거여동/거원초등학교),19970901,37.4876385082093,127.144815961872,addr
서울경동초등학교,초등학교,성동구,성수동,서울특별시 성동구 성수일로 34,(성수동1가/경동초등학교),19131001,37.543825479341,127.050073697789,addr
서울경수초등학교,초등학교,성동구,성수동,서울특별시 성동구 뚝섬로13길 22,(성수동2가/경수초등학교),19820429,37.5404366739206,127.058066769768,addr
서울경운학교,특수학교,종로구,경운동,서울특별시 종로구 삼일대로 454,(경운동),20020301,37.5750618207351,126.987420878639,addr
서울경인초등학교,초등학교,양천구,목동,서울특별시 양천구 안양천로 1009,(목동/서울경인초등학교),19861127,37.5328710177851,126.885695675904,addr
서울경일초등학교,초등학교,성동구,성수동,서울특별시 성동구 뚝섬로 332,(성수동1가),19841031,37.5409410878081,127.046604922429,addr
서울계남초등학교,초등학교,양천구,신정동,서울특별시 양천구 목동동로2길 54,/ 서울계남초등학교 (신정동/서울계남초등학교),19790506,37.5101677598408,126.86001590922,addr
서울계상초등학교,초등학교,노원구,상계동,서울특별시 노원구 한글비석로41가길 24,(상계동),19830701,37.6624464105885,127.068880275281,addr
서울고덕초등학교,초등학교,강동구,고덕동,서울특별시 강동구 아리수로82길 42,/ 고덕초등학교 (고덕동),19831203,37.5612942209058,127.166096972163,addr
서울고등학교,고등학교,서초구,서초동,서울특별시 서초구 효령로 197,(서초동/서울고등학교),19460201,37.4842930566875,127.004901860862,addr
서울고명초등학교,초등학교,강동구,명일동,서울특별시 강동구 고덕로46길 53,/ 서울고명초등학교 (명일동),19801129,37.5529725262612,127.147436202442,addr
서울고산초등학교,초등학교,구로구,고척동,서울특별시 구로구 중앙로 6,(고척동/ 고산초등학교),19910902,37.4993252329505,126.865350068539,addr
서울고원초등학교,초등학교,구로구,고척동,서울특별시 구로구 경인로46길 13,(고척동/ 서울고원초등학교),20040301,37.4976454267483,126.865771276704,addr
서울고은초등학교,초등학교,서대문구,홍제동,서울특별시 서대문구 모래내로 441,(홍제동/ 서울고은초등학교),19711203,37.585001844196,126.943974937789,addr
서울고일초등학교,초등학교,강동구,상일동,서울특별시 강동구 구천면로93길 20,/ 서울고일초등학교 (상일동),19831203,37.5515426236302,127.169410143976,addr
서울고척초등학교,초등학교,구로구,고척동,서울특별시 구로구 경서로 31,(고척동),19671206,37.5009763571584,126.85679629258,addr
서울고현초등학교,초등학교,강동구,,서울특별시 강동구 상일로11길 110,/ 서울고현초등학교 ,20200301,37.5538039438067,127.166050130468,addr
서울공덕초등학교,초등학교,마포구,공덕동,서울특별시 마포구 만리재옛길 13,(공덕동/ 공덕초등학교),19440411,37.5458033455121,126.954823056539,addr
서울공릉초등학교,초등학교,노원구,공릉동,서울특별시 노원구 동일로173길 12,(공릉동/서울공릉초등학교),19790404,37.6186120126537,127.074614270574,addr
서울공업고등학교,고등학교,동작구,대방동,서울특별시 동작구 대방동1길 46,/ 서울공업고등학교 (대방동),18990505,37.5019012578828,126.922363030415,addr
서울공연예술고등학교,고등학교,구로구,궁동,서울특별시 구로구 오리로22나길 16-26,/ 서울공연예술고등학교 (궁동),19660306,37.4999306587647,126.832608691425,addr
서울공연초등학교,초등학교,노원구,공릉동,서울특별시 노원구 동일로192가길 16,(공릉동/서울공연초등학교),19820707,37.62719482311,127.074030837547,addr
서울공진초등학교,초등학교,강서구,마곡동,서울특별시 강서구 마곡서로 33,/ 서울공진초등학교 (마곡동 749-2),19921125,37.5578308778281,126.822806144479,addr
서울공항초등학교,초등학교,강서구,마곡동,서울특별시 강서구 마곡서1로 68 ,(마곡동),19821110,37.5631752585272,126.821215237029,addr
서울과학고등학교,고등학교,종로구,,서울특별시 종로구 혜화로 63,(명륜1가),19880914,37.5915480465968,126.998436321282,addr
서울관광고등학교,고등학교,관악구,봉천동,서울특별시 관악구 은천로15길 25,(봉천동/서울관광고등학교),19780315,37.4878154195732,126.943760849751,addr
서울관악초등학교,초등학교,,봉천동,서울 관악구 청룡4길 49,/ 관악초등학교 (봉천동/관악초등학교),19711204,37.4810297131995,126.942570541831,addr
서울광남초등학교,초등학교,광진구,광장동,서울특별시 광진구 아차산로70길 35,(광장동),19900120,37.5409675314785,127.100704228215,addr
서울광장초등학교,초등학교,광진구,광장동,서울특별시 광진구 광장로1길 27,/ 서울광장초등학교 (광장동),19461110,37.5485492186653,127.101799885644,addr
서울광진초등학교,초등학교,광진구,구의동,서울특별시 광진구 자양로40길 41,/ 서울광진초등학교 (구의동),20030901,37.5476114602117,127.091332532375,addr
서울광진학교,특수학교,광진구,구의동,서울특별시 광진구 강변역로 18,/ 서울광진학교 (구의동/ 서울광진학교),19990115,37.5376674941402,127.091561517825,addr
서울광희초등학교,초등학교,중구,신당동,서울특별시 중구 다산로 269,(신당동/광희초등학교),18950719,37.5672992845452,127.015687859678,addr
서울교동초등학교,초등학교,종로구,경운동,서울특별시 종로구 삼일대로 446,(경운동),18940918,37.5749936834295,126.988075995471,addr
서울교육대학교부설초등학교,초등학교,서초구,서초동,서울특별시 서초구 서초중앙로 96,(서초동/서울교대초등학교),19530131,37.4907404857731,127.015424537648,addr
서울구남초등학교,초등학교,광진구,구의동,서울특별시 광진구 구의강변로 69,/ 서울구남초등학교 (구의동),19980301,37.5370965949427,127.092288798461,addr
서울구로남초등학교,초등학교,구로구,구로동,서울특별시 구로구 디지털로27길 76,(구로동/구로남초등학교),19640311,37.4847045985983,126.890267788001,addr
서울구로초등학교,초등학교,구로구,구로동,서울특별시 구로구 구로중앙로27나길 9,/ 구로동443 (구로동),19500620,37.4972616788429,126.886001814771,addr
서울구룡초등학교,초등학교,강남구,개포동,서울특별시 강남구 개포로 263,(개포동/구룡초등학교),19831130,37.4811973926876,127.051771435538,addr
서울구산초등학교,초등학교,은평구,구산동,서울특별시 은평구 서오릉로15길 16,(구산동/ 구산초등학교),19771129,37.6127509583582,126.909376492632,addr
서울구암초등학교,초등학교,관악구,봉천동,서울특별시 관악구 구암길 1,/ 서울구암초등학교 (봉천동),19770211,37.4892174749954,126.946271723126,addr
서울구의초등학교,초등학교,광진구,화양동,서울특별시 광진구 광나루로30길 49,/ 서울구의초등학교 (화양동),19811226,37.5430074366803,127.08031177586,addr
서울구일초등학교,초등학교,구로구,구로동,서울특별시 구로구 구일로 68,(구로동/구일초등학교),19871022,37.4931918730561,126.873472709056,addr
서울구현초등학교,초등학교,은평구,구산동,서울특별시 은평구 갈현로15길 51,(구산동/구현초등학교),20081231,37.6097895968758,126.905707319658,addr
서울국제고등학교,고등학교,종로구,,서울특별시 종로구 성균관로13길 40,/ 서울국제고 (명륜1가),20070719,37.5917911485864,126.995490680124,addr
서울군자초등학교,초등학교,동대문구,장안동,서울특별시 동대문구 한천로6길 21,/ 서울군자초등학교 (장안동),19730106,37.5641223174494,127.060523298508,addr
서울금나래초등학교,초등학교,금천구,시흥동,서울특별시 금천구 시흥대로79길 37,(시흥동),20170301,37.4582299981347,126.896205569649,addr
서울금동초등학교,초등학교,금천구,시흥동,서울특별시 금천구 금하로30길 53,/ 서울금동초등학교 (시흥동),20030301,37.4477657831877,126.916396430625,addr
서울금북초등학교,초등학교,성동구,금호동,서울특별시 성동구 행당로1길 13,/ 서울금북초등학교 (금호동1가),19681126,37.5574476886561,127.023369904581,addr
서울금산초등학교,초등학교,금천구,시흥동,서울특별시 금천구 시흥대로24길 57,"(시흥동, 서울금산초등학교)",19980731,37.4414211782481,126.907881604603,addr
서울금양초등학교,초등학교,용산구,효창동,서울특별시 용산구 효창원로 137,", 서울금양초등학교 (효창동)",19150910,37.5409423141075,126.961831873199,addr
서울금옥초등학교,초등학교,성동구,금호동,서울특별시 성동구 독서당로 251,(금호동4가/ 서울금옥초등학교),19620412,37.5463023672303,127.017491634615,addr
서울금융고등학교,고등학교,양천구,신월동,서울특별시 양천구 가로공원로61길 19,/ 서울금융고등학교 (신월동),19841217,37.5376595496119,126.825914607519,addr
서울금천초등학교,초등학교,금천구,시흥동,서울특별시 금천구 탑골로5길 60,(시흥동),19831007,37.4548043070511,126.912886851466,addr
서울금호초등학교,초등학교,성동구,금호동,서울특별시 성동구 무수막길 69,/ 서울금호초등학교 (금호동2가),19580401,37.5518979414195,127.020752859362,addr
서울금화초등학교,초등학교,서대문구,천연동,서울특별시 서대문구 통일로 165,(천연동/서울금화초등학교),19240324,37.5688275546965,126.962941434617,addr
서울길동초등학교,초등학교,강동구,길동,서울특별시 강동구 양재대로116길 69,/ 서울길동초등학교 (길동),19730106,37.5385916779149,127.144972942492,addr
서울길원초등학교,초등학교,성북구,길음동,서울특별시 성북구 길음로15길 55,/ 서울길원초등학교 (길음동),20060105,37.6090646447836,127.01679961391,addr
서울길음초등학교,초등학교,성북구,길음동,서울특별시 성북구 길음로 142,(길음동/서울길음초등학교),19841205,37.6136049157335,127.016752046083,addr
서울나래학교,특수학교,서초구,염곡동,서울특별시 서초구 염곡안1길 25,(염곡동/ 서울나래학교),20190901,37.4640249780311,127.051498480798,addr
서울난곡초등학교,초등학교,관악구,신림동,서울특별시 관악구 난곡로35길 102,(신림동/ 난곡초등학교),19710422,37.4691282036291,126.916341558815,addr
서울난우초등학교,초등학교,관악구,신림동,서울특별시 관악구 난우길 40,(신림동/난우초등학교),19761203,37.4771205875183,126.917458792183,addr
서울난향초등학교,초등학교,관악구,신림동,서울특별시 관악구 난향길 9,(신림동/난향초등학교),19810406,37.4628218910704,126.918336846046,addr
서울남명초등학교,초등학교,양천구,신정동,서울특별시 양천구 중앙로23길 3,(신정동/서울남명초등학교),19911030,37.5156885267235,126.854099844566,addr
서울남부초등학교,초등학교,관악구,신림동,서울특별시 관악구 남부순환로163길 14,/ 서울남부초등학교 (신림동),19851008,37.4851194359099,126.922183775699,addr
서울남사초등학교,초등학교,동작구,사당동,서울특별시 동작구 동작대로13길 22,(사당동),19790927,37.48194132287,126.978234357795,addr
서울남산초등학교,초등학교,중구,남산동,서울특별시 중구 퇴계로22길 17,/ 서울남산초등학교 (남산동2가),19451101,37.5597837446411,126.986776737543,addr
서울남성초등학교,초등학교,동작구,사당동,서울특별시 동작구 사당로23길 57-14,(사당동/ 서울남성초등학교),19670915,37.4846330175369,126.975577985193,addr
서울남정초등학교,초등학교,용산구,,서울특별시 용산구 원효로64길 17-10,/ 서울남정초등학교 (원효로2가),19451101,37.5356738275449,126.964803669293,addr
서울남천초등학교,초등학교,송파구,마천동,서울특별시 송파구 성내천로 207,(마천동),19831203,37.5013291325477,127.151063224565,addr
서울내발산초등학교,초등학교,강서구,내발산동,서울특별시 강서구 강서로46길 23,(내발산동/내발산초등학교),19831203,37.5508825455676,126.838164214765,addr
서울노량진초등학교,초등학교,동작구,노량진동,서울특별시 동작구 장승배기로 160,(노량진동),19480320,37.5117195690698,126.940827465638,addr
서울노원초등학교,초등학교,노원구,상계동,서울특별시 노원구 동일로230나길 32,(상계동/ 노원초등학교),19720902,37.6735901336984,127.058460101574,addr
서울노일초등학교,초등학교,노원구,상계동,서울특별시 노원구 동일로 1625,(상계동/노일초등학교),19941110,37.6735135287049,127.05513756871,addr
서울녹번초등학교,초등학교,은평구,녹번동,서울특별시 은평구 녹번로1길 1,(녹번동/ 서울녹번초등학교),19820924,37.6045833930687,126.925746281804,addr
서울녹천초등학교,초등학교,노원구,월계동,서울특별시 노원구 마들로3길 34,/ 서울녹천초등학교 (월계동),19950110,37.6285101097035,127.063134105063,addr
서울논현초등학교,초등학교,강남구,논현동,서울특별시 강남구 강남대로120길 33,(논현동/논현초등학교),19721123,37.5084895751287,127.026222910697,addr
서울농학교,특수학교,종로구,신교동,서울특별시 종로구 필운대로 103,(신교동),19130401,37.585006835843,126.969350730047,addr
서울누원초등학교,초등학교,도봉구,도봉동,서울특별시 도봉구 마들로 859-44,(도봉동),19930720,37.6872327127492,127.04926716395,addr
서울다솜관광고등학교,각종학교(고),종로구,숭인동,서울특별시 종로구 종로58길 30,(숭인동),20120301,37.5721095475785,127.01741265638,addr
서울다원학교,특수학교,성북구,성북동,서울특별시 성북구 성북로31길 5-15,/ 서울다원학교 (성북동),20150901,37.593940505056,126.991360540059,addr
서울답십리초등학교,초등학교,동대문구,답십리동,서울특별시 동대문구 전농로3길 23,/ 서울답십리초등학교 (답십리동),19620201,37.5688043221289,127.055427038114,addr
서울당곡초등학교,초등학교,관악구,봉천동,서울특별시 관악구 보라매로2길 23,/ 23 (봉천동/당곡초등학교),19740910,37.4901681154487,126.930369788237,addr
서울당산초등학교,초등학교,영등포구,양평동,서울특별시 영등포구 선유로55길 32,/ 서울당산초등학교 (양평동4가),19450815,37.5401191186811,126.896241067017,addr
서울당서초등학교,초등학교,영등포구,당산동,서울특별시 영등포구 당산로 187,/ 서울당서초등학교 (당산동5가),19840730,37.5320274377069,126.89981419859,addr
서울당중초등학교,초등학교,영등포구,양평동,서울특별시 영등포구 선유로 131,/ 서울당중초등학교 (양평동3가),19491028,37.52628923031,126.889413529916,addr
서울당현초등학교,초등학교,노원구,상계동,서울특별시 노원구 동일로213길 52,/ 서울당현초등학교 (상계동),19880209,37.6482303134222,127.058252457257,addr
서울대곡초등학교,초등학교,강남구,대치동,서울특별시 강남구 남부순환로 3022,/ 서울대곡초등학교 (대치동/대곡초등학교),19810909,37.4947106436849,127.065026465684,addr
서울대길초등학교,초등학교,영등포구,신길동,서울특별시 영등포구 대방천로 206,/ 서울대길초등학교 (신길동),19830914,37.4982314495379,126.913035010017,addr
서울대도초등학교,초등학교,강남구,도곡동,서울특별시 강남구 선릉로 209,(도곡동/ 서울대도초등학교),19790327,37.4925857669174,127.053206571031,addr
서울대동초등학교,초등학교,영등포구,대림동,서울특별시 영등포구 대림로21길 6,/ 서울대동초등학교 (대림동),19801002,37.4937093653318,126.900450594121,addr
서울대림초등학교,초등학교,동작구,대방동,서울특별시 동작구 대방동1길 22,(대방동),19730801,37.5006196717046,126.924878133652,addr
서울대명초등학교,초등학교,강동구,명일동,서울특별시 강동구 상암로 271,(명일동/서울대명초등학교),19860301,37.547707060343,127.152849551167,addr
서울대모초등학교,초등학교,강남구,일원동,서울특별시 강남구 광평로20길 27,/ 대모초등학교 (일원동/대모초등학교),19940805,37.4805984530071,127.085993825956,addr
서울대방초등학교,초등학교,영등포구,신길동,서울특별시 영등포구 여의대방로35길 14,(신길동),19550427,37.5029001208602,126.919020182507,addr
서울대신초등학교,초등학교,서대문구,대현동,서울특별시 서대문구 이화여대2길 27,(대현동/ 서울대신초등학교),19650310,37.5579475491997,126.948057240166,addr
서울대영초등학교,초등학교,영등포구,신길동,서울특별시 영등포구 신길로23길 43,(신길동/대영초등학교),19871221,37.5026541997676,126.906524398043,addr
서울대왕초등학교,초등학교,강남구,세곡동,서울특별시 강남구 헌릉로618길 8,(세곡동/대왕초등학교),19321125,37.4646391801831,127.105303959604,addr
서울대은초등학교,초등학교,은평구,대조동,서울특별시 은평구 통일로69길 12-15,/ 서울대은초등학교 (대조동),19821008,37.6123671176016,126.925869811138,addr
서울대조초등학교,초등학교,은평구,대조동,서울특별시 은평구 연서로18길 17,(대조동),19670915,37.613579143925,126.919302166743,addr
서울대진초등학교,초등학교,강남구,개포동,서울특별시 강남구 개포로109길 74,/ 서울대진초등학교 (개포동),19920715,37.4970275687873,127.077861373551,addr
서울대청초등학교,초등학교,강남구,일원동,서울특별시 강남구 양재대로55길 28,/ 서울대청초등학교 (일원동),19930227,37.4931480982967,127.087767273125,addr
서울대치초등학교,초등학교,강남구,대치동,서울특별시 강남구 양재천로 363,(대치동/ 대치초등학교),19840509,37.4912865672214,127.06197065881,addr
서울대학교사범대학부설고등학교,고등학교,성북구,종암동,서울특별시 성북구 월곡로 6,(종암동),19460901,37.5947007712696,127.038143027214,addr
서울대학교사범대학부설여자중학교,중학교,종로구,이화동,서울특별시 종로구 대학로 64,/ 서울대학교사범대학부설여자중학교 (이화동),19690303,37.577618353105,127.004315334067,addr
서울대학교사범대학부설중학교,중학교,성북구,종암동,서울특별시 성북구 월곡로 36,(종암동),19460901,37.5958358987959,127.039066241267,addr
서울대학교사범대학부설초등학교,초등학교,종로구,동숭동,서울특별시 종로구 대학로 64,(동숭동/서울사대부설초등학교),18950416,37.577618353105,127.004315334067,addr
서울대현초등학교,초등학교,강남구,대치동,서울특별시 강남구 역삼로98길 16,(대치동/대현초등학교),19841205,37.5034861238053,127.063292075669,addr
서울덕수초등학교,초등학교,중구,정동,서울특별시 중구 덕수궁길 140,/ 서울덕수초등학교 (정동),19120401,37.5690888764456,126.974657902016,addr
서울덕암초등학교,초등학교,노원구,상계동,서울특별시 노원구 덕릉로112길 68,/ 서울덕암초등학교 (상계동),20030106,37.6666337243041,127.081715132961,addr
서울덕의초등학교,초등학교,구로구,고척동,서울특별시 구로구 고척로 213,(고척동/덕의초등학교),19831201,37.5060004032334,126.857353094103,addr
서울도곡초등학교,초등학교,강남구,대치동,서울특별시 강남구 선릉로64길 33,(대치동/ 도곡초등학교),19740901,37.4995114113359,127.054465527162,addr
서울도림초등학교,초등학교,영등포구,신길동,서울특별시 영등포구 가마산로65길 22,/ 서울도림초등학교 (신길동),19560324,37.5086786949617,126.907115425568,addr
서울도봉초등학교,초등학교,도봉구,도봉동,서울특별시 도봉구 도봉로173길 96,(도봉동),19660628,37.679961751365,127.038288664028,addr
서울도성초등학교,초등학교,강남구,역삼동,서울특별시 강남구 역삼로 313,(역삼동/도성초등학교),19810613,37.5014620128395,127.048872178861,addr
서울도솔학교,특수학교,도봉구,도봉동,서울특별시 도봉구 평화로15번길 9-26,(도봉동/ 서울도솔학교),20190901,37.6948404994339,127.042476701133,addr
서울도시과학기술고등학교,고등학교,성북구,하월곡동,서울특별시 성북구 종암로 196,(하월곡동/서울도시과학기술고등학교),19640108,37.6078074870515,127.033045536038,addr
서울도신초등학교,초등학교,영등포구,대림동,서울특별시 영등포구 도림로53길 32-9,/ 서울도신초등학교 (대림동),19731213,37.4992678949668,126.900714062322,addr
서울독립문초등학교,초등학교,종로구,무악동,서울특별시 종로구 통일로12길 23,(무악동),19570928,37.5740826001873,126.960148752178,addr
서울독산초등학교,초등학교,금천구,독산동,서울특별시 금천구 시흥대로104길 31,(독산동/독산초등학교),19770901,37.4656561906645,126.899712928109,addr
서울독일학교,외국인학교,용산구,한남동,서울특별시 용산구 독서당로 123-6,(한남동),19760801,37.5373364057209,127.011882591024,addr
서울돈암초등학교,초등학교,성북구,동소문동,서울특별시 성북구 동소문로13길 38,(동소문동6가/서울돈암초등학교),19440930,37.5937262094153,127.013004275409,addr
서울동교초등학교,초등학교,마포구,망원동,서울특별시 마포구 월드컵로25길 86,/ 동교초등학교 (망원동),19740901,37.5583376929114,126.902078300574,addr
서울동구고등학교,고등학교,성북구,성북동,서울특별시 성북구 성북로8길 71,/ 동구마케팅고등학교 (성북동),19420617,37.5941065881018,127.008215538987,addr
서울동구로초등학교,초등학교,구로구,구로동,서울특별시 구로구 구로중앙로14길 43,/ 서울동구로초등학교 (구로동),19710901,37.4944479994725,126.893016334052,addr
서울동답초등학교,초등학교,동대문구,답십리동,서울특별시 동대문구 답십리로60길 12,(답십리동/서울동답초등학교),19831203,37.5715014215127,127.06403409435,addr
서울동명초등학교,초등학교,성동구,마장동,서울특별시 성동구 마장로29길 29,/ 서울동명초등학교 (마장동),19441010,37.5681230316305,127.035108248651,addr
서울동산고등학교,고등학교,노원구,공릉동,서울특별시 노원구 공릉로 257,(공릉동),19680302,37.6307779754887,127.073998366297,addr
서울동신초등학교,초등학교,성북구,보문동,서울특별시 성북구 보문사길 50,(보문동3가/서울동신초등학교),19481101,37.5832878743837,127.017057951549,addr
서울동원초등학교,초등학교,중랑구,망우동,서울특별시 중랑구 송림길 114,/ 서울동원초등학교 (망우동),19910121,37.604668339535,127.104292115551,addr
서울동의초등학교,초등학교,광진구,구의동,서울특별시 광진구 영화사로 111,(구의동/서울동의초등학교),19870709,37.5534224448219,127.099047310011,addr
서울동일초등학교,초등학교,노원구,상계동,서울특별시 노원구 한글비석로 566,/ 동일초등학교 (상계동),19880928,37.6648178269709,127.054322233957,addr
서울동자초등학교,초등학교,광진구,자양동,서울특별시 광진구 뚝섬로 561,(자양동),19841205,37.5350582094918,127.072179165371,addr
서울동작초등학교,초등학교,동작구,사당동,서울특별시 동작구 동작대로29길 214,/ 서울동작초등학교 (사당동),19820707,37.4940605364226,126.976489285999,addr
서울동천학교,특수학교,노원구,하계동,서울특별시 노원구 노원로18길 41,/ 서울동천학교 (하계동),19791212,37.64451235583,127.072925701873,addr
서울동호초등학교,초등학교,성동구,옥수동,서울특별시 성동구 매봉길 49-35,(옥수동/ 동호초등학교),20100301,37.5462920770572,127.009879731064,addr
서울두산초등학교,초등학교,금천구,독산동,서울특별시 금천구 범안로11길 3,/ 서울두산초등학교 (독산동),19850701,37.467546675265,126.890946472913,addr
서울둔촌초등학교,초등학교,강동구,둔촌동,서울특별시 강동구 양재대로88길 27,", 서울둔촌초등학교 (둔촌동)",19791220,37.5262199311307,127.137454081546,addr
서울드와이트외국인학교,외국인학교,마포구,상암동,서울특별시 마포구 월드컵북로62길 21,(상암동),20120820,37.584144810594,126.885285033192,addr
서울등마초등학교,초등학교,강서구,등촌동,서울특별시 강서구 등촌로35길 12,(등촌동/서울등마초등학교),20061228,37.5420437126904,126.861667207498,addr
서울등명초등학교,초등학교,강서구,등촌동,서울특별시 강서구 강서로56나길 34,(등촌동/등명초등학교),19950901,37.560894450375,126.842382226829,addr
서울등서초등학교,초등학교,강서구,화곡동,서울특별시 강서구 화곡로58길 86,(화곡동/등서초등학교),19841102,37.5518843920056,126.855038093326,addr
서울등양초등학교,초등학교,강서구,등촌동,서울특별시 강서구 강서로56나길 140,/ 등양초등학교 (등촌동/등양초등학교),19941130,37.5649470358937,126.844760249704,addr
서울등원초등학교,초등학교,강서구,등촌동,서울특별시 강서구 화곡로65길 90,/ 서울등원초등학교 (등촌동),19941101,37.5598135358227,126.850068963394,addr
서울등촌초등학교,초등학교,강서구,등촌동,서울특별시 강서구 등촌로39길 71,(등촌동/등촌초등학교),19820707,37.5476142187642,126.857942163854,addr
서울등현초등학교,초등학교,강서구,등촌동,서울특별시 강서구 화곡로65길 124,(등촌동/등현초등학교),19950110,37.5614511765549,126.847598419984,addr
서울디자인고등학교,고등학교,마포구,염리동,서울특별시 마포구 백범로 139,/ 서울디자인고등학교 (염리동),19550112,37.5466750773343,126.948479002412,addr
서울디지털콘텐츠고등학교,고등학교,강서구,방화동,서울특별시 강서구 방화대로47길 9,"(방화동,서울디지털콘텐츠고등학교)",19940105,37.5760316539822,126.816181097939,addr
서울디지텍고등학교,고등학교,용산구,이태원동,서울특별시 용산구 회나무로12길 27,(이태원동),19751004,37.5390082541439,126.990586044119,addr
서울로봇고등학교,고등학교,강남구,일원동,서울특별시 강남구 광평로20길 63,/ 서울로봇고등학교 (일원동),19940104,37.480741415643,127.084154946756,addr
서울마장초등학교,초등학교,성동구,마장동,서울특별시 성동구 마장로35나길 31,/ 서울마장초등학교 (마장동),20050301,37.5683388716972,127.041605053834,addr
서울마천초등학교,초등학교,송파구,마천동,서울특별시 송파구 마천로61다길 24,/ 서울마천초등학교 (마천동),19780201,37.495437509372,127.152704624882,addr
서울마포초등학교,초등학교,마포구,도화동,서울특별시 마포구 도화2길 64,/ 서울 마포초등학교 (도화동),19100624,37.5386376331175,126.949973786127,addr
서울망우초등학교,초등학교,중랑구,망우동,서울특별시 중랑구 망우로72길 49,/ 서울망우초등학교 (망우동),19760820,37.5987369776708,127.103841751495,addr
서울망원초등학교,초등학교,마포구,망원동,서울특별시 마포구 방울내로5길 28,(망원동/ 망원초등학교),19831231,37.5610439363669,126.901117241,addr
서울매그넷고등학교,고등학교,금천구,시흥동,서울특별시 금천구 탑골로10길 45,(시흥동/ 동일여자상업고등학교),19870112,37.4519206711218,126.915824008297,addr
서울매동초등학교,초등학교,종로구,필운동,서울특별시 종로구 사직로9길 19,/ 서울매동초등학교 (필운동),18951115,37.5775391376934,126.966716978826,addr
서울매봉초등학교,초등학교,구로구,개봉동,서울특별시 구로구 고척로21길 55,/ 서울매봉초등학교 (개봉동),19850701,37.5049440040772,126.844386612871,addr
서울매헌초등학교,초등학교,서초구,양재동,서울특별시 서초구 언남길 8,(양재동/매헌초등학교),20080301,37.4712624819608,127.042057861972,addr
서울맹학교,특수학교,종로구,신교동,서울특별시 종로구 필운대로 97,(신교동),19130401,37.5847726949758,126.967761815127,addr
서울면남초등학교,초등학교,중랑구,면목동,서울특별시 중랑구 면목로30나길 38,(면목동/면남초등학교),19820701,37.5772597202711,127.087666433029,addr
서울면동초등학교,초등학교,중랑구,면목동,서울특별시 중랑구 면목로57길 32,(면목동/ 면동초등학교),19780901,37.5852407128388,127.085961098757,addr
서울면목초등학교,초등학교,중랑구,면목동,서울특별시 중랑구 면목로 434,(면목동),19300401,37.5906965996805,127.087287822911,addr
서울면북초등학교,초등학교,중랑구,망우동,서울특별시 중랑구 용마공원로5길 32,/ 서울면북초등학교 (망우동),19830701,37.5944181555082,127.103547800182,addr
서울면일초등학교,초등학교,중랑구,망우동,서울특별시 중랑구 용마산로100길 13,/ 면일초등학교 (망우동),19830421,37.5920415995378,127.099794712349,addr
서울면중초등학교,초등학교,중랑구,면목동,서울특별시 중랑구 용마산로70길 43,", 서울면중초등학교 (면목동)",19760605,37.5824417903374,127.096550877754,addr
서울명덕초등학교,초등학교,강동구,고덕동,서울특별시 강동구 양재대로156길 11,/ 서울명덕초등학교 (고덕동),19841205,37.5567623333733,127.145081475071,addr
서울명신초등학교,초등학교,종로구,창신동,서울특별시 종로구 낙산길 250,(창신동),19711006,37.5813606333694,127.013724533725,addr
서울명원초등학교,초등학교,강동구,명일동,서울특별시 강동구 명일로 364,/ 서울명원초등학교 (명일동),19861217,37.5512878500966,127.15050016138,addr
서울명일초등학교,초등학교,강동구,암사동,서울특별시 강동구 고덕로38길 8,(암사동/ 서울명일초등학교),19800510,37.554553599981,127.142591145632,addr
서울목동초등학교,초등학교,양천구,신정동,서울특별시 양천구 목동동로12길 12,(신정동/서울목동초등학교),19731211,37.5228087705411,126.872119522597,addr
서울목운초등학교,초등학교,양천구,목동,서울특별시 양천구 목동동로 235,/ 서울목운초등학교 (목동),20090301,37.527009517428,126.873044206364,addr
서울목원초등학교,초등학교,양천구,목동,서울특별시 양천구 목동중앙로 204,(목동/목원초등학교),19950605,37.5429349691333,126.882445908007,addr
서울묘곡초등학교,초등학교,강동구,고덕동,서울특별시 강동구 동남로79길 46,(고덕동),19850710,37.5587127850485,127.153093406496,addr
서울무학초등학교,초등학교,성동구,하왕십리동,서울특별시 성동구 무학봉15길 21,/ 서울무학초등학교 (하왕십리동),19150901,37.5632612152138,127.029678058836,addr
서울묵동초등학교,초등학교,중랑구,중화동,서울특별시 중랑구 동일로138길 27,/ 서울묵동초등학교 (중화동),19721025,37.603359494137,127.080827217486,addr
서울묵현초등학교,초등학교,중랑구,,서울특별시 중랑구 동일로157길 75,/ 묵현초등학교 ,20040901,37.609044756978,127.073928695922,addr
서울문교초등학교,초등학교,금천구,독산동,서울특별시 금천구 독산로54길 102,/ 문교초등학교 (독산동),19930227,37.4667696443557,126.90892992546,addr
서울문덕초등학교,초등학교,송파구,문정동,서울특별시 송파구 송이로34길 60,(문정동),19930720,37.4850521596354,127.127962742492,addr
서울문래초등학교,초등학교,영등포구,문래동,서울특별시 영등포구 문래로 104,(문래동3가/ 문래초등학교),19850710,37.5191403848287,126.893605730635,addr
서울문백초등학교,초등학교,금천구,시흥동,서울특별시 금천구 시흥대로47길 43-1,(시흥동/ 문백초등학교),19810713,37.4471198696556,126.898688718403,addr
서울문성초등학교,초등학교,금천구,독산동,서울특별시 금천구 시흥대로 460,/ 서울문성초등학교  (독산동),19551207,37.4748818804257,126.899471333222,addr
서울문영여자고등학교,고등학교,관악구,봉천동,서울특별시 관악구 관악로 85,/ 서울문영여자고등학교 (봉천동),19911107,37.4729045674501,126.950918062755,addr
서울문영여자중학교,중학교,관악구,봉천동,서울특별시 관악구 관악로 85,(봉천동),19260401,37.4729045674501,126.950918062755,addr
서울문정초등학교,초등학교,송파구,문정동,서울특별시 송파구 문정로5길 20,/ 문정초등학교 (문정동),19841205,37.4890774089099,127.129206175689,addr
서울문창초등학교,초등학교,동작구,신대방동,서울특별시 동작구 신대방2길 14,(신대방동/서울문창초등학교),19460406,37.4889482943857,126.914528045959,addr
서울문현초등학교,초등학교,송파구,장지동,서울특별시 송파구 충민로 137,/ (서울문현초등학교) (장지동),20070901,37.482790915501,127.130257129876,addr
서울문화고등학교,고등학교,도봉구,방학동,서울특별시 도봉구 마들로 598,/ 서울문화고등학교 (방학동),19831226,37.6641314270343,127.047285814495,addr
서울미동초등학교,초등학교,서대문구,미근동,서울특별시 서대문구 충정로 52,(미근동/ 서울미동초등학교),18960501,37.5633505669619,126.965886060285,addr
서울미래초등학교,초등학교,구로구,구로동,서울특별시 구로구 새말로 73,/ 서울미래초등학교 (구로동),20020301,37.5051066487493,126.888080264013,addr
서울미성초등학교,초등학교,관악구,신림동,서울특별시 관악구 문성로 79,/ 서울미성초등학교 (신림동),19800417,37.4783399695494,126.912392273996,addr
서울미술고등학교,고등학교,관악구,봉천동,서울특별시 관악구 남부순환로247길 26,(봉천동/서울미술고등학교),19710926,37.4766963066016,126.966748525059,addr
서울미아초등학교,초등학교,성북구,길음동,서울특별시 성북구 삼양로 77,(길음동/ 서울미아초등학교),19620328,37.6105849033293,127.021657995431,addr
서울미양초등학교,초등학교,강북구,미아동,서울특별시 강북구 솔샘로 195,(미아동/미양초등학교),19710105,37.6215324222942,127.014133356491,addr
서울반도체고등학교,고등학교,동대문구,휘경동,서울특별시 동대문구 겸재로 21,", 서울반도체고등학교 (휘경동)",19971220,37.5851530128648,127.069450940954,addr
서울반원초등학교,초등학교,서초구,잠원동,서울특별시 서초구 잠원로3길 28,(잠원동/반원초등학교),19810805,37.5103872227025,127.004236132457,addr
서울반포초등학교,초등학교,서초구,반포동,서울특별시 서초구 신반포로 55-4,/ 서울반포초등학교 (반포동/반포초등학교),19740320,37.5024848344961,126.991741582915,addr
서울발산초등학교,초등학교,강서구,내발산동,서울특별시 강서구 강서로45길 113,(내발산동/발산초등학교),19791018,37.5502624356308,126.830994377549,addr
서울방배초등학교,초등학교,서초구,방배동,서울특별시 서초구 방배중앙로13길 26,(방배동/방배초등학교),19750912,37.4867641043401,126.987137986274,addr
서울방산초등학교,초등학교,송파구,방이동,서울특별시 송파구 오금로27길 42,(방이동),19911030,37.5095379215333,127.121190696197,addr
서울방송고등학교,고등학교,성동구,옥수동,서울특별시 성동구 동호로5길 131,(옥수동),19911030,37.5477744781642,127.011037345163,addr
서울방이초등학교,초등학교,송파구,방이동,서울특별시 송파구 위례성대로10길 4,/ 서울방이초등학교 (방이동),19810909,37.513512293639,127.120531131015,addr
서울방일초등학교,초등학교,서초구,방배동,서울특별시 서초구 방배로18길 52,(방배동),19840730,37.4852056040312,126.998848974708,addr
서울방학초등학교,초등학교,도봉구,방학동,서울특별시 도봉구 도당로9길 34,/ 방학초등학교 (방학동),19820707,37.6639337284245,127.032747955457,addr
서울방현초등학교,초등학교,서초구,방배동,서울특별시 서초구 효령로4길 58,(방배동/방현초등학교),19900406,37.4765029769283,126.990073388581,addr
서울방화초등학교,초등학교,강서구,방화동,서울특별시 강서구 양천로6길 92,(방화동),19860129,37.5687040876215,126.807498167739,addr
서울배봉초등학교,초등학교,동대문구,전농동,서울특별시 동대문구 사가정로 193,/ 배봉초등학교 (전농동),19710105,37.58008416213,127.066871936075,addr
서울백산초등학교,초등학교,금천구,시흥동,서울특별시 금천구 시흥대로38길 78,(시흥동/ 백산초등학교),19730810,37.4467672802822,126.905064619222,addr
서울백석초등학교,초등학교,강서구,등촌동,서울특별시 강서구 공항대로 491,(등촌동/백석초등학교),19840522,37.5536476529209,126.862425846537,addr
서울백영고등학교,고등학교,강서구,방화동,서울특별시 강서구 방화대로34길 13,(방화동),19870109,37.5692177821112,126.817040800626,addr
서울백운초등학교,초등학교,도봉구,쌍문동,서울특별시 도봉구 삼양로146길 17,(쌍문동),19800520,37.6526415114592,127.013672482387,addr
서울버들초등학교,초등학교,송파구,잠실동,서울특별시 송파구 석촌호수로 81,/ 서울버들초등학교 (잠실동),20070901,37.5102185018601,127.089274587416,addr
서울번동초등학교,초등학교,강북구,번동,서울특별시 강북구 오현로 204,(번동/번동초등학교),19910325,37.6290238580608,127.040039390037,addr
서울보광초등학교,초등학교,용산구,이태원동,서울특별시 용산구 우사단로 20,"(이태원동,보광초등학교)",19620622,37.5325404707342,126.996391100579,addr
서울보라매초등학교,초등학교,동작구,신대방동,서울특별시 동작구 여의대방로16길 30,/ 서울보라매초등학교 (신대방동),20050301,37.4958518874539,126.916144507788,addr
서울본동초등학교,초등학교,동작구,본동,서울특별시 동작구 노량진로26길 16-40,/ 서울본동초등학교 (본동),19480825,37.5106568125953,126.953923907042,addr
서울봉래초등학교,초등학교,중구,만리동,서울특별시 중구 손기정로 73,(만리동2가),18950918,37.5564123449189,126.965250577981,addr
서울봉은초등학교,초등학교,강남구,삼성동,서울특별시 강남구 학동로 610,(삼성동/봉은초등학교),19820407,37.5200478271392,127.060746725412,addr
서울봉천초등학교,초등학교,관악구,봉천동,서울특별시 관악구 행운1라길 17,/ 서울봉천초등학교 (봉천동/봉천초등학교),19670915,37.4832732140812,126.95820924848,addr
서울봉현초등학교,초등학교,관악구,봉천동,서울특별시 관악구 성현로 117,(봉천동/서울봉현초등학교),20030106,37.4912022088395,126.955347165898,addr
서울봉화초등학교,초등학교,중랑구,신내동,서울특별시 중랑구 신내로15길 110,(신내동/봉화초등학교),19951115,37.6135762310839,127.092408488473,addr
서울북가좌초등학교,초등학교,서대문구,북가좌동,서울특별시 서대문구 거북골로19길 20,(북가좌동/ 서울북가좌초등학교),19681223,37.5772202096676,126.907778193085,addr
서울북성초등학교,초등학교,서대문구,북아현동,서울특별시 서대문구 북아현로1나길 22,(북아현동/ 북성초등학교),19411101,37.55963212308,126.951834913817,addr
서울북한산초등학교,초등학교,은평구,진관동,서울특별시 은평구 대서문길 42-3,/ 서울북한산초등학교 (진관동),19661206,37.6536320835839,126.950462446061,addr
서울불광초등학교,초등학교,은평구,불광동,서울특별시 은평구 불광로 51,/ 서울불광초등학교 (불광동),19620418,37.6134294463781,126.930718712253,addr
서울불암초등학교,초등학교,노원구,중계동,서울특별시 노원구 중계로 178,/ 서울불암초등학교 (중계동),19930901,37.6511506377134,127.080650989428,addr
서울사근초등학교,초등학교,성동구,사근동,서울특별시 성동구 사근동11길 16,(사근동/ 사근초등학교),19670711,37.5626751242374,127.047560151027,addr
서울사당초등학교,초등학교,관악구,남현동,서울특별시 관악구 남현4길 51,/ 서울사당초등학교 (남현동),19720713,37.4738196175948,126.973366964486,addr
서울산업정보학교,각종학교(고),관악구,신림동,서울특별시 관악구 신림로 67,/ 서울산업정보학교 (신림동),19830302,37.4705041702937,126.941940568518,addr
서울삼각산초등학교,초등학교,강북구,미아동,서울특별시 강북구 삼양로19길 141,(미아동/삼각산초등학교),20011231,37.6160412359101,127.014342650437,addr
서울삼광초등학교,초등학교,용산구,후암동,서울특별시 용산구 두텁바위로1나길 19,/ 서울삼광초등학교 (후암동),19451101,37.5477523117279,126.976594308147,addr
서울삼릉초등학교,초등학교,강남구,삼성동,서울특별시 강남구 봉은사로63길 22,(삼성동/삼릉초등학교),19850429,37.5132582999042,127.047172253926,addr
서울삼선초등학교,초등학교,성북구,삼선동,서울특별시 성북구 보문로29길 106,(삼선동3가/서울삼선초등학교),19490901,37.5871415236472,127.012671844176,addr
서울삼성초등학교,초등학교,관악구,신림동,서울특별시 관악구 대학7길 52,/ 삼성초등학교 (신림동),19720803,37.4685220375851,126.940492900894,addr
서울삼성학교,특수학교,동작구,상도동,서울특별시 동작구 양녕로30길 19-4,(상도동/ 서울삼성학교),19830303,37.4991980199515,126.946672369754,addr
서울삼양초등학교,초등학교,강북구,미아동,서울특별시 강북구 삼양로49길 17,(미아동/삼양초등학교),19591110,37.6232955761621,127.016149099325,addr
서울삼육초등학교,초등학교,동대문구,회기동,서울특별시 동대문구 회기로10길 63,/ 서울삼육초등학교 (회기동),19190401,37.5896941349867,127.0482485373,addr
서울삼일초등학교,초등학교,동작구,사당동,서울특별시 동작구 사당로23나길 27,/ 서울삼일초등학교 (사당동),20070901,37.4882593140973,126.975188515742,addr
서울삼전초등학교,초등학교,송파구,삼전동,서울특별시 송파구 백제고분로28길 19,(삼전동),19831007,37.5017012801562,127.093268133907,addr
서울삼정초등학교,초등학교,강서구,방화동,서울특별시 강서구 금낭화로 222,/ 서울삼정초등학교 (방화동),19940506,37.5805084341875,126.810493686239,addr
서울상경초등학교,초등학교,노원구,상계동,서울특별시 노원구 수락산로 237,(상계동/상경초등학교),19890504,37.6704594706621,127.051773754079,addr
서울상계초등학교,초등학교,노원구,상계동,서울특별시 노원구 상계로9길 39,/ 서울상계초등학교 (상계동),19460911,37.6588438529621,127.066336425835,addr
서울상곡초등학교,초등학교,노원구,상계동,서울특별시 노원구 노원로38길 34,/ 서울상곡초등학교 (상계동),19880928,37.6628823049142,127.062234187186,addr
서울상도초등학교,초등학교,동작구,상도동,서울특별시 동작구 성대로21길 62,(상도동/상도초등학교),19660206,37.5003760295043,126.937378799359,addr
서울상봉초등학교,초등학교,중랑구,상봉동,서울특별시 중랑구 동일로126가길 11,/ 서울상봉초등학교 (상봉동),19831025,37.5979789522459,127.083171419175,addr
서울상수초등학교,초등학교,노원구,상계동,서울특별시 노원구 동일로216길 66,/ 서울상수초등학교 (상계동),19880209,37.6510888982527,127.064586804676,addr
서울상신초등학교,초등학교,은평구,신사동,서울특별시 은평구 가좌로 361,(신사동),19820707,37.5975537179419,126.904604886275,addr
서울상암초등학교,초등학교,마포구,상암동,서울특별시 마포구 월드컵북로 353,(상암동/상암초등학교),19720710,37.5763095825917,126.891959952963,addr
서울상원초등학교,초등학교,노원구,상계동,서울특별시 노원구 한글비석로54길 119,(상계동),19890513,37.6676655147961,127.059630713208,addr
서울상월초등학교,초등학교,노원구,상계동,서울특별시 노원구 동일로221길 27,(상계동),19900120,37.658683945506,127.057369284524,addr
서울상일초등학교,초등학교,강동구,상일동,서울특별시 강동구 천호대로 1477,(상일동),19211002,37.5475721706533,127.17266348564,addr
서울상지초등학교,초등학교,마포구,상암동,서울특별시 마포구 월드컵로42길 30,/ 서울상지초등학교 (상암동),20070605,37.5797510164641,126.882073551893,addr
서울상천초등학교,초등학교,노원구,상계동,서울특별시 노원구 덕릉로 443,/ 서울상천초등학교 (상계동),19890930,37.6461060086385,127.057447991502,addr
서울상현초등학교,초등학교,동작구,상도동,서울특별시 동작구 상도로58길 21,(상도동),20120901,37.4948743920855,126.952669123087,addr
서울새롬학교,특수학교,관악구,봉천동,서울특별시 관악구 보라매로 44,/ 서울새롬학교 (봉천동/ 삼육외래센터),19690728,37.4931684664167,126.92737164546,addr
서울새솔초등학교,초등학교,중랑구,신내동,서울특별시 중랑구 신내역로1길 164,(신내동/서울새솔초등학교),20140301,37.6179523956105,127.111328411856,addr
서울서강초등학교,초등학교,마포구,상수동,서울특별시 마포구 독막로 113,(상수동/서강초등학교),19370401,37.5481050750929,126.927430860042,addr
서울서교초등학교,초등학교,마포구,서교동,서울특별시 마포구 와우산로23길 20-27,(서교동),19620712,37.554881730967,126.924382439365,addr
서울서래초등학교,초등학교,서초구,방배동,서울특별시 서초구 방배로 260,(방배동/서래초등학교),19830404,37.4964040023549,126.990156472861,addr
서울서빙고초등학교,초등학교,용산구,서빙고동,서울특별시 용산구 서빙고로51길 14,/ 서울서빙고초등학교 (서빙고동),19451101,37.5220689203394,126.992300401397,addr
서울서신초등학교,초등학교,은평구,신사동,서울특별시 은평구 은평터널로 150,(신사동),20050301,37.5922940508202,126.907382316218,addr
서울서원초등학교,초등학교,서초구,반포동,서울특별시 서초구 고무래로 63,/ 서울서원초등학교 (반포동),19841130,37.5024388979462,127.014619457733,addr
서울서이초등학교,초등학교,서초구,서초동,서울특별시 서초구 서운로 35,(서초동/서이초등학교),19831203,37.491564668711,127.025618024318,addr
서울서일초등학교,초등학교,서초구,서초동,서울특별시 서초구 남부순환로339길 38,(서초동/서일초등학교),19861016,37.4852977769965,127.02215975144,addr
서울서정초등학교,초등학교,양천구,목동,서울특별시 양천구 목동로8길 19,(목동/서울서정초등학교),19870831,37.523450121384,126.867236182114,addr
서울서진학교,특수학교,강서구,가양동,서울특별시 강서구 양천로55길 22,(가양동),20200301,37.5652115611378,126.850194763355,addr
서울서초초등학교,초등학교,서초구,서초동,서울특별시 서초구 서운로 178,(서초동/서초초등학교),19801004,37.4990487668755,127.024891501335,addr
서울석계초등학교,초등학교,성북구,석관동,서울특별시 성북구 한천로58길 273,(석관동),20050301,37.6089438673379,127.069749623952,addr
서울석관초등학교,초등학교,성북구,석관동,서울특별시 성북구 돌곶이로22길 21,/ 서울석관초등학교 (석관동/서울석관초등학교),19710525,37.610999723005,127.058332812717,addr
서울석촌초등학교,초등학교,송파구,석촌동,서울특별시 송파구 가락로11길 26,/ 서울석촌초등학교 (석촌동),19890807,37.5026527756676,127.105238463221,addr
서울선곡초등학교,초등학교,노원구,월계동,서울특별시 노원구 광운로2길 1,/ 서울선곡초등학교 (월계동),19740901,37.618602019203,127.057730270535,addr
서울선린초등학교,초등학교,강동구,둔촌동,서울특별시 강동구 진황도로61길 29,/ 서울선린초등학교 (둔촌동),19850701,37.5297601213047,127.145594039357,addr
서울선사초등학교,초등학교,강동구,암사동,서울특별시 강동구 올림픽로 837,/ 서울선사초등학교 (암사동/ 서울선사초등학교),20010901,37.5558469097869,127.12819596827,addr
서울선유초등학교,초등학교,영등포구,양평동,서울특별시 영등포구 선유로43가길 14,(양평동3가/ 서울선유초등학교),20070301,37.532879190933,126.892776819259,addr
서울성내초등학교,초등학교,강동구,성내동,서울특별시 강동구 성내로3길 19,(성내동/ 서울성내초등학교),19690301,37.5313578593416,127.122500139991,addr
서울성북초등학교,초등학교,성북구,성북동,서울특별시 성북구 성북로 102-10,(성북동/서울성북초등학교),19460901,37.5940538893567,126.99877539809,addr
서울성산초등학교,초등학교,마포구,합정동,서울특별시 마포구 양화로3길 94,/ 서울성산초등학교 (합정동),19690301,37.5534453328883,126.910669687285,addr
서울성서초등학교,초등학교,마포구,성산동,서울특별시 마포구 성미산로7길 24,(성산동),19831203,37.5610150373718,126.910759005302,addr
서울성수초등학교,초등학교,성동구,성수동,서울특별시 성동구 아차산로17길 21,(성수동2가),19720901,37.5443378762671,127.062886077541,addr
서울성원초등학교,초등학교,마포구,성산동,서울특별시 마포구 월드컵로36길 34,(성산동),19861022,37.5669324413569,126.905013630897,addr
서울성일초등학교,초등학교,강동구,성내동,서울특별시 강동구 성내로15길 33,/ 서울성일초등학교 (성내동),19831006,37.5297092388513,127.128408263098,addr
서울성자초등학교,초등학교,광진구,자양동,서울특별시 광진구 뚝섬로56길 7,/ 서울성자초등학교 (자양동),19840518,37.531493571169,127.083408323591,addr
서울세검정초등학교,초등학교,종로구,신영동,서울특별시 종로구 세검정로9길 1,(신영동/서울세검정초등학교),19481124,37.6034986015128,126.961073121539,addr
서울세곡초등학교,초등학교,구로구,고척동,서울특별시 구로구 고척로33길 34,(고척동/세곡초등학교),19721101,37.5050604361168,126.849126611988,addr
서울세륜초등학교,초등학교,송파구,방이동,서울특별시 송파구 양재대로 1264,/ 서울세륜초등학교 (방이동),19881208,37.5185748448001,127.134157724554,addr
서울세명초등학교,초등학교,강남구,세곡동,서울특별시 강남구 자곡로 55,/ 서울세명초등학교 (세곡동),20120830,37.4688571015783,127.091075885061,addr
서울세종고등학교,고등학교,강남구,수서동,서울특별시 강남구 광평로51길 36,/ 서울세종고등학교 (수서동),19581228,37.4903893469638,127.102796812957,addr
서울소의초등학교,초등학교,마포구,아현동,서울특별시 마포구 마포대로24길 42,(아현동/소의초등학교),19330501,37.552781864533,126.960655552156,addr
서울송례초등학교,초등학교,송파구,장지동,서울특별시 송파구 위례순환로 439 ,(장지동),20140301,37.4778940251025,127.13849585496,addr
서울송원초등학교,초등학교,성동구,송정동,서울특별시 성동구 동일로43길 9,(송정동),20090301,37.5541592708709,127.069526172922,addr
서울송전초등학교,초등학교,송파구,잠실동,서울특별시 송파구 석촌호수로 159,(잠실동),19780511,37.5088312569718,127.095121373383,addr
서울송정초등학교,초등학교,강서구,공항동,서울특별시 강서구 공항대로3길 18,(공항동),19360906,37.5622308905044,126.810281254376,addr
서울송중초등학교,초등학교,강북구,미아동,서울특별시 강북구 오현로 9,(미아동/송중초등학교),19830701,37.6174690796359,127.031996538921,addr
서울송천초등학교,초등학교,강북구,미아동,서울특별시 강북구 삼양로20길 29,(미아동/서울송천초등학교),19661216,37.614905195868,127.023735366645,addr
서울송파초등학교,초등학교,송파구,송파동,서울특별시 송파구 백제고분로 400,(송파동),19851021,37.5069549745149,127.111247174893,addr
서울송화초등학교,초등학교,강서구,방화동,서울특별시 강서구 방화대로34길 2,(방화동/송화초등학교),19900120,37.5681504658023,126.818032939459,addr
서울수락초등학교,초등학교,노원구,상계동,서울특별시 노원구 동일로 1745,(상계동/서울수락초등학교),19830406,37.684506075345,127.055187311236,addr
서울수리초등학교,초등학교,은평구,불광동,서울특별시 은평구 불광로14길 10-10,(불광동),20110301,37.6203073698534,126.934110930932,addr
서울수명초등학교,초등학교,강서구,내발산동,서울특별시 강서구 수명로1길 84,(내발산동),20080301,37.5527726671834,126.823879421286,addr
서울수색초등학교,초등학교,은평구,수색동,서울특별시 은평구 수색로16길 21,(수색동),19350401,37.5851721490482,126.896012135221,addr
서울수서초등학교,초등학교,강남구,수서동,서울특별시 강남구 광평로51길 46,(수서동/수서초등학교),19920715,37.4911373654824,127.10185783552,addr
서울수송초등학교,초등학교,강북구,번동,서울특별시 강북구 한천로124길 14,(번동),20010901,37.6373144075316,127.032917771185,addr
서울수암초등학교,초등학교,노원구,중계동,서울특별시 노원구 중계로12길 9,(중계동/수암초등학교),20000301,37.647684897261,127.081465589212,addr
서울수유초등학교,초등학교,강북구,,서울특별시 강북구 삼양로74길 39,/ 수유초등학교 ,19670309,37.631249657314,127.020292410668,addr
서울숭곡초등학교,초등학교,성북구,하월곡동,서울특별시 성북구 종암로40길 30,(하월곡동/서울숭곡초등학교),19720301,37.6086454014288,127.032743405553,addr
서울숭덕초등학교,초등학교,성북구,정릉동,서울특별시 성북구 정릉로 279,(정릉동/서울숭덕초등학교),19450514,37.6038254756354,127.013292433921,addr
서울숭례초등학교,초등학교,성북구,종암동,서울특별시 성북구 종암로5길 14,(종암동/서울숭례초등학교),19451101,37.5945203773277,127.035296496549,addr
서울숭미초등학교,초등학교,도봉구,쌍문동,서울특별시 도봉구 노해로 179,(쌍문동/숭미초등학교),19810610,37.6510234416817,127.027944278021,addr
서울숭신초등학교,초등학교,성동구,하왕십리동,서울특별시 성동구 마장로 161,(하왕십리동),19590403,37.5676883077439,127.028005141452,addr
서울숭인초등학교,초등학교,성북구,하월곡동,서울특별시 성북구 오패산로16길 37,(하월곡동/서울숭인초등학교),19370401,37.6090977872099,127.038146527662,addr
서울시흥초등학교,초등학교,금천구,시흥동,서울특별시 금천구 독산로23길 26,/ 서울시흥초등학교 (시흥동),19110701,37.4553481963092,126.904649154185,addr
서울신가초등학교,초등학교,송파구,가락동,서울특별시 송파구 송이로 75,/ 서울신가초등학교 (가락동),19880802,37.5003207198096,127.119700425145,addr
서울신강초등학교,초등학교,양천구,신월동,서울특별시 양천구 중앙로55길 72,/ 서울신강초등학교 (신월동/서울신강초등학교),19831203,37.5258441852217,126.842263907731,addr
서울신계초등학교,초등학교,노원구,월계동,서울특별시 노원구 초안산로 29,(월계동/신계초등학교),19810701,37.6299890777455,127.052871958868,addr
서울신곡초등학교,초등학교,강서구,화곡동,서울특별시 강서구 등촌로13자길 42-14,(화곡동/신곡초등학교),19830617,37.539095457491,126.856009569323,addr
서울신구로초등학교,초등학교,구로구,구로동,서울특별시 구로구 가마산로27길 69,(구로동/서울신구로초등학교),19821026,37.4994208675251,126.888857414498,addr
서울신구초등학교,초등학교,강남구,신사동,서울특별시 강남구 압구정로18길 28,(신사동/신구초등학교),19811103,37.5233697652501,127.023988358303,addr
서울신기초등학교,초등학교,양천구,신정동,서울특별시 양천구 신정로 292,(신정동/서울신기초등학교),20000502,37.5113123131977,126.854212986887,addr
서울신길초등학교,초등학교,동작구,대방동,서울특별시 동작구 알마타길 16,(대방동),19640312,37.5103665150217,126.926808573769,addr
서울신남성초등학교,초등학교,동작구,사당동,서울특별시 동작구 사당로 146,(사당동),19750311,37.4887047110087,126.964679741398,addr
서울신남초등학교,초등학교,양천구,신월동,서울특별시 양천구 남부순환로83길,/ 44 (신월동),19831024,37.5164578282463,126.843152158167,addr
서울신내초등학교,초등학교,중랑구,신내동,서울특별시 중랑구 용마산로125나길 22,(신내동/신내초등학교),19940105,37.6049342235675,127.100128462105,addr
서울신답초등학교,초등학교,동대문구,답십리동,서울특별시 동대문구 천호대로 177,(답십리동/서울신답초등학교),19710901,37.5727046089059,127.042961687519,addr
서울신당초등학교,초등학교,중구,신당동,서울특별시 중구 난계로 141,(신당동),20070214,37.5636896515896,127.023636595929,addr
서울신대림초등학교,초등학교,영등포구,대림동,서울특별시 영등포구 대림로8길 25,(대림동),19950110,37.4921487438027,126.90607771762,addr
서울신도림초등학교,초등학교,구로구,신도림동,서울특별시 구로구 신도림로19길 44,/ 서울신도림초등학교 (신도림동),19821022,37.5119963604915,126.88315069881,addr
서울신도초등학교,초등학교,은평구,진관동,서울특별시 은평구 진관1로 77-23,/ 서울신도초등학교 (진관동),19281201,37.6329384289784,126.929198935551,addr
서울신동초등학교,초등학교,서초구,잠원동,서울특별시 서초구 나루터로 15,(잠원동/신동초등학교),19460402,37.5171300437436,127.011390388152,addr
서울신림초등학교,초등학교,관악구,신림동,서울특별시 관악구 문성로28길 31,/ 서울신림초등학교 (신림동),19700525,37.4771198534832,126.926876735629,addr
서울신명초등학교,초등학교,강동구,길동,서울특별시 강동구 명일로24길 33,/ 서울신명초등학교 (길동),19820504,37.5409268527757,127.149979091111,addr
서울신목초등학교,초등학교,양천구,신정동,서울특별시 양천구 신목로5길 11-6,(신정동/서울신목초등학교),19820408,37.5166109770006,126.872640811853,addr
서울신묵초등학교,초등학교,중랑구,묵동,서울특별시 중랑구 동일로149길 46,(묵동/신묵초등학교),19841205,37.6065228487307,127.075835832737,addr
서울신미림초등학교,초등학교,구로구,신도림동,서울특별시 구로구 신도림로 26,(신도림동/ 신미림초등학교),20020301,37.5071588011358,126.879584155104,addr
서울신방학초등학교,초등학교,도봉구,방학동,서울특별시 도봉구 시루봉로 173,/ 서울신방학초등학교 (방학동),19860424,37.6666842526367,127.028918089521,addr
서울신봉초등학교,초등학교,관악구,봉천동,서울특별시 관악구 양녕로6나길 1,(봉천동),19810713,37.4855779476851,126.949130876206,addr
서울신북초등학교,초등학교,마포구,중동,서울특별시 마포구 월드컵북로38길 26,/ 서울신북초등학교 (중동),19821101,37.5715459609872,126.904868991641,addr
서울신사초등학교,초등학교,은평구,신사동,서울특별시 은평구 가좌로 275-2,/ 서울신사초등학교 (신사동),19801024,37.5928348327068,126.911983196588,addr
서울신상계초등학교,초등학교,노원구,상계동,서울특별시 노원구 상계로 267,/ 신상계초등학교 (상계동),19700522,37.6675183641329,127.075828032383,addr
서울신상도초등학교,초등학교,동작구,상도동,서울특별시 동작구 장승배기로 14,(상도동/서울신상도초등학교),19810909,37.5008246344742,126.943817704578,addr
서울신서초등학교,초등학교,양천구,신정동,서울특별시 양천구 목동서로10길 35,(신정동 312-1번지),19871022,37.5205352530134,126.862325015812,addr
서울신석초등학교,초등학교,마포구,신수동,서울특별시 마포구 대흥로 33,/ 서울신석초등학교 (신수동),19640310,37.5445357278463,126.937779457981,addr
서울신성초등학교,초등학교,관악구,신림동,서울특별시 관악구 신림로 114,/ 서울신성초등학교 (신림동),19820707,37.472003312266,126.936754150323,addr
서울신암초등학교,초등학교,강동구,암사동,서울특별시 강동구 올림픽로93길 33-16,/ 서울신암초등학교 (암사동),19801025,37.5500236743432,127.124404356441,addr
서울신양초등학교,초등학교,광진구,자양동,서울특별시 광진구 능동로 42,/ 신양초등학교 (자양동),19790411,37.5346820949284,127.0699952764,addr
서울신영초등학교,초등학교,영등포구,대림동,서울특별시 영등포구 도신로4길 32,(대림동/신영초등학교),19820707,37.5010060169412,126.896094817069,addr
서울신용산초등학교,초등학교,용산구,이촌동,서울특별시 용산구 이촌로 255,/ 301-75번지 (이촌동),19680925,37.5206295929735,126.975366260146,addr
서울신우초등학교,초등학교,관악구,신림동,서울특별시 관악구 호암로 498,/ 신우초등학교 (신림동),19770901,37.4632725256816,126.932535154048,addr
서울신원초등학교,초등학교,양천구,신월동,서울특별시 양천구 남부순환로58길 32,(신월동/서울신원초등학교),19811012,37.5295155831457,126.829865622881,addr
서울신월초등학교,초등학교,강서구,화곡동,서울특별시 강서구 강서로31길 48,(화곡동/신월초등학교),19750311,37.5403655143855,126.839455478388,addr
서울신은초등학교,초등학교,양천구,신정동,서울특별시 양천구 신정이펜2로 30,(신정동),20110901,37.5139128078247,126.832169591843,addr
서울신자초등학교,초등학교,광진구,자양동,서울특별시 광진구 뚝섬로46길 64,/ 서울신자초등학교 (자양동),19821207,37.5302454529249,127.075587591515,addr
서울신정고등학교,고등학교,강서구,화곡동,서울특별시 강서구 등촌로13아길 20,(화곡동/ 서울신정고등학교),19780130,37.5384117486135,126.85717155125,addr
서울신정초등학교,초등학교,강서구,화곡동,서울특별시 강서구 곰달래로31가길 27,(화곡동),19491001,37.5330611210515,126.852593386106,addr
서울신중초등학교,초등학교,서초구,서초동,서울특별시 서초구 남부순환로317길 15,(서초동/서울신중초등학교),19360601,37.4801578791721,127.009343254537,addr
서울신창초등학교,초등학교,도봉구,창동,서울특별시 도봉구 덕릉로60길 93,/ 신창초등학교 (창동),19710105,37.6365395299158,127.042084340998,addr
서울신천초등학교,초등학교,송파구,잠실동,서울특별시 송파구 올림픽로 215,(잠실동/ 주공아파트),19590526,37.5140077737504,127.095036549398,addr
서울신학초등학교,초등학교,도봉구,방학동,서울특별시 도봉구 방학로 247-21,(방학동),19880109,37.6612204531084,127.025721318601,addr
서울신현초등학교,초등학교,중랑구,신내동,서울특별시 중랑구 봉화산로 188,(신내동),19950105,37.6058145949305,127.093521755522,addr
서울신화초등학교,초등학교,도봉구,창동,서울특별시 도봉구 우이천로 120,/ 신화초등학교 (창동),19840730,37.6331950434853,127.04088417427,addr
서울신흥초등학교,초등학교,금천구,시흥동,서울특별시 금천구 독산로36나길 21,(시흥동/ 신흥초등학교),19911030,37.4592842732301,126.909349183257,addr
서울실용음악고등학교,각종학교(고),중구,신당동,서울특별시 중구 퇴계로88가길 8,(신당동/서울실용음악고등학교),20090301,37.5633445927889,127.020631303957,addr
서울쌍문초등학교,초등학교,도봉구,쌍문동,서울특별시 도봉구 우이천로 360,/ 서울쌍문초등학교 (쌍문동/쌍문초등학교),19740430,37.6483638272869,127.024291051625,addr
서울아이티고등학교,고등학교,노원구,중계동,서울특별시 노원구 섬밭로 299,(중계동/서울아이티고등학교),19921030,37.6424184430399,127.06244927375,addr
서울아주초등학교,초등학교,송파구,잠실동,서울특별시 송파구 올림픽로4길 59,/ 서울아주초등학교 (잠실동),19861217,37.50578969665,127.075317277909,addr
서울아현초등학교,초등학교,마포구,아현동,서울특별시 마포구 굴레방로 6,(아현동),19250402,37.5558159936174,126.956596106511,addr
서울안산초등학교,초등학교,서대문구,홍제동,서울특별시 서대문구 통일로 321,(홍제동),19360619,37.5791690097819,126.952209733658,addr
서울안암초등학교,초등학교,성북구,안암동,서울특별시 성북구 고려대로7가길 39,(안암동2가/ 서울안암초등학교),19560324,37.5871586956296,127.022098883314,addr
서울안천초등학교,초등학교,금천구,독산동,서울특별시 금천구 한내로 69-16,/ 서울안천초등학교 (독산동),19910121,37.4587578075219,126.88839136672,addr
서울안평초등학교,초등학교,동대문구,장안동,서울특별시 동대문구 장한로14길 61,/ 서울안평초등학교 (장안동),19900716,37.565968213548,127.072033422513,addr
서울압구정초등학교,초등학교,강남구,압구정동,서울특별시 강남구 압구정로39길 29,(압구정동/압구정초등학교),19760820,37.5317391125935,127.030841741797,addr
서울애화학교,특수학교,강북구,미아동,서울특별시 강북구 솔매로52길 31,/ 서울애화학교 (미아동),19751201,37.6252495068956,127.029057335751,addr
서울양강초등학교,초등학교,양천구,신월동,서울특별시 양천구 오목로 101,(신월동/ 서울양강초등학교),19870423,37.5241103465762,126.847375305566,addr
서울양남초등학교,초등학교,광진구,자양동,서울특별시 광진구 뚝섬로64길 71,/ (자양동/ 서울양남초등학교) ,19831203,37.5311232360546,127.089234331023,addr
서울양동초등학교,초등학교,양천구,신정동,서울특별시 양천구 오목로23길 24,(신정동),19720811,37.5258482641162,126.851240194989,addr
서울양명초등학교,초등학교,양천구,신정동,서울특별시 양천구 중앙로 204,(신정동/양명초등학교),19821110,37.516374951495,126.856634868655,addr
서울양목초등학교,초등학교,양천구,신정동,서울특별시 양천구 목동로11길 30,(신정동/ 서울양목초등학교),19800417,37.5238792766238,126.861669190913,addr
서울양원숲초등학교,초등학교,중랑구,망우동,서울특별시 중랑구 양원역로 95,(망우동/ 서울양원숲초등학교),20220301,37.6090497375586,127.105433722535,addr
서울양원초등학교,초등학교,양천구,신월동,서울특별시 양천구 화곡로 16,(신월동/서울양원초등학교),19901201,37.5382284100068,126.823105084888,addr
서울양재초등학교,초등학교,서초구,양재동,서울특별시 서초구 바우뫼로18길 14,(양재동/양재초등학교),19830719,37.4741653841614,127.03189250195,addr
서울양전초등학교,초등학교,강남구,,서울특별시 강남구 개포로 513,/ 서울양전초등학교 ,19881221,37.4902478541395,127.069170862479,addr
서울양진초등학교,초등학교,광진구,광장동,서울특별시 광진구 워커힐로 32,(광장동/양진초중학교),20050301,37.5449782076528,127.098714317037,addr
서울양천초등학교,초등학교,강서구,가양동,서울특별시 강서구 양천로 329,(가양동/양천초등학교),19000401,37.5701881708645,126.839539660332,addr
서울양화초등학교,초등학교,양천구,목동,서울특별시 양천구 목동중앙북로16길 57,(목동/서울양화초등학교),19780803,37.5436692981533,126.873986042971,addr
서울어울초등학교,초등학교,은평구,녹번동,서울특별시 은평구 통일로 650,/ 서울어울초등학교 (녹번동),20180901,37.6065633137733,126.935058620612,addr
서울언남초등학교,초등학교,서초구,내곡동,서울특별시 서초구 헌릉로8길 42,(내곡동),19340416,37.4541133292306,127.061436582525,addr
서울언북초등학교,초등학교,강남구,청담동,서울특별시 강남구 삼성로135길 42,(청담동/언북초등학교),19450401,37.520125172379,127.044715764538,addr
서울언주초등학교,초등학교,강남구,도곡동,서울특별시 강남구 남부순환로363길 19,(도곡동/언주초등학교),19270916,37.4863219964306,127.03679299115,addr
서울여의도초등학교,초등학교,영등포구,여의도동,서울특별시 영등포구 여의대방로 439,/ 서울여의도초등학교 (여의도동),19711101,37.5232048215986,126.93679444014,addr
서울여자고등학교,고등학교,마포구,염리동,서울특별시 마포구 백범로25길 34,/ 서울여자고등학교 (염리동),19580415,37.5478000312208,126.94902525222,addr
서울여자상업고등학교,고등학교,관악구,봉천동,서울특별시 관악구 관악로 85,(봉천동/서울여자상업고등학교),19260929,37.4729045674501,126.950918062755,addr
서울여자중학교,중학교,마포구,염리동,서울특별시 마포구 백범로25길 34,/ 서울여자중학교 (염리동),19550302,37.5478000312208,126.94902525222,addr
서울역삼초등학교,초등학교,강남구,역삼동,서울특별시 강남구 강남대로66길 21,(역삼동/역삼초등학교),19780721,37.4931444060362,127.032564910969,addr
서울역촌초등학교,초등학교,은평구,역촌동,서울특별시 은평구 은평로3길 25,/ 서울역촌초등학교 (역촌동/서울역촌초등학교),19721201,37.6015841686977,126.913928033442,addr
서울연가초등학교,초등학교,서대문구,남가좌동,서울특별시 서대문구 증가로12가길 49-50,/ 연가초등학교 (남가좌동),19721130,37.5795632014616,126.917329192961,addr
서울연광초등학교,초등학교,은평구,불광동,서울특별시 은평구 연서로35길 37,/ 서울연광초등학교 (불광동),20040301,37.6236487604699,126.923909005211,addr
서울연신초등학교,초등학교,은평구,불광동,서울특별시 은평구 연서로 347,(불광동),19760318,37.6260599638981,126.927751281025,addr
서울연은초등학교,초등학교,은평구,응암동,서울특별시 은평구 백련산로2길 35,/ 서울연은초등학교 (응암동),19831020,37.5905122161631,126.925112608529,addr
서울연지초등학교,초등학교,노원구,월계동,서울특별시 노원구 월계로55길 48,(월계동),19980301,37.6331961990879,127.059550025404,addr
서울연천초등학교,초등학교,은평구,불광동,서울특별시 은평구 연서로34길 22,/ 연천초등학교 (불광동),19841205,37.6213492886599,126.929917884841,addr
서울연촌초등학교,초등학교,노원구,하계동,서울특별시 노원구 공릉로58길 36,/ 서울연촌초등학교 (하계동),19451110,37.6344239191317,127.072522941451,addr
서울연희초등학교,초등학교,서대문구,연희동,서울특별시 서대문구 연희로 136,(연희동/ 서울연희초등학교),19681207,37.5690459271047,126.934142303217,addr
서울염경초등학교,초등학교,강서구,염창동,서울특별시 강서구 양천로69길 49,(염창동/서울염경초등학교),20050901,37.5550006717487,126.871204647976,addr
서울염동초등학교,초등학교,강서구,염창동,서울특별시 강서구 양천로73길 17,(염창동/염동초등학교),19970516,37.5520954793159,126.872350948978,addr
서울염리초등학교,초등학교,마포구,염리동,서울특별시 마포구 토정로37길 37,/ 서울염리초등학교 (염리동),19830803,37.5425709323083,126.946247603396,addr
서울염창초등학교,초등학교,강서구,염창동,서울특별시 강서구 양천로 646-28,(염창동/ 염창초등학교),19630518,37.5532261352883,126.867600184199,addr
서울영남초등학교,초등학교,금천구,독산동,서울특별시 금천구 문성로 62-15,(독산동),19560326,37.4758806998687,126.909922783649,addr
서울영도초등학교,초등학교,양천구,목동,서울특별시 양천구 목동중앙로 70,/ 서울영도초등학교 (목동/서울영도초등학교),19861004,37.5359499494616,126.871942644571,addr
서울영동초등학교,초등학교,영등포구,당산동,서울특별시 영등포구 국회대로53길 20,/ (당산동/ 영동초등학교) (당산동),19560517,37.5270069102324,126.907703382657,addr
서울영등포초등학교,초등학교,영등포구,문래동,서울특별시 영등포구 경인로 756,(문래동1가),19451101,37.5129480156762,126.898260025571,addr
서울영림초등학교,초등학교,영등포구,대림동,서울특별시 영등포구 시흥대로173길 14,/ 서울영림초등학교 (대림동),19820707,37.4873460122893,126.902516130281,addr
서울영문초등학교,초등학교,영등포구,문래동,서울특별시 영등포구 문래로 56,/ 서울영문초등학교 (문래동6가),20050105,37.5198074103506,126.887589090951,addr
서울영본초등학교,초등학교,동작구,본동,서울특별시 동작구 만양로12가길 69,/ 서울영본초등학교 (본동),19671127,37.5113065101691,126.94864052145,addr
서울영상고등학교,고등학교,양천구,신정동,서울특별시 양천구 목동로11길 46,/ 서울영상고등학교 (신정동),19611208,37.5232817223805,126.860283046403,addr
서울영서초등학교,초등학교,구로구,구로동,서울특별시 구로구 도림로20길 57,/ 영서초등학교 (구로동),19790202,37.4879630931966,126.895027399291,addr
서울영신초등학교,초등학교,영등포구,신길동,서울특별시 영등포구 도신로60길 23,(신길동),19671127,37.5101719627186,126.918122078214,addr
서울영원초등학교,초등학교,영등포구,도림동,서울특별시 영등포구 도영로 22길 31,(도림동),20020901,37.5107193620837,126.902182504089,addr
서울영일초등학교,초등학교,구로구,가리봉동,서울특별시 구로구 남부순환로105길 218,/ 서울영일초등학교 (가리봉동),19671129,37.4856100736284,126.883911257917,addr
서울영중초등학교,초등학교,영등포구,영등포동,서울특별시 영등포구 양산로 185,/ 서울영중초등학교 (영등포동7가),19490401,37.5241432995791,126.903695688306,addr
서울영풍초등학교,초등학교,송파구,거여동,서울특별시 송파구 오금로57길 15,/ 서울영풍초등학교 (거여동),19821010,37.4961862376383,127.143214689204,addr
서울영화초등학교,초등학교,동작구,대방동,서울특별시 동작구 등용로8길 3,/ 서울영화초등학교 (대방동),19620903,37.5089369468762,126.932815969374,addr
서울영희초등학교,초등학교,강남구,일원동,서울특별시 강남구 일원로 21,(일원동/영희초등학교),19461001,37.4923003980946,127.081132787699,addr
서울예술고등학교,고등학교,종로구,평창동,서울특별시 종로구 평창문화로 70,/ 서울예술고등학교 (평창동),19530321,37.6057079931502,126.967906461707,addr
서울오금초등학교,초등학교,송파구,오금동,서울특별시 송파구 위례성대로22길 11,(오금동/ 서울오금초등학교),19930720,37.5093704878322,127.131977915625,addr
서울오류남초등학교,초등학교,구로구,오류동,서울특별시 구로구 서해안로24길 22,(오류동/ 오류남초등학교),19820408,37.4897166823284,126.839098527316,addr
서울오류초등학교,초등학교,구로구,오류동,서울특별시 구로구 경인로19길 39,/ 서울오류초등학교 (오류동),19430523,37.4975370576845,126.842037699221,addr
서울오륜초등학교,초등학교,송파구,방이동,서울특별시 송파구 양재대로 1196,/ 서울오륜초등학교 (방이동),19881208,37.5124274792928,127.134396802963,addr
서울오봉초등학교,초등학교,도봉구,도봉동,서울특별시 도봉구 시루봉로 285,/ 서울오봉초등학교 (도봉동),20000301,37.6717184874026,127.040258979982,addr
서울오정초등학교,초등학교,구로구,오류동,서울특별시 구로구 경인로2길 10,/ 서울오정초등학교 (오류동),19860109,37.4901372514516,126.82641766297,addr
서울오현초등학교,초등학교,강북구,번동,서울특별시 강북구 월계로 221,(번동/오현초등학교),19911002,37.6232028439088,127.046225894356,addr
서울옥수초등학교,초등학교,성동구,금호동,서울특별시 성동구 금호로1길 25,/ 옥수초등학교 (금호동4가),19670327,37.5455293912538,127.021869551034,addr
서울옥정초등학교,초등학교,성동구,옥수동,서울특별시 성동구 한림말길 43,(옥수동/옥정초등학교),19710522,37.5423097389598,127.015785478614,addr
서울온곡초등학교,초등학교,노원구,상계동,서울특별시 노원구 한글비석로52길 59,(상계동/온곡초등학교),19880209,37.6673295252885,127.065597387199,addr
서울온라인학교,각종학교(고),성동구,행당동,서울특별시 성동구 왕십리로 199,(행당동),20250301,37.5552642216916,127.041141809583,addr
서울온수초등학교,초등학교,구로구,온수동,서울특별시 구로구 부일로 893,(온수동),19840127,37.4935106167356,126.826661571624,addr
서울왕북초등학교,초등학교,강남구,수서동,서울특별시 강남구 광평로31길 74,(수서동/왕북초등학교),19631031,37.4862610232719,127.086237195421,addr
서울외국어고등학교,고등학교,도봉구,창동,서울특별시 도봉구 덕릉로66길 22,(창동),19931005,37.6457807932104,127.0515086969,addr
서울외국인학교,외국인학교,서대문구,연희동,서울특별시 서대문구 연희로22길 39,(연희동),19120501,37.5701438180634,126.9363287278,addr
서울용강초등학교,초등학교,마포구,대흥동,서울특별시 마포구 백범로17길 9,(대흥동),19160426,37.549112429713,126.944058506049,addr
서울용곡초등학교,초등학교,광진구,중곡동,서울특별시 광진구 용마산로22길 82,/ 서울용곡초등학교 (중곡동),19780213,37.5671086161443,127.088452984118,addr
서울용답초등학교,초등학교,성동구,,서울특별시 성동구 용답25길 1,/ 서울용답초등학교 ,19830420,37.5607483738375,127.053786164972,addr
서울용동초등학교,초등학교,노원구,중계동,서울특별시 노원구 한글비석로1길 81-11,(중계동/용동초등학교),19910325,37.6410575739212,127.069114774673,addr
서울용두초등학교,초등학교,동대문구,용두동,서울특별시 동대문구 천호대로13길 43,(용두동),19481101,37.5764049847235,127.0283819823,addr
서울용마초등학교,초등학교,광진구,중곡동,서울특별시 광진구 천호대로113길 10,(중곡동),19720801,37.5578273465317,127.083527417056,addr
서울용산국제학교,외국인학교,용산구,한남동,서울특별시 용산구 이태원로 285,(한남동),20060808,37.541026413419,127.0011366074,addr
서울용산초등학교,초등학교,,,서울 용산구 한강대로57길 33,(한강로2가/용산초등학교),19451101,37.535613442977,126.972550624529,addr
서울용암초등학교,초등학교,용산구,용산동,서울특별시 용산구 녹사평대로60길 39,(용산동2가/ 용암초등학교),19650926,37.5453029008824,126.989434775031,addr
서울용원초등학교,초등학교,노원구,공릉동,서울특별시 노원구 섬밭로 144,/ 용원초등학교 (공릉동/ 서울용원초등학교),19950625,37.6299301501593,127.068936691961,addr
서울우면초등학교,초등학교,서초구,,서울특별시 서초구 태봉로,59,20120301,37.4653655626944,127.026054562784,addr
서울우솔초등학교,초등학교,서초구,우면동,서울특별시 서초구 양재대로2길 74,/ 서울우솔초등학교 (우면동),20130301,37.4570942208519,127.019275619438,addr
서울우신초등학교,초등학교,영등포구,신길동,서울특별시 영등포구 신길로 190,(신길동/우신초등학교),19150305,37.5098647213535,126.911863664868,addr
서울우암초등학교,초등학교,서초구,우면동,서울특별시 서초구 바우뫼로7길 38,(우면동/우암초등학교),19940805,37.4723005921488,127.023731348976,addr
서울우이초등학교,초등학교,강북구,수유동,서울특별시 강북구 삼양로99길 36,(수유동/서울우이초등학교),19491002,37.6386058279529,127.014240485582,addr
서울우장초등학교,초등학교,강서구,화곡동,서울특별시 강서구 화곡로 263,(화곡동/우장초등학교),19830610,37.5496381852817,126.845984193202,addr
서울원광초등학교,초등학교,노원구,중계동,서울특별시 노원구 덕릉로76길 18,(중계동/원광초등학교),19911030,37.654290852548,127.075304285056,addr
서울원당초등학교,초등학교,관악구,봉천동,서울특별시 관악구 봉천로 505,(봉천동),19721209,37.4813047920283,126.955766635019,addr
서울원명초등학교,초등학교,서초구,서초동,서울특별시 서초구 고무래로 90-6,(서초동/원명초등학교),19890704,37.5007499044884,127.017066977739,addr
서울원묵초등학교,초등학교,중랑구,묵동,서울특별시 중랑구 숙선옹주로 109,/ 서울원묵초등학교 (묵동),19951110,37.6177488108138,127.08681415088,addr
서울원신초등학교,초등학교,관악구,신림동,서울특별시 관악구 광신길 177,/ 원신초등학교 (신림동),20020710,37.4672075457163,126.92727524954,addr
서울원촌초등학교,초등학교,서초구,반포동,서울특별시 서초구 사평대로45길 26,(반포동/서울원촌초등학교),19790918,37.5062446440008,127.012346682947,addr
서울원효초등학교,초등학교,용산구,산천동,서울특별시 용산구 효창원로13길 38,/ 서울원효초등학교 (산천동/원효초등학교),19830511,37.5361612583146,126.951545316146,addr
서울월계초등학교,초등학교,노원구,월계동,서울특별시 노원구 월계로45가길 10,(월계동/월계초등학교),19920715,37.6279505755622,127.050869480548,addr
서울월곡초등학교,초등학교,성북구,장위동,서울특별시 성북구 장월로3길 42,(장위동/서울월곡초등학교),19710901,37.6100238748815,127.046083188246,addr
서울월정초등학교,초등학교,강서구,화곡동,서울특별시 강서구 월정로 176,(화곡동/월정초등학교),19811226,37.5349941902013,126.836293577736,addr
서울월천초등학교,초등학교,도봉구,창동,서울특별시 도봉구 노해로70길 96,(창동/서울월천초등학교),19880928,37.6479137277855,127.051425751311,addr
서울월촌초등학교,초등학교,양천구,목동,서울특별시 양천구 목동중앙로 132,(목동/서울월촌초등학교),19851012,37.5406954304154,126.876258028151,addr
서울웹툰애니메이션고등학교,고등학교,서초구,방배동,서울특별시 서초구 과천대로 852-23,(방배동),19940105,37.4694909673089,126.988245947982,addr
서울위례별초등학교,초등학교,송파구,장지동,서울특별시 송파구 위례광장로 243,/ 서울위례별초등학교 (장지동),20160301,37.4790497618126,127.145018831355,addr
서울위례솔초등학교,초등학교,송파구,,서울특별시 송파구 위례북로2길 12,/ 12 ,20220301,37.486734037842,127.150753871028,addr
서울위례초등학교,초등학교,강동구,둔촌동,서울특별시 강동구 명일로 23,(둔촌동),19811024,37.5223185221619,127.139436648101,addr
서울유현초등학교,초등학교,강북구,수유동,서울특별시 강북구 인수봉로37길 24,(수유동/서울유현초등학교),19740605,37.632286451855,127.011327052457,addr
서울윤중초등학교,초등학교,영등포구,여의도동,서울특별시 영등포구 여의나루로2길 14,(여의도동),19791226,37.5196416407122,126.92259080096,addr
서울율현초등학교,초등학교,강남구,자곡동,서울특별시 강남구 밤고개로21길 15,/ 서울율현초등학교 (자곡동),20140828,37.474558700755,127.108265007698,addr
서울은로초등학교,초등학교,동작구,흑석동,서울특별시 동작구 서달로 115,/ 서울은로초등학교 (흑석동),19081101,37.5033929766399,126.959778422441,addr
서울은명초등학교,초등학교,은평구,응암동,서울특별시 은평구 은평로4길 21-9,/ 서울은명초등학교 (응암동),20080716,37.5976791222992,126.918275747068,addr
서울은빛초등학교,초등학교,은평구,진관동,서울특별시 은평구 진관3로 73-17,(진관동),20110113,37.6426828611882,126.918730453447,addr
서울은정초등학교,초등학교,양천구,,서울특별시 양천구 목동남로 85,서울은정초등학교,19960710,37.5111416389366,126.867180395408,addr
서울은진초등학교,초등학교,은평구,진관동,서울특별시 은평구 진관1로 21-20,/ 은진초등학교 (진관동),20081231,37.6330440427703,126.920996007067,addr
서울은천초등학교,초등학교,관악구,봉천동,서울특별시 관악구 은천로 69,(봉천동),19580401,37.4865852040387,126.942679132637,addr
서울은평초등학교,초등학교,은평구,녹번동,서울특별시 은평구 은평로 239,(녹번동),19310401,37.6023040358796,126.934033612153,addr
서울을지초등학교,초등학교,노원구,중계동,서울특별시 노원구 중계로 239,(중계동),19940105,37.6505874233691,127.073350350295,addr
서울응봉초등학교,초등학교,성동구,응봉동,서울특별시 성동구 독서당로62길 28,(응봉동/ 응봉초등학교),20020712,37.5502533901839,127.033829695602,addr
서울응암초등학교,초등학교,은평구,응암동,서울특별시 은평구 가좌로6길 20,/ 서울응암초등학교 (응암동),19621112,37.5887531914177,126.921616096958,addr
서울의료보건고등학교,고등학교,중구,만리동,서울특별시 중구 만리재로37길 30,(만리동1가),19710531,37.5573014220873,126.966720436586,addr
서울이문초등학교,초등학교,동대문구,이문동,서울특별시 동대문구 신이문로 16,(이문동/ 서울이문초등학교),19670711,37.6018964867149,127.064885003959,addr
서울이수초등학교,초등학교,서초구,방배동,서울특별시 서초구 방배천로4길 23,서울이수초등학교 (방배동/이수초등학교),19770901,37.4781887381851,126.984058772938,addr
서울이태원초등학교,초등학교,용산구,이태원동,서울특별시 용산구 녹사평대로40길 19,(이태원동/이태원초등학교),19430501,37.5364777066784,126.987672660332,addr
서울인공지능고등학교,고등학교,송파구,거여동,서울특별시 송파구 양산로 21,(거여동),19910301,37.4916482412209,127.142085431868,addr
서울인수초등학교,초등학교,강북구,수유동,서울특별시 강북구 인수봉로 269,(수유동/서울인수초등학교),19820707,37.6430505301735,127.009135759866,addr
서울인왕초등학교,초등학교,서대문구,홍제동,서울특별시 서대문구 세무서길 33-9,(홍제동/서울인왕초등학교),19621112,37.5902198832433,126.944804483066,addr
서울인헌초등학교,초등학교,관악구,봉천동,서울특별시 관악구 낙성대로 23,(봉천동),19791231,37.4767753536009,126.959875787277,addr
서울일본인학교,외국인학교,마포구,상암동,서울특별시 마포구 월드컵북로62길 11,/ 일본인학교 (상암동),19720508,37.5838115111814,126.884430988567,addr
서울일신초등학교,초등학교,성북구,종암동,서울특별시 성북구 월곡로 74,(종암동/서울일신초등학교),20000901,37.5989819527133,127.040219755884,addr
서울일원초등학교,초등학교,강남구,일원동,서울특별시 강남구 영동대로4길 20,(일원동/일원초등학교),19841010,37.4898127052732,127.076141940265,addr
서울자곡초등학교,초등학교,강남구,자곡동,서울특별시 강남구 자곡로 150,(자곡동),20140901,37.4720493601914,127.099482575625,addr
서울자양초등학교,초등학교,광진구,자양동,서울특별시 광진구 아차산로44길 26,(자양동),19451210,37.5368378891148,127.080107720459,addr
서울자운초등학교,초등학교,도봉구,창동,서울특별시 도봉구 마들로13길 166,/ 서울자운초등학교 (창동),19970105,37.6580556761129,127.047017564524,addr
서울잠동초등학교,초등학교,송파구,신천동,서울특별시 송파구 올림픽로35길 122,(신천동/ 잠동초등학교),19800929,37.518364083155,127.099997855402,addr
서울잠신초등학교,초등학교,송파구,잠실동,서울특별시 송파구 잠실로 32,/ 서울잠신초등학교 (잠실동),19810805,37.5141697474146,127.08797670792,addr
서울잠실초등학교,초등학교,송파구,신천동,서울특별시 송파구 올림픽로35길 20,(신천동/잠실초등학교),19751101,37.5201410422976,127.110799789543,addr
서울잠원초등학교,초등학교,서초구,반포동,서울특별시 서초구 신반포로16길 15-25,(반포동/ 잠원초등학교),19780830,37.5018590933365,126.9983875282,addr
서울잠일초등학교,초등학교,송파구,잠실동,서울특별시 송파구 올림픽로 95,/ 서울잠일초등학교 (잠실동),19760312,37.5147416618092,127.081636216984,addr
서울잠전초등학교,초등학교,송파구,잠실동,서울특별시 송파구 올림픽로12길 51,/ 서울잠전초등학교 (잠실동),19810909,37.5073349275982,127.083864376692,addr
서울잠현초등학교,초등학교,송파구,신천동,서울특별시 송파구 올림픽로37길 109,/ 서울잠현초등학교 (신천동),20080717,37.5225858707847,127.104722782408,addr
서울장곡초등학교,초등학교,성북구,장위동,서울특별시 성북구 장월로23길 16,(장위동/서울장곡초등학교),19780222,37.6168600216765,127.048151233375,addr
서울장수초등학교,초등학교,양천구,신정동,서울특별시 양천구 신정로13가길 30,(신정동),20051229,37.5129972017178,126.845159735242,addr
서울장안초등학교,초등학교,광진구,군자동,서울특별시 광진구 군자로 74,(군자동),19550319,37.549876450253,127.072402467919,addr
서울장월초등학교,초등학교,성북구,장위동,서울특별시 성북구 한천로101길 66,(장위동/ 서울장월초등학교),20060719,37.6219292248912,127.047320465849,addr
서울장위초등학교,초등학교,성북구,장위동,서울특별시 성북구 장월로8가길 41,(장위동/서울장위초등학교),19461211,37.6114414258051,127.050005965999,addr
서울장충초등학교,초등학교,중구,신당동,서울특별시 중구 청구로17길 40,/ 서울장충초등학교 (신당동),19531021,37.559971222213,127.01170475684,addr
서울장평초등학교,초등학교,동대문구,전농동,서울특별시 동대문구 답십리로 ,", 69길 27 (전농동)",19800404,37.5728706947252,127.058958260045,addr
서울재동초등학교,초등학교,종로구,가회동,서울특별시 종로구 북촌로4길 7,/ 서울재동초등학교 (가회동),18950830,37.5799415657652,126.9855017071,addr
서울전곡초등학교,초등학교,동대문구,전농동,서울특별시 동대문구 전농로 172,(전농동),19590508,37.5807042921469,127.056012445216,addr
서울전농초등학교,초등학교,동대문구,전농동,서울특별시 동대문구 사가정로 66,/ 서울전농초등학교 (전농동),19420408,37.5746852353644,127.054397292161,addr
서울전동초등학교,초등학교,동대문구,전농동,서울특별시 동대문구 전농로16길 61,/ 서울전동초등학교 (전농동),19681206,37.5790832853249,127.060805297019,addr
서울정곡초등학교,초등학교,강서구,방화동,서울특별시 강서구 방화대로50길 22,(방화동/정곡초등학교),19921001,37.5769596950152,126.818932773167,addr
서울정덕초등학교,초등학교,성북구,동소문동,서울특별시 성북구 아리랑로 63,(동소문동7가/서울정덕초등학교),19461101,37.5982399496277,127.013421324355,addr
서울정릉초등학교,초등학교,성북구,정릉동,서울특별시 성북구 솔샘로25가길 8,(정릉동/서울정릉초등학교),19850710,37.6197915298294,127.005532713286,addr
서울정목초등학교,초등학교,양천구,목동,서울특별시 양천구 목동중앙로3길 30-10,(목동/서울정목초등학교),19810921,37.5365288457417,126.870049083471,addr
서울정문학교,특수학교,관악구,신림동,서울특별시 관악구 난향3길 31,(신림동),19960115,37.4617125912606,126.916951603145,addr
서울정민학교,특수학교,노원구,하계동,서울특별시 노원구 공릉로58길 24,(하계동/ 서울정민학교),20001125,37.6338959947783,127.073166607854,addr
서울정수초등학교,초등학교,성북구,정릉동,서울특별시 성북구 정릉로24길 58,(정릉동/서울정수초등학교),19860406,37.6037748856219,127.007718883621,addr
서울정심초등학교,초등학교,금천구,독산동,서울특별시 금천구 독산로78다길 89,/ 정심초등학교 (독산동),19821110,37.4719826762833,126.908186532287,addr
서울정애학교,특수학교,강남구,삼성동,서울특별시 강남구 봉은사로81길 16,/ 서울정애학교 (삼성동),20000301,37.5143262154837,127.054400280803,addr
서울정인학교,특수학교,강북구,수유동,서울특별시 강북구 인수봉로 119-20,(수유동/ 정인학교),20000115,37.6309568080471,127.011923763883,addr
서울정진학교,특수학교,구로구,궁동,서울특별시 구로구 부일로9길 158,(궁동/ 서울정진학교),19870709,37.4988144872361,126.820751902256,addr
서울정화고등학교,고등학교,동대문구,제기동,서울특별시 동대문구 홍릉로15길 50,(제기동)정화여자상업고등학교,19080901,37.586048641672,127.041070321981,addr
서울조원초등학교,초등학교,관악구,신림동,서울특별시 관악구 조원로 67,(신림동),20050301,37.484127765974,126.909505620969,addr
서울종암초등학교,초등학교,동대문구,제기동,서울특별시 동대문구 무학로44길 25,(제기동),19220708,37.5823074106355,127.031856383108,addr
서울중계초등학교,초등학교,노원구,중계동,서울특별시 노원구 한글비석로19길 39,/ 서울중계초등학교 (중계동),19751002,37.6578622263163,127.073348327013,addr
서울중곡초등학교,초등학교,중랑구,면목동,서울특별시 중랑구 면목로23길 20,(면목동/중곡초등학교),19670905,37.5748917275114,127.083439043719,addr
서울중광초등학교,초등학교,광진구,중곡동,서울특별시 광진구 긴고랑로13길 59,(중곡동/중광초등학교),19980901,37.565172983593,127.082512285004,addr
서울중대초등학교,초등학교,송파구,송파동,서울특별시 송파구 송파대로36길 8,(송파동),19241113,37.4998119038214,127.113605457993,addr
서울중동초등학교,초등학교,마포구,성산동,서울특별시 마포구 월드컵북로 152,(성산동),19770901,37.5664458381853,126.911780404952,addr
서울중랑초등학교,초등학교,중랑구,면목동,서울특별시 중랑구 봉우재로6길 26,(면목동/중랑초등학교),19720508,37.5889223067352,127.075482375754,addr
서울중마초등학교,초등학교,광진구,중곡동,서울특별시 광진구 동일로72길 43,(중곡동),19821110,37.5661150659734,127.080023721804,addr
서울중목초등학교,초등학교,중랑구,면목동,서울특별시 중랑구 동일로 665,/ 서울중목초등학교 (면목동),19971104,37.5900368304084,127.079200700601,addr
서울중원초등학교,초등학교,노원구,중계동,서울특별시 노원구 섬밭로 316,(중계동),19900407,37.6439662833968,127.063052005752,addr
서울중평초등학교,초등학교,노원구,하계동,서울특별시 노원구 섬밭로 241,/ 서울중평초등학교 (하계동),19880425,37.6372508810163,127.063731552615,addr
서울중현초등학교,초등학교,노원구,하계동,서울특별시 노원구 섬밭로 181,/ 서울중현초등학교 (하계동/중현초등학교),19891018,37.632255170053,127.066056635951,addr
서울중화초등학교,초등학교,중랑구,신내동,서울특별시 중랑구 신내로7가길 22,/ 서울중화초등학교 (신내동),19461107,37.6029182729949,127.094539488049,addr
서울중흥초등학교,초등학교,중랑구,중화동,서울특별시 중랑구 봉화산로 82,/ 서울중흥초등학교 (중화동),19990726,37.6014097153165,127.083849146888,addr
서울증산초등학교,초등학교,은평구,증산동,서울특별시 은평구 증산서길 61,(증산동),19761126,37.5825652695002,126.904276446505,addr
서울지향초등학교,초등학교,양천구,신정동,서울특별시 양천구 신정로11길 74,/ 서울지향초등학교 (신정동/지향초등학교),20020901,37.5128376807713,126.837023804089,addr
서울진관초등학교,초등학교,은평구,진관동,서울특별시 은평구 진관4로 78-16,(진관동/진관초등학교),20080901,37.6454198616021,126.929052478211,addr
서울창경초등학교,초등학교,도봉구,쌍문동,서울특별시 도봉구 도봉로129길 54,"(쌍문동,창경초등학교)",19890901,37.6566021823161,127.034602499962,addr
서울창도초등학교,초등학교,도봉구,방학동,서울특별시 도봉구 방학로 32-28,(방학동/ 서울창도초등학교),19821007,37.6641348713315,127.048784033819,addr
서울창동초등학교,초등학교,도봉구,창동,서울특별시 도봉구 해등로16길 81,(창동),19300401,37.6553630407375,127.044832890478,addr
서울창림초등학교,초등학교,도봉구,창동,서울특별시 도봉구 덕릉로63길 46,(창동),19970604,37.6432370796248,127.041604074164,addr
서울창서초등학교,초등학교,서대문구,창천동,서울특별시 서대문구 연세로5나길 30-3,(창천동/ 서울창서초등학교),19611101,37.5581430512569,126.933480871339,addr
서울창신초등학교,초등학교,종로구,창신동,서울특별시 종로구 지봉로 73,/ 서울창신초등학교 (창신동),19160520,37.5762114748296,127.014293687874,addr
서울창원초등학교,초등학교,도봉구,창동,서울특별시 도봉구 해등로 103,(창동/서울창원초등학교),19900716,37.6526440884387,127.039979883482,addr
서울창일초등학교,초등학교,도봉구,창동,서울특별시 도봉구 노해로66길 84,/ 창일초등학교 (창동),19900716,37.647657641563,127.047626299257,addr
서울창천초등학교,초등학교,마포구,노고산동,서울특별시 마포구 백범로1길 56,/ 서울창천초등학교 (노고산동),19400129,37.5549178201995,126.939295148137,addr
서울천동초등학교,초등학교,강동구,길동,서울특별시 강동구 성안로 200,/ 서울천동초등학교 (길동),19821207,37.541015901733,127.137828727405,addr
서울천왕초등학교,초등학교,구로구,천왕동,서울특별시 구로구 천왕로1길 11,(천왕동),20110901,37.481412481777,126.836947364315,addr
서울천이초등학교,초등학교,구로구,오류동,서울특별시 구로구 오류로 30,/ 서울천이초등학교 (오류동),20160329,37.4863679517074,126.83999205713,addr
서울천일초등학교,초등학교,강동구,천호동,서울특별시 강동구 구천면로 266,/ 서울천일초등학교 (천호동),19851017,37.5443612197289,127.133436718515,addr
서울천호초등학교,초등학교,강동구,천호동,서울특별시 강동구 구천면로 310-11,"(천호동,서울천호초등학교)",19440501,37.5477189664877,127.136592330295,addr
서울청계초등학교,초등학교,노원구,중계동,서울특별시 노원구 공릉로 431,/ 서울청계초등학교 (중계동),18950901,37.6449803620092,127.065817490235,addr
서울청구초등학교,초등학교,중구,신당동,서울특별시 중구 다산로 170,(신당동/청구초등학교),19370901,37.5591166793514,127.013724413955,addr
서울청담초등학교,초등학교,강남구,청담동,서울특별시 강남구 압구정로71길 9,(청담동/청담초등학교),19800301,37.5282818704161,127.045153024716,addr
서울청덕초등학교,초등학교,성북구,정릉동,서울특별시 성북구 정릉로9라길 11,(정릉동/서울청덕초등학교),19670910,37.6120328876191,127.000333434653,addr
서울청량초등학교,초등학교,동대문구,회기동,서울특별시 동대문구 회기로25길 31,(회기동/서울청량초등학교),19370405,37.5923093987643,127.055908478798,addr
서울청룡초등학교,초등학교,관악구,봉천동,서울특별시 관악구 관악로5길 61,(봉천동),19851018,37.4767252713626,126.951284574125,addr
서울청운초등학교,초등학교,종로구,청운동,서울특별시 종로구 자하문로 105,/ 청운초등학교 (청운동),19230401,37.585805731799,126.969294698603,addr
서울청파초등학교,초등학교,용산구,청파동,서울특별시 용산구 효창원로 228,/ 서울청파초등학교 (청파동2가),19430120,37.5473049014312,126.963543924367,addr
서울체육고등학교,고등학교,송파구,방이동,서울특별시 송파구 강동대로 232,/ 서울체육고등학교 (방이동),19710320,37.5223303821085,127.129822552593,addr
서울체육중학교,중학교,송파구,방이동,서울특별시 송파구 강동대로 232,/ 서울체육중학교 (방이동),19710113,37.5223303821085,127.129822552593,addr
서울초당초등학교,초등학교,도봉구,방학동,서울특별시 도봉구 해등로32길 11,(방학동),19930720,37.6586278284753,127.021956174977,addr
서울충무초등학교,초등학교,,장충동,서울 중구 퇴계로50길 13,(장충동2가/충무초등학교),19570428,37.5619494839149,127.001235055009,addr
서울치현초등학교,초등학교,강서구,,서울특별시 강서구 방화대로47길 43,서울치현초등학교,19940105,37.5759191517213,126.814645646553,addr
서울컨벤션고등학교,고등학교,강동구,고덕동,서울특별시 강동구 동남로 964,/ 서울컨벤션고등학교 (고덕동),19611215,37.5592845614915,127.158215928554,addr
서울탑동초등학교,초등학교,금천구,시흥동,서울특별시 금천구 탑골로 47-3,(시흥동/ 탑동초등학교),19670915,37.4523226721912,126.914525435709,addr
서울탑산초등학교,초등학교,강서구,가양동,서울특별시 강서구 허준로 109,(가양동/탑산초등학교),19930805,37.5670047685109,126.85259398539,addr
서울태랑초등학교,초등학교,노원구,공릉동,서울특별시 노원구 화랑로51나길 31,/ 서울태랑초등학교 (공릉동),20010611,37.6262508612825,127.090915053347,addr
서울태릉초등학교,초등학교,노원구,공릉동,서울특별시 노원구 노원로1길 36,/ 서울태릉초등학교 (공릉동),19860117,37.622879790197,127.08478195175,addr
서울토성초등학교,초등학교,송파구,풍납동,서울특별시 송파구 풍성로20길 44,/ 서울토성초등학교 (풍납동),19840421,37.5318963267968,127.115772382237,addr
서울평화초등학교,초등학교,송파구,가락동,서울특별시 송파구 송파대로26길 22,/ 서울평화초등학교 (가락동),19921021,37.4916183368483,127.122700488472,addr
서울포이초등학교,초등학교,강남구,개포동,서울특별시 강남구 개포로22길 87,/ 서울포이초등학교 (개포동/포이초등학교),19901024,37.4758166247606,127.052045721323,addr
서울풍납초등학교,초등학교,송파구,풍납동,서울특별시 송파구 풍성로 43,(풍납동),19800801,37.5352940632209,127.117532366819,addr
서울풍성초등학교,초등학교,송파구,풍납동,서울특별시 송파구 강동대로2길 13,/ (풍납동/풍성초등학교) ,19910424,37.5263118815737,127.113492681415,addr
서울프랑스학교,외국인학교,서초구,반포동,서울특별시 서초구 서래로 7,(반포동),20010407,37.4958298207347,126.997840786843,addr
서울하늘숲초등학교,초등학교,구로구,천왕동,서울특별시 구로구 오리로 1106,", 서울하늘숲초등학교 (천왕동)",20190501,37.4841594284099,126.841481997252,addr
서울하늘초등학교,초등학교,마포구,상암동,서울특별시 마포구 월드컵북로 502-14,/ 서울하늘초등학교 (상암동),20110301,37.5858060895514,126.880857196502,addr
서울학동초등학교,초등학교,강남구,논현동,서울특별시 강남구 선릉로115길 42,/ 서울학동초등학교 (논현동),19790126,37.512045952,127.039435597045,addr
서울한강초등학교,초등학교,용산구,,서울특별시 용산구 한강대로14길 9,/ 서울한강초등학교 (한강로3가),19590331,37.5252261730909,126.965099429477,addr
서울한남초등학교,초등학교,용산구,한남동,서울특별시 용산구 한남대로 112,/ 서울한남초등학교 (한남동),19210509,37.5392036532348,127.005599847436,addr
서울한산초등학교,초등학교,강동구,둔촌동,서울특별시 강동구 풍성로 261,(서울한산초등학교/ 둔촌동),19900501,37.5286945837724,127.14107694998,addr
서울한서초등학교,초등학교,마포구,염리동,서울특별시 마포구 대흥로24바길 27,/ 서울한서초 (염리동),19451101,37.5536478329572,126.949778833645,addr
서울한천초등학교,초등학교,노원구,월계동,서울특별시 노원구 마들로 45,/ 서울한천초등학교 (월계동),19831203,37.6207501680548,127.069258063469,addr
서울항동초등학교,초등학교,구로구,항동,서울특별시 구로구 연동로 178,(항동),20190301,37.4770921430884,126.824189454348,addr
서울해누리초등학교,초등학교,송파구,가락동,서울특별시 송파구 송파대로37길 95,(가락동),20190301,37.4984115921213,127.102124196858,addr
서울행당초등학교,초등학교,성동구,행당동,서울특별시 성동구 고산자로8길 6,/ 서울행당초등학교 (행당동),19621026,37.5570191301189,127.034873404864,addr
서울행림초등학교,초등학교,동작구,사당동,서울특별시 동작구 솔밭로 47,(사당동/행림초등학교),19920506,37.4828114848946,126.964977725041,addr
서울행현초등학교,초등학교,성동구,행당동,서울특별시 성동구 행당로 95,(행당동),20050714,37.5577089897922,127.0293680158,addr
서울혜화초등학교,초등학교,종로구,혜화동,서울특별시 종로구 혜화로 32,/ 서울혜화초등학교 (혜화동),19100125,37.5891727709231,126.999927989279,addr
서울홍릉초등학교,초등학교,동대문구,청량리동,서울특별시 동대문구 회기로 90,(청량리동),19670915,37.5906875196186,127.047705124334,addr
서울홍연초등학교,초등학교,서대문구,홍은동,서울특별시 서대문구 백련사길 55,/ 서울홍연초등학교 (홍은동),19750703,37.582118713581,126.93066044978,addr
서울홍은초등학교,초등학교,서대문구,홍제동,서울특별시 서대문구 세검정로 105,/ 홍제동/서울홍은초등학교 (홍제동),19740306,37.5975402724558,126.949457988833,addr
서울홍제초등학교,초등학교,서대문구,홍은동,서울특별시 서대문구 홍은중앙로 13,/ 서울홍제초등학교 (홍은동),19370521,37.5934809108736,126.945336524574,addr
서울홍파초등학교,초등학교,동대문구,제기동,서울특별시 동대문구 고산자로 518,(제기동),19590508,37.586120384461,127.039414975087,addr
서울화계초등학교,초등학교,강북구,미아동,서울특별시 강북구 솔매로50가길 25,(미아동),19670915,37.6238849781413,127.02971619019,addr
서울화곡초등학교,초등학교,강서구,화곡동,서울특별시 강서구 초록마을로 28,화곡동/화곡초등학교,19670331,37.5436696173457,126.846471725362,addr
서울화일초등학교,초등학교,강서구,화곡동,서울특별시 강서구 까치산로10길 70,(화곡동/서울화일초등학교),20050105,37.5407120318703,126.847470802939,addr
서울효정학교,특수학교,강북구,미아동,서울특별시 강북구 삼양로63길 33,(미아동),20170901,37.6271295359435,127.016222202675,addr
서울효제초등학교,초등학교,종로구,효제동,서울특별시 종로구 대학로 12,/ 서울효제초등학교 (효제동),18951115,37.5727179599562,127.003515410111,addr
서울후암초등학교,초등학교,용산구,후암동,서울특별시 용산구 두텁바위로 140,/ 서울후암초등학교 (후암동),19670301,37.5513654103686,126.981724291635,addr
서울휘경초등학교,초등학교,동대문구,휘경동,서울특별시 동대문구 망우로6길 48,(휘경동/ 서울휘경초등학교),19591010,37.5856754144498,127.057916891964,addr
서울휘봉초등학교,초등학교,동대문구,휘경동,서울특별시 동대문구 장안벚꽃로 309,(휘경동/서울휘봉초등학교),20060301,37.5856764110055,127.070041638322,addr
서울흑석초등학교,초등학교,동작구,흑석동,서울특별시 동작구 현충로 87,/ 서울흑석초등학교 (흑석동),19680520,37.5082970524535,126.965149160443,addr
서울흥인초등학교,초등학교,중구,신당동,서울특별시 중구 청구로6길 11,(신당동/흥인초등학교),19461114,37.5609374871352,127.014616166709,addr
서일문화예술고등학교,고등학교,종로구,창신동,서울특별시 종로구 지봉로17길 49,(창신동),19661208,37.579364496797,127.012786339408,addr
서일중학교,중학교,서초구,서초동,서울특별시 서초구 서운로21길 2,(서초동/서일중학교),19861217,37.4985298571843,127.023220688907,addr
서초고등학교,고등학교,서초구,서초동,서울특별시 서초구 반포대로27길 29,(서초동),19840112,37.4896116868936,127.005378249754,addr
서초문화예술정보학교,각종학교(고),서초구,서초동,서울특별시 서초구 남부순환로347길 69,(서초동),20140101,37.4880664721147,127.029976532348,addr
서초중학교,중학교,서초구,서초동,서울특별시 서초구 반포대로13길 48,(서초동/서초중학교),19790830,37.4854679830791,127.009230848074,addr
석관고등학교,고등학교,성북구,석관동,서울특별시 성북구 한천로70길 30,/ 석관고등학교 (석관동),19821130,37.6095613532,127.066723339865,addr
석관중학교,중학교,성북구,석관동,서울특별시 성북구 한천로 526,(석관동/석관중학교),19821209,37.608121575175,127.06671820308,addr
석촌중학교,중학교,송파구,가락동,서울특별시 송파구 송이로15길 13,(가락동),19820107,37.5014549929626,127.121117352937,addr
선덕고등학교,고등학교,도봉구,쌍문동,서울특별시 도봉구 시루봉로 53,/  선덕고등학교 (쌍문동),19821003,37.6562750160952,127.026703057445,addr
선덕중학교,중학교,도봉구,쌍문동,서울특별시 도봉구 시루봉로 53,/ 선덕중학교 (쌍문동),19790131,37.6562750160952,127.026703057445,addr
선린인터넷고등학교,고등학교,용산구,청파동,서울특별시 용산구 원효로97길 33-4,(청파동3가),18990624,37.5427676844581,126.966079429641,addr
선린중학교,중학교,용산구,청파동,서울특별시 용산구 원효로97길 33-4,(청파동3가),18990624,37.5427676844581,126.966079429641,addr
선사고등학교,고등학교,강동구,암사동,서울특별시 강동구 고덕로25길 17,/ 선사고등학교 (암사동),20110301,37.5563158751807,127.13577562154,addr
선유고등학교,고등학교,영등포구,양평동,서울특별시 영등포구 선유로 227,/ 선유고등학교 (양평동4가),20050105,37.5339016190568,126.894850696134,addr
선유중학교,중학교,영등포구,양평동,서울특별시 영등포구 선유로 213,(양평동3가),19850419,37.5332864654562,126.894300682029,addr
선일빅데이터고등학교,고등학교,은평구,갈현동,서울특별시 은평구 갈현로29길 27,/ 선일빅데이터고등학교 (갈현동),19850108,37.6203042094228,126.911993073275,addr
선일여자고등학교,고등학교,은평구,갈현동,서울특별시 은평구 갈현로29길 27,(갈현동),19711227,37.6203042094228,126.911993073275,addr
선일여자중학교,중학교,은평구,갈현동,서울특별시 은평구 갈현로29길 27,/ 선일여자중학교 (갈현동),19671028,37.6203042094228,126.911993073275,addr
선일초등학교,초등학교,은평구,갈현동,서울특별시 은평구 갈현로29길 27,/ 선일초등학교 (갈현동),19650907,37.6203042094228,126.911993073275,addr
선정고등학교,고등학교,은평구,갈현동,서울특별시 은평구 서오릉로20길 19,/ 선정고등학교 (갈현동),19500522,37.6187045126614,126.909031611714,addr
선정국제관광고등학교,고등학교,은평구,갈현동,서울특별시 은평구 서오릉로20길 19,/ 선정국제관광고등학교 (갈현동),19941005,37.6187045126614,126.909031611714,addr
선정중학교,중학교,은평구,갈현동,서울특별시 은평구 서오릉로20길 19,/ 선정중학교 (갈현동),19500522,37.6187045126614,126.909031611714,addr
선화예술고등학교,고등학교,광진구,능동,서울특별시 광진구 천호대로 664,(능동),19741201,37.5509798002896,127.087095159462,addr
선화예술중학교,각종학교(중),광진구,능동,서울특별시 광진구 천호대로 664,/ 선화예술중고등학교 (능동),19731201,37.5509798002896,127.087095159462,addr
성남고등학교,고등학교,동작구,대방동,서울특별시 동작구 대방동길 74,/ 성남고등학교 (대방동),19380224,37.5052815748623,126.926615278225,addr
성남중학교,중학교,동작구,대방동,서울특별시 동작구 대방동길 74,(대방동),19380425,37.5052815748623,126.926615278225,addr
성내중학교,중학교,강동구,성내동,서울특별시 강동구 성안로7길 36,(성내동/성내중학교),19841208,37.5290619074653,127.129117291814,addr
성덕고등학교,고등학교,강동구,천호동,서울특별시 강동구 구천면로 396,(천호동),19760601,37.5498545397762,127.141541303447,addr
성덕여자중학교,중학교,강동구,천호동,서울특별시 강동구 구천면로 396,(천호동/ 성덕여자중학교),19761228,37.5498545397762,127.141541303447,addr
성동고등학교,고등학교,중구,신당동,서울특별시 중구 퇴계로90길 17,/ 성동고등학교 (신당동),19490824,37.5641621970073,127.022389203196,addr
성동공업고등학교,고등학교,중구,흥인동,서울특별시 중구 다산로 290,(흥인동),19440401,37.5693631529572,127.017281730243,addr
성동글로벌경영고등학교,고등학교,중구,신당동,서울특별시 중구 퇴계로 375,(신당동/ 성동글로벌경영고등학교),19610303,37.5658547150955,127.0135246262,addr
성동초등학교,초등학교,광진구,자양동,서울특별시 광진구 자양로4길 63,(자양동),19661216,37.5332813682573,127.089281026795,addr
성베드로학교,특수학교,구로구,항동,서울특별시 구로구 연동로 320,/ 성베드로학교 (항동),19740523,37.4875235978289,126.826163535057,addr
성보고등학교,고등학교,관악구,신림동,서울특별시 관악구 남부순환로156길 39,(신림동/성보고등학교),19811231,37.4807283676946,126.920957326353,addr
성보중학교,중학교,관악구,신림동,서울특별시 관악구 남부순환로156길 39,성보중학교 (신림동),19811231,37.4807283676946,126.920957326353,addr
성사중학교,중학교,마포구,성산동,서울특별시 마포구 모래내로9길 16,/ 성사중학교 (성산동),19801227,37.5680910963856,126.912682985472,addr
성산중학교,중학교,마포구,합정동,서울특별시 마포구 성지1길 32-13,(합정동),19680117,37.5473163695853,126.916562846457,addr
성서중학교,중학교,마포구,성산동,서울특별시 마포구 성산로4길 42,(성산동),19840109,37.5627873046831,126.907952181324,addr
성수고등학교,고등학교,성동구,성수동,서울특별시 성동구 서울숲길 18,/ 성수고등학교 (성수동1가),20090301,37.5473418143935,127.038253431317,addr
성수중학교,중학교,성동구,성수동,서울특별시 성동구 서울숲길 18,(성수동1가/ 성수중학교),19671027,37.5473418143935,127.038253431317,addr
성신여자고등학교,고등학교,성북구,돈암동,서울특별시 성북구 동소문로26가길 80,(돈암동),19360428,37.5942896306119,127.022407171613,addr
성신여자중학교,중학교,성북구,돈암동,서울특별시 성북구 북악산로 918,(돈암동/성신여자중학교),19360428,37.5946226781717,127.023128563512,addr
성신초등학교,초등학교,성북구,돈암동,서울특별시 성북구 북악산로 918,(돈암동/성신초등학교),19650308,37.5946226781717,127.023128563512,addr
성심여자고등학교,고등학교,용산구,,서울특별시 용산구 원효로19길 49,/ 성심여자고등학교 (원효로4가),19600126,37.534209370461,126.95459335968,addr
성심여자중학교,중학교,용산구,,서울특별시 용산구 원효로19길 49,/ 성심여자중학교 (원효로4가),19570525,37.534209370461,126.95459335968,addr
성암국제무역고등학교,고등학교,강북구,미아동,서울특별시 강북구 도봉로29길 52,(미아동/ 성암국제무역고등학교),19600219,37.6204135324231,127.023905892641,addr
성암여자중학교,중학교,강북구,미아동,서울특별시 강북구 도봉로29길 52,(미아동/학교법인성암학원),19600114,37.6204135324231,127.023905892641,addr
성원중학교,중학교,성동구,성수동,서울특별시 성동구 성덕정9가길 13,(성수동2가/ 성원중학교),19680806,37.5394518246786,127.051383529488,addr
성일중학교,중학교,동대문구,제기동,서울특별시 동대문구 왕산로23길 55,(제기동),19691101,37.5818502321361,127.033850440748,addr
성재중학교,중학교,강서구,가양동,서울특별시 강서구 허준로 36,(가양동/성재중학교),19950110,37.569502050399,126.845404381505,addr
세곡중학교,중학교,강남구,자곡동,서울특별시 강남구 자곡로 81,(자곡동/ 세곡중학교),20121227,37.4719648659665,127.092583750444,addr
세그루패션디자인고등학교,고등학교,도봉구,쌍문동,서울특별시 도봉구 시루봉로 53,/ 세그루패션디자인고등학교 (쌍문동),19741227,37.6562750160952,127.026703057445,addr
세륜중학교,중학교,송파구,오금동,서울특별시 송파구 양재대로72길 41,(오금동/세륜중학교),19911030,37.5089331446047,127.131246387027,addr
세명컴퓨터고등학교,고등학교,은평구,불광동,서울특별시 은평구 통일로92가길 33,/ 세명컴퓨터고등학교 (불광동),19740429,37.6278475739332,126.923545504491,addr
세일중학교,중학교,금천구,독산동,서울특별시 금천구 시흥대로147길 34,(독산동),19680806,37.4745944107703,126.895368861106,addr
세종과학고등학교,고등학교,구로구,궁동,서울특별시 구로구 오리로21길 79,(궁동),20080301,37.4975693967975,126.827351739435,addr
세종초등학교,초등학교,광진구,군자동,서울특별시 광진구 군자로 114,/ 세종초등학교 (군자동),19621004,37.5530110986438,127.072864629554,addr
세현고등학교,고등학교,강서구,가양동,서울특별시 강서구 허준로 227,/ 세현고등학교 (가양동),20060301,37.5604306618095,126.863621128106,addr
세화고등학교,고등학교,서초구,반포동,서울특별시 서초구 신반포로 56-7,(반포동),19861230,37.5019964569165,126.994230013893,addr
세화여자고등학교,고등학교,서초구,,서울특별시 서초구 신반포로 56-7,/ 세화여자고등학교 ,19771230,37.5019964569165,126.994230013893,addr
세화여자중학교,중학교,서초구,반포동,서울특별시 서초구 신반포로 56-7,/ 세화여자중학교 (반포동/강당),19780218,37.5019964569165,126.994230013893,addr
솔샘고등학교,고등학교,강북구,,서울특별시 강북구 인수봉로 39,/ 솔샘고등학교 ,20090301,37.6237648476803,127.012068855446,addr
솔샘중학교,중학교,강북구,미아동,서울특별시 강북구 인수봉로 39,(미아동/ 솔샘중.고등학교),20090301,37.6237648476803,127.012068855446,addr
송곡고등학교,고등학교,중랑구,망우동,서울특별시 중랑구 양원역로 50,(망우동/송곡고등학교),19861231,37.6058454355439,127.106463734951,addr
송곡관광고등학교,고등학교,중랑구,망우동,서울특별시 중랑구 양원역로 67,(망우동),19970902,37.6065806263938,127.10537791548,addr
송곡여자고등학교,고등학교,중랑구,망우동,서울특별시 중랑구 양원역로 67,(망우동),19721231,37.6065806263938,127.10537791548,addr
송곡중학교,중학교,중랑구,망우본동,서울특별시 중랑구 양원역로 67,(망우본동,19700131,37.6065806263938,127.10537791548,addr
송례중학교,중학교,송파구,장지동,서울특별시 송파구 위례순환로 429 ,(장지동),20140301,37.4778330100686,127.13973449828,addr
송정중학교,중학교,강서구,공항동,서울특별시 강서구 남부순환로 121,(공항동/송정중학교),19910121,37.5531580711075,126.815243549144,addr
송파중학교,중학교,송파구,가락동,서울특별시 송파구 동남로 203,(가락동/ 송파중학교),19780227,37.4959246234885,127.129932432189,addr
수도사랑의학교,특수학교,종로구,사직동,서울특별시 종로구 사직로7길 17,/ 수도사랑의학교 (사직동),19980126,37.5747822076287,126.965233100854,addr
수도여자고등학교,고등학교,동작구,신대방동,서울특별시 동작구 여의대방로10길 73,/ 수도여자고등학교 (신대방동),19460610,37.4928014552579,126.914907105304,addr
수도여자고등학교부설방송통신고등학교,방송통신고등학교,동작구,신대방동,서울특별시 동작구 여의대방로10길 73,"(신대방동, 수도여자고등학교)",19740223,37.4928014552579,126.914907105304,addr
수도전기공업고등학교,고등학교,강남구,개포동,서울특별시 강남구 개포로 410,/ 수도전기공업고등학교 (개포동),19240301,37.4849375350333,127.064478665219,addr
수락고등학교,고등학교,노원구,상계동,서울특별시 노원구 동일로245길 143,(상계동/수락고등학교),20020301,37.6829077650293,127.053570991513,addr
수락중학교,중학교,노원구,상계동,서울특별시 노원구 동일로 1729,/ 수락중학교 (상계동),20020301,37.6831446942923,127.054808336792,addr
수명고등학교,고등학교,강서구,내발산동,서울특별시 강서구 수명로2길 15,/ 수명고등학교 (내발산동),20090301,37.5497618629354,126.824766247612,addr
수명중학교,중학교,강서구,내발산동,서울특별시 강서구 수명로2길 16,(내발산동/수명중학교),20080301,37.5485669904719,126.824059627155,addr
수서중학교,중학교,강남구,수서동,서울특별시 강남구 광평로59길 57,(수서동/수서중학교),19930430,37.4912175755191,127.102355480301,addr
수송중학교,중학교,강북구,번동,서울특별시 강북구 한천로122길 21,(번동/수송중학교),20001125,37.6367599332935,127.03358552315,addr
수유중학교,중학교,강북구,수유동,서울특별시 강북구 인수봉로37길 40,(수유동/수유중학교),19720603,37.6312894231046,127.010319655123,addr
숙명여자고등학교,고등학교,강남구,도곡동,서울특별시 강남구 남부순환로 2807,/ 숙명여자고등학교 (도곡동),19060522,37.4914753613052,127.052612582715,addr
숙명여자중학교,중학교,강남구,,서울특별시 강남구 남부순환로 2807,/ 숙명여자중학교 ,19060522,37.4914753613052,127.052612582715,addr
숭곡중학교,중학교,성북구,하월곡동,서울특별시 성북구 종암로 208,/ 숭곡중학교 (하월곡동),20110113,37.6085534574833,127.03124026118,addr
숭문고등학교,고등학교,마포구,대흥동,서울특별시 마포구 숭문길 99,(대흥동),19460828,37.5508909515504,126.945886852057,addr
숭문중학교,중학교,마포구,대흥동,서울특별시 마포구 숭문길 99,/ 숭문중고등학교 (대흥동),19060401,37.5508909515504,126.945886852057,addr
숭실고등학교,고등학교,은평구,신사동,서울특별시 은평구 은평터널로7길 6,(신사동),18971010,37.5932748232178,126.902403937432,addr
숭실중학교,중학교,은평구,신사동,서울특별시 은평구 은평터널로7길 6,(신사동),18971010,37.5932748232178,126.902403937432,addr
숭의여자고등학교,고등학교,동작구,대방동,서울특별시 동작구 여의대방로36길 79,/ 숭의여자고등학교 (대방동),19031031,37.507364139341,126.92924328346,addr
숭의여자중학교,중학교,동작구,대방동,서울특별시 동작구 여의대방로36길 79,(대방동),19031031,37.507364139341,126.92924328346,addr
숭의초등학교,초등학교,중구,예장동,서울특별시 중구 소파로2길 10,/ 숭의초등학교 (예장동),19660225,37.5578530747432,126.987481605528,addr
숭인중학교,중학교,동대문구,답십리동,서울특별시 동대문구 천호대로47길 34,(답십리동/ 숭인중학교),19741227,37.5738482581785,127.043896480723,addr
시흥중학교,중학교,금천구,시흥동,서울특별시 금천구 시흥대로38길 60,", 시흥중학교 (시흥동)",19911030,37.4462950730433,126.905082280209,addr
신관중학교,중학교,관악구,신림동,서울특별시 관악구 신림로48길 17-16,/ (신림동 신관중학교) ,19840301,37.4802012453571,126.934452241482,addr
신광여자고등학교,고등학교,용산구,청파동,서울특별시 용산구 청파로 263,/ 신광여자고등학교 (청파동3가),19530608,37.5428998795519,126.969447523164,addr
신광여자중학교,중학교,용산구,청파동,서울특별시 용산구 청파로 263,(청파동3가),19460817,37.5428998795519,126.969447523164,addr
신광초등학교,초등학교,용산구,청파동,서울특별시 용산구 청파로 263,/ 신광초등학교 청파동 3가 100 (청파동3가),19641126,37.5428998795519,126.969447523164,addr
신구중학교,중학교,강남구,신사동,서울특별시 강남구 압구정로36길 17,(신사동/신구중학교),19880202,37.5274422864928,127.031672730195,addr
신길중학교,중학교,영등포구,신길동,서울특별시 영등포구 신길로28길 43,(신길동/ 신길중학교),20210301,37.5020345359595,126.915435514602,addr
신남중학교,중학교,양천구,신월동,서울특별시 양천구 중앙로29길 109,(신월동/신남중학교),19840109,37.520773887801,126.847826214409,addr
신도고등학교,고등학교,은평구,진관동,서울특별시 은평구 통일로 961,(진관동),20110301,37.6291325083008,126.918748608965,addr
신도림고등학교,고등학교,구로구,신도림동,서울특별시 구로구 경인로67길 159,(신도림동/신도림고등학교),20090301,37.5140629233737,126.88208378322,addr
신도림중학교,중학교,구로구,신도림동,서울특별시 구로구 경인로63길 74,/ 신도림중학교 (신도림동),19840109,37.5107407265629,126.884807054238,addr
신도봉중학교,중학교,도봉구,쌍문동,서울특별시 도봉구 도봉로115길 16,(쌍문동),19680806,37.6495947287047,127.03324806776,addr
신도중학교,중학교,은평구,진관동,서울특별시 은평구 진관1로 77-30,(진관동),20100301,37.6329931167171,126.930713128967,addr
신동중학교,중학교,서초구,잠원동,서울특별시 서초구 나루터로 27,/ 신동중학교 (잠원동/신동중학교),19900120,37.5169158985011,127.012915373961,addr
신림고등학교,고등학교,관악구,신림동,서울특별시 관악구 문성로 119,/ 신림고등학교 (신림동),19861217,37.4792104943499,126.916967177377,addr
신림중학교,중학교,관악구,신림동,서울특별시 관악구 신림로 40,(신림동/신림중학교),19731229,37.4703273364656,126.946003990797,addr
신명중학교,중학교,강동구,길동,서울특별시 강동구 명일로24길 25,(길동),19930110,37.5418144867925,127.149291882662,addr
신목고등학교,고등학교,양천구,신정동,서울특별시 양천구 안양천로 739,(신정동/신목고등학교),19861217,37.512909431854,126.873606945101,addr
신목중학교,중학교,양천구,목동,서울특별시 양천구 목동중앙로 88,(목동/신목중학교),19860129,37.5370239898936,126.873072488599,addr
신반포중학교,중학교,서초구,반포동,서울특별시 서초구 신반포로19길 26,/ 신반포중학교 (반포동/신반포중학교),19840109,37.5062653180781,126.996124207907,addr
신방학중학교,중학교,도봉구,방학동,서울특별시 도봉구 시루봉로 156,/ 신방학중학교 (방학동),19940105,37.6641404281763,127.028898968518,addr
신사중학교,중학교,강남구,압구정동,서울특별시 강남구 압구정로 123,(압구정동/신사중학교),19840301,37.5246515742682,127.020918846207,addr
신상중학교,중학교,노원구,상계동,서울특별시 노원구 동일로216길 42,(상계동/신상중학교),19880202,37.6519030829222,127.063986916145,addr
신서고등학교,고등학교,양천구,신정동,서울특별시 양천구 은행정로 42,/ 신서고등학교 (신정동),20060105,37.5239143189255,126.860209579436,addr
신서중학교,중학교,양천구,신정동,서울특별시 양천구 중앙로 206,(신정동/신서중학교),19821209,37.5159664434699,126.855016428706,addr
신수중학교,중학교,마포구,신수동,서울특별시 마포구 신수로 49,/ 신수중학교 (신수동),19861215,37.5459230000416,126.934131984442,addr
신암중학교,중학교,강동구,암사동,서울특별시 강동구 고덕로 65,/ 신암중학교 (암사동),19810504,37.5563616900258,127.133604335628,addr
신양중학교,중학교,광진구,자양동,서울특별시 광진구 자양강변길 73,/ 신양중학교 (자양동),19840109,37.5336522682692,127.063425269386,addr
신연중학교,중학교,서대문구,연희동,서울특별시 서대문구 모래내로 408,(연희동),19861215,37.582676783216,126.940382004992,addr
신원중학교,중학교,양천구,신월동,서울특별시 양천구 가로공원로55길 19,(신월동/신원중학교),19860129,37.5370924963028,126.82484194889,addr
신월중학교,중학교,양천구,신월동,서울특별시 양천구 남부순환로29길 25,/ 신월중학교 (신월동),19801217,37.5404619448842,126.828389031623,addr
신일고등학교,고등학교,강북구,미아동,서울특별시 강북구 솔매로49길 20,(미아동/신일중고등학교),19661013,37.627967222367,127.028403050284,addr
신일중학교,중학교,강북구,미아동,서울특별시 강북구 솔매로49길 20,(미아동/신일중고등학교),19661013,37.627967222367,127.028403050284,addr
신정여자중학교,중학교,강서구,,서울특별시 강서구 등촌로13아길 20,신정여자중학교 ,19780130,37.5384117486135,126.85717155125,addr
신진과학기술고등학교,고등학교,은평구,응암동,서울특별시 은평구 은평로6길 16,(응암동/학교법인신진학원),19700130,37.59871384669,126.918836393178,addr
신창중학교,중학교,,월계동,서울 노원구 월계로45길 92,(월계동/신창중학교),19840506,37.6285588034653,127.047477602261,addr
신천중학교,중학교,송파구,잠실동,서울특별시 송파구 백제고분로 11,/ 신천중학교 (잠실동),19751114,37.5162500127349,127.079283389854,addr
신현고등학교,고등학교,중랑구,상봉동,서울특별시 중랑구 봉화산로 174,/ 신현고등학교 (상봉동),20040301,37.6051463854873,127.092996578059,addr
신현중학교,중학교,중랑구,상봉동,서울특별시 중랑구 봉화산로 162,/ 신현중학교 (상봉동),19960115,37.6044645795756,127.091532797561,addr
신화중학교,중학교,양천구,신월동,서울특별시 양천구 남부순환로29길 35,", 신화중학교 (신월동)",19691111,37.5406111025313,126.829600421672,addr
아시아퍼시픽국제외국인학교,외국인학교,노원구,월계동,서울특별시 노원구 월계로45가길 57,(월계동),20061220,37.6312069854896,127.050296196373,addr
아주중학교,중학교,송파구,잠실동,서울특별시 송파구 올림픽로4길 69,/ 아주중학교 (잠실동),19861207,37.5052044945698,127.076298941322,addr
아현산업정보학교,각종학교(고),마포구,아현동,서울특별시 마포구 마포대로 249,(아현동/ 아현산업정보학교/ 아현직업학교),19540806,37.557026368803,126.958022776892,addr
아현중학교,중학교,마포구,아현동,서울특별시 마포구 마포대로 247,(아현동/아현중학교),19800202,37.5564007056196,126.9565000215,addr
아현중학교부설방송통신중학교,방송통신중학교,마포구,아현동,서울특별시 마포구 마포대로 247,/ 아현중학교 내 아현방송통신중학교 (아현동),20150301,37.5564007056196,126.9565000215,addr
안천중학교,중학교,금천구,독산동,서울특별시 금천구 한내로 69-44,(독산동/안천중학교),19910121,37.4595242629201,126.887498771184,addr
압구정고등학교,고등학교,강남구,압구정동,서울특별시 강남구 압구정로39길 20,/ 압구정고등학교 (압구정동),19861217,37.5311339475008,127.032711640733,addr
압구정중학교,중학교,강남구,압구정동,서울특별시 강남구 압구정로 225,/ 압구정중학교 (압구정동/압구정중학교),19830301,37.5302422355471,127.033002687736,addr
양강중학교,중학교,양천구,신월동,서울특별시 양천구 중앙로 319,(신월동),19860217,37.5249101622153,126.849620267451,addr
양동중학교,중학교,양천구,목동,서울특별시 양천구 목동중앙북로 49,(목동/양동중학교),19840109,37.5483687522185,126.868717203675,addr
양서중학교,중학교,양천구,신월동,서울특별시 양천구 남부순환로 380,(신월동/양서중학교),19900120,37.5326758132812,126.828972567552,addr
양재고등학교,고등학교,서초구,서초동,서울특별시 서초구 남부순환로346길 9,(서초동/양재고등학교),19900120,37.4824216431127,127.032079625373,addr
양정고등학교,고등학교,양천구,목동,서울특별시 양천구 안양천로 1039,(목동/양정고등학교),19050512,37.5353922607054,126.887734285049,addr
양정중학교,중학교,양천구,목동,서울특별시 양천구 안양천로 1039,(목동/ 양정고등학교),19050211,37.5353922607054,126.887734285049,addr
양진중학교,중학교,광진구,,서울특별시 광진구 워커힐로 32,/ 양진중학교 ,20051229,37.5449782076528,127.098714317037,addr
양천고등학교,고등학교,양천구,신정동,서울특별시 양천구 신정로14길 13,(신정동/양천고등학교),19840206,37.5083201483795,126.845202874653,addr
양천중학교,중학교,양천구,신월동,서울특별시 양천구 지양로7길 32,(신월동/양천중학교),19900120,37.5190011611899,126.830550787,addr
양화중학교,중학교,영등포구,문래동,서울특별시 영등포구 당산로 56,(문래동3가/양화중학교),19801227,37.5195479164417,126.895940834494,addr
언남고등학교,고등학교,,양재동,서울 서초구 동산로13길 35,(양재동/언남고등학교),19860125,37.4723300184587,127.043005236379,addr
언남중학교,중학교,서초구,양재동,서울특별시 서초구 동산로 55,(양재동/언남중학교),19881224,37.4723026220168,127.043757102066,addr
언북중학교,중학교,강남구,논현동,서울특별시 강남구 도산대로38길 27,(논현동/언북중학교),19820107,37.5194111496903,127.033490549669,addr
언주중학교,중학교,강남구,,서울특별시 강남구 선릉로116길 57,/ 언주중학교 ,19801227,37.5146531581428,127.046683245003,addr
여명학교,각종학교(고),중구,남산동,서울특별시 중구 소파로 99,/ 여명학교 (남산동2가),20100322,37.5569031111925,126.985536502926,addr
여명학교(중),각종학교(중),강서구,가양동,서울특별시 강서구 허준로 221-22,(가양동),20220301,37.5611125069483,126.864221559963,addr
여의도고등학교,고등학교,영등포구,여의도동,서울특별시 영등포구 국제금융로7길 37,/ 여의도고등학교 (여의도동),19721229,37.525051010673,126.934219234109,addr
여의도여자고등학교,고등학교,영등포구,여의도동,서울특별시 영등포구 국제금융로7가길 13,/ 여의도여자고등학교 (여의도동),19840301,37.5229539211231,126.934857399184,addr
여의도중학교,중학교,영등포구,여의도동,서울특별시 영등포구 국제금융로7길 46,/ 여의도중학교 (여의도동),19721231,37.5239802029958,126.935753141866,addr
역삼중학교,중학교,강남구,역삼동,서울특별시 강남구 도곡로43길 10,(역삼동/역삼중학교),19841208,37.4959294910052,127.04861289161,addr
연북중학교,중학교,서대문구,연희동,서울특별시 서대문구 연희로36길 32,(연희동/연북중학교),19841208,37.5775532912341,126.938295387125,addr
연서중학교,중학교,은평구,증산동,서울특별시 은평구 증산서길 125-6,(증산동/연서중학교),19711028,37.587027156188,126.909283597865,addr
연세대학교재활학교,특수학교,서대문구,신촌동,서울특별시 서대문구 연세로 50,/ 연세대학교재활학교 (신촌동),19640228,37.5660508394158,126.943916239886,addr
연신중학교,중학교,은평구,불광동,서울특별시 은평구 연서로33길 16-32,(연신중학교/ 불광동),19820107,37.62353926398,126.924287913377,addr
연천중학교,중학교,은평구,불광동,서울특별시 은평구 연서로41길 30,(불광동),19840109,37.6275452130621,126.925819848355,addr
연희중학교,중학교,서대문구,남가좌동,서울특별시 서대문구 증가로 170,(남가좌동),19711229,37.5795872821657,126.918791837695,addr
염경중학교,중학교,강서구,염창동,서울특별시 강서구 양천로69길 35,(염창동/염경중학교),20051229,37.5545378116366,126.870529242403,addr
염광고등학교,고등학교,노원구,월계동,서울특별시 노원구 월계로45가길 9,(월계동),19821019,37.6302844506448,127.049264552091,addr
염광메디텍고등학교,고등학교,노원구,월계동,서울특별시 노원구 월계로45가길 9,", 염광메디텍고등학교 (월계동)",19680301,37.6302844506448,127.049264552091,addr
염광중학교,중학교,노원구,월계동,서울특별시 노원구 월계로45가길 9,/ 노원구 월계동 820 (월계동),19651229,37.6302844506448,127.049264552091,addr
염창중학교,중학교,강서구,염창동,서울특별시 강서구 양천로67가길 83,(염창동/염창중학교),19840116,37.5542640665682,126.871747328101,addr
영남중학교,중학교,영등포구,대림동,서울특별시 영등포구 대림로31나길 17,/ 영남중학교 (대림동),19800124,37.4978721812656,126.895836459703,addr
영도중학교,중학교,양천구,목동,서울특별시 양천구 목동중앙남로 27,/ 영도중학교 (목동/강서고등학교),19380910,37.5363155693554,126.865771125825,addr
영동고등학교,고등학교,강남구,청담동,서울특별시 강남구 선릉로 742,(청담동/ 영동고등학교),19720418,37.5213890143821,127.043739258782,addr
영동일고등학교,고등학교,송파구,잠실동,서울특별시 송파구 석촌호수로 93,/ 영동일고등학교 (잠실동),19771230,37.5099746522433,127.089443727735,addr
영동중학교,중학교,서초구,우면동,서울특별시 서초구 성촌길 14,(우면동/영동중학교),19691111,37.465986287158,127.025140749981,addr
영등포고등학교,고등학교,동작구,대방동,서울특별시 동작구 등용로8길 5,(대방동/영등포고등학교),19590313,37.5080854131193,126.933143709837,addr
영등포고등학교부설방송통신고등학교,방송통신고등학교,동작구,대방동,서울특별시 동작구 등용로8길 5,/ 대방동 13-2 (대방동/ 영등포고등학교부설방송통신고등학교),19790110,37.5080854131193,126.933143709837,addr
영등포공업고등학교,고등학교,강서구,가양동,서울특별시 강서구 허준로5길 15,(가양동),19530409,37.5698356164942,126.850028274704,addr
영등포여자고등학교,고등학교,영등포구,신길동,서울특별시 영등포구 영등포로62길 13,/ 영등포여자고등학교  (신길동)184-3,19530331,37.5153884476796,126.915356313843,addr
영등포중학교,중학교,동작구,대방동,서울특별시 동작구 등용로8길 5,/ 영등포중학교 (대방동),19060407,37.5080854131193,126.933143709837,addr
영락고등학교,고등학교,관악구,봉천동,서울특별시 관악구 청룡16길 25,/ 영락고등학교 (봉천동),19590409,37.476541242971,126.945416499639,addr
영락의료과학고등학교,고등학교,관악구,봉천동,서울특별시 관악구 청룡16길 25,(봉천동/ 서울영락고등학교/ 영락의료과학고등학교),19520610,37.476541242971,126.945416499639,addr
영락중학교,중학교,은평구,응암동,서울특별시 은평구 백련산로 134-6,/ 영락중학교 (응암동),19520610,37.5969602955013,126.925180316438,addr
영란여자중학교,중학교,중랑구,망우동,서울특별시 중랑구 망우로73길 56,(망우동),19690115,37.6031323992803,127.105332396209,addr
영림중학교,중학교,구로구,구로동,서울특별시 구로구 가마산로27길 17,/ 영림중학교 (구로동),19790131,37.4972281131318,126.89071786561,addr
영서중학교,중학교,구로구,구로동,서울특별시 구로구 도림로20길 35,(구로동),19800124,37.4897523897016,126.89491012521,addr
영신간호비즈니스고등학교,고등학교,노원구,중계동,서울특별시 노원구 중계로16나길 13,/ 영신간호비즈니스고등학교 (중계동),19921007,37.6525485061054,127.08350874514,addr
영신고등학교,고등학교,,신길동,서울 영등포구 대방천로14길 18,/ 영신고등학교 (신길동/영신고등학교),19900120,37.4981009442437,126.909739022671,addr
영신여자고등학교,고등학교,노원구,중계동,서울특별시 노원구 중계로16나길 13,(중계동/영신여자고등학교),19871215,37.6525485061054,127.08350874514,addr
영원중학교,중학교,영등포구,영등포동,서울특별시 영등포구 영등포로62길 31,(영등포동/영원중학교),19500524,37.5149741902707,126.913646864883,addr
영일고등학교,고등학교,강서구,등촌동,서울특별시 강서구 등촌로51가길 26,/ 영일고등학교 (등촌동),19740607,37.5472872620345,126.86205890011,addr
영파여자고등학교,고등학교,송파구,풍납동,서울특별시 송파구 올림픽로 565,/ 영파여자고등학교 (풍납동),19721229,37.5327371486645,127.119740221132,addr
영파여자중학교,중학교,송파구,풍납동,서울특별시 송파구 올림픽로 565,(풍납동),19671028,37.5327371486645,127.119740221132,addr
영훈고등학교,고등학교,강북구,미아동,서울특별시 강북구 도봉로13가길 19,(미아동/학교법인영훈학원),19721229,37.6146818749027,127.02809331872,addr
영훈국제중학교,중학교,강북구,미아동,서울특별시 강북구 도봉로13가길 19,(미아동/학교법인영훈학원),19690115,37.6146818749027,127.02809331872,addr
영훈초등학교,초등학교,강북구,미아동,서울특별시 강북구 도봉로13가길 19,(미아동/학교법인영훈학원),19650925,37.6146818749027,127.02809331872,addr
예림디자인고등학교,고등학교,구로구,궁동,서울특별시 구로구 오리로21길 2,(궁동/예림디자인고등학교),19651205,37.5003550678039,126.827683012604,addr
예원학교,각종학교(중),중구,정동,서울특별시 중구 정동길 25,(정동),19661117,37.56702326472,126.971542683635,addr
예일디자인고등학교,고등학교,은평구,구산동,서울특별시 은평구 연서로 117,/ 예일디자인고등학교 (구산동),19930926,37.6109458980893,126.914792838283,addr
예일여자고등학교,고등학교,은평구,구산동,서울특별시 은평구 연서로 117,/ 예일여자고등학교 (구산동/수위실),19650926,37.6109458980893,126.914792838283,addr
예일여자중학교,중학교,은평구,구산동,서울특별시 은평구 연서로 117,(구산동),19650926,37.6109458980893,126.914792838283,addr
예일초등학교,초등학교,은평구,구산동,서울특별시 은평구 연서로 117,/ 예일초등학교 (구산동),19650926,37.6109458980893,126.914792838283,addr
오금고등학교,고등학교,송파구,오금동,서울특별시 송파구 중대로 247,(오금동),19871215,37.5045321738186,127.128968951167,addr
오금중학교,중학교,송파구,오금동,서울특별시 송파구 오금로35길 20,(오금동/오금중학교),19861217,37.5052111047982,127.129112056324,addr
오남중학교,중학교,구로구,오류동,서울특별시 구로구 오리로9길 25,(오류동),19880202,37.4870039026157,126.83717096334,addr
오디세이학교,각종학교(고),종로구,숭인동,서울특별시 종로구 종로58길 30,(숭인동),20150526,37.5721095475785,127.01741265638,addr
오류고등학교,고등학교,구로구,궁동,서울특별시 구로구 오리로21길 2,(궁동/ 오류고등학교),19991127,37.5003550678039,126.827683012604,addr
오류중학교,중학교,구로구,고척동,서울특별시 구로구 고척로27바길 19,(고척동),19760306,37.5077291918003,126.846523985639,addr
오륜중학교,중학교,송파구,방이동,서울특별시 송파구 양재대로 1242,(방이동/오륜중학교),19881224,37.5162947747499,127.13852222328,addr
오산고등학교,고등학교,용산구,보광동,서울특별시 용산구 보광로7길 17,(보광동),19071224,37.5235805097988,127.000887240982,addr
오산중학교,중학교,용산구,보광동,서울특별시 용산구 보광로7길 17,(보광동/오산중학교),19071224,37.5235805097988,127.000887240982,addr
오주중학교,중학교,송파구,오금동,서울특별시 송파구 동남로 281,(오금동/ 오주중학교),19840109,37.5014842537875,127.136506477956,addr
옥정중학교,중학교,성동구,옥수동,서울특별시 성동구 한림말길 11,/ 옥정중학교 (옥수동),19840109,37.5416703705205,127.012983234555,addr
온곡중학교,중학교,노원구,상계동,서울특별시 노원구 노원로 492,(상계동/온곡중학교),19910121,37.660581424498,127.064332662253,addr
용강중학교,중학교,용산구,이촌동,서울특별시 용산구 이촌로65가길 91,(이촌동),19681101,37.5215769321647,126.975485292591,addr
용곡중학교,중학교,광진구,중곡동,서울특별시 광진구 용마산로22길 76,(중곡동/용곡중학교),19821209,37.5658339893237,127.089275266763,addr
용마중학교,중학교,중랑구,면목동,서울특별시 중랑구 면목로28길 18,/ 용마중학교 (면목동),20010301,37.5745091144718,127.086267425784,addr
용문고등학교,고등학교,성북구,안암동,서울특별시 성북구 고려대로17가길 46,(안암동2가/ 용문중고등학교),19461012,37.5886903262008,127.024660795253,addr
용문중학교,중학교,성북구,안암동,서울특별시 성북구 고려대로17가길 46,(안암동2가/ 용문중고등학교),19461012,37.5886903262008,127.024660795253,addr
용산고등학교,고등학교,용산구,용산동,서울특별시 용산구 두텁바위로 60,(용산동2가/용산고등학교),19460909,37.5458673821179,126.980327669219,addr
용산중학교,중학교,용산구,용산동,서울특별시 용산구 두텁바위로 74,(용산동2가),19450909,37.5460125390171,126.9809128899,addr
용산철도고등학교,고등학교,용산구,,서울특별시 용산구 서빙고로 24,(한강로3가/ 용산철도고등학교),19630518,37.5243416742733,126.967358069696,addr
용화여자고등학교,고등학교,노원구,상계동,서울특별시 노원구 동일로 1461,/ 용화여자고등학교 (상계동/용화여자고등학교),19871215,37.6591313767305,127.058280693098,addr
우신고등학교,고등학교,구로구,궁동,서울특별시 구로구 부일로 917,/ 우신고등학교 (궁동),19740105,37.4949023087281,126.826353599765,addr
우신중학교,중학교,구로구,궁동,서울특별시 구로구 부일로 917,/ 우신중학교 (궁동),19740105,37.4949023087281,126.826353599765,addr
우촌초등학교,초등학교,성북구,돈암동,서울특별시 성북구 성북로4길 52-1,(돈암동/우촌초등학교),19650324,37.5956408923336,127.011400646113,addr
운현초등학교,초등학교,종로구,운니동,서울특별시 종로구 삼일대로 460,(운니동/운현초등학교),19860304,37.5766672930696,126.988198556535,addr
원묵고등학교,고등학교,중랑구,묵동,서울특별시 중랑구 숙선옹주로 82,/ 원묵고등학교 (묵동),20031219,37.6152323139525,127.085507784516,addr
원묵중학교,중학교,중랑구,묵동,서울특별시 중랑구 신내로23길 57,/ 원묵중학교 (묵동),19960115,37.6178416319695,127.084553885966,addr
원촌중학교,중학교,서초구,반포동,서울특별시 서초구 사평대로45길 10,(반포동/원촌중학교),19821209,37.5063251046839,127.014699724248,addr
월계고등학교,고등학교,노원구,월계동,서울특별시 노원구 초안산로5길 66,(월계동/월계고등학교),20050105,37.6316734128872,127.048388273455,addr
월계중학교,중학교,노원구,월계동,서울특별시 노원구 월계로45가길 54,(월계동),19810409,37.6311311432951,127.052320262288,addr
월곡중학교,중학교,성북구,상월곡동,서울특별시 성북구 장월로 6,(상월곡동/월곡중학교),19860129,37.6069823458659,127.048259362361,addr
월촌중학교,중학교,양천구,목동,서울특별시 양천구 목동서로 31,(목동/서울월촌중학교),19910121,37.5370651782493,126.88275880551,addr
위례솔중학교,중학교,송파구,거여동,서울특별시 송파구 위례북로2길 10 ,/ 위례솔중학교 (거여동),20220301,37.4872591125777,127.150354996473,addr
유석초등학교,초등학교,강서구,등촌동,서울특별시 강서구 화곡로69길 9,(등촌동/유석초등학교),19651203,37.560801806853,126.853779444824,addr
유한공업고등학교,고등학교,구로구,항동,서울특별시 구로구 경인로 8,(항동),19641229,37.4879765968891,126.823290699072,addr
윤중중학교,중학교,영등포구,여의도동,서울특별시 영등포구 여의동로3길 3,/ 윤중중학교 (여의도동),19810902,37.518930212016,126.924123155746,addr
은광여자고등학교,고등학교,강남구,도곡동,서울특별시 강남구 남부순환로359길 36,(도곡동),19550315,37.4883484513575,127.035021467585,addr
은석초등학교,초등학교,동대문구,장안동,서울특별시 동대문구 장안벚꽃로 205,(장안동/ 은석초등학교),19630328,37.5784502701654,127.076003088926,addr
은성중학교,중학교,강남구,도곡동,서울특별시 강남구 남부순환로359길 36,(도곡동/은광여자고등학교),19550316,37.4883484513575,127.035021467585,addr
은평고등학교,고등학교,은평구,구산동,서울특별시 은평구 갈현로15길 47,(구산동/ 은평고등학교),20090301,37.6091520473272,126.905808015137,addr
은평대영학교,특수학교,은평구,구산동,서울특별시 은평구 갈현로11길 30,/ 은평대영학교 (구산동/ 사회복지법인 엔젤스헤이븐),19810312,37.60561275596,126.906342824539,addr
은평메디텍고등학교,고등학교,은평구,진관동,서울특별시 은평구 진관2로 57-57,(진관동/은평메디텍고등학교),19700302,37.6353465248875,126.929704776155,addr
은평문화예술정보학교,각종학교(고),은평구,응암동,서울특별시 은평구 가좌로 208,/ 은평문화예술정보학교 (응암동/ 은평문화예술정보학교),20131226,37.5895224059645,126.919265533812,addr
은평중학교,중학교,은평구,구산동,서울특별시 은평구 갈현로17나길 12-1,(구산동),19840109,37.6106351824588,126.908347176378,addr
을지중학교,중학교,노원구,중계동,서울특별시 노원구 덕릉로 580,(중계동),20040301,37.6497879094923,127.071708403396,addr
이수중학교,중학교,서초구,방배동,서울특별시 서초구 방배중앙로3길 32,(방배동/이수중학교),19820107,37.4806300322796,126.989859045395,addr
이화여자고등학교,고등학교,중구,정동,서울특별시 중구 정동길,/ 26 (정동),18860531,37.5665547140475,126.971037241447,addr
이화여자대학교병설미디어고등학교,고등학교,중랑구,망우동,서울특별시 중랑구 망우로73길 56,/ 02061 (망우동),19690110,37.6031323992803,127.105332396209,addr
이화여자대학교사범대학부속이화・금란중학교,중학교,서대문구,대신동,서울특별시 서대문구 성산로 520,(대신동),19550228,37.5626393076934,126.944488566727,addr
이화여자대학교사범대학부속이화금란고등학교,고등학교,서대문구,대신동,서울특별시 서대문구 성산로 560,/ 이대부속고등학교 (대신동),19580215,37.5663888550725,126.947355714248,addr
이화여자대학교사범대학부속초등학교,초등학교,서대문구,대신동,서울특별시 서대문구 성산로 512-39,(대신동/이화여대부속초등학교),19550408,37.5611502235257,126.942775077877,addr
이화여자외국어고등학교,고등학교,중구,순화동,서울특별시 중구 통일로4길 30,(순화동),19910911,37.5655773233848,126.969641663889,addr
인덕과학기술고등학교,고등학교,노원구,월계동,서울특별시 노원구 초안산로 12,/ 인덕과학기술고등학교 (월계동/ 인덕대학교/인덕공업고등학교),19631214,37.6302514486494,127.054448642206,addr
인수중학교,중학교,강북구,수유동,서울특별시 강북구 인수봉로75길 10,(수유동/ 인수중학교),19860129,37.6437719058609,127.009667145786,addr
인왕중학교,중학교,서대문구,홍제동,서울특별시 서대문구 세검정로4길,/ 69 (홍제동),20100301,37.5921766077533,126.951676034823,addr
인창고등학교,고등학교,서대문구,,서울특별시 서대문구 경기대로 65,/ 인창고등학교 (충정로2가),19531010,37.564885131451,126.964023197643,addr
인창중학교,중학교,서대문구,,서울특별시 서대문구 경기대로 65,(충정로2가/인창중학교),19450901,37.564885131451,126.964023197643,addr
인헌고등학교,고등학교,관악구,봉천동,서울특별시 관악구 인헌9길 74,(봉천동/인헌고등학교),19841207,37.4723107319026,126.970485117895,addr
인헌중학교,중학교,관악구,봉천동,서울특별시 관악구 인헌9길 35,/ 인헌중학교 (봉천동),19710116,37.4726853122526,126.968848481233,addr
일신여자상업고등학교,고등학교,송파구,송파동,서울특별시 송파구 송파대로38길 8,(송파동/일신여자상업고등학교),19560316,37.5017941334924,127.114241325581,addr
자양고등학교,고등학교,광진구,자양동,서울특별시 광진구 뚝섬로37길 28,(자양동/자양고등학교),19831226,37.536077967735,127.073339535384,addr
자양중학교,중학교,광진구,자양동,서울특별시 광진구 뚝섬로41길 33,(자양동/서울자양중학교),19840301,37.5357298982053,127.074368913785,addr
자운고등학교,고등학교,도봉구,창동,서울특별시 도봉구 노해로69길 150,(창동),20020527,37.6590464061269,127.050690661699,addr
잠신고등학교,고등학교,송파구,잠실동,서울특별시 송파구 잠실로 24,/ 잠신고등학교 (잠실동),19881223,37.5147012912615,127.08828295987,addr
잠신중학교,중학교,송파구,잠실동,서울특별시 송파구 잠실로 12,/ 잠신중학교 (잠실동),19840109,37.5160817484345,127.088243186371,addr
잠실고등학교,고등학교,송파구,신천동,서울특별시 송파구 올림픽로33길 71,/ 잠실고등학교 (신천동),19821130,37.522930433109,127.106515037791,addr
잠실여자고등학교,고등학교,송파구,송파동,서울특별시 송파구 송파대로38길 8,(송파동) 잠실여자고등학교,19821130,37.5017941334924,127.114241325581,addr
잠실여자중학교,중학교,송파구,송파동,서울특별시 송파구 송파대로38길 8,"(송파동,잠실여자중학교)",19740301,37.5017941334924,127.114241325581,addr
잠실중학교,중학교,송파구,신천동,서울특별시 송파구 올림픽로35길 130,(신천동),19800124,37.5173471687295,127.09972830098,addr
잠일고등학교,고등학교,송파구,잠실동,서울특별시 송파구 백제고분로 21,(잠실동),20120301,37.5145543759031,127.082367731592,addr
장승중학교,중학교,동작구,상도동,서울특별시 동작구 장승배기로10가길 25,/ 장승중학교 (상도동),19850424,37.5031485833795,126.940834004372,addr
장안중학교,중학교,중랑구,중화동,서울특별시 중랑구 동일로 780,/ 장안중학교 (중화동),19691111,37.6005073021727,127.081376524078,addr
장원중학교,중학교,중구,신당동,서울특별시 중구 동호로15길 93-34,(신당동),19680806,37.5539645178112,127.006042884936,addr
장위중학교,중학교,성북구,장위동,서울특별시 성북구 장위로4길 70,(장위동/장위중학교),19841208,37.6112817727174,127.040874553779,addr
장충고등학교,고등학교,중구,신당동,서울특별시 중구 동호로15길 93,(신당동),19470901,37.5535149002283,127.006414953028,addr
장충중학교,중학교,중구,신당동,서울특별시 중구 동호로15길 93,(신당동),19470825,37.5535149002283,127.006414953028,addr
장평중학교,중학교,동대문구,장안동,서울특별시 동대문구 답십리로72길 158,/ 장평중학교 (장안동),19671020,37.5668596067189,127.070477570556,addr
장훈고등학교,고등학교,영등포구,신길동,서울특별시 영등포구 영등포로64길 26,/ 장훈고등학교 (신길동),19640113,37.5133455931748,126.916228547854,addr
재한몽골학교,외국인학교,광진구,광장동,서울특별시 광진구 광장로1가길 13-10,(광장동),20050302,37.5470934423718,127.101104344074,addr
재현고등학교,고등학교,노원구,중계동,서울특별시 노원구 덕릉로82길 64,/ 재현고등학교 (중계동),19780303,37.6612906377296,127.080799772038,addr
재현중학교,중학교,노원구,중계동,서울특별시 노원구 덕릉로82길 64,(중계동/재현중/고등학교),19710303,37.6612906377296,127.080799772038,addr
전농중학교,중학교,동대문구,전농동,서울특별시 동대문구 사가정로13길 71,(전농동/전농중학교),19671027,37.5820442761539,127.059279434844,addr
전동중학교,중학교,동대문구,휘경동,서울특별시 동대문구 장안벚꽃로 291,(휘경동/전동중학교),19841208,37.5861935915453,127.070929087368,addr
전일중학교,중학교,동대문구,전농동,서울특별시 동대문구 사가정로13길 67,/ 전일중학교 (전농동),19740304,37.5825001768201,127.058379516351,addr
정신여자고등학교,고등학교,송파구,잠실동,서울특별시 송파구 올림픽로4길 16,/ 정신여자고등학교 (잠실동),18871020,37.5094538398143,127.073847329188,addr
정신여자중학교,중학교,송파구,잠실동,서울특별시 송파구 올림픽로4길 16,/ 정신여자중학교 (잠실동),18871020,37.5094538398143,127.073847329188,addr
정원여자중학교,중학교,서대문구,홍은동,서울특별시 서대문구 연희로37안길 51,/ 정원여자중학교 (홍은동),19690115,37.585375236102,126.933430493203,addr
정의여자고등학교,고등학교,도봉구,쌍문동,서울특별시 도봉구 노해로49길 69,(쌍문동/정의여자고등학교),19760305,37.6533558400471,127.032427255133,addr
정의여자중학교,중학교,도봉구,쌍문동,서울특별시 도봉구 노해로49길 69,/ 정의여자중학교 (쌍문동),19710130,37.6533558400471,127.032427255133,addr
정화여자중학교,중학교,동대문구,제기동,서울특별시 동대문구 홍릉로15길 50,/ 정화여자중학교 (제기동),19080901,37.586048641672,127.041070321981,addr
종로산업정보학교,각종학교(고),종로구,숭인동,서울특별시 종로구 종로58길 28,"(숭인동, 종로산업정보학교)",19901110,37.5725712502565,127.017188742529,addr
종암중학교,중학교,성북구,종암동,서울특별시 성북구 종암로5길 80-17,(종암동/종암중학교),19800409,37.5929705982623,127.031747584508,addr
주몽학교,특수학교,강동구,상일동,서울특별시 강동구 상암로 369,/ 주몽학교 (상일동),19850130,37.5461987504982,127.163375714608,addr
중경고등학교,고등학교,용산구,이촌동,서울특별시 용산구 이촌로84길 34,(이촌동),19820301,37.5176803956953,126.975638256286,addr
중계중학교,중학교,노원구,중계동,서울특별시 노원구 덕릉로76길 23,(중계동),19940105,37.6556269059244,127.074900383387,addr
중동고등학교,고등학교,강남구,일원동,서울특별시 강남구 일원로 7,(일원동),19060510,37.4937134106081,127.080660058176,addr
중동중학교,중학교,강남구,중동,서울특별시 강남구 일원로8길 37,중동중학교,19060510,37.4885699031176,127.078681867052,addr
중랑중학교,중학교,중랑구,중화동,서울특별시 중랑구 동일로140길 33,/ 중랑중학교 (중화동),19721229,37.6053543032855,127.080801743129,addr
중산고등학교,고등학교,강남구,일원동,서울특별시 강남구 일원로14길 22,(일원동/ 중산고등학교),19940301,37.4857429318866,127.0814284922,addr
중암중학교,중학교,마포구,중동,서울특별시 마포구 월드컵북로38길 25,(중동/중암중학교),19841208,37.5724113191677,126.903368570397,addr
중앙고등학교,고등학교,종로구,계동,서울특별시 종로구 창덕궁길 164,(계동),19080620,37.5837882231459,126.987472622092,addr
중앙대학교사범대학부속고등학교,고등학교,강남구,도곡동,서울특별시 강남구 선릉로 207,/ 중앙대학교사범대학부속고등학교 (도곡동),19340415,37.4918425685769,127.05169012944,addr
중앙대학교사범대학부속중학교,중학교,동작구,흑석동,서울특별시 동작구 서달로 124,/ 중앙대학교사범대학부속중학교 (흑석동),19340415,37.503629418993,126.961732578732,addr
중앙대학교사범대학부속초등학교,초등학교,동작구,흑석동,서울특별시 동작구 서달로 135,(흑석동/ 중앙대부속초등학교),19641203,37.5052685494717,126.960162287237,addr
중앙여자고등학교,고등학교,서대문구,북아현동,서울특별시 서대문구 북아현로11가길 7,(북아현동),19401010,37.5631767195176,126.954059321222,addr
중앙여자중학교,중학교,서대문구,북아현동,서울특별시 서대문구 북아현로11가길 7,(북아현동/ 중앙여자중학교),19401010,37.5631767195176,126.954059321222,addr
중앙중학교,중학교,종로구,계동,서울특별시 종로구 창덕궁길 164,(계동),19080601,37.5837882231459,126.987472622092,addr
중원중학교,중학교,노원구,중계동,서울특별시 노원구 공릉로 420,(중계동/중원중학교),19910121,37.644238678695,127.068029512763,addr
중평중학교,중학교,노원구,하계동,서울특별시 노원구 동일로203길 87,(하계동/중평중학교),19900120,37.6369763760003,127.062335387205,addr
중화고등학교,고등학교,중랑구,중화동,서울특별시 중랑구 봉화산로27길 62,(중화동/ 중화고등학교),19871215,37.6048146052263,127.083654104942,addr
중화중학교,중학교,중랑구,면목동,서울특별시 중랑구 용마산로 364,(면목동/중화중학교),19700303,37.584503792183,127.094560803284,addr
증산중학교,중학교,은평구,증산동,서울특별시 은평구 증산로5길 27-30,/ 증산중학교 (증산동),19860129,37.5838153929282,126.904939878075,addr
지구촌기독외국인학교,외국인학교,용산구,한남동,서울특별시 용산구 독서당로 115,(한남동),19960901,37.5367426570382,127.011776593011,addr
지구촌학교,각종학교(초),구로구,오류동,서울특별시 구로구 오리로 1189,(오류동),20110302,37.4888597347494,126.835176855592,addr
지구촌학교 고등학교,각종학교(고),구로구,오류동,서울특별시 구로구 오리로 1189,"(오류동, 금강프라자)",20230301,37.4888597347494,126.835176855592,addr
지구촌학교 중학교,각종학교(중),구로구,오류동,서울특별시 구로구 오리로 1189,"(오류동, 금강프라자)",20230301,37.4888597347494,126.835176855592,addr
진관고등학교,고등학교,은평구,진관동,서울특별시 은평구 진관4로 26,(진관동),20090102,37.643338571257,126.924382489033,addr
진관중학교,중학교,은평구,진관동,서울특별시 은평구 진관4로 36,(진관동),20080901,37.6442556363265,126.925727657672,addr
진명여자고등학교,고등학교,양천구,목동,서울특별시 양천구 목동로 170,/ 진명여자고등학교 (목동),19060421,37.5240834137562,126.865465205432,addr
진선여자고등학교,고등학교,강남구,역삼동,서울특별시 강남구 선릉로85길 27,(진선여자고등학교/역삼동),19761228,37.5023028920315,127.048286565491,addr
진선여자중학교,중학교,강남구,역삼동,서울특별시 강남구 선릉로85길 27,(역삼동/ 진선여자중학교),19761228,37.5023028920315,127.048286565491,addr
창덕여자고등학교,고등학교,송파구,방이동,서울특별시 송파구 양재대로 1240,/ 창덕여자고등학교 (방이동),19410402,37.5162747389886,127.140230435212,addr
창덕여자중학교,중학교,중구,정동,서울특별시 중구 정동길 22,/ 창덕여자중학교 (정동),19451130,37.5664327974417,126.96921017611,addr
창동고등학교,고등학교,도봉구,창동,서울특별시 도봉구 노해로62길 7,(창동/ 창동고등학교),20020301,37.6510357712645,127.038819095625,addr
창동중학교,중학교,도봉구,방학동,서울특별시 도봉구 방학로 32,/ 창동중학교 (방학동),19830301,37.6632295672339,127.048997534536,addr
창문여자고등학교,고등학교,강북구,미아동,서울특별시 강북구 월계로 61,/ 창문여자고등학교 (미아동),19741227,37.6134009168268,127.035828005248,addr
창문여자중학교,중학교,강북구,송중동,서울특별시 강북구 월계로 61,(송중동/ 창문여자중고등학교),19721010,37.6134009168268,127.035828005248,addr
창북중학교,중학교,도봉구,창동,서울특별시 도봉구 노해로62길 33,(창동/창북중학교),19861217,37.6491157717023,127.038832940575,addr
창일중학교,중학교,도봉구,창동,서울특별시 도봉구 노해로66길 60,(창동/창일중학교),19910122,37.6489885948239,127.046444592356,addr
창천중학교,중학교,마포구,노고산동,서울특별시 마포구 백범로1길 56,(노고산동),20090301,37.5549178201995,126.939295148137,addr
천왕중학교,중학교,구로구,천왕동,서울특별시 구로구 천왕로 63,(천왕동/ 천왕중학교),20130301,37.4826544228754,126.837333603453,addr
천일중학교,중학교,강동구,천호동,서울특별시 강동구 천중로 57,(천호동/천일중학교),19940105,37.5458447527249,127.128196604109,addr
천호중학교,중학교,강동구,천호동,서울특별시 강동구 상암로 153,(천호동),19691107,37.5465192580007,127.139697961268,addr
청담고등학교,고등학교,강남구,압구정동,서울특별시 강남구 압구정로 419,/ 청담고등학교 (압구정동),19900120,37.5279473627751,127.043866627763,addr
청담중학교,중학교,강남구,청담동,서울특별시 강남구 압구정로61길 36,(청담동/청담중학교),19840301,37.5286597910311,127.044810120535,addr
청량고등학교,고등학교,동대문구,청량리동,서울특별시 동대문구 왕산로 303,(청량리동/ 청량고등학교),19811231,37.5888860047887,127.051310950177,addr
청량중학교,중학교,동대문구,청량리동,서울특별시 동대문구 왕산로 301,(청량리동),19510830,37.5882192071931,127.050622549806,addr
청운중학교,중학교,종로구,청운동,서울특별시 종로구 창의문로 51,(청운동),19520201,37.5891709420972,126.971088602259,addr
청원고등학교,고등학교,노원구,상계동,서울특별시 노원구 한글비석로 506,/ 청원고등학교 (상계동),19881112,37.6652515464657,127.062532889006,addr
청원여자고등학교,고등학교,노원구,상계동,서울특별시 노원구 한글비석로 506,/ 청원여자고등학교 (상계동/청원초/중/고등학교),20010301,37.6652515464657,127.062532889006,addr
청원중학교,중학교,노원구,상계동,서울특별시 노원구 한글비석로 506,/ 청원중학교 (상계동/청원초/중/고등학교),19550427,37.6652515464657,127.062532889006,addr
청원초등학교,초등학교,노원구,상계동,서울특별시 노원구 한글비석로 506,/ (상계동/청원초/중/고등학교) (상계동),19651205,37.6652515464657,127.062532889006,addr
추계초등학교,초등학교,서대문구,북아현동,서울특별시 서대문구 북아현로11가길 7,(북아현동/추계초등학교),19640720,37.5631767195176,126.954059321222,addr
충암고등학교,고등학교,은평구,응암동,서울특별시 은평구 가좌로5길 5,(응암동),19680110,37.5846402882465,126.921809482886,addr
충암중학교,중학교,은평구,응암동,서울특별시 은평구 가좌로5길 5,(응암동),19650201,37.5846402882465,126.921809482886,addr
충암초등학교,초등학교,은평구,응암동,서울특별시 은평구 가좌로5길 5,(응암동),19651115,37.5846402882465,126.921809482886,addr
코리아외국인학교,외국인학교,서초구,양재동,서울특별시 서초구 남부순환로364길 7-16,(양재동),20070830,37.4846897718622,127.041041909426,addr
태강삼육초등학교,초등학교,노원구,공릉동,서울특별시 노원구 화랑로 815,/ 태강삼육초등학교 (공릉동),19491119,37.643357369067,127.108850343184,addr
태랑중학교,중학교,노원구,공릉동,서울특별시 노원구 화랑로51나길 51,/ 태랑중학교 (공릉동),20010611,37.6269609216049,127.09080728109,addr
태릉고등학교,고등학교,중랑구,묵동,서울특별시 중랑구 신내로23길 36,/ 태릉고등학교 (묵동),19841217,37.6189925408244,127.085819844147,addr
태릉중학교,중학교,중랑구,묵동,서울특별시 중랑구 공릉로2길 60-25,(묵동),19720901,37.6125319131001,127.083435549639,addr
풍납중학교,중학교,송파구,풍납동,서울특별시 송파구 올림픽로43길 20,(풍납동),19821209,37.5253505135011,127.115628322635,addr
풍문고등학교,고등학교,강남구,자곡동,서울특별시 강남구 자곡로 152,(자곡동),19440410,37.4713361652893,127.09996343408,addr
풍성중학교,중학교,송파구,풍납동,서울특별시 송파구 강동대로2길 27,(풍납동/ 풍성중학교),19910121,37.5252777887983,127.113130689958,addr
하계중학교,중학교,노원구,하계동,서울특별시 노원구 노원로 261-8,(하계동),19821209,37.6413699077314,127.072333564792,addr
하나고등학교,고등학교,은평구,진관동,서울특별시 은평구 연서로 535,/ 하나고등학교 (진관동),20090821,37.6416375903135,126.936930247565,addr
하비에르국제학교,외국인학교,종로구,구기동,서울특별시 종로구 비봉길 23,(구기동),20020302,37.6107364994626,126.956372125276,addr
학력인정 서울자동차고등학교,평생학교(고)-3년6학기,용산구,효창동,서울특별시 용산구 백범로45길 15,(효창동/ 서울자동차고등학교),20050413,37.5414883890939,126.958561947439,addr
학력인정 서현초등학교,평생학교(초)-3년6학기,영등포구,신길동,서울특별시 영등포구 도신로53길 18,(신길동/ 서현주부학교),20070301,37.5123057802523,126.915519617033,addr
학력인정 신동신정보산업고등학교(2년제),평생학교(고)-2년6학기,동작구,사당동,서울특별시 동작구 동작대로33마길 27-1,(사당동/ 신동신중 정보산업 고등학교),19680628,37.4907235731408,126.977927975527,addr
학력인정 신동신중.정보산업고등학교,평생학교(고)-3년6학기,동작구,사당동,서울특별시 동작구 동작대로33마길 27-1,(사당동/ 신동신중 정보산업 고등학교),19680628,37.4907235731408,126.977927975527,addr
학력인정 신동신중학교(2년제),평생학교(중)-2년6학기,동작구,사당동,서울특별시 동작구 동작대로33마길 27-1,(사당동/ 신동신중 정보산업 고등학교),19680628,37.4907235731408,126.977927975527,addr
학력인정 일성여자고등학교(2년제),평생학교(고)-2년6학기,마포구,염리동,서울특별시 마포구 마포대로11다길 11-6,(염리동/ 일성여자중고등학교),19531113,37.5501838418884,126.948491864665,addr
학력인정 일성여자중학교(2년제),평생학교(중)-2년6학기,마포구,염리동,서울특별시 마포구 마포대로11다길 11-6,(염리동/ 일성여자중고등학교),19531113,37.5501838418884,126.948491864665,addr
학력인정 정암미용고등학교(2년제),평생학교(고)-2년6학기,동대문구,청량리동,서울특별시 동대문구 왕산로 225,(청량리동),20040301,37.5821227010138,127.047209103701,addr
학력인정 진형고등학교(2년제),평생학교(고)-2년6학기,종로구,숭인동,서울특별시 종로구 종로 386,(숭인동/ 진형빌딩),20051213,37.5740805443826,127.020352393515,addr
학력인정 진형중학교(2년제),평생학교(중)-2년6학기,종로구,숭인동,서울특별시 종로구 종로 386,(숭인동/ 진형빌딩),20051213,37.5740805443826,127.020352393515,addr
학력인정 청량정보고등학교,평생학교(고)-3년6학기,동대문구,전농동,서울특별시 동대문구 답십리로15길 32,(전농동/ 청량정보고등학교),19910213,37.5777320687093,127.047655876816,addr
학력인정 청량정보고등학교(2년제),평생학교(고)-2년6학기,동대문구,전농동,서울특별시 동대문구 답십리로15길 32,(전농동/ 청량정보고등학교),19910213,37.5777320687093,127.047655876816,addr
학력인정 청암고등학교(2년제),평생학교(고)-2년6학기,노원구,중계동,서울특별시 노원구 중계로 244,(중계동/청암중고등학교),19791005,37.6517772138584,127.073859531237,addr
학력인정 청암중학교(2년제),평생학교(중)-2년6학기,노원구,중계동,서울특별시 노원구 중계로 244,(중계동/ 청암중고예술학교),19791005,37.6517772138584,127.073859531237,addr
학력인정 한림실업고등학교(2년제),평생학교(고)-2년6학기,송파구,장지동,서울특별시 송파구 충민로 172,(장지동/ 한림연예예술고교),19600403,37.4851088181199,127.133353538997,addr
학력인정 한림연예예술고등학교,평생학교(고)-3년6학기,송파구,장지동,서울특별시 송파구 충민로 172,(장지동/ 한림연예예술고교),20081111,37.4851088181199,127.133353538997,addr
학력인정 한림중학교(2년제),평생학교(중)-2년6학기,송파구,장지동,서울특별시 송파구 충민로 172,(장지동),19600403,37.4851088181199,127.133353538997,addr
학력인정 한림초등학교(4년제),평생학교(초)-3년6학기,송파구,장지동,서울특별시 송파구 충민로6길 71,(장지동/ 한석교통(주)),19600403,37.4796096471942,127.135611951707,addr
한가람고등학교,고등학교,양천구,목동,서울특별시 양천구 목동서로 15,(목동),19961210,37.5374620404618,126.88400754353,addr
한강미디어고등학교,고등학교,영등포구,양평동,서울특별시 영등포구 선유로55길 22,(양평동4가/한강미디어고등학교),19950110,37.5393010496265,126.897109034358,addr
한강중학교,중학교,용산구,서빙고동,서울특별시 용산구 녹사평대로 73,(서빙고동),19721229,37.5236119183008,126.992790867047,addr
한광고등학교,고등학교,강서구,화곡동,서울특별시 강서구 등촌로13길 110,(화곡동),19870119,37.5388437129063,126.857939342826,addr
한국구화학교,특수학교,강동구,고덕동,서울특별시 강동구 고덕로 295-59,/ 한국구화학교 (고덕동),19620720,37.5582578210937,127.158994795492,addr
한국삼육고등학교,고등학교,노원구,공릉동,서울특별시 노원구 화랑로 815,(공릉동),19491113,37.643357369067,127.108850343184,addr
한국삼육중학교,각종학교(중),노원구,공릉동,서울특별시 노원구 화랑로 815,/ 한국삼육중학교 (공릉동),19651217,37.643357369067,127.108850343184,addr
한국영등포화교소학교,외국인학교,영등포구,문래동,서울특별시 영등포구 경인로88길 9,(문래동1가),19380601,37.5131983632888,126.899792658619,addr
한국외국인학교,외국인학교,강남구,개포동,서울특별시 강남구 개포로 408,(개포동),19990801,37.4851462741612,127.062682432781,addr
한국우진학교,특수학교,마포구,중동,서울특별시 마포구 월드컵북로38길 21,/ 한국우진학교 (중동),20000301,37.5711229235175,126.903842945819,addr
한국육영학교,특수학교,송파구,장지동,서울특별시 송파구 충민로6길 15,(장지동/한국육영학교),19920923,37.4820709312464,127.132756370601,addr
한국제과학교,고등기술학교,영등포구,신길동,서울특별시 영등포구 여의대방로61길 42,(신길동),19721229,37.5159630199729,126.922035366789,addr
한국켄트외국인학교,외국인학교,광진구,구의동,서울특별시 광진구 자양로35길 13,(구의동),19990827,37.5470884246412,127.086432715531,addr
한국한성화교소학교,외국인학교,중구,명동,서울특별시 중구 명동2길 35,(명동2가),19091005,37.5622227263211,126.983755549224,addr
한국한성화교중고등학교,외국인학교,서대문구,연희동,서울특별시 서대문구 연희로 176,(연희동),19480505,37.5715036063411,126.938378258532,addr
한빛맹학교,특수학교,강북구,수유동,서울특별시 강북구 삼양로73가길 47,/ 한빛맹학교 (수유동),19701205,37.6278921097055,127.015713840519,addr
한산중학교,중학교,강동구,둔촌동,서울특별시 강동구 풍성로 251,(둔촌동),19900120,37.5289027355132,127.140303398101,addr
한서고등학교,고등학교,강서구,방화동,서울특별시 강서구 양천로11길 47,(방화동),19840217,37.5747927037293,126.808143937842,addr
한성고등학교,고등학교,서대문구,북아현동,서울특별시 서대문구 북아현로1길 24,(북아현동),19280925,37.559096439531,126.954456481223,addr
한성과학고등학교,고등학교,서대문구,현저동,서울특별시 서대문구 통일로 279-79,/ 한성과학고등학교 (현저동),19920301,37.57543616578,126.952370943937,addr
한성여자고등학교,고등학교,성북구,삼선동,서울특별시 성북구 삼선교로16길 117,/ 한성여자고등학교 (삼선동2가),19451005,37.583064896247,127.011742675693,addr
한성여자중학교,중학교,성북구,삼선동,서울특별시 성북구 삼선교로16길 118,(삼선동2가/한성여자중학교),19451005,37.5819996035219,127.011312749775,addr
한성중학교,중학교,서대문구,북아현동,서울특별시 서대문구 북아현로1길 24,(북아현동/한성중학교),19280925,37.559096439531,126.954456481223,addr
한세사이버보안고등학교,고등학교,마포구,아현동,서울특별시 마포구 마포대로11길 44-80,(아현동),19941005,37.5517396875369,126.952136379582,addr
한신초등학교,초등학교,도봉구,쌍문동,서울특별시 도봉구 노해로49길 69,(쌍문동/한신초등학교),19690605,37.6533558400471,127.032427255133,addr
한양공업고등학교,고등학교,중구,신당동,서울특별시 중구 을지로 299,(신당동),19450901,37.5658716036039,127.011443307588,addr
한양대학교사범대학부속고등학교,고등학교,성동구,사근동,서울특별시 성동구 마조로 42,(사근동),19600515,37.5619188387132,127.042324044658,addr
한양대학교사범대학부속중학교,중학교,성동구,사근동,서울특별시 성동구 마조로 42,(사근동/한양사대부속중·고등학교),19600118,37.5619188387132,127.042324044658,addr
한양중학교,중학교,중구,신당동,서울특별시 중구 을지로 299,(신당동),19480901,37.5658716036039,127.011443307588,addr
한양초등학교,초등학교,성동구,사근동,서울특별시 성동구 살곶이길 208,/ 한양초등학교 (사근동),19660220,37.5576210338606,127.050263444631,addr
한영고등학교,고등학교,강동구,상일동,서울특별시 강동구 동남로 832,(상일동/ 한영고등학교),19330418,37.5490844724681,127.156927612469,addr
한영외국어고등학교,고등학교,강동구,상일동,서울특별시 강동구 동남로 832,(상일동),19900301,37.5490844724681,127.156927612469,addr
한영중학교,중학교,강동구,상일동,서울특별시 강동구 동남로 832,/ 한영중학교 (상일동),19330418,37.5490844724681,127.156927612469,addr
한울중학교,중학교,금천구,,서울특별시 금천구 독산로50길 60,한울중학교,19711229,37.4624053084957,126.907170322675,addr
한천중학교,중학교,노원구,공릉동,서울특별시 노원구 공릉로 265,(공릉동/ 한천중학교),19911030,37.6312721593711,127.072117818679,addr
항동중학교,중학교,구로구,항동,서울특별시 구로구 연동로 239-2,(항동/ 항동중학교),20200301,37.4828380762731,126.82037207979,addr
해누리중학교,중학교,송파구,가락동,서울특별시 송파구 송파대로37길 95,", 해누리중학교 (가락동)",20190301,37.4984115921213,127.102124196858,addr
해성국제컨벤션고등학교,고등학교,동대문구,전농동,서울특별시 동대문구 전농로20길 31,/ 해성국제컨벤션고등학교 (전농동),19560328,37.5818725994505,127.056976879173,addr
해성여자고등학교,고등학교,동대문구,전농동,서울특별시 동대문구 전농로20길 31,(전농동/해성여자고등학교),20080301,37.5818725994505,127.056976879173,addr
행당중학교,중학교,성동구,행당동,서울특별시 성동구 왕십리로 189,(행당동/행당중학교),19680806,37.5545540364985,127.041963387397,addr
현대고등학교,고등학교,강남구,압구정동,서울특별시 강남구 압구정로 127,"(압구정동, 현대고등학교)",19841217,37.5254804993365,127.022377298509,addr
혜성여자고등학교,고등학교,노원구,하계동,서울특별시 노원구 노원로16길 2,(하계동),19821130,37.6405502075269,127.073619657657,addr
혜원여자고등학교,고등학교,중랑구,망우동,서울특별시 중랑구 봉우재로58길 39,(망우동),19721226,37.5932798745236,127.097042711299,addr
혜원여자중학교,중학교,중랑구,망우동,서울특별시 중랑구 봉우재로58길 39,(망우동/혜원여자중고등학교),19700115,37.5932798745236,127.097042711299,addr
혜화여자고등학교,고등학교,강북구,수유동,서울특별시 강북구 인수봉로 127,(수유동/혜화여자고등학교),19660305,37.6313084157842,127.013212021303,addr
홍은중학교,중학교,서대문구,홍은동,서울특별시 서대문구 연희로41길 94,(홍은동),19840109,37.5918915088396,126.935752441047,addr
홍익대학교사범대학부속고등학교,고등학교,성북구,성북동,서울특별시 성북구 성북로14가길 23,(성북동/홍익대학교부속중고등학교),19540304,37.5936666161184,127.002804963597,addr
홍익대학교사범대학부속여자고등학교,고등학교,마포구,성산동,서울특별시 마포구 성미산로 51,(성산동/ 여자고등학교),19671229,37.559665162458,126.912928685692,addr
홍익대학교사범대학부속여자중학교,중학교,마포구,성산동,서울특별시 마포구 성미산로 51,(성산동),19671118,37.559665162458,126.912928685692,addr
홍익대학교사범대학부속중학교,중학교,성북구,성북동,서울특별시 성북구 성북로14가길 23,/ 홍익대학교사범대학부속중학교 (성북동/홍익대학교부속중고등학교),19540412,37.5936666161184,127.002804963597,addr
홍익대학교사범대학부속초등학교,초등학교,마포구,성산동,서울특별시 마포구 성미산로 51,(성산동),19660312,37.559665162458,126.912928685692,addr
홍익디자인고등학교,고등학교,마포구,연남동,서울특별시 마포구 성미산로 111,(연남동),19920727,37.563510635781,126.919166278819,addr
화계중학교,중학교,강북구,수유동,서울특별시 강북구 화계사길 63,(수유동),19701010,37.6325180593561,127.009709077901,addr
화곡고등학교,고등학교,강서구,내발산동,서울특별시 강서구 강서로45길 69,/ 화곡고등학교 (내발산동),19780130,37.547936112544,126.831535677751,addr
화곡보건경영고등학교,고등학교,강서구,내발산동,서울특별시 강서구 강서로45길 70,"(내발산동, 화곡보건경영고등학교)",19870108,37.5484125649861,126.832679697779,addr
화곡중학교,중학교,강서구,내발산동,서울특별시 강서구 강서로45길 70,(내발산동/화곡중학교),19740105,37.5484125649861,126.832679697779,addr
화랑초등학교,초등학교,노원구,공릉동,서울특별시 노원구 화랑로 621,(공릉동/화랑초등학교),19671214,37.6273815936787,127.091621159803,addr
화원중학교,중학교,강서구,화곡동,서울특별시 강서구 강서로17나길 86,(화곡동/화원중학교),19950111,37.5362140896668,126.842413481543,addr
환일고등학교,고등학교,중구,만리동,서울특별시 중구 환일길 47,(만리동2가),19470624,37.5537559309443,126.962588449936,addr
환일중학교,중학교,중구,만리동,서울특별시 중구 환일길 47,(만리동2가),19470624,37.5537559309443,126.962588449936,addr
효문고등학교,고등학교,도봉구,쌍문동,서울특별시 도봉구 우이천로 432,(쌍문동/효문중 고등학교),20051229,37.6526987118348,127.0184004627,addr
효문중학교,중학교,도봉구,쌍문동,서울특별시 도봉구 우이천로 432,(쌍문동/ 효문중 고등학교),20060301,37.6526987118348,127.0184004627,addr
휘경여자고등학교,고등학교,동대문구,휘경동,서울특별시 동대문구 한천로 247,(휘경동/휘경여자고등학교),19750303,37.5819005156881,127.067434080061,addr
휘경여자중학교,중학교,동대문구,휘경동,서울특별시 동대문구 한천로 247,/ 휘경여자중학교 (휘경동),19700131,37.5819005156881,127.067434080061,addr
휘경중학교,중학교,동대문구,휘경동,서울특별시 동대문구 망우로18나길 20,(휘경동/휘경중학교),19691111,37.5870929876308,127.061746113577,addr
휘문고등학교,고등학교,강남구,대치동,서울특별시 강남구 역삼로 541,(대치동),19060501,37.5052894535671,127.061993880621,addr
휘문중학교,중학교,강남구,대치동,서울특별시 강남구 역삼로 541,(대치동),19060501,37.5052894535671,127.061993880621,addr
휘봉고등학교,고등학교,동대문구,휘경동,서울특별시 동대문구 한천로 290,(휘경동),20120106,37.5863723553049,127.068940658438,addr
흑석고등학교,고등학교,동작구,흑석동,서울특별시 동작구 흑석한강로 36,(흑석동),20260301,37.5038008196844,126.964123213809,addr
