address_name,category_group_code,category_group_name,category_name,distance,id,phone,place_name,place_url,road_address_name,x,y,종별
서울 종로구 종로1가 24,HP8,병원,"의료,건강 > 병원 > 안과",245,1585164519,02-733-5111,공안과의원,http://place.map.kakao.com/1585164519,서울 종로구 종로 19,126.97992344170883,37.570844667972615,안과
서울 종로구 청진동 136,HP8,병원,"의료,건강 > 병원 > 치과",241,534879179,02-6263-2828,연세마이덴치과의원,http://place.map.kakao.com/534879179,서울 종로구 종로5길 13,126.98046220879066,37.57103216538637,치과
서울 종로구 평동 108-1,HP8,병원,"의료,건강 > 병원 > 종합병원",1121,8178752,1599-8114,강북삼성병원,http://place.map.kakao.com/8178752,서울 종로구 새문안로 29,126.96791880666925,37.568509338947926,종합병원
서울 종로구 청진동 184-1,HP8,병원,"의료,건강 > 병원 > 정신건강의학과",125,1398051930,02-722-7977,광화문숲 정신건강의학과의원,http://place.map.kakao.com/1398051930,서울 종로구 종로3길 34,126.97947942805781,37.57187533013884,정신건강의학과
서울 중구 무교동 77,HP8,병원,"의료,건강 > 병원 > 정형외과",469,1143385737,02-755-8575,우리본정형외과의원,http://place.map.kakao.com/1143385737,서울 중구 청계천로 14,126.9788192241803,37.56879020544934,정형외과
서울 종로구 수송동 68-1,HP8,병원,"의료,건강 > 병원 > 일반의원",114,1921109683,02-6954-0903,연세로의료의원,http://place.map.kakao.com/1921109683,서울 종로구 삼봉로 57,126.980475393512,37.5725602553089,일반의원
서울 종로구 청진동 100-23,HP8,병원,"의료,건강 > 병원 > 피부과",295,2027286340,02-6930-5824,맥스웰피부과의원 종로점,http://place.map.kakao.com/2027286340,서울 종로구 종로 33,126.981440248159,37.5709602435767,피부과
서울 종로구 종로2가 75-9,HP8,병원,"의료,건강 > 병원 > 안과",686,10638834,0502-5552-4275,예본안과의원,http://place.map.kakao.com/10638834,서울 종로구 종로 78,126.9860362336633,37.56991932603902,안과
서울 종로구 평동 164,HP8,병원,"의료,건강 > 병원 > 종합병원",1264,7827883,02-2002-8000,서울적십자병원,http://place.map.kakao.com/7827883,서울 종로구 새문안로 9,126.966998002757,37.5671765124824,종합병원
서울 종로구 신문로2가 1-158,HP8,병원,"의료,건강 > 병원 > 노인,요양병원",737,1299258219,1533-5282,아미나 요양병원,http://place.map.kakao.com/1299258219,서울 종로구 경희궁길 26,126.97099167178334,37.57227359146669,"노인,요양병원"
서울 종로구 서린동 145-1,HP8,병원,"의료,건강 > 병원 > 정형외과",390,1331611628,0507-1420-7594,참바른정형외과의원,http://place.map.kakao.com/1331611628,서울 종로구 무교로 39,126.97913823696,37.5694822268236,정형외과
서울 종로구 세종로 202-1,HP8,병원,"의료,건강 > 병원 > 이비인후과",371,8234646,02-736-5505,광화문닥터김이비인후과의원,http://place.map.kakao.com/8234646,서울 종로구 세종대로 159,126.976346501831,37.5706097467219,이비인후과
서울 종로구 청진동 136,HP8,병원,"의료,건강 > 병원 > 정형외과",252,26262167,02-6391-2580,종로기대찬의원 본관,http://place.map.kakao.com/26262167,서울 종로구 종로5길 13,126.980552785077,37.5709601007214,정형외과
서울 종로구 종로2가 84-1,HP8,병원,"의료,건강 > 병원 > 내과",651,839084457,02-722-1854,더영의원,http://place.map.kakao.com/839084457,서울 종로구 종로 74,126.985601559397,37.569942699700405,내과
서울 종로구 종로2가 102-3,HP8,병원,"의료,건강 > 병원 > 피부과",548,24637265,02-723-9889,연세아인의원,http://place.map.kakao.com/24637265,서울 종로구 종로 60-1,126.98416737648394,37.569936209111475,피부과
서울 중구 남대문로2가 5-3,HP8,병원,"의료,건강 > 병원 > 피부과",934,1965942126,02-6956-5516,밴스의원 명동,http://place.map.kakao.com/1965942126,서울 중구 남대문로 90,126.98291993947268,37.5650886778756,피부과
서울 중구 을지로2가 199-4,HP8,병원,"의료,건강 > 병원 > 안과",1238,9022392,02-319-9300,명동성모안과,http://place.map.kakao.com/9022392,서울 중구 남대문로 92,126.98344964168125,37.565167139991026,안과
서울 중구 태평로1가 25-3,HP8,병원,"의료,건강 > 병원 > 피부과",572,1979961950,02-739-0119,써밋의원 광화문점,http://place.map.kakao.com/1979961950,서울 중구 세종대로22길 12,126.977968257453,37.5679458167793,피부과
서울 종로구 종로1가 24,HP8,병원,"의료,건강 > 병원 > 산부인과",245,2047103707,02-722-5001,위드산부인과의원,http://place.map.kakao.com/2047103707,서울 종로구 종로 19,126.979923441709,37.5708446679787,산부인과
서울 종로구 수송동 58,HP8,병원,"의료,건강 > 병원 > 이비인후과",246,8074660,02-723-7585,종로위브의원,http://place.map.kakao.com/8074660,서울 종로구 삼봉로 81,126.981974194931,37.5723802946711,이비인후과
서울 종로구 종로2가 71-2,HP8,병원,"의료,건강 > 병원 > 안과",789,8433641,02-735-3121,새얀안과의원,http://place.map.kakao.com/8433641,서울 종로구 삼일대로 395,126.98734477440902,37.56989784967102,안과
서울 종로구 안국동 52-5,HP8,병원,"의료,건강 > 병원 > 안과",692,1531318429,02-326-1101,안국의원,http://place.map.kakao.com/1531318429,서울 종로구 윤보선길 48,126.983659591403,37.578184747205,안과
서울 종로구 관철동 13-13,HP8,병원,"의료,건강 > 병원 > 피부과",719,8003976,02-720-7582,에스앤유피부과의원,http://place.map.kakao.com/8003976,서울 종로구 종로12길 15,126.98604652427024,37.56936701703476,피부과
서울 중구 을지로2가 9-10,HP8,병원,"의료,건강 > 병원 > 정형외과",852,1628355085,02-6925-5375,을지로정형외과의원,http://place.map.kakao.com/1628355085,서울 중구 을지로 55,126.984026658176,37.5663033755038,정형외과
서울 중구 충무로2가 62-3,HP8,병원,"의료,건강 > 병원 > 피부과 > CNP차앤박피부과",927,11687292,02-777-2488,CNP차앤박피부과 명동점,http://place.map.kakao.com/11687292,서울 중구 퇴계로 141-7,126.98741410213168,37.56151408864287,CNP차앤박피부과
서울 종로구 당주동 100,HP8,병원,"의료,건강 > 병원 > 정형외과",546,1504533743,02-735-7588,광화문정형외과의원,http://place.map.kakao.com/1504533743,서울 종로구 세종대로23길 54,126.97328523722531,37.57183264517333,정형외과
서울 종로구 청진동 146,HP8,병원,"의료,건강 > 병원 > 정형외과",256,26810458,02-2088-7975,종로정형외과의원,http://place.map.kakao.com/26810458,서울 종로구 종로 19,126.9799189409361,37.57074375574153,정형외과
서울 종로구 종로3가 119,HP8,병원,"의료,건강 > 병원 > 치과",868,260877907,02-2264-9595,종로 365서울치과의원,http://place.map.kakao.com/260877907,서울 종로구 종로 120,126.99100209424867,37.5700450473239,치과
서울 종로구 당주동 128-27,HP8,병원,"의료,건강 > 병원 > 이비인후과",634,470993638,02-739-8206,서울귀한이비인후과의원,http://place.map.kakao.com/470993638,서울 종로구 새문안로3길 15,126.97230046083105,37.57170447691258,이비인후과
서울 중구 남대문로2가 9-1,HP8,병원,"의료,건강 > 병원 > 피부과",974,1520072370,02-752-8887,쁨글로벌의원 명동점,http://place.map.kakao.com/1520072370,서울 중구 남대문로 84,126.98284080153431,37.564680515125644,피부과
서울 종로구 내자동 26,HP8,병원,"의료,건강 > 병원 > 내과",839,10938902,02-725-4833,한빛내과의원,http://place.map.kakao.com/10938902,서울 종로구 사직로 107,126.97076595607895,37.57632080411947,내과
서울 종로구 청진동 70,HP8,병원,"의료,건강 > 병원 > 이비인후과",325,2065182178,02-2158-7979,예림이비인후과의원,http://place.map.kakao.com/2065182178,서울 종로구 종로 33,126.98116417270985,37.570464652438154,이비인후과
서울 중구 명동1가 5-1,HP8,병원,"의료,건강 > 병원 > 피부과",1014,13511327,02-774-8575,루비의원,http://place.map.kakao.com/13511327,서울 중구 명동길 65,126.98591958825192,37.56419438447679,피부과
서울 종로구 신문로1가 24,HP8,병원,"의료,건강 > 병원 > 피부과",488,2122766225,02-733-2237,광화문헤리티크피부과의원,http://place.map.kakao.com/2122766225,서울 종로구 새문안로 91,126.974760662896,37.5704877839679,피부과
서울 중구 을지로2가 199-77,HP8,병원,"의료,건강 > 병원 > 이비인후과",971,25489675,02-3789-9898,명동연세이비인후과의원,http://place.map.kakao.com/25489675,서울 중구 명동9가길 12,126.98392731851168,37.565059086448265,이비인후과
서울 종로구 종로2가 9,HP8,병원,"의료,건강 > 병원 > 항문외과",610,882091141,02-735-7175,더블유항외과의원 종로점,http://place.map.kakao.com/882091141,서울 종로구 종로 69,126.98543166293042,37.570474266137204,항문외과
서울 중구 무교동 1,HP8,병원,"의료,건강 > 병원 > 이비인후과",467,10414172,02-778-9275,미래이비인후과의원,http://place.map.kakao.com/10414172,서울 중구 무교로 32,126.979498386387,37.5687867213618,이비인후과
서울 종로구 청진동 146,HP8,병원,"의료,건강 > 병원 > 피부과",272,19716285,02-2075-7500,연세에스웰피부과,http://place.map.kakao.com/19716285,서울 종로구 종로 19,126.979932564161,37.5705959948285,피부과
서울 종로구 청진동 146,HP8,병원,"의료,건강 > 병원 > 이비인후과",216,11627082,02-2075-5075,연세다나이비인후과의원,http://place.map.kakao.com/11627082,서울 종로구 종로 19,126.9797241513735,37.57108159567177,이비인후과
서울 종로구 청진동 146,HP8,병원,"의료,건강 > 병원 > 치과",241,1680292352,02-6925-0552,서울사랑니치과의원,http://place.map.kakao.com/1680292352,서울 종로구 종로 19,126.97974911692214,37.57085184616655,치과
서울 중구 태평로2가 340-6,HP8,병원,"의료,건강 > 병원 > 안과",1063,7888981,02-771-0061,밝은안과의원,http://place.map.kakao.com/7888981,서울 중구 서소문로 138,126.976326045766,37.5637117185217,안과
서울 종로구 신문로1가 2,HP8,병원,"의료,건강 > 병원 > 정형외과",402,18316188,02-737-8257,채움마취통증의학과의원,http://place.map.kakao.com/18316188,서울 종로구 새문안로 103,126.976047712106,37.5704583192657,정형외과
서울 종로구 신문로1가 25,HP8,병원,"의료,건강 > 병원 > 통증클리닉",507,1602374348,02-730-0088,스마일마취통증의학과의원,http://place.map.kakao.com/1602374348,서울 종로구 새문안로 89,126.97451389999901,37.57047421601848,통증클리닉
서울 종로구 청진동 246,HP8,병원,"의료,건강 > 병원 > 치과",216,1775297620,02-723-6000,더스퀘어치과의원,http://place.map.kakao.com/1775297620,서울 종로구 종로3길 17,126.97892724725624,37.571071545167605,치과
서울 종로구 인사동 194-4,HP8,병원,"의료,건강 > 병원 > 정신건강의학과",547,7961717,02-734-5648,송신경정신과의원,http://place.map.kakao.com/7961717,서울 종로구 인사동5길 25,126.985392859525,37.5720960527287,정신건강의학과
서울 중구 을지로6가 18-79,HP8,병원,"의료,건강 > 병원 > 국립병원",810,11952764,1588-1775,국립중앙의료원,http://place.map.kakao.com/11952764,서울 중구 을지로 245,127.00568219886239,37.56724946405115,국립병원
서울 종로구 종로5가 102,HP8,병원,"의료,건강 > 병원 > 이비인후과",836,166400079,02-763-1333,코코이비인후과의원,http://place.map.kakao.com/166400079,서울 종로구 종로 205,127.000556930203,37.5712031678964,이비인후과
서울 종로구 종로5가 138-4,HP8,병원,"의료,건강 > 병원 > 일반의원",803,1687606027,02-2285-5210,종로가톨릭의원,http://place.map.kakao.com/1687606027,서울 종로구 종로 210,127.001207805435,37.5706679718319,일반의원
서울 종로구 종로4가 1-1,HP8,병원,"의료,건강 > 병원 > 일반의원",816,9050435,02-762-6555,보람연합의원,http://place.map.kakao.com/9050435,서울 종로구 종로 201-1,127.00016187180071,37.5711157725607,일반의원
서울 종로구 종로5가 91,HP8,병원,"의료,건강 > 병원 > 일반의원",860,1841248372,02-762-3655,종로365의원,http://place.map.kakao.com/1841248372,서울 종로구 종로 211-1,127.001249697281,37.5712175785194,일반의원
서울 중구 충무로5가 52-25,HP8,병원,"의료,건강 > 병원 > 일반의원",264,61973288,02-2277-2727,JH제일의원 건강검진센터,http://place.map.kakao.com/61973288,서울 중구 퇴계로 244,126.99903454539889,37.56210130436717,일반의원
서울 종로구 종로4가 149-1,HP8,병원,"의료,건강 > 병원 > 일반의원",736,1940581356,02-2278-5282,종로베스트의원,http://place.map.kakao.com/1940581356,서울 종로구 종로 192,126.99907292239402,37.570604003702314,일반의원
서울 중구 을지로4가 72-1,HP8,병원,"의료,건강 > 병원 > 치과",319,25528114,02-2272-7528,연세본치과,http://place.map.kakao.com/25528114,서울 중구 을지로 177,126.99755055101,37.5669792766248,치과
서울 중구 충무로5가 52-25,HP8,병원,"의료,건강 > 병원 > 정형외과",264,750836183,02-2277-9119,서울제일마취통증의학과의원,http://place.map.kakao.com/750836183,서울 중구 퇴계로 244,126.99902662263,37.5620958983223,정형외과
서울 종로구 종로5가 88-4,HP8,병원,"의료,건강 > 병원 > 일반의원",867,1719342256,02-741-1304,연세모벨르의원 종로본점,http://place.map.kakao.com/1719342256,서울 종로구 종로 213-1,127.00153382163195,37.5711851393353,일반의원
서울 중구 을지로4가 156-1,HP8,병원,"의료,건강 > 병원 > 내과",405,9861898,02-2273-7282,서울송내과의원,http://place.map.kakao.com/9861898,서울 중구 을지로 199-2,127.000244492089,37.5669648858475,내과
서울 중구 을지로4가 310,HP8,병원,"의료,건강 > 병원 > 내과",247,1012700368,02-6273-7575,을지로참내과의원,http://place.map.kakao.com/1012700368,서울 중구 을지로 164,126.996300965574,37.5661494268216,내과
서울 중구 필동1가 43-1,HP8,병원,"의료,건강 > 병원 > 정형외과",494,740200818,02-2272-8885,충무로정형외과의원,http://place.map.kakao.com/740200818,서울 중구 충무로 3,126.992860447458,37.5614956226824,정형외과
서울 중구 충무로5가 90,HP8,병원,"의료,건강 > 병원 > 내과",323,23775703,02-2268-2007,제일내과의원,http://place.map.kakao.com/23775703,서울 중구 서애로1길 11,126.99859767160416,37.56134266077741,내과
서울 중구 을지로4가 310,HP8,병원,"의료,건강 > 병원 > 신경외과",246,1618639825,02-6261-7582,을지로마디튼튼신경외과의원,http://place.map.kakao.com/1618639825,서울 중구 을지로 164,126.99628738367798,37.566132307471094,신경외과
서울 중구 을지로6가 18-131,HP8,병원,"의료,건강 > 병원 > 피부과",827,11440985,02-2275-5085,리뉴미피부과의원 동대문점,http://place.map.kakao.com/11440985,서울 중구 을지로 251,127.00624809622123,37.56654665866253,피부과
서울 중구 을지로5가 21-1,HP8,병원,"의료,건강 > 병원 > 외과",486,13267478,02-2279-0771,중앙외과의원,http://place.map.kakao.com/13267478,서울 중구 을지로 211,127.00152354880404,37.56700812407226,외과
서울 중구 충무로4가 125-3,HP8,병원,"의료,건강 > 병원 > 내과",296,963712943,02-2268-9000,대한내과의원,http://place.map.kakao.com/963712943,서울 중구 퇴계로 213,126.9954953118,37.5619012011237,내과
서울 중구 을지로4가 313-2,HP8,병원,"의료,건강 > 병원 > 치과",323,13503559,02-2267-2404,권오택치과의원,http://place.map.kakao.com/13503559,서울 중구 을지로 154,126.995033231335,37.5663196685379,치과
서울 중구 을지로4가 323,HP8,병원,"의료,건강 > 병원 > 이비인후과",244,1412983462,02-3706-7233,성모준이비인후과의원,http://place.map.kakao.com/1412983462,서울 중구 을지로 170,126.99698462514,37.5662809916779,이비인후과
서울 종로구 종로5가 398-3,HP8,병원,"의료,건강 > 병원 > 정형외과",759,1140724016,02-2273-7588,종로본정형외과의원,http://place.map.kakao.com/1140724016,서울 종로구 동호로 399,127.00165265341477,37.5700426756658,정형외과
서울 중구 필동2가 53,HP8,병원,"가정,생활 > 반려동물 > 동물병원",277,9322160,02-2272-1234,윤신근박사동물병원,http://place.map.kakao.com/9322160,서울 중구 퇴계로 226,126.996862574927,37.5616381543437,동물병원
서울 중구 을지로4가 310-68,HP8,병원,"의료,건강 > 병원 > 가정의학과",277,25527896,02-2285-5595,더맑은가정의학과의원,http://place.map.kakao.com/25527896,서울 중구 을지로 158,126.995581081062,37.5661322831475,가정의학과
서울 종로구 종로3가 10,HP8,병원,"의료,건강 > 병원 > 내과",946,1768283,02-323-3330,연세센스의원,http://place.map.kakao.com/1768283,서울 종로구 종로 115,126.99045755325152,37.57060091870583,내과
서울 종로구 종로3가 119,HP8,병원,"의료,건강 > 병원 > 비뇨기과",875,21125753,02-2277-6699,타워비뇨기과의원 종로점,http://place.map.kakao.com/21125753,서울 종로구 종로 120,126.9909160633058,37.570064862628435,비뇨기과
서울 중구 을지로2가 203,HP8,병원,"의료,건강 > 병원 > 이비인후과",787,1454946270,02-6031-0088,두리이비인후과의원,http://place.map.kakao.com/1454946270,서울 중구 을지로 100,126.98872751519446,37.56573629043616,이비인후과
서울 중구 을지로4가 323,HP8,병원,"의료,건강 > 병원 > 치과",226,53856201,02-2269-2875,서울중부치과의원,http://place.map.kakao.com/53856201,서울 중구 을지로 170,126.997328727022,37.5661395435934,치과
서울 종로구 종로3가 16,HP8,병원,"의료,건강 > 병원 > 정형외과",907,1333440672,02-745-7575,종로아산본정형외과,http://place.map.kakao.com/1333440672,서울 종로구 종로 123,126.991277087194,37.5706622497857,정형외과
서울 중구 을지로4가 323,HP8,병원,"의료,건강 > 병원 > 정형외과",244,181023792,02-3706-7290,을지트윈타워정형외과의원,http://place.map.kakao.com/181023792,서울 중구 을지로 170,126.99792070484791,37.56626299195542,정형외과
서울 중구 명동2가 2-23,HP8,병원,"의료,건강 > 병원 > 내과",1057,1614768995,02-2285-2286,호기내과의원,http://place.map.kakao.com/1614768995,서울 중구 명동길 56,126.98543296838625,37.56377085716275,내과
서울 중구 필동1가 51-11,HP8,병원,"의료,건강 > 병원 > 치과",452,9961943,02-2274-8828,믿음치과의원,http://place.map.kakao.com/9961943,서울 중구 퇴계로 195,126.993589353452,37.5613713269615,치과
서울 중구 필동1가 43-1,HP8,병원,"의료,건강 > 병원 > 내과",494,8477398,02-2272-3303,윤창옥내과의원,http://place.map.kakao.com/8477398,서울 중구 충무로 3,126.9928604474576,37.56149562268241,내과
서울 종로구 종로5가 70,HP8,병원,"의료,건강 > 병원 > 정형외과",922,515889393,02-3675-7650,종로광장정형외과의원,http://place.map.kakao.com/515889393,서울 종로구 종로 223,127.002485815567,37.5713581142173,정형외과
서울 중구 초동 17-1,HP8,병원,"의료,건강 > 병원 > 외과",417,123368282,02-2265-7770,을지바른의원,http://place.map.kakao.com/123368282,서울 중구 충무로 48,126.992959682976,37.5653753192324,외과
서울 중구 을지로6가 18-131,HP8,병원,"의료,건강 > 병원 > 외과",828,1705727096,02-6956-7503,초이스외과의원,http://place.map.kakao.com/1705727096,서울 중구 을지로 251,127.00625149260331,37.56655476744009,외과
서울 중구 충무로4가 125-3,HP8,병원,"의료,건강 > 병원 > 이비인후과",285,13141903,02-2272-8275,서울이비인후과,http://place.map.kakao.com/13141903,서울 중구 퇴계로 213,126.995631128809,37.5619480580535,이비인후과
서울 종로구 종로3가 130,HP8,병원,"의료,건강 > 병원 > 비뇨기과",826,10657838,02-2272-5588,늘푸른비뇨기과의원,http://place.map.kakao.com/10657838,서울 종로구 종로 128,126.99192123111467,37.57013881732143,비뇨기과
서울 중구 을지로2가 203,HP8,병원,"의료,건강 > 병원 > 정형외과",789,299345703,02-2269-0096,굿본정형외과 재활의학과의원 을지로,http://place.map.kakao.com/299345703,서울 중구 을지로 100,126.98878859886247,37.56599217912386,정형외과
서울 종로구 종로5가 100,HP8,병원,"의료,건강 > 병원 > 안과",848,1323775743,02-333-3334,미소안과의원,http://place.map.kakao.com/1323775743,서울 종로구 종로 207,127.00071653894796,37.571276147649144,안과
서울 중구 필동2가 37-9,HP8,병원,"의료,건강 > 병원 > 정형외과",297,412610701,02-2275-0089,필선의원,http://place.map.kakao.com/412610701,서울 중구 퇴계로 222,126.99644606773,37.5615282209428,정형외과
서울 중구 을지로6가 18-12,HP8,병원,"의료,건강 > 병원 > 피부과",1141,1046803923,02-6956-0876,동대문 밴스의원,http://place.map.kakao.com/1046803923,서울 중구 장충단로 275,127.0087498872616,37.56901522811765,피부과
서울 용산구 한남동 657-58,HP8,병원,"의료,건강 > 병원 > 종합병원",1249,7958824,02-709-9114,순천향대학교 부속 서울병원,http://place.map.kakao.com/7958824,서울 용산구 대사관로 59,127.00426540030378,37.533768423192,종합병원
서울 용산구 이태원동 127-7,HP8,병원,"의료,건강 > 병원 > 정형외과",433,936036552,02-797-7272,이태원정형외과의원,http://place.map.kakao.com/936036552,서울 용산구 이태원로 186,126.9946144696173,37.534299967965644,정형외과
서울 용산구 이태원동 531,HP8,병원,"가정,생활 > 반려동물 > 동물병원",498,10751804,02-797-6677,이태원동물병원,http://place.map.kakao.com/10751804,서울 용산구 녹사평대로 210,126.9871976924505,37.536398728495044,동물병원
서울 용산구 이태원동 56-21,HP8,병원,"의료,건강 > 병원 > 치과",158,2078526065,02-797-1771,글로벌치과의원,http://place.map.kakao.com/2078526065,서울 용산구 이태원로 142-1,126.989718886055,37.533975282915,치과
서울 용산구 이태원동 119-18,HP8,병원,"의료,건강 > 병원 > 치과",316,1132327174,02-794-0551,대원치과의원,http://place.map.kakao.com/1132327174,서울 용산구 이태원로 169,126.99268650596,37.5346511645389,치과
서울 용산구 이태원동 127-7,HP8,병원,"의료,건강 > 병원 > 피부과",444,1794829280,02-2135-2233,엘리엇의원,http://place.map.kakao.com/1794829280,서울 용산구 이태원로 186,126.99471063515706,37.53436574537576,피부과
서울 용산구 한남동 737-37,HP8,병원,"의료,건강 > 병원 > 일반의원",672,8831171,02-790-0857,국제의원,http://place.map.kakao.com/8831171,서울 용산구 이태원로 211,126.99721669791462,37.53493976855564,일반의원
서울 용산구 이태원동 22-46,HP8,병원,"의료,건강 > 병원 > 치과",419,13147820,02-790-8353,힐탑치과의원,http://place.map.kakao.com/13147820,서울 용산구 녹사평대로26길 92,126.99467803943648,37.53133567720221,치과
서울 용산구 이태원동 137-67,HP8,병원,"의료,건강 > 병원 > 내과",498,1925014271,02-793-7676,용훼미리의원,http://place.map.kakao.com/1925014271,서울 용산구 우사단로 36,126.995741407856,37.5334215380509,내과
서울 용산구 동빙고동 7-19,HP8,병원,"가정,생활 > 반려동물 > 동물병원",500,9507328,02-792-7602,청화종합동물병원,http://place.map.kakao.com/9507328,서울 용산구 장문로 18,126.9923748671708,37.52843432595214,동물병원
서울 용산구 이태원동 64-53,HP8,병원,"의료,건강 > 병원 > 치과",194,26881603,02-749-3837,맨해튼치과의원,http://place.map.kakao.com/26881603,서울 용산구 이태원로 156-1,126.99126550328057,37.53413758759665,치과
서울 용산구 이태원동 225-1,HP8,병원,"의료,건강 > 병원 > 내과",773,8161568,02-792-5575,허내과의원,http://place.map.kakao.com/8161568,서울 용산구 회나무로13길 5,126.989323231747,37.539534420897,내과
서울 용산구 이태원동 303-17,HP8,병원,"의료,건강 > 병원 > 신경외과",693,11643963,02-793-8863,삼성신경외과의원,http://place.map.kakao.com/11643963,서울 용산구 회나무로6길 5,126.988866223783,37.5387595185779,신경외과
서울 용산구 이태원동 127-1,HP8,병원,"의료,건강 > 병원 > 치과",508,11738431,02-790-2825,서울앤치과의원,http://place.map.kakao.com/11738431,서울 용산구 우사단로 47,126.995519598076,37.5343450558176,치과
서울 용산구 이태원동 303-19,HP8,병원,"의료,건강 > 병원 > 일반의원",681,8166350,02-795-3351,혜광의원,http://place.map.kakao.com/8166350,서울 용산구 회나무로6길 5,126.98877685499104,37.53863787509089,일반의원
서울 용산구 이태원동 127-13,HP8,병원,"의료,건강 > 병원 > 치과",405,1894322513,02-793-2888,해밀턴치과의원,http://place.map.kakao.com/1894322513,서울 용산구 보광로60길 3,126.99436670223082,37.534136875245366,치과
서울 용산구 보광동 274-1,HP8,병원,"의료,건강 > 병원 > 일반의원",609,10060532,02-749-8096,열린보광의원,http://place.map.kakao.com/10060532,서울 용산구 우사단로 3,126.996655702507,37.5306690087465,일반의원
서울 용산구 이태원동 126-15,HP8,병원,"의료,건강 > 병원 > 일반의원",531,10752432,02-792-5551,이태원의원,http://place.map.kakao.com/10752432,서울 용산구 우사단로 46,126.995872608377,37.5341828885234,일반의원
서울 용산구 보광동 260-12,HP8,병원,"의료,건강 > 병원 > 일반의원",964,234078375,02-798-0022,원바른의원,http://place.map.kakao.com/234078375,서울 용산구 보광로 41,126.99927143302935,37.52776062049829,일반의원
서울 용산구 이태원동 278-12,HP8,병원,"의료,건강 > 병원 > 일반의원",753,9951249,02-796-8275,이태원제일의원,http://place.map.kakao.com/9951249,서울 용산구 회나무로 23,126.989196532609,37.5393397933544,일반의원
서울 용산구 한남동 738-15,HP8,병원,"의료,건강 > 병원 > 피부과",918,485907410,02-3785-2374,꼬모의원,http://place.map.kakao.com/485907410,서울 용산구 이태원로 237,126.999513479242,37.5362642713471,피부과
서울 용산구 한남동 738-20,HP8,병원,"의료,건강 > 병원 > 내과",941,623170058,02-6324-0202,한동철내과의원,http://place.map.kakao.com/623170058,서울 용산구 이태원로 239,126.999730715961,37.53639131312263,내과
서울 용산구 이태원동 225-93,HP8,병원,"가정,생활 > 반려동물 > 동물병원",780,11558466,02-792-7585,라온동물병원,http://place.map.kakao.com/11558466,서울 용산구 회나무로13길 6,126.989554044758,37.5396173335462,동물병원
서울 용산구 이태원동 34-151,HP8,병원,"의료,건강 > 병원 > 치과",215,24211032,02-749-1150,이엔아이치과의원,http://place.map.kakao.com/24211032,서울 용산구 녹사평대로26길 21,126.9913066128882,37.53087416445748,치과
서울 용산구 이태원동 225-167,HP8,병원,"의료,건강 > 병원 > 치과",757,8140886,02-798-2824,한&진서울치과의원,http://place.map.kakao.com/8140886,서울 용산구 회나무로 30,126.989879941411,37.5394227459077,치과
서울 용산구 이태원동 225-1,HP8,병원,"의료,건강 > 병원 > 치과",767,10656326,02-792-5311,연세치과의원,http://place.map.kakao.com/10656326,서울 용산구 회나무로13길 5,126.989314187518,37.5394803600742,치과
서울 용산구 용산동2가 45-7,HP8,병원,"가정,생활 > 반려동물 > 동물병원",1040,8147667,,한사랑동물병원,http://place.map.kakao.com/8147667,서울 용산구 신흥로 36-1,126.987408379512,37.5417110480225,동물병원
서울 용산구 이태원동 305-3,HP8,병원,"의료,건강 > 병원 > 일반의원",716,1605040157,02-797-0075,경리단길의원,http://place.map.kakao.com/1605040157,서울 용산구 회나무로 15,126.988409084138,37.538896426621,일반의원
서울 용산구 보광동 280-4,HP8,병원,"의료,건강 > 병원 > 정형외과",1021,8540041,02-797-8797,은혜정형외과의원,http://place.map.kakao.com/8540041,서울 용산구 보광로 35,126.99960177979918,37.52724524897598,정형외과
서울 용산구 이태원동 225-1,HP8,병원,"의료,건강 > 병원 > 산부인과",775,15720714,02-792-3885,봄산부인과의원,http://place.map.kakao.com/15720714,서울 용산구 회나무로13길 5,126.989287021908,37.5395488336189,산부인과
서울 용산구 보광동 448,HP8,병원,"의료,건강 > 병원 > 안과",1211,7895685,02-797-8275,밝은연세안과의원,http://place.map.kakao.com/7895685,서울 용산구 장문로 104,127.001257995478,37.5261532284716,안과
서울 용산구 보광동 216-12,HP8,병원,"의료,건강 > 병원 > 일반의원",1145,25807280,02-6205-6560,훼미리365의원,http://place.map.kakao.com/25807280,서울 용산구 장문로 96,127.00012670427121,37.525970331668994,일반의원
서울 용산구 용산동2가 27-4,HP8,병원,"의료,건강 > 병원 > 가정의학과",1207,8030200,02-793-4163,우리들가정의원,http://place.map.kakao.com/8030200,서울 용산구 신흥로 53,126.98753598155395,37.54327519690264,가정의학과
서울 용산구 한남동 738-20,HP8,병원,"의료,건강 > 병원 > 치과",938,11067134,02-712-2400,이엔치과의원,http://place.map.kakao.com/11067134,서울 용산구 이태원로 239,126.99971035000743,37.53637419407034,치과
서울 용산구 한남동 653-26,HP8,병원,"가정,생활 > 반려동물 > 동물병원",1021,1350531555,,펫토이동물병원,http://place.map.kakao.com/1350531555,서울 용산구 대사관로 32,127.001701628195,37.5334909796591,동물병원
서울 용산구 용산동2가 45-1,HP8,병원,"가정,생활 > 반려동물 > 동물병원",1184,22052540,02-790-7508,퍼스동물병원,http://place.map.kakao.com/22052540,서울 용산구 신흥로 54,126.987833607195,37.5431022360352,동물병원
서울 용산구 보광동 216-107,HP8,병원,"의료,건강 > 병원 > 치과",1073,9469693,02-795-0628,최석진치과의원,http://place.map.kakao.com/9469693,서울 용산구 장문로 86,126.9990474553554,37.52597303090214,치과
서울 용산구 한남동 657-77,HP8,병원,"의료,건강 > 병원 > 종합병원",1400,1266641194,,순천향대학교 중앙의료원,http://place.map.kakao.com/1266641194,서울 용산구 대사관로31길 31,127.005815504061,37.5347684680066,종합병원
서울 용산구 한남동 707-36,HP8,병원,"의료,건강 > 병원 > 내과",1481,45333236,02-796-7566,홈스피탈내과의원,http://place.map.kakao.com/45333236,서울 용산구 한남대로 76,127.006548734371,37.5355631122878,내과
서울 용산구 한남동 635-1,HP8,병원,"의료,건강 > 병원 > 치과",1454,10840267,02-790-7119,나비드치과의원,http://place.map.kakao.com/10840267,서울 용산구 한남대로21길 17,127.006539562688,37.5341863835876,치과
서울 용산구 용산동2가 1-465,HP8,병원,"의료,건강 > 병원 > 내과",1573,11147456,02-756-6858,차내과의원,http://place.map.kakao.com/11147456,서울 용산구 신흥로20길 8,126.9850539149584,37.54617252251109,내과
서울 용산구 한남동 76-42,HP8,병원,"의료,건강 > 병원 > 치과",1468,25545855,02-797-0015,브라이트치과의원,http://place.map.kakao.com/25545855,서울 용산구 한남대로 59,127.006720571503,37.5339953612325,치과
서울 용산구 보광동 216-100,HP8,병원,"의료,건강 > 병원 > 소아청소년과",1130,9254155,02-795-0977,연소아과의원,http://place.map.kakao.com/9254155,서울 용산구 장문로 94,126.999954748447,37.526016282838,소아청소년과
서울 용산구 한남동 262-1,HP8,병원,"의료,건강 > 병원 > 피부과",1616,1052673750,02-3785-3690,아란의원,http://place.map.kakao.com/1052673750,서울 용산구 독서당로 71,127.008395067215,37.5340835521525,피부과
서울 용산구 한남동 641-2,HP8,병원,"의료,건강 > 병원 > 치과",1356,11140210,02-796-7528,서치과의원,http://place.map.kakao.com/11140210,서울 용산구 대사관로 68,127.005534794856,37.5331881258745,치과
서울 성동구 사근동 110,HP8,병원,"의료,건강 > 병원 > 대학병원",753,10937135,02-2290-8114,한양대학교병원,http://place.map.kakao.com/10937135,서울 성동구 왕십리로 222-1,127.04410614745778,37.559672992601826,대학병원
서울 성동구 행당동 377,HP8,병원,"의료,건강 > 병원 > 내과",737,218542822,1644-0808,녹십자아이메드 서울숲의원,http://place.map.kakao.com/218542822,서울 성동구 왕십리로 241,127.04010503315634,37.55716874645279,내과
서울 성동구 행당동 286-5,HP8,병원,"의료,건강 > 병원 > 피부과",287,26304363,02-2295-6020,유앤아이피부과의원 왕십리점,http://place.map.kakao.com/26304363,서울 성동구 왕십리로 315,127.03429441091701,37.5617395329105,피부과
서울 성동구 도선동 46,HP8,병원,"의료,건강 > 병원 > 정형외과",247,1007150949,02-2299-8876,왕십리본정형외과의원,http://place.map.kakao.com/1007150949,서울 성동구 왕십리로 320,127.03437390881034,37.56232695957249,정형외과
서울 성동구 행당동 130-115,HP8,병원,"의료,건강 > 병원 > 정형외과",523,1599773926,02-2297-9988,9988병원 서울본점,http://place.map.kakao.com/1599773926,서울 성동구 왕십리로 269,127.037480070315,37.5586048974751,정형외과
서울 성동구 하왕십리동 1070-3,HP8,병원,"의료,건강 > 병원 > 종합병원",809,8328395,02-3452-7575,베스티안서울병원,http://place.map.kakao.com/8328395,서울 성동구 왕십리로 382,127.02801402054763,37.56510190669102,종합병원
서울 성동구 홍익동 102,HP8,병원,"의료,건강 > 병원 > 치과",1045,9159736,02-2282-0001,서울특별시장애인치과병원,http://place.map.kakao.com/9159736,서울 성동구 마장로 207,127.032888593832,37.566693610353,치과
서울 성동구 도선동 365-1,HP8,병원,"의료,건강 > 병원 > 정형외과",558,1414335938,02-2281-0010,연세슬기병원,http://place.map.kakao.com/1414335938,서울 성동구 무학로2길 8,127.030691696965,37.5642470965633,정형외과
서울 성동구 도선동 58-1,HP8,병원,"의료,건강 > 병원 > 피부과",272,1601929960,02-2296-5628,메이퓨어의원 왕십리점,http://place.map.kakao.com/1601929960,서울 성동구 왕십리로 326,127.03389419096423,37.562727140713996,피부과
서울 성동구 행당동 286-5,HP8,병원,"의료,건강 > 병원 > 안과",288,26517106,02-556-6551,좋은사람들 성모안과의원,http://place.map.kakao.com/26517106,서울 성동구 왕십리로 315,127.034285357114,37.5617413375333,안과
서울 성동구 하왕십리동 966-11,HP8,병원,"의료,건강 > 병원 > 내과",387,747787383,02-2297-7077,서울으뜸내과의원,http://place.map.kakao.com/747787383,서울 성동구 왕십리로 333,127.032571064329,37.5627239091656,내과
서울 성동구 행당동 168-151,HP8,병원,"의료,건강 > 병원 > 피부과",219,2128245831,02-2297-1755,365다움의원,http://place.map.kakao.com/2128245831,서울 성동구 왕십리광장로 17,127.03818443750072,37.5616049913918,피부과
서울 성동구 행당동 1-121,HP8,병원,"의료,건강 > 병원 > 피부과",430,37066877,02-2282-7175,샤이니의원,http://place.map.kakao.com/37066877,서울 성동구 마조로 47,127.041451058333,37.561910228567,피부과
서울 성동구 도선동 21-1,HP8,병원,"의료,건강 > 병원 > 비뇨기과",132,1681455999,02-962-0725,센터맨남성의원,http://place.map.kakao.com/1681455999,서울 성동구 고산자로 255,127.03569941254,37.5625824492336,비뇨기과
서울 성동구 행당동 286-9,HP8,병원,"의료,건강 > 병원 > 이비인후과",295,9228892,02-2294-0750,연세이비인후과의원,http://place.map.kakao.com/9228892,서울 성동구 왕십리로 309,127.03458399160462,37.56137724778074,이비인후과
서울 성동구 하왕십리동 966-14,HP8,병원,"의료,건강 > 병원 > 산부인과",338,12537036,02-2281-0045,연세W산부인과 왕십리점,http://place.map.kakao.com/12537036,서울 성동구 왕십리로 327,127.033235314754,37.5624047712799,산부인과
서울 성동구 행당동 286-5,HP8,병원,"의료,건강 > 병원 > 외과",294,266406635,02-6949-4225,더나은길외과의원,http://place.map.kakao.com/266406635,서울 성동구 왕십리로 315,127.034226488838,37.5617125227209,외과
서울 성동구 도선동 46,HP8,병원,"의료,건강 > 병원 > 비뇨기과",247,8239329,02-2299-0398,김희중비뇨기과의원,http://place.map.kakao.com/8239329,서울 성동구 왕십리로 320,127.03437164596332,37.562328762224375,비뇨기과
서울 성동구 행당동 287-15,HP8,병원,"의료,건강 > 병원 > 외과",290,8613504,02-2292-7323,행당외과 영상의학과의원,http://place.map.kakao.com/8613504,서울 성동구 왕십리로 309,127.034697163884,37.5613555906553,외과
서울 성동구 행당동 133-5,HP8,병원,"의료,건강 > 병원 > 내과",485,15199852,02-2294-4020,김차현내과의원,http://place.map.kakao.com/15199852,서울 성동구 왕십리로 275,127.037045625172,37.5589257895505,내과
서울 성동구 하왕십리동 966-11,HP8,병원,"의료,건강 > 병원 > 피부과",387,1366411810,02-6956-0521,왕십리 밴스의원,http://place.map.kakao.com/1366411810,서울 성동구 왕십리로 333,127.03257106432837,37.562723909159374,피부과
서울 성동구 행당동 267-23,HP8,병원,"의료,건강 > 병원 > 소아청소년과",346,17198298,02-2298-0144,아이들소아청소년과의원,http://place.map.kakao.com/17198298,서울 성동구 고산자로 234,127.03522191651552,37.56047786442675,소아청소년과
서울 성동구 하왕십리동 966-2,HP8,병원,"의료,건강 > 병원 > 내과",427,10605175,02-2295-5312,신호균모두드림내과의원,http://place.map.kakao.com/10605175,서울 성동구 왕십리로 339,127.032085581532,37.5629060433892,내과
서울 성동구 행당동 267-23,HP8,병원,"의료,건강 > 병원 > 항문외과",337,8007555,02-2291-4114,예스항외과의원 왕십리점,http://place.map.kakao.com/8007555,서울 성동구 고산자로 234,127.035276276504,37.5605481259499,항문외과
서울 성동구 행당동 286-5,HP8,병원,"의료,건강 > 병원 > 내과",288,24287422,02-2295-4005,장인내과의원,http://place.map.kakao.com/24287422,서울 성동구 왕십리로 315,127.0342977981421,37.56172151199373,내과
서울 성동구 행당동 267-23,HP8,병원,"의료,건강 > 병원 > 안과",339,7915931,02-2281-2770,사랑의안과,http://place.map.kakao.com/7915931,서울 성동구 고산자로 234,127.035289846331,37.5605228939837,안과
서울 성동구 하왕십리동 966-11,HP8,병원,"의료,건강 > 병원 > 신경외과",387,265384975,02-2295-7585,왕십리탑신경외과의원,http://place.map.kakao.com/265384975,서울 성동구 왕십리로 333,127.032571064329,37.5627239091656,신경외과
서울 성동구 행당동 286-5,HP8,병원,"의료,건강 > 병원 > 산부인과",293,153541220,02-2298-6200,애플산부인과 의원 왕십리점,http://place.map.kakao.com/153541220,서울 성동구 왕십리로 315,127.034235546762,37.5617197280679,산부인과
서울 동대문구 용두동 118-20,HP8,병원,"의료,건강 > 병원 > 시도립병원",741,16498373,02-920-9114,서울특별시 동부병원,http://place.map.kakao.com/16498373,서울 동대문구 무학로 124,127.031402662859,37.5753976288057,시도립병원
서울 성동구 행당동 267-23,HP8,병원,"의료,건강 > 병원 > 피부과",340,1454533516,02-2299-7975,라온피부과의원,http://place.map.kakao.com/1454533516,서울 성동구 고산자로 234,127.035264948206,37.5605265054041,피부과
서울 성동구 행당동 286-5,HP8,병원,"의료,건강 > 병원 > 치과",292,24632722,02-2291-2875,서울하이안치과의원,http://place.map.kakao.com/24632722,서울 성동구 왕십리로 315,127.03423781124279,37.56172152939832,치과
서울 성동구 행당동 318-36,HP8,병원,"가정,생활 > 반려동물 > 동물병원",585,27169610,,24시센트럴동물메디컬센터,http://place.map.kakao.com/27169610,서울 성동구 고산자로 207,127.033740689825,37.5586600851227,동물병원
서울 성동구 마장동 791-1,HP8,병원,"의료,건강 > 병원 > 일반의원",638,8153945,02-2292-8275,현대서울의원,http://place.map.kakao.com/8153945,서울 성동구 마장로 302,127.04325306111924,37.56604605605738,일반의원
서울 성동구 행당동 287-15,HP8,병원,"의료,건강 > 병원 > 안과",290,7998960,02-2291-3155,연세안과의원,http://place.map.kakao.com/7998960,서울 성동구 왕십리로 309,127.034710744085,37.5613519826768,안과
서울 성동구 행당동 317-179,HP8,병원,"의료,건강 > 병원 > 정형외과",613,9247238,02-2281-3875,여봉구정형외과,http://place.map.kakao.com/9247238,서울 성동구 행당로17길 1-3,127.03329246888137,37.55858092461382,정형외과
서울 성동구 하왕십리동 1070,HP8,병원,"의료,건강 > 병원 > 치과",726,497108119,02-6495-2828,연세고마운치과의원 왕십리지점,http://place.map.kakao.com/497108119,서울 성동구 왕십리로 410,127.02888431098576,37.56477823935635,치과
서울 성동구 하왕십리동 966-12,HP8,병원,"의료,건강 > 병원 > 통증클리닉",369,1856163267,02-2291-7575,왕십리성모마취통증의학과의원,http://place.map.kakao.com/1856163267,서울 성동구 왕십리로 331,127.03280078826087,37.562631943923954,통증클리닉
서울 동대문구 용두동 36-2,HP8,병원,"의료,건강 > 병원 > 노인,요양병원",190,27144083,02-961-4700,서울에이스재활요양병원,http://place.map.kakao.com/27144083,서울 동대문구 고산자로 379,127.037750241327,37.5736622558811,"노인,요양병원"
서울 성동구 도선동 46,HP8,병원,"의료,건강 > 병원 > 산부인과",245,2051720177,02-2294-7575,삼성제이여성의원,http://place.map.kakao.com/2051720177,서울 성동구 왕십리로 320,127.034387502869,37.5623530845138,산부인과
서울 성동구 마장동 773-1,HP8,병원,"의료,건강 > 병원 > 내과",506,27060074,02-2088-2215,마장내과의원,http://place.map.kakao.com/27060074,서울 성동구 마장로 289,127.04163661675003,37.56586643799988,내과
서울 성동구 도선동 53,HP8,병원,"의료,건강 > 병원 > 비뇨기과",265,1471734303,02-2299-7887,위너스비뇨기과의원,http://place.map.kakao.com/1471734303,서울 성동구 왕십리로 322,127.034054821696,37.5625270732726,비뇨기과
서울 성동구 행당동 140,HP8,병원,"의료,건강 > 병원 > 이비인후과",583,8033168,02-2282-5119,윤이비인후과의원,http://place.map.kakao.com/8033168,서울 성동구 고산자로6길 40,127.035478871113,37.5581622251815,이비인후과
서울 성동구 도선동 58-1,HP8,병원,"의료,건강 > 병원 > 신경외과",272,2135665909,02-2282-3650,365더바른신경외과의원,http://place.map.kakao.com/2135665909,서울 성동구 왕십리로 326,127.033894190964,37.562727140714,신경외과
서울 성동구 행당동 267-23,HP8,병원,"의료,건강 > 병원 > 신경과",338,27494738,02-3395-8275,미래신경과의원,http://place.map.kakao.com/27494738,서울 성동구 고산자로 234,127.035271745863,37.560540919329,신경과
서울 성동구 도선동 296-1,HP8,병원,"의료,건강 > 병원 > 정신건강의학과",486,440826488,02-2299-7750,삼성공감정신건강의학과의원 왕십리점,http://place.map.kakao.com/440826488,서울 성동구 왕십리로 350,127.031420423749,37.5637819907837,정신건강의학과
서울 광진구 자양동 627-3,HP8,병원,"의료,건강 > 병원 > 종합병원",360,8178421,02-2049-9000,혜민병원,http://place.map.kakao.com/8178421,서울 광진구 자양로 85,127.08360139310757,37.53539675015857,종합병원
서울 광진구 화양동 4-12,HP8,병원,"의료,건강 > 병원 > 대학병원",940,16559393,1588-1533,건국대학교병원,http://place.map.kakao.com/16559393,서울 광진구 능동로 120-1,127.07209753450071,37.540641847402576,대학병원
서울 광진구 자양동 216-7,HP8,병원,"의료,건강 > 병원 > 정형외과",325,943821887,02-458-9275,서울점프정형외과의원,http://place.map.kakao.com/943821887,서울 광진구 아차산로 382,127.085267168962,37.536663266673,정형외과
서울 광진구 화양동 6-2,HP8,병원,"의료,건강 > 병원 > 피부과 > CNP차앤박피부과",1103,18561385,02-465-4227,CNP차앤박피부과 건대입구점,http://place.map.kakao.com/18561385,서울 광진구 아차산로 241,127.070162521723,37.5405015559879,CNP차앤박피부과
서울 광진구 자양동 779-6,HP8,병원,"의료,건강 > 병원 > 신경외과",176,370796482,02-3436-9933,구의메트로신경외과의원,http://place.map.kakao.com/370796482,서울 광진구 아차산로 361,127.08287900837017,37.53696049494373,신경외과
서울 광진구 자양동 680-4,HP8,병원,"의료,건강 > 병원 > 치과",362,1549375784,02-455-0428,광진정플란트치과의원,http://place.map.kakao.com/1549375784,서울 광진구 자양로 88,127.084296325982,37.5356052882588,치과
서울 광진구 자양동 685,HP8,병원,"의료,건강 > 병원 > 노인,요양병원",846,2009637964,02-456-8898,편안한요양병원,http://place.map.kakao.com/2009637964,서울 광진구 자양로 38,127.08648215544,37.5315996605696,"노인,요양병원"
서울 광진구 자양동 612-56,HP8,병원,"가정,생활 > 반려동물 > 동물병원",317,1306490550,010-5193-0054,우주동물병원,http://place.map.kakao.com/1306490550,서울 광진구 자양로15길 30,127.08191246573308,37.53566913483861,동물병원
서울 광진구 구의동 246-15,HP8,병원,"의료,건강 > 병원 > 내과",219,1445792483,02-3437-3337,고려H내과의원,http://place.map.kakao.com/1445792483,서울 광진구 아차산로 373,127.084030885084,37.5370110379347,내과
서울 광진구 구의동 234-14,HP8,병원,"의료,건강 > 병원 > 산부인과",748,20032228,02-447-3111,SC제일산부인과의원,http://place.map.kakao.com/20032228,서울 광진구 광나루로 506,127.085664471877,37.5447188169261,산부인과
서울 광진구 자양동 779-11,HP8,병원,"의료,건강 > 병원 > 안과",85,12597491,02-452-1001,채규원안과의원,http://place.map.kakao.com/12597491,서울 광진구 자양로 113,127.08298186651167,37.5378875518727,안과
서울 광진구 구의동 246-14,HP8,병원,"의료,건강 > 병원 > 비뇨기과",234,347144933,02-456-3051,라임의원,http://place.map.kakao.com/347144933,서울 광진구 아차산로 375,127.08436134365415,37.537076575343455,비뇨기과
서울 광진구 자양동 779-8,HP8,병원,"의료,건강 > 병원 > 피부과",136,680475678,02-456-7737,메이퓨어의원 구의역점,http://place.map.kakao.com/680475678,서울 광진구 자양로 109,127.08316578929546,37.53743151642808,피부과
서울 광진구 자양동 779-11,HP8,병원,"의료,건강 > 병원 > 이비인후과",88,8095634,02-457-2002,최이비인후과의원,http://place.map.kakao.com/8095634,서울 광진구 자양로 113,127.08305089199179,37.53789290934942,이비인후과
서울 광진구 자양동 766-3,HP8,병원,"의료,건강 > 병원 > 정형외과",235,868536538,0502-5551-5408,아톰정형외과,http://place.map.kakao.com/868536538,서울 광진구 자양로 143,127.083157920697,37.5405345656771,정형외과
서울 광진구 구의동 80-25,HP8,병원,"의료,건강 > 병원 > 재활의학과",957,8066062,02-3436-8888,제니스병원,http://place.map.kakao.com/8066062,서울 광진구 자양로 215,127.086499352083,37.5464877701172,재활의학과
서울 광진구 화양동 1,HP8,병원,"가정,생활 > 반려동물 > 동물병원",681,24046086,02-450-3664,건국대학교 부속동물병원,http://place.map.kakao.com/24046086,서울 광진구 능동로 120,127.0747518652519,37.539317529277,동물병원
서울 광진구 구의동 252-16,HP8,병원,"의료,건강 > 병원 > 피부과",131,1978817447,02-452-5958,맑은윤의원,http://place.map.kakao.com/1978817447,서울 광진구 자양로 116,127.08385123668631,37.538247337788334,피부과
서울 광진구 자양동 216-10,HP8,병원,"의료,건강 > 병원 > 정형외과",299,889974763,02-453-7272,구의역더튼튼의원,http://place.map.kakao.com/889974763,서울 광진구 아차산로 378,127.084729590288,37.5365393155561,정형외과
서울 광진구 자양동 779-6,HP8,병원,"의료,건강 > 병원 > 치과",184,2136634669,02-452-2080,서울훈훈한치과의원,http://place.map.kakao.com/2136634669,서울 광진구 아차산로 361,127.08293550617842,37.5368928802552,치과
서울 광진구 구의동 246-15,HP8,병원,"의료,건강 > 병원 > 이비인후과",223,25588052,02-6248-3100,드림이비인후과의원,http://place.map.kakao.com/25588052,서울 광진구 아차산로 373,127.084053473706,37.5369749818506,이비인후과
서울 광진구 자양동 779-6,HP8,병원,"의료,건강 > 병원 > 내과",176,118938217,02-455-0119,구의센트럴내과의원,http://place.map.kakao.com/118938217,서울 광진구 아차산로 361,127.082882400735,37.5369586905624,내과
서울 광진구 구의동 234-9,HP8,병원,"의료,건강 > 병원 > 치과",764,8744466,02-2201-7528,더서울치과의원,http://place.map.kakao.com/8744466,서울 광진구 광나루로 508,127.08593612317,37.5447834914726,치과
서울 광진구 구의동 252-16,HP8,병원,"의료,건강 > 병원 > 한방병원",136,1874506453,02-454-7582,오석한방병원,http://place.map.kakao.com/1874506453,서울 광진구 자양로 116,127.08385331398644,37.53808155231285,한방병원
서울 광진구 자양동 610-12,HP8,병원,"의료,건강 > 병원 > 내과",805,1677507260,02-452-3434,서울굿모닝내과의원,http://place.map.kakao.com/1677507260,서울 광진구 뚝섬로 595,127.0761928046246,37.53318890481456,내과
서울 광진구 구의동 218-37,HP8,병원,"의료,건강 > 병원 > 정형외과",889,569448096,02-455-2018,더바름정형외과의원,http://place.map.kakao.com/569448096,서울 광진구 아차산로 450-2,127.09246010459205,37.53874907518811,정형외과
서울 광진구 자양동 219-2,HP8,병원,"의료,건강 > 병원 > 안과",258,1418050845,02-446-6675,연세안안과의원,http://place.map.kakao.com/1418050845,서울 광진구 자양로 95,127.08322332921028,37.53626531127713,안과
서울 광진구 자양동 216-10,HP8,병원,"의료,건강 > 병원 > 치과",298,23442266,02-2201-0082,서울필치과의원,http://place.map.kakao.com/23442266,서울 광진구 아차산로 378,127.08473413748357,37.53655823330591,치과
서울 광진구 자양동 219-2,HP8,병원,"의료,건강 > 병원 > 정신건강의학과",262,9229567,02-2201-5757,구의연세정신건강의학과의원,http://place.map.kakao.com/9229567,서울 광진구 자양로 95,127.08320178705726,37.53622505173488,정신건강의학과
서울 광진구 구의동 667,HP8,병원,"의료,건강 > 병원 > 내과",677,265773336,02-3437-9201,구의베스트내과의원,http://place.map.kakao.com/265773336,서울 광진구 아차산로 431,127.0900597700966,37.53836350018402,내과
서울 광진구 자양동 870,HP8,병원,"의료,건강 > 병원 > 안과",525,525398117,02-455-0506,아산아이톡안과의원,http://place.map.kakao.com/525398117,서울 광진구 아차산로 402,127.08785246817398,37.53661001467632,안과
서울 광진구 자양동 657-5,HP8,병원,"의료,건강 > 병원 > 신경외과",568,1035033177,02-454-7575,뿌리신경외과의원,http://place.map.kakao.com/1035033177,서울 광진구 자양로 65,127.084366504662,37.5336230368724,신경외과
서울 광진구 자양동 636-5,HP8,병원,"의료,건강 > 병원 > 치과",788,90365396,02-457-7528,서울삼성치과의원,http://place.map.kakao.com/90365396,서울 광진구 뚝섬로 642,127.08076184157045,37.53151361085199,치과
서울 광진구 자양동 779-8,HP8,병원,"의료,건강 > 병원 > 산부인과",153,10873460,02-455-1356,프리마여성의원,http://place.map.kakao.com/10873460,서울 광진구 자양로 109,127.08314918953955,37.53725718458476,산부인과
서울 광진구 자양동 219-2,HP8,병원,"의료,건강 > 병원 > 정형외과",262,1547955659,02-6958-9211,구의탑정형외과의원,http://place.map.kakao.com/1547955659,서울 광진구 자양로 95,127.083201787058,37.5362250517415,정형외과
서울 광진구 구의동 254-36,HP8,병원,"가정,생활 > 반려동물 > 동물병원",428,1814195075,02-456-7775,다봄동물병원,http://place.map.kakao.com/1814195075,서울 광진구 자양로 163,127.083880530703,37.5421765767908,동물병원
서울 광진구 구의동 213-3,HP8,병원,"의료,건강 > 병원 > 내과",1019,8368586,02-456-7001,서울내외의원,http://place.map.kakao.com/8368586,서울 광진구 구의강변로 99,127.093868609532,37.5395011998419,내과
서울 광진구 자양동 870,HP8,병원,"의료,건강 > 병원 > 이비인후과",525,2072332702,,이스트폴담우이비인후과의원,http://place.map.kakao.com/2072332702,서울 광진구 아차산로 402,127.08784567948891,37.53661001972641,이비인후과
서울 광진구 자양동 621-24,HP8,병원,"의료,건강 > 병원 > 치과",402,1594624081,02-3436-2875,라이트치과의원,http://place.map.kakao.com/1594624081,서울 광진구 자양로15길 51-1,127.080747632924,37.5351248317634,치과
서울 광진구 구의동 252-14,HP8,병원,"의료,건강 > 병원 > 일반의원",123,10007165,02-455-2264,한마음의원,http://place.map.kakao.com/10007165,서울 광진구 자양로 126,127.083675524391,37.5389610544074,일반의원
서울 광진구 자양동 616-29,HP8,병원,"의료,건강 > 병원 > 치과",742,27255935,02-453-7528,이튼플러스치과의원,http://place.map.kakao.com/27255935,서울 광진구 뚝섬로 629,127.079540696002,37.5322064084105,치과
서울 광진구 자양동 681-40,HP8,병원,"의료,건강 > 병원 > 정형외과",788,10512129,02-444-3330,상일정형외과의원,http://place.map.kakao.com/10512129,서울 광진구 자양로 42,127.086043659279,37.5320144413204,정형외과
서울 광진구 화양동 7-3,HP8,병원,"의료,건강 > 병원 > 비뇨기과",1183,1606501316,1661-2282,SNU건전비뇨의학과의원,http://place.map.kakao.com/1606501316,서울 광진구 아차산로 229,127.06930280087494,37.540744432586514,비뇨기과
서울 광진구 자양동 219-2,HP8,병원,"의료,건강 > 병원 > 피부과",262,10658400,,연세서울의원,http://place.map.kakao.com/10658400,서울 광진구 자양로 95,127.08321083759132,37.53622414436429,피부과
서울 광진구 자양동 779-8,HP8,병원,"의료,건강 > 병원 > 재활의학과",138,10153400,02-2201-3636,광진재활의학과의원 통증의학과,http://place.map.kakao.com/10153400,서울 광진구 자양로 109,127.083144261543,37.5374045015822,재활의학과
서울 동대문구 용두동 40-13,HP8,병원,"의료,건강 > 병원 > 내과",194,9833295,02-968-1088,속편한내과의원,http://place.map.kakao.com/9833295,서울 동대문구 고산자로 399,127.03778727186848,37.57525790561615,내과
서울 동대문구 제기동 1046-4,HP8,병원,"의료,건강 > 병원 > 정형외과",472,12990683,1544-6003,서울나은병원,http://place.map.kakao.com/12990683,서울 동대문구 왕산로 137,127.03885311926,37.5785993475183,정형외과
서울 동대문구 용두동 27-4,HP8,병원,"의료,건강 > 병원 > 정형외과",222,7950441,0507-1400-5782,선정형외과의원,http://place.map.kakao.com/7950441,서울 동대문구 고산자로 410,127.03876926864127,37.57626850301268,정형외과
서울 동대문구 전농동 620-56,HP8,병원,"의료,건강 > 병원 > 이비인후과",623,420838669,02-6235-1234,잘듣는이비인후과의원,http://place.map.kakao.com/420838669,서울 동대문구 왕산로36길 6,127.0435775934993,37.5790941456921,이비인후과
서울 동대문구 청량리동 766,HP8,병원,"의료,건강 > 병원 > 피부과",701,1595331895,02-963-7711,자연튼튼의원,http://place.map.kakao.com/1595331895,서울 동대문구 왕산로 183,127.043576942931,37.5799203573415,피부과
서울 동대문구 제기동 1012,HP8,병원,"의료,건강 > 병원 > 피부과",495,1637831541,02-966-3141,우태하피부과의원 동대문점,http://place.map.kakao.com/1637831541,서울 동대문구 왕산로 151,127.04025250899771,37.578848453986275,피부과
서울 동대문구 용두동 798,HP8,병원,"의료,건강 > 병원 > 한방병원",456,532728773,02-964-1004,솔라시도한방병원,http://place.map.kakao.com/532728773,서울 동대문구 고산자로32길 78,127.04314646305951,37.57747251470519,한방병원
서울 동대문구 용두동 793,HP8,병원,"의료,건강 > 병원 > 신경과",537,708897271,02-2138-1191,청량리삼성신경과의원,http://place.map.kakao.com/708897271,서울 동대문구 왕산로32길 7,127.04187030577609,37.57892627772552,신경과
서울 동대문구 전농동 620-56,HP8,병원,"의료,건강 > 병원 > 피부과",631,1908947976,02-960-3469,더힐피부과의원 동대문점,http://place.map.kakao.com/1908947976,서울 동대문구 왕산로36길 6,127.043474652315,37.5792302337349,피부과
서울 동대문구 제기동 652-2,HP8,병원,"의료,건강 > 병원 > 안과",603,11723815,02-966-0225,서울베스트안과의원 본관,http://place.map.kakao.com/11723815,서울 동대문구 왕산로 171,127.04211402300265,37.57949111424015,안과
서울 동대문구 전농동 622-1,HP8,병원,"의료,건강 > 병원 > 피부과",579,1704170990,02-2038-3275,오가나셀피부과의원 동대문점,http://place.map.kakao.com/1704170990,서울 동대문구 답십리로 9,127.04322421180551,37.57880145257708,피부과
서울 동대문구 전농동 622-1,HP8,병원,"의료,건강 > 병원 > 내과",566,654084147,02-6953-9663,삼성베스트내과의원,http://place.map.kakao.com/654084147,서울 동대문구 답십리로 9,127.04322865889205,37.57866089588209,내과
서울 동대문구 청량리동 750,HP8,병원,"의료,건강 > 병원 > 안과",775,340217195,02-964-5235,다보는성모안과의원,http://place.map.kakao.com/340217195,서울 동대문구 왕산로 193,127.044532622955,37.5802299425513,안과
서울 동대문구 제기동 1016,HP8,병원,"의료,건강 > 병원 > 치과",465,18857245,02-955-2804,동대문나눔치과의원,http://place.map.kakao.com/18857245,서울 동대문구 왕산로 143,127.039437270622,37.5785919458582,치과
서울 동대문구 전농동 620-70,HP8,병원,"의료,건강 > 병원 > 정형외과",623,525978198,02-6213-3305,청량리서울아산정형외과의원,http://place.map.kakao.com/525978198,서울 동대문구 왕산로 178,127.043146387936,37.5793042356753,정형외과
서울 동대문구 용두동 122-52,HP8,병원,"의료,건강 > 병원 > 통증클리닉",732,10201107,02-927-2471,김승일마취과의원,http://place.map.kakao.com/10201107,서울 동대문구 천호대로 72,127.031456303211,37.573739784305,통증클리닉
서울 동대문구 전농동 621-1,HP8,병원,"의료,건강 > 병원 > 비뇨기과",603,1295194877,02-6933-9020,서울N비뇨기과의원 청량리점,http://place.map.kakao.com/1295194877,서울 동대문구 왕산로 176,127.042915380718,37.5791998045922,비뇨기과
서울 동대문구 전농동 620-6,HP8,병원,"의료,건강 > 병원 > 피부과",706,313281463,1833-2789,블리비의원 청량리점,http://place.map.kakao.com/313281463,서울 동대문구 왕산로 190,127.04433864988415,37.5795849039836,피부과
서울 동대문구 제기동 1132,HP8,병원,"의료,건강 > 병원 > 치과",488,14739598,02-967-2228,림플란트치과,http://place.map.kakao.com/14739598,서울 동대문구 왕산로 127,127.037539826212,37.578448405456,치과
서울 동대문구 전농동 648-1,HP8,병원,"의료,건강 > 병원 > 정형외과",712,25722947,02-2238-8448,주정형외과의원,http://place.map.kakao.com/25722947,서울 동대문구 서울시립대로 50,127.047622616028,37.5756336663766,정형외과
서울 동대문구 제기동 635-19,HP8,병원,"의료,건강 > 병원 > 외과",679,16649037,02-968-5700,라환도외과의원,http://place.map.kakao.com/16649037,서울 동대문구 왕산로 181,127.0431784102059,37.579864642163926,외과
서울 동대문구 전농동 620-69,HP8,병원,"의료,건강 > 병원 > 피부과",834,1438832674,02-967-1064,오아로 피부과의원 청량리점,http://place.map.kakao.com/1438832674,서울 동대문구 왕산로 200,127.04615585704832,37.579890545357316,피부과
서울 동대문구 용두동 29-4,HP8,병원,"의료,건강 > 병원 > 이비인후과",192,8992466,02-960-0075,미래이비인후과의원,http://place.map.kakao.com/8992466,서울 동대문구 고산자로 406,127.03847471076986,37.57583071608998,이비인후과
서울 동대문구 용두동 90-9,HP8,병원,"의료,건강 > 병원 > 내과",487,2116881459,02-966-6520,서울사대내과의원,http://place.map.kakao.com/2116881459,서울 동대문구 왕산로26길 4,127.036316896484,37.5778685478044,내과
서울 동대문구 전농동 620-47,HP8,병원,"의료,건강 > 병원 > 치과",834,798202254,02-6954-2875,연세스카이치과의원,http://place.map.kakao.com/798202254,서울 동대문구 왕산로 200,127.04615585704803,37.57989054535136,치과
서울 동대문구 제기동 635-20,HP8,병원,"의료,건강 > 병원 > 정형외과",661,1138640251,02-3293-0111,제일정형외과의원,http://place.map.kakao.com/1138640251,서울 동대문구 왕산로 179,127.042951936862,37.5797728234183,정형외과
서울 동대문구 용두동 104-3,HP8,병원,"의료,건강 > 병원 > 이비인후과",735,1050599494,02-928-4124,보아스이비인후과의원,http://place.map.kakao.com/1050599494,서울 동대문구 왕산로 86,127.03247909660338,37.57770027919014,이비인후과
서울 동대문구 청량리동 40-9,HP8,병원,"의료,건강 > 병원 > 종합병원",1406,9821944,02-966-1616,서울성심병원,http://place.map.kakao.com/9821944,서울 동대문구 왕산로 259,127.049838048407,37.5841741732334,종합병원
서울 동대문구 신설동 103-10,HP8,병원,"의료,건강 > 병원 > 산부인과",1265,7864678,02-2234-6555,신설마리아병원,http://place.map.kakao.com/7864678,서울 동대문구 천호대로 20,127.02538547827531,37.57417102035537,산부인과
서울 동대문구 용두동 40-11,HP8,병원,"의료,건강 > 병원 > 정형외과",192,9260300,02-968-5544,아주정형외과의원,http://place.map.kakao.com/9260300,서울 동대문구 고산자로 399,127.037800849434,37.5752443863569,정형외과
서울 동대문구 용두동 38-20,HP8,병원,"가정,생활 > 반려동물 > 동물병원",161,15236878,02-3295-3927,엘동물병원,http://place.map.kakao.com/15236878,서울 동대문구 고산자로 391,127.03788653382415,37.57455329601073,동물병원
서울 동대문구 전농동 621-1,HP8,병원,"의료,건강 > 병원 > 내과",603,26633726,02-967-0011,건강한우리내과의원,http://place.map.kakao.com/26633726,서울 동대문구 왕산로 176,127.042919909089,37.5791998029459,내과
서울 동대문구 제기동 1138,HP8,병원,"의료,건강 > 병원 > 정형외과",500,1548124255,02-965-2288,제기동정형외과의원,http://place.map.kakao.com/1548124255,서울 동대문구 왕산로 123,127.037160568199,37.5784269015951,정형외과
서울 동대문구 용두동 793,HP8,병원,"의료,건강 > 병원 > 비뇨기과",514,26562571,02-967-8222,열린비뇨기과의원,http://place.map.kakao.com/26562571,서울 동대문구 왕산로32길 7,127.041796609218,37.5787280851667,비뇨기과
서울 동대문구 전농동 647-1,HP8,병원,"의료,건강 > 병원 > 치과",636,13507322,02-2247-7768,늘솜치과의원,http://place.map.kakao.com/13507322,서울 동대문구 서울시립대로 36,127.046906496219,37.5745635715553,치과
서울 동대문구 청량리동 743-1,HP8,병원,"의료,건강 > 병원 > 이비인후과",850,8095833,02-959-5501,초이스이비인후과의원,http://place.map.kakao.com/8095833,서울 동대문구 홍릉로 5-1,127.044795675851,37.5809037863324,이비인후과
서울 동대문구 용두동 793,HP8,병원,"의료,건강 > 병원 > 안과",515,1902171094,,서울베스트안과의원,http://place.map.kakao.com/1902171094,서울 동대문구 왕산로32길 7,127.041796610225,37.5787298871544,안과
서울 동대문구 제기동 654-1,HP8,병원,"의료,건강 > 병원 > 신경외과",582,1264883696,02-966-8275,위풍당당신경외과의원,http://place.map.kakao.com/1264883696,서울 동대문구 왕산로 167,127.041697359511,37.5793984597798,신경외과
서울 동대문구 청량리동 268,HP8,병원,"의료,건강 > 병원 > 피부과",887,772314999,02-2039-3675,닥터에버스의원 청량리점,http://place.map.kakao.com/772314999,서울 동대문구 왕산로 205,127.045572303069,37.580893578127,피부과
서울 동대문구 전농동 621-1,HP8,병원,"의료,건강 > 병원 > 안과",601,9700894,02-962-0075,강북밝은안과의원,http://place.map.kakao.com/9700894,서울 동대문구 왕산로 176,127.042897258964,37.5791853952758,안과
서울 동대문구 전농동 620-15,HP8,병원,"의료,건강 > 병원 > 피부과",677,866805798,02-6949-1201,닥터스피부과의원 동대문,http://place.map.kakao.com/866805798,서울 동대문구 왕산로 186,127.044163046895,37.5793687312682,피부과
서울 동대문구 전농동 621-1,HP8,병원,"의료,건강 > 병원 > 산부인과",597,848426723,02-6959-6616,여자의봄산부인과의원,http://place.map.kakao.com/848426723,서울 동대문구 왕산로 176,127.042915347622,37.5791421409915,산부인과
서울 중랑구 신내동 316,HP8,병원,"의료,건강 > 병원 > 종합병원",855,12997914,02-2276-7000,서울의료원,http://place.map.kakao.com/12997914,서울 중랑구 신내로 156,127.09804713329923,37.61283151896755,종합병원
서울 중랑구 망우동 470-18,HP8,병원,"의료,건강 > 병원 > 피부과 > 이지함피부과",943,1741409586,02-6367-6700,이지함피부과 망우점,http://place.map.kakao.com/1741409586,서울 중랑구 망우로 422,127.09897607282178,37.59931139528238,이지함피부과
서울 중랑구 신내동 559-2,HP8,병원,"의료,건강 > 병원 > 정형외과",211,1147014298,02-433-8875,신내푸른정형외과의원,http://place.map.kakao.com/1147014298,서울 중랑구 신내로 71,127.09510668445346,37.605548527484835,정형외과
서울 중랑구 망우동 488-4,HP8,병원,"의료,건강 > 병원 > 산부인과",866,1213265778,02-490-4000,장스여성병원,http://place.map.kakao.com/1213265778,서울 중랑구 망우로 411,127.0979074499184,37.599586187733664,산부인과
서울 중랑구 신내동 666,HP8,병원,"의료,건강 > 병원 > 노인,요양병원",161,11294138,02-577-9696,로하스동서울요양병원,http://place.map.kakao.com/11294138,서울 중랑구 봉화산로 194,127.09472729873,37.606440812305,"노인,요양병원"
서울 중랑구 신내동 667,HP8,병원,"의료,건강 > 병원 > 정형외과",238,10067956,02-3423-0129,신내성모정형외과의원,http://place.map.kakao.com/10067956,서울 중랑구 신내로 82,127.095561126095,37.6066780013119,정형외과
서울 중랑구 신내동 588-4,HP8,병원,"의료,건강 > 병원 > 이비인후과",285,10337305,02-3421-7337,맑은성모이비인후과의원,http://place.map.kakao.com/10337305,서울 중랑구 신내로14길 13,127.09608099491331,37.60583425300454,이비인후과
서울 중랑구 망우동 489-9,HP8,병원,"의료,건강 > 병원 > 노인,요양병원",840,535945577,02-433-1195,마인드웰병원,http://place.map.kakao.com/535945577,서울 중랑구 망우로 403,127.09689261019695,37.59942574791849,"노인,요양병원"
서울 중랑구 신내동 667,HP8,병원,"의료,건강 > 병원 > 안과",238,10529572,02-3423-2888,신내이안과의원,http://place.map.kakao.com/10529572,서울 중랑구 신내로 82,127.095561126095,37.6066780013119,안과
서울 중랑구 신내동 544,HP8,병원,"의료,건강 > 병원 > 내과",392,8442633,02-435-2277,신내우리의원,http://place.map.kakao.com/8442633,서울 중랑구 신내로 50-3,127.09590836984925,37.60369183973482,내과
서울 중랑구 망우동 227,HP8,병원,"의료,건강 > 병원 > 시도립병원",1333,10496084,02-2036-0200,서울특별시 북부병원,http://place.map.kakao.com/10496084,서울 중랑구 양원역로 38,127.107793319913,37.6042996621047,시도립병원
서울 중랑구 신내동 666,HP8,병원,"의료,건강 > 병원 > 피부과",160,12132581,02-3421-7600,맑은피부과의원,http://place.map.kakao.com/12132581,서울 중랑구 봉화산로 194,127.09470913068378,37.60640298532613,피부과
서울 중랑구 중화동 110-43,HP8,병원,"의료,건강 > 병원 > 정형외과",1143,15112271,02-434-2119,디앤에프병원,http://place.map.kakao.com/15112271,서울 중랑구 봉화산로 64,127.081435365941,37.6015060995935,정형외과
서울 중랑구 신내동 563-2,HP8,병원,"가정,생활 > 반려동물 > 동물병원",277,219339635,02-433-7515,아이봄동물병원,http://place.map.kakao.com/219339635,서울 중랑구 신내로 66,127.095626991164,37.6050489587517,동물병원
서울 중랑구 망우동 490-8,HP8,병원,"의료,건강 > 병원 > 한방병원",905,1486178511,02-2038-0100,경동한방병원,http://place.map.kakao.com/1486178511,서울 중랑구 망우로 400,127.096555320496,37.5986773011103,한방병원
서울 중랑구 망우동 207-2,HP8,병원,"의료,건강 > 병원 > 재활의학과",1218,669384270,02-3426-0100,러스크서울병원,http://place.map.kakao.com/669384270,서울 중랑구 망우로 470,127.104326678267,37.600142906146,재활의학과
서울 중랑구 망우동 490-1,HP8,병원,"의료,건강 > 병원 > 치과",905,1197556015,02-495-7788,연세좋은치과의원,http://place.map.kakao.com/1197556015,서울 중랑구 망우로 404,127.097181805579,37.5988885197382,치과
서울 중랑구 신내동 667,HP8,병원,"의료,건강 > 병원 > 내과",235,10938915,02-3423-3033,한사랑내과의원,http://place.map.kakao.com/10938915,서울 중랑구 신내로 82,127.09555300721716,37.60652844362957,내과
서울 중랑구 신내동 418-6,HP8,병원,"의료,건강 > 병원 > 일반의원",730,13140255,02-3422-1911,서울신내의원,http://place.map.kakao.com/13140255,서울 중랑구 용마산로 622,127.101177992908,37.6063994187493,일반의원
서울 중랑구 신내동 666,HP8,병원,"의료,건강 > 병원 > 내과",160,10566794,02-3421-2211,속편안내과,http://place.map.kakao.com/10566794,서울 중랑구 봉화산로 194,127.094713722389,37.6064516350756,내과
서울 중랑구 망우동 470-22,HP8,병원,"의료,건강 > 병원 > 안과",928,8021264,02-491-1900,우리들안과의원,http://place.map.kakao.com/8021264,서울 중랑구 망우로 412,127.097911140049,37.5989455803553,안과
서울 중랑구 상봉동 74-46,HP8,병원,"의료,건강 > 병원 > 내과",845,13510406,02-491-0768,신우내과의원,http://place.map.kakao.com/13510406,서울 중랑구 망우로 377,127.0941377650005,37.59875043238669,내과
서울 중랑구 신내동 613-8,HP8,병원,"의료,건강 > 병원 > 정신건강의학과",386,1861222550,02-6951-4846,연세혜안정신건강의학과의원,http://place.map.kakao.com/1861222550,서울 중랑구 봉화산로 218,127.097100998183,37.6072876152279,정신건강의학과
서울 중랑구 신내동 588-4,HP8,병원,"의료,건강 > 병원 > 치과",288,7946496,02-3422-2827,선치과의원,http://place.map.kakao.com/7946496,서울 중랑구 신내로14길 13,127.0961070040433,37.605804499169956,치과
서울 중랑구 상봉동 74-43,HP8,병원,"가정,생활 > 반려동물 > 동물병원",853,1370609293,02-2038-7533,모루동물의료센터,http://place.map.kakao.com/1370609293,서울 중랑구 망우로 373,127.093642761418,37.5986309943943,동물병원
서울 중랑구 망우동 489-9,HP8,병원,"의료,건강 > 병원 > 정형외과",840,1261448583,02-496-0011,대들보정형외과의원,http://place.map.kakao.com/1261448583,서울 중랑구 망우로 403,127.09689940692058,37.59942754431968,정형외과
서울 중랑구 신내동 563-3,HP8,병원,"의료,건강 > 병원 > 산부인과",263,9779142,02-3422-3378,미애로여성의원 중랑점,http://place.map.kakao.com/9779142,서울 중랑구 신내로 72,127.09566821749117,37.605405717262926,산부인과
서울 중랑구 신내동 667,HP8,병원,"의료,건강 > 병원 > 피부과",239,10196316,02-3421-7563,김한중피부과의원,http://place.map.kakao.com/10196316,서울 중랑구 신내로 82,127.0955747208,37.6066815942611,피부과
서울 중랑구 신내동 613-71,HP8,병원,"의료,건강 > 병원 > 일반의원",384,13012180,02-3422-2216,푸른의원,http://place.map.kakao.com/13012180,서울 중랑구 봉화산로 217,127.09685696335339,37.60774191439161,일반의원
서울 중랑구 묵동 180-55,HP8,병원,"의료,건강 > 병원 > 정형외과",1359,953287061,02-978-8575,마디세상병원,http://place.map.kakao.com/953287061,서울 중랑구 동일로 890,127.078187297841,37.6099163322854,정형외과
서울 중랑구 신내동 613-8,HP8,병원,"의료,건강 > 병원 > 치과",377,1847432355,02-6451-2875,서울행복치과의원,http://place.map.kakao.com/1847432355,서울 중랑구 봉화산로 218,127.096921159468,37.6074661589522,치과
서울 중랑구 망우동 470-11,HP8,병원,"의료,건강 > 병원 > 가정의학과",913,1908313957,02-2088-2566,서울우림365의원,http://place.map.kakao.com/1908313957,서울 중랑구 망우로 412,127.097906812373,37.5990996533445,가정의학과
서울 중랑구 신내동 563-3,HP8,병원,"의료,건강 > 병원 > 내과",261,1332655912,02-3422-5551,프라임성모내과의원,http://place.map.kakao.com/1332655912,서울 중랑구 신내로 72,127.0956535320601,37.6054345608359,내과
서울 중랑구 망우동 488-4,HP8,병원,"의료,건강 > 병원 > 내과",863,9983855,02-490-4102,장스내과의원,http://place.map.kakao.com/9983855,서울 중랑구 망우로 411,127.09782250810902,37.59957724826102,내과
서울 중랑구 망우동 490-9,HP8,병원,"의료,건강 > 병원 > 이비인후과",903,9298727,02-494-1300,열린연세이비인후과의원,http://place.map.kakao.com/9298727,서울 중랑구 망우로 402,127.09694731675515,37.598823841254266,이비인후과
서울 중랑구 신내동 785,HP8,병원,"의료,건강 > 병원 > 치과",512,526723357,02-433-2222,연세그린치과의원,http://place.map.kakao.com/526723357,서울 중랑구 신내로7길 16,127.09574234702866,37.60227516768659,치과
서울 중랑구 신내동 666,HP8,병원,"의료,건강 > 병원 > 정형외과",160,1368899242,02-3421-0075,시원척척의원,http://place.map.kakao.com/1368899242,서울 중랑구 봉화산로 194,127.094709192372,37.6064516387111,정형외과
서울 중랑구 신내동 418-6,HP8,병원,"의료,건강 > 병원 > 노인,요양병원",730,2050595770,,서울신내요양병원,http://place.map.kakao.com/2050595770,서울 중랑구 용마산로 622,127.101177980704,37.6063904088649,"노인,요양병원"
서울 중랑구 신내동 571-8,HP8,병원,"가정,생활 > 반려동물 > 동물병원",320,9442356,02-432-7530,진서동물병원,http://place.map.kakao.com/9442356,서울 중랑구 신내로10길 7,127.095925517781,37.6046991324621,동물병원
서울 중랑구 망우동 470-11,HP8,병원,"의료,건강 > 병원 > 항문외과",918,20347872,02-496-8002,강북송도외과의원 치질&대장내시경 &항문외과,http://place.map.kakao.com/20347872,서울 중랑구 망우로 412,127.097997381344,37.5990824593571,항문외과
서울 중랑구 망우동 128-29,HP8,병원,"의료,건강 > 병원 > 종합병원",1555,10295152,1644-1600,동부제일병원,http://place.map.kakao.com/10295152,서울 중랑구 망우로 511,127.109024676889,37.600665739231,종합병원
서울 중랑구 신내동 613-8,HP8,병원,"의료,건강 > 병원 > 소아청소년과",386,11099747,02-3422-3661,양수연소아청소년과의원,http://place.map.kakao.com/11099747,서울 중랑구 봉화산로 218,127.09706148770505,37.60738585557106,소아청소년과
서울 중랑구 상봉동 101-15,HP8,병원,"의료,건강 > 병원 > 안과",1306,2084691715,02-2038-0884,서울퍼시픽안과의원,http://place.map.kakao.com/2084691715,서울 중랑구 면목로 492,127.085967704297,37.5959059306383,안과
서울 중랑구 신내동 502-5,HP8,병원,"의료,건강 > 병원 > 치과",609,10384652,02-2208-7674,본치과의원,http://place.map.kakao.com/10384652,서울 중랑구 봉화산로56길 153,127.096850383609,37.6017935853546,치과
서울 중랑구 신내동 666,HP8,병원,"의료,건강 > 병원 > 치과",160,8223930,02-3423-2275,다솜치과의원,http://place.map.kakao.com/8223930,서울 중랑구 봉화산로 194,127.094713726959,37.6064552390301,치과
서울 성북구 동선동1가 115,HP8,병원,"의료,건강 > 병원 > 피부과 > CNP차앤박피부과",438,9431377,02-922-2900,CNP차앤박피부과 성신여대점,http://place.map.kakao.com/9431377,서울 성북구 동소문로 116,127.01794477574953,37.59322208746865,CNP차앤박피부과
서울 성북구 안암동5가 126-1,HP8,병원,"의료,건강 > 병원 > 대학병원",916,10161190,1577-0083,고려대학교 안암병원,http://place.map.kakao.com/10161190,서울 성북구 고려대로 73,127.02666361240254,37.5871135140285,대학병원
서울 성북구 동선동4가 53,HP8,병원,"의료,건강 > 병원 > 정형외과",537,202729757,02-929-2114,더서울병원,http://place.map.kakao.com/202729757,서울 성북구 아리랑로 16,127.016504707015,37.594235012381,정형외과
서울 성북구 동소문동5가 75,HP8,병원,"의료,건강 > 병원 > 내과",320,317082377,02-928-7588,돈암성모내과의원,http://place.map.kakao.com/317082377,서울 성북구 동소문로 98,127.01616911083399,37.592251074771696,내과
서울 성북구 동소문동4가 260,HP8,병원,"의료,건강 > 병원 > 내과",469,49189905,02-922-1050,서울제이내과,http://place.map.kakao.com/49189905,서울 성북구 동소문로 63,127.012215056764,37.5916695093348,내과
서울 성북구 삼선동4가 336,HP8,병원,"의료,건강 > 병원 > 정신건강의학과",189,1182532041,02-6954-7560,예온정신건강의학과의원,http://place.map.kakao.com/1182532041,서울 성북구 보문로 183,127.014787305884,37.5901771720109,정신건강의학과
서울 성북구 안암동2가 98-1,HP8,병원,"의료,건강 > 병원 > 내과",668,8657911,02-925-9696,고운숨결내과의원,http://place.map.kakao.com/8657911,서울 성북구 고려대로13길 8,127.023645099589,37.5870078401345,내과
서울 성북구 동선동1가 1-2,HP8,병원,"의료,건강 > 병원 > 한방병원",354,802256082,02-921-0088,성북미올한방병원,http://place.map.kakao.com/802256082,서울 성북구 동소문로 106,127.01708860478499,37.59257440135071,한방병원
서울 성북구 삼선동5가 298-14,HP8,병원,"의료,건강 > 병원 > 안과",63,9167522,02-796-0159,성모안과의원,http://place.map.kakao.com/9167522,서울 성북구 보문로 163,127.016376715125,37.588886741044,안과
서울 성북구 동소문동4가 75-2,HP8,병원,"의료,건강 > 병원 > 내과",548,621801014,1661-1082,속편한내과의원 돈암,http://place.map.kakao.com/621801014,서울 성북구 동소문로 47,127.01074296525755,37.590799294061355,내과
서울 성북구 동선동1가 2-5,HP8,병원,"의료,건강 > 병원 > 일반의원",319,1122552667,02-925-1190,더플러스성모의원,http://place.map.kakao.com/1122552667,서울 성북구 동소문로20가길 12,127.017108914119,37.5922599522024,일반의원
서울 성북구 동소문동6가 3-1,HP8,병원,"가정,생활 > 반려동물 > 동물병원",436,27559633,02-953-0075,VIP동물의료센터 성북점,http://place.map.kakao.com/27559633,서울 성북구 동소문로 73,127.01341086537789,37.59233250967114,동물병원
서울 성북구 동소문동6가 130,HP8,병원,"의료,건강 > 병원 > 피부과",384,13501895,02-926-1007,고운세상피부과의원 돈암점,http://place.map.kakao.com/13501895,서울 성북구 동소문로 97,127.01601410864647,37.59281872083909,피부과
서울 성북구 동소문동6가 143-5,HP8,병원,"의료,건강 > 병원 > 정형외과",445,1633584023,02-953-7588,모두탑365정형외과의원 성신여대입구역점,http://place.map.kakao.com/1633584023,서울 성북구 아리랑로 7,127.01600177142,37.5933701295403,정형외과
서울 성북구 동소문동6가 147,HP8,병원,"의료,건강 > 병원 > 이비인후과",484,1603023725,02-921-5575,이솜이비인후과의원,http://place.map.kakao.com/1603023725,서울 성북구 아리랑로 9,127.015979202328,37.5937305293203,이비인후과
서울 성북구 동선동4가 111-1,HP8,병원,"의료,건강 > 병원 > 안과",545,1999484228,02-922-0017,이인섭안과의원,http://place.map.kakao.com/1999484228,서울 성북구 동소문로 125,127.018221286718,37.594159076559,안과
서울 성북구 삼선동5가 272,HP8,병원,"의료,건강 > 병원 > 내과",105,7863434,02-953-8875,리츠서울내과의원,http://place.map.kakao.com/7863434,서울 성북구 보문로 157,127.016915565778,37.5884650005385,내과
서울 성북구 동소문동5가 75,HP8,병원,"의료,건강 > 병원 > 이비인후과",320,10080786,02-926-0759,요셉이비인후과의원,http://place.map.kakao.com/10080786,서울 성북구 동소문로 98,127.01617250790086,37.592251975298296,이비인후과
서울 성북구 동선동1가 1-2,HP8,병원,"의료,건강 > 병원 > 산부인과",353,12285511,02-923-8888,지인산부인과의원,http://place.map.kakao.com/12285511,서울 성북구 동소문로 106,127.01708633834002,37.59256629275123,산부인과
서울 성북구 동소문동3가 29,HP8,병원,"의료,건강 > 병원 > 일반의원",559,26924601,02-745-8275,서울경희통합의원,http://place.map.kakao.com/26924601,서울 성북구 동소문로 40,127.0104280992803,37.59011637015326,일반의원
서울 성북구 보문동4가 18,HP8,병원,"의료,건강 > 병원 > 노인,요양병원",800,26217808,02-3672-2233,성북웰니스요양병원,http://place.map.kakao.com/26217808,서울 성북구 보문로 86,127.020931206546,37.5830259630489,"노인,요양병원"
서울 성북구 동선동1가 1-2,HP8,병원,"의료,건강 > 병원 > 피부과",354,7861217,02-922-3723,듀오피부과의원,http://place.map.kakao.com/7861217,서울 성북구 동소문로 106,127.01708860478489,37.592574401344926,피부과
서울 성북구 보문동5가 3-1,HP8,병원,"가정,생활 > 반려동물 > 동물병원",641,1639433227,02-926-8275,24시 애니 동물병원,http://place.map.kakao.com/1639433227,서울 성북구 보문로 99,127.0198027554604,37.58417132026574,동물병원
서울 성북구 동소문동5가 67-1,HP8,병원,"의료,건강 > 병원 > 안과",334,13067594,02-928-0075,햇살좋은안과의원,http://place.map.kakao.com/13067594,서울 성북구 동소문로 92,127.015362913604,37.5922205487297,안과
서울 성북구 동선동4가 1,HP8,병원,"의료,건강 > 병원 > 치과",410,1291033570,02-929-7554,안녕사랑니치과의원,http://place.map.kakao.com/1291033570,서울 성북구 동소문로 105,127.016744503424,37.5930943230025,치과
서울 성북구 동소문동5가 67-1,HP8,병원,"의료,건강 > 병원 > 내과",330,8583346,02-926-6111,최강식내과의원,http://place.map.kakao.com/8583346,서울 성북구 동소문로 92,127.01547500827888,37.59221062317437,내과
서울 성북구 동소문동2가 16,HP8,병원,"의료,건강 > 병원 > 이비인후과",806,8012460,02-766-7582,연세이비인후과,http://place.map.kakao.com/8012460,서울 성북구 동소문로 12,127.0075893972884,37.58883267258801,이비인후과
서울 성북구 동소문동6가 147,HP8,병원,"의료,건강 > 병원 > 산부인과",487,2053020160,02-929-3693,애플산부인과의원 성신여대점,http://place.map.kakao.com/2053020160,서울 성북구 아리랑로 9,127.01604827942217,37.59375845068763,산부인과
서울 성북구 돈암동 48-4,HP8,병원,"의료,건강 > 병원 > 내과",1082,15539545,02-927-9536,성북성심의원,http://place.map.kakao.com/15539545,서울 성북구 동소문로 181,127.021442817515,37.5983895907927,내과
서울 성북구 동소문동6가 133-1,HP8,병원,"의료,건강 > 병원 > 비뇨기과",409,9298315,02-924-1471,우노비뇨기과의원,http://place.map.kakao.com/9298315,서울 성북구 아리랑로 3,127.01620325731541,37.593070972756195,비뇨기과
서울 성북구 삼선동5가 298-13,HP8,병원,"의료,건강 > 병원 > 성형외과",60,9378384,02-929-3331,임태균성형외과의원,http://place.map.kakao.com/9378384,서울 성북구 보문로 165,127.01627256633728,37.58896604278915,성형외과
서울 성북구 동소문동6가 130,HP8,병원,"의료,건강 > 병원 > 통증클리닉",382,1949787912,02-763-7533,편한내일마취통증의학과의원,http://place.map.kakao.com/1949787912,서울 성북구 동소문로 97,127.016019767053,37.5928043042005,통증클리닉
서울 성북구 동소문동6가 143-5,HP8,병원,"의료,건강 > 병원 > 치과",445,8402133,02-923-2875,빈센트치과,http://place.map.kakao.com/8402133,서울 성북구 아리랑로 7,127.01599271295977,37.593370130768015,치과
서울 성북구 동소문동5가 67-1,HP8,병원,"의료,건강 > 병원 > 재활의학과",324,9292557,02-923-1696,오제홍재활의학과 정형외과,http://place.map.kakao.com/9292557,서울 성북구 동소문로 92,127.01548971777856,37.59216106668407,재활의학과
서울 성북구 동소문동6가 130,HP8,병원,"의료,건강 > 병원 > 영상의학과",382,9478760,02-926-7500,최현주영상의학과의원,http://place.map.kakao.com/9478760,서울 성북구 동소문로 97,127.01601976705251,37.59280430420055,영상의학과
서울 성북구 보문동2가 49,HP8,병원,"가정,생활 > 반려동물 > 동물병원",286,12367681,02-928-5599,서울동물종합병원,http://place.map.kakao.com/12367681,서울 성북구 보문로 137,127.018196923068,37.5871061129857,동물병원
서울 성북구 동선동4가 111-1,HP8,병원,"의료,건강 > 병원 > 외과",545,26898549,02-929-2419,유항맥서울외과의원,http://place.map.kakao.com/26898549,서울 성북구 동소문로 125,127.018221286718,37.594159076559,외과
서울 성북구 동소문동5가 75,HP8,병원,"의료,건강 > 병원 > 정형외과",320,1935563129,02-921-8275,성북본튼튼의원,http://place.map.kakao.com/1935563129,서울 성북구 동소문로 98,127.016172507901,37.5922519752983,정형외과
서울 성북구 동소문동6가 117-2,HP8,병원,"의료,건강 > 병원 > 피부과",386,12405209,02-927-1925,메이저피부과의원 성신여대점,http://place.map.kakao.com/12405209,서울 성북구 동소문로 89,127.015163719013,37.5926566546053,피부과
서울 성북구 삼선동5가 272,HP8,병원,"의료,건강 > 병원 > 신경과",110,15292232,02-953-8875,리츠서울신경과의원,http://place.map.kakao.com/15292232,서울 성북구 보문로 157,127.0169517870256,37.588419945712864,신경과
서울 성북구 동소문동5가 75,HP8,병원,"의료,건강 > 병원 > 피부과",320,283792117,02-3291-5570,다이브의원,http://place.map.kakao.com/283792117,서울 성북구 동소문로 98,127.01616911083391,37.59225107476591,피부과
서울 성북구 동소문동6가 147,HP8,병원,"의료,건강 > 병원 > 성형외과",485,27464762,02-922-7575,메이저성형외과의원,http://place.map.kakao.com/27464762,서울 성북구 아리랑로 9,127.01602223138315,37.59373592943778,성형외과
서울 성북구 동소문동1가 113,HP8,병원,"의료,건강 > 병원 > 안과",675,8698719,02-742-2385,김앤김안과의원,http://place.map.kakao.com/8698719,서울 성북구 동소문로7길 3,127.00908635476632,37.58996511435224,안과
서울 성북구 동소문동5가 75,HP8,병원,"의료,건강 > 병원 > 치과",325,674360896,02-942-2875,처음처럼치과의원,http://place.map.kakao.com/674360896,서울 성북구 동소문로 98,127.01623706001693,37.59230512496392,치과
서울 성북구 동소문동6가 133-2,HP8,병원,"의료,건강 > 병원 > 피부과",405,8132365,02-953-6553,포이즌의원,http://place.map.kakao.com/8132365,서울 성북구 아리랑로 3,127.01617380729637,37.59302412521749,피부과
서울 강북구 번동 463-44,HP8,병원,"의료,건강 > 병원 > 종합병원",260,11949352,1588-6853,서울현대병원,http://place.map.kakao.com/11949352,서울 강북구 도봉로 374,127.028524895673,37.6402912340691,종합병원
서울 도봉구 쌍문동 388-1,HP8,병원,"의료,건강 > 병원 > 종합병원",795,27529125,02-901-3114,한일병원,http://place.map.kakao.com/27529125,서울 도봉구 우이천로 308,127.02875836493826,37.64634398903082,종합병원
서울 강북구 수유동 45-9,HP8,병원,"의료,건강 > 병원 > 종합병원",530,27109716,02-903-3231,대한병원,http://place.map.kakao.com/27109716,서울 강북구 도봉로 301,127.02267251769,37.6354668281537,종합병원
서울 강북구 수유동 229-5,HP8,병원,"의료,건강 > 병원 > 안과",200,1459952453,02-903-0999,삼성봄안과의원,http://place.map.kakao.com/1459952453,서울 강북구 도봉로 333,127.025050244243,37.6378665718408,안과
서울 강북구 수유동 191-35,HP8,병원,"의료,건강 > 병원 > 정형외과",81,365909943,02-6956-4349,수유바른정형외과의원,http://place.map.kakao.com/365909943,서울 강북구 한천로 1035,127.026603111249,37.6397763198223,정형외과
서울 강북구 번동 418-13,HP8,병원,"의료,건강 > 병원 > 한방병원",219,685981092,02-903-0365,365매일한방병원 강북수유,http://place.map.kakao.com/685981092,서울 강북구 오패산로 414,127.026490215029,37.6377257036522,한방병원
서울 강북구 수유동 230-10,HP8,병원,"의료,건강 > 병원 > 피부과",308,1133182068,02-997-3232,허니의원,http://place.map.kakao.com/1133182068,서울 강북구 도봉로 323,127.02423877211089,37.63707657743384,피부과
서울 강북구 수유동 230-13,HP8,병원,"의료,건강 > 병원 > 이비인후과",350,18497551,02-999-5370,연세이비인후과의원,http://place.map.kakao.com/18497551,서울 강북구 도봉로 317,127.023964491688,37.6367603876733,이비인후과
서울 강북구 번동 449-1,HP8,병원,"의료,건강 > 병원 > 내과",468,935462522,0507-1442-0882,우리베스트내과의원,http://place.map.kakao.com/935462522,서울 강북구 도봉로 308,127.0237579442439,37.635668435304574,내과
서울 강북구 번동 461-68,HP8,병원,"의료,건강 > 병원 > 노인,요양병원",416,817716754,02-900-7006,북서울요양병원,http://place.map.kakao.com/817716754,서울 강북구 한천로 1002,127.030046804122,37.638132096728,"노인,요양병원"
서울 강북구 수유동 191-35,HP8,병원,"의료,건강 > 병원 > 치과",82,1613993787,02-999-2228,미래로치과의원,http://place.map.kakao.com/1613993787,서울 강북구 한천로 1035,127.0266076458656,37.63978352667743,치과
서울 강북구 번동 446-50,HP8,병원,"의료,건강 > 병원 > 안과",228,27312069,02-903-3377,더조은안과의원,http://place.map.kakao.com/27312069,서울 강북구 도봉로 334,127.025541848826,37.6375457157678,안과
서울 강북구 수유동 185-3,HP8,병원,"의료,건강 > 병원 > 정형외과",485,7890569,02-903-0079,박순용정형외과의원,http://place.map.kakao.com/7890569,서울 강북구 노해로 81,127.02202212031722,37.64285142289933,정형외과
서울 강북구 번동 446-13,HP8,병원,"의료,건강 > 병원 > 피부과",272,8485241,02-991-6231,이상배피부과의원,http://place.map.kakao.com/8485241,서울 강북구 도봉로 328,127.025256210385,37.6371673635219,피부과
서울 강북구 번동 446-66,HP8,병원,"의료,건강 > 병원 > 피부과",353,27606892,02-907-3700,라르떼의원 수유점,http://place.map.kakao.com/27606892,서울 강북구 도봉로 320,127.024521844467,37.6365584524666,피부과
서울 강북구 번동 418-6,HP8,병원,"의료,건강 > 병원 > 정형외과",152,619222467,02-907-7588,수유리더스정형외과의원,http://place.map.kakao.com/619222467,서울 강북구 도봉로 348,127.02655730427342,37.638409536166705,정형외과
서울 강북구 미아동 189-6,HP8,병원,"의료,건강 > 병원 > 재활의학과",821,1414951799,02-986-9988,포근한재활병원,http://place.map.kakao.com/1414951799,서울 강북구 도봉로 266,127.024171512092,37.6322986651385,재활의학과
서울 강북구 번동 418-18,HP8,병원,"의료,건강 > 병원 > 치과",177,979551335,02-900-0111,서울숙면치과의원 수유,http://place.map.kakao.com/979551335,서울 강북구 도봉로 342,127.02612663688063,37.63803572357086,치과
서울 강북구 번동 446-12,HP8,병원,"의료,건강 > 병원 > 정신건강의학과",320,1521626772,02-903-7557,같은마음 정신건강의학과의원,http://place.map.kakao.com/1521626772,서울 강북구 도봉로 324,127.024870875028,37.6367926355584,정신건강의학과
서울 강북구 수유동 229-5,HP8,병원,"의료,건강 > 병원 > 항문외과",201,26900661,02-900-0365,365항외과의원,http://place.map.kakao.com/26900661,서울 강북구 도봉로 333,127.02507969573,37.6378485458838,항문외과
서울 강북구 수유동 229-11,HP8,병원,"의료,건강 > 병원 > 피부과",245,26613993,02-900-1675,우태하피부과의원 수유점,http://place.map.kakao.com/26613993,서울 강북구 도봉로 329,127.024717037564,37.6375350796235,피부과
서울 강북구 번동 446-50,HP8,병원,"의료,건강 > 병원 > 비뇨기과",228,653461689,02-998-2226,정비뇨의학과의원,http://place.map.kakao.com/653461689,서울 강북구 도봉로 334,127.025541850059,37.6375493197077,비뇨기과
서울 강북구 수유동 39-62,HP8,병원,"가정,생활 > 반려동물 > 동물병원",369,1407038689,02-903-7582,24시 바른펫 동물의료센터,http://place.map.kakao.com/1407038689,서울 강북구 노해로 65,127.022207521303,37.6414386446712,동물병원
서울 강북구 수유동 229-16,HP8,병원,"의료,건강 > 병원 > 내과",274,2064554930,02-6338-0875,신앤장서울내과의원,http://place.map.kakao.com/2064554930,서울 강북구 도봉로 325,127.02432950728443,37.63737568581443,내과
서울 강북구 수유동 191-6,HP8,병원,"의료,건강 > 병원 > 항문외과",86,8727212,02-904-3815,강북제일항외과의원,http://place.map.kakao.com/8727212,서울 강북구 도봉로 353,127.02646124771064,37.63910782102894,항문외과
서울 도봉구 창동 553-2,HP8,병원,"의료,건강 > 병원 > 한방병원",988,1755184237,02-991-1075,자향한방병원,http://place.map.kakao.com/1755184237,서울 도봉구 덕릉로 215,127.036584965944,37.6375130757805,한방병원
서울 강북구 수유동 188-1,HP8,병원,"의료,건강 > 병원 > 치과",423,16086491,0507-1336-7672,강북백상치과의원,http://place.map.kakao.com/16086491,서울 강북구 한천로 1083,127.02262480998968,37.642530558458745,치과
서울 강북구 번동 446-50,HP8,병원,"의료,건강 > 병원 > 산부인과",228,9203227,02-999-8275,아가엄마여성의원,http://place.map.kakao.com/9203227,서울 강북구 도봉로 334,127.02554071553942,37.637544815022885,산부인과
서울 강북구 번동 446-13,HP8,병원,"의료,건강 > 병원 > 정형외과",277,1002619754,02-997-8875,우신향정형외과의원,http://place.map.kakao.com/1002619754,서울 강북구 도봉로 328,127.02517802286339,37.637130439843204,정형외과
서울 강북구 수유동 229-5,HP8,병원,"의료,건강 > 병원 > 이비인후과",202,16052230,02-900-9022,나래이비인후과의원,http://place.map.kakao.com/16052230,서울 강북구 도봉로 333,127.02507516259,37.6378449429073,이비인후과
서울 강북구 번동 464-7,HP8,병원,"의료,건강 > 병원 > 일반의원",347,1527847720,02-900-1561,365도담의원,http://place.map.kakao.com/1527847720,서울 강북구 도봉로 386,127.029225372976,37.6409839197668,일반의원
서울 강북구 수유동 191-15,HP8,병원,"의료,건강 > 병원 > 치과",122,26881288,02-984-2875,사랑이치과의원,http://place.map.kakao.com/26881288,서울 강북구 도봉로 343,127.025777835629,37.638493500648,치과
서울 강북구 미아동 190-1,HP8,병원,"의료,건강 > 병원 > 이비인후과",1002,20849832,02-980-1530,강북보아스이비인후과의원,http://place.map.kakao.com/20849832,서울 강북구 도봉로 242,127.02488693210871,37.63058484104854,이비인후과
서울 강북구 수유동 47-2,HP8,병원,"의료,건강 > 병원 > 신경외과",572,177725041,02-980-1275,성모더원신경외과의원,http://place.map.kakao.com/177725041,서울 강북구 도봉로 295,127.02292613344717,37.63493249478574,신경외과
서울 강북구 수유동 189-35,HP8,병원,"의료,건강 > 병원 > 치과",177,11047693,02-992-7050,강북서울치과의원,http://place.map.kakao.com/11047693,서울 강북구 한천로 1057,127.024935753237,37.6410777057922,치과
서울 강북구 수유동 229-5,HP8,병원,"의료,건강 > 병원 > 내과",200,884369488,02-900-7588,수유탑내과의원,http://place.map.kakao.com/884369488,서울 강북구 도봉로 333,127.025052511418,37.6378701752995,내과
서울 강북구 번동 446-12,HP8,병원,"의료,건강 > 병원 > 안과",321,10408919,02-908-1008,밝은연세안과의원,http://place.map.kakao.com/10408919,서울 강북구 도봉로 324,127.0248810654136,37.63677371272116,안과
서울 강북구 수유동 229-5,HP8,병원,"의료,건강 > 병원 > 피부과",207,16087141,02-991-2300,예지미의원 수유점,http://place.map.kakao.com/16087141,서울 강북구 도봉로 333,127.02507061552451,37.63779989462278,피부과
서울 강북구 수유동 191-14,HP8,병원,"의료,건강 > 병원 > 이비인후과",103,10791698,02-905-4947,주영식이비인후과의원,http://place.map.kakao.com/10791698,서울 강북구 도봉로 345,127.025913859754,37.6386808757087,이비인후과
서울 강북구 수유동 189-1,HP8,병원,"의료,건강 > 병원 > 신경외과",322,12405682,02-993-0000,고신경외과의원,http://place.map.kakao.com/12405682,서울 강북구 한천로 1073,127.023644390046,37.6420005797373,신경외과
서울 강북구 수유동 230-10,HP8,병원,"의료,건강 > 병원 > 내과",304,1586073627,02-905-7559,서울에이치내과의원,http://place.map.kakao.com/1586073627,서울 강북구 도봉로 323,127.024204799657,37.6371279405606,내과
서울 강북구 번동 446-24,HP8,병원,"의료,건강 > 병원 > 산부인과",242,8534114,02-996-4500,미애로여성의원 수유점,http://place.map.kakao.com/8534114,서울 강북구 도봉로 332,127.025460233858,37.6374268033791,산부인과
서울 강북구 미아동 202-13,HP8,병원,"의료,건강 > 병원 > 안과",1043,7969271,02-988-1001,수안과의원,http://place.map.kakao.com/7969271,서울 강북구 도봉로 245,127.024279610178,37.6302696224302,안과
서울 강북구 번동 446-50,HP8,병원,"의료,건강 > 병원 > 피부과",228,22958965,02-990-0073,아름다운피부과의원,http://place.map.kakao.com/22958965,서울 강북구 도봉로 334,127.025546380736,37.6375457147866,피부과
서울 강북구 수유동 174-17,HP8,병원,"의료,건강 > 병원 > 신경외과",133,380119117,02-993-7585,수유성모탑신경외과의원,http://place.map.kakao.com/380119117,서울 강북구 한천로 1038,127.0270270040756,37.64018076559674,신경외과
서울 도봉구 도봉동 620-23,HP8,병원,"의료,건강 > 병원 > 노인,요양병원",410,1762799672,02-3492-0888,팔팔요양병원,http://place.map.kakao.com/1762799672,서울 도봉구 시루봉로 310,127.04348734480376,37.67103088475523,"노인,요양병원"
서울 도봉구 방학동 705-2,HP8,병원,"의료,건강 > 병원 > 이비인후과",297,770746342,02-6409-7582,방학연세이비인후과의원,http://place.map.kakao.com/770746342,서울 도봉구 도봉로 726,127.043852302458,37.6690621082469,이비인후과
서울 도봉구 방학동 719-3,HP8,병원,"의료,건강 > 병원 > 한방병원",176,1245640635,02-902-7510,의성한방병원,http://place.map.kakao.com/1245640635,서울 도봉구 도봉로152길 26,127.045274891896,37.6692291530865,한방병원
서울 도봉구 방학동 653-1,HP8,병원,"의료,건강 > 병원 > 내과",364,1121193269,02-6956-9737,백은경내과의원,http://place.map.kakao.com/1121193269,서울 도봉구 도봉로 727-1,127.043161129436,37.6694687052459,내과
서울 도봉구 도봉동 616-12,HP8,병원,"의료,건강 > 병원 > 정신건강의학과",572,1542441922,02-990-2999,베이직병원,http://place.map.kakao.com/1542441922,서울 도봉구 도봉로 769,127.0438082633294,37.67320032515743,정신건강의학과
서울 도봉구 방학동 705-2,HP8,병원,"의료,건강 > 병원 > 정형외과",298,883422167,02-955-7588,방학삼성정형외과의원,http://place.map.kakao.com/883422167,서울 도봉구 도봉로 726,127.04384554677452,37.669138694073844,정형외과
서울 도봉구 방학동 720-33,HP8,병원,"의료,건강 > 병원 > 이비인후과",100,10343288,02-955-8675,메디서울이비인후과의원,http://place.map.kakao.com/10343288,서울 도봉구 마들로 650,127.046593492172,37.6680357417318,이비인후과
서울 도봉구 방학동 707,HP8,병원,"의료,건강 > 병원 > 정형외과",468,9538590,02-988-2244,하나정형외과의원,http://place.map.kakao.com/9538590,서울 도봉구 도봉로150길 8,127.04347181780213,37.66578718519535,정형외과
서울 도봉구 도봉동 634-9,HP8,병원,"의료,건강 > 병원 > 외과",284,16268239,02-3492-4754,동부한일외과내과의원,http://place.map.kakao.com/16268239,서울 도봉구 마들로 686,127.04668623311,37.6713332921643,외과
서울 도봉구 창동 731-1,HP8,병원,"의료,건강 > 병원 > 산부인과",1279,8001411,02-900-2000,에이치큐브병원,http://place.map.kakao.com/8001411,서울 도봉구 도봉로 604,127.041097762226,37.6583468319829,산부인과
서울 도봉구 방학동 720-33,HP8,병원,"의료,건강 > 병원 > 안과",82,7889417,02-954-3770,밝은안과의원,http://place.map.kakao.com/7889417,서울 도봉구 마들로 650,127.047151156366,37.6680535397306,안과
서울 도봉구 방학동 704-37,HP8,병원,"의료,건강 > 병원 > 정형외과",500,1202179427,02-900-9942,정앤최정형외과의원,http://place.map.kakao.com/1202179427,서울 도봉구 도봉로149길 6,127.042556265057,37.6662073760604,정형외과
서울 도봉구 방학동 705-2,HP8,병원,"의료,건강 > 병원 > 치과",297,19779846,02-3493-2270,다움치과의원,http://place.map.kakao.com/19779846,서울 도봉구 도봉로 726,127.04385230245772,37.66906210824695,치과
서울 도봉구 방학동 720-33,HP8,병원,"의료,건강 > 병원 > 비뇨기과",89,8551739,02-954-9054,이형창의원,http://place.map.kakao.com/8551739,서울 도봉구 마들로 650,127.0470151150395,37.668008545017884,비뇨기과
서울 도봉구 방학동 720-33,HP8,병원,"의료,건강 > 병원 > 내과",88,12574023,02-954-2100,참서울내과,http://place.map.kakao.com/12574023,서울 도봉구 마들로 650,127.04705478715384,37.66801123213906,내과
서울 도봉구 방학동 703-17,HP8,병원,"의료,건강 > 병원 > 피부과",607,9250975,02-3492-1771,어수동피부과의원,http://place.map.kakao.com/9250975,서울 도봉구 도봉로 677,127.04234471933505,37.664920851714996,피부과
서울 노원구 상계동 651-7,HP8,병원,"의료,건강 > 병원 > 피부과",985,16051322,02-934-0998,연세피부과의원,http://place.map.kakao.com/16051322,서울 노원구 동일로 1529,127.05734303875947,37.665080294381134,피부과
서울 도봉구 방학동 680-7,HP8,병원,"의료,건강 > 병원 > 피부과",658,1713486155,02-955-9923,연세늘봄피부과의원,http://place.map.kakao.com/1713486155,서울 도봉구 도봉로 669,127.042354557415,37.6642829537234,피부과
서울 도봉구 방학동 707-6,HP8,병원,"의료,건강 > 병원 > 정형외과",498,1163654744,02-955-7777,삼성윤정형외과의원,http://place.map.kakao.com/1163654744,서울 도봉구 도봉로 684,127.043589434428,37.6653465622203,정형외과
서울 도봉구 방학동 653-1,HP8,병원,"의료,건강 > 병원 > 정형외과",364,1779917724,02-3492-0010,연세든든척의원,http://place.map.kakao.com/1779917724,서울 도봉구 도봉로 727-1,127.04316226237682,37.66946780385124,정형외과
서울 도봉구 도봉동 617-11,HP8,병원,"의료,건강 > 병원 > 내과",499,414304342,02-2091-1500,하늘내과의원,http://place.map.kakao.com/414304342,서울 도봉구 도봉로 759,127.043685332492,37.6723291234644,내과
서울 도봉구 도봉동 635,HP8,병원,"의료,건강 > 병원 > 정형외과",258,24575475,02-956-2400,서울정형외과의원,http://place.map.kakao.com/24575475,서울 도봉구 마들로 684,127.046672477738,37.6710882310892,정형외과
서울 도봉구 방학동 676-21,HP8,병원,"의료,건강 > 병원 > 한방병원",907,92941870,02-3491-7775,희성한방병원,http://place.map.kakao.com/92941870,서울 도봉구 방학로3길 6,127.040568535217,37.662550994931,한방병원
서울 도봉구 방학동 716-5,HP8,병원,"의료,건강 > 병원 > 안과",293,16789997,02-955-7540,성신안과의원,http://place.map.kakao.com/16789997,서울 도봉구 도봉로150길 43,127.04597698678987,37.66633853644787,안과
서울 도봉구 방학동 703-17,HP8,병원,"의료,건강 > 병원 > 이비인후과",601,9069909,02-956-7975,백이비인후과의원,http://place.map.kakao.com/9069909,서울 도봉구 도봉로 677,127.042479578252,37.6648946747808,이비인후과
서울 도봉구 방학동 707,HP8,병원,"의료,건강 > 병원 > 정신건강의학과",463,653871465,02-951-0552,성모샘정신건강의학과의원,http://place.map.kakao.com/653871465,서울 도봉구 도봉로150길 8,127.04368711328539,37.66569880954377,정신건강의학과
서울 도봉구 방학동 703-17,HP8,병원,"의료,건강 > 병원 > 산부인과",604,13509108,02-999-4497,혜정산부인과의원,http://place.map.kakao.com/13509108,서울 도봉구 도봉로 677,127.042361732012,37.6649415681653,산부인과
서울 도봉구 방학동 703-64,HP8,병원,"의료,건강 > 병원 > 안과",583,10400445,02-3492-6738,박종희안과의원,http://place.map.kakao.com/10400445,서울 도봉구 도봉로 679,127.042493302239,37.6651109052327,안과
서울 도봉구 방학동 707-6,HP8,병원,"의료,건강 > 병원 > 내과",498,76387591,02-6953-7561,도봉연세위내과의원,http://place.map.kakao.com/76387591,서울 도봉구 도봉로 684,127.04358943442779,37.66534656222026,내과
서울 도봉구 방학동 703-17,HP8,병원,"의료,건강 > 병원 > 항문외과",608,14717359,02-2234-1004,항상쾌한외과의원,http://place.map.kakao.com/14717359,서울 도봉구 도봉로 677,127.04231639012784,37.66493077267059,항문외과
서울 도봉구 방학동 717-3,HP8,병원,"의료,건강 > 병원 > 피부과",288,27585957,02-3493-8575,라클라라의원,http://place.map.kakao.com/27585957,서울 도봉구 도봉로150다길 22,127.04471595658148,37.66710665667019,피부과
서울 도봉구 방학동 703-17,HP8,병원,"의료,건강 > 병원 > 치과",608,12542999,02-3494-1230,서울리즈치과,http://place.map.kakao.com/12542999,서울 도봉구 도봉로 677,127.042316392174,37.6649343765931,치과
서울 도봉구 방학동 716-5,HP8,병원,"의료,건강 > 병원 > 정신건강의학과",303,1892279110,070-8880-9999,푸른고래정신건강의학과의원,http://place.map.kakao.com/1892279110,서울 도봉구 도봉로150길 43,127.04588287342465,37.66627370249599,정신건강의학과
서울 도봉구 방학동 715,HP8,병원,"의료,건강 > 병원 > 치과",386,25537061,02-955-5545,슈바이처치과의원,http://place.map.kakao.com/25537061,서울 도봉구 도봉로150길 28,127.044737911261,37.665917353986,치과
서울 도봉구 방학동 680-1,HP8,병원,"의료,건강 > 병원 > 정신건강의학과",658,2011979207,02-955-9924,연세한별정신건강의학과의원,http://place.map.kakao.com/2011979207,서울 도봉구 도봉로 669,127.042311506737,37.6643145035061,정신건강의학과
서울 도봉구 도봉동 620-19,HP8,병원,"의료,건강 > 병원 > 소아청소년과",363,10409636,02-956-9393,박의수 소아청소년과의원,http://place.map.kakao.com/10409636,서울 도봉구 도봉로 733,127.043339352878,37.6699326446414,소아청소년과
서울 노원구 상계동 651-4,HP8,병원,"의료,건강 > 병원 > 내과",899,17192567,02-939-2227,서울삼성내과의원,http://place.map.kakao.com/17192567,서울 노원구 동일로 1547,127.057006435576,37.6665823922578,내과
서울 도봉구 방학동 720-33,HP8,병원,"의료,건강 > 병원 > 산부인과",91,501538981,02-954-0075,한사랑산부인과의원,http://place.map.kakao.com/501538981,서울 도봉구 마들로 650,127.046501782417,37.6681943504605,산부인과
서울 도봉구 방학동 720-33,HP8,병원,"의료,건강 > 병원 > 치과",90,7940752,02-3492-7582,서울미소치과의원,http://place.map.kakao.com/7940752,서울 도봉구 마들로 650,127.046715930868,37.6680789403582,치과
서울 도봉구 도봉동 620-19,HP8,병원,"의료,건강 > 병원 > 치과",366,1769298936,02-955-5847,굿모닝치과의원,http://place.map.kakao.com/1769298936,서울 도봉구 도봉로 733,127.0432985396,37.6699182439499,치과
서울 도봉구 도봉동 623-164,HP8,병원,"의료,건강 > 병원 > 내과",342,16818360,02-954-1826,유내과의원,http://place.map.kakao.com/16818360,서울 도봉구 마들로 691,127.04636575007292,37.671807333954796,내과
서울 도봉구 방학동 718-7,HP8,병원,"의료,건강 > 병원 > 치과",122,1957555654,02-955-2275,민치과의원,http://place.map.kakao.com/1957555654,서울 도봉구 마들로 657,127.04581192707221,37.66886404875031,치과
서울 도봉구 도봉동 636-12,HP8,병원,"가정,생활 > 반려동물 > 동물병원",95,712327025,02-955-6530,김미경동물병원,http://place.map.kakao.com/712327025,서울 도봉구 마들로 664,127.046458346448,37.6694269085145,동물병원
서울 노원구 상계동 649-3,HP8,병원,"의료,건강 > 병원 > 안과",951,7888819,02-939-3075,밝은미래안과의원,http://place.map.kakao.com/7888819,서울 노원구 동일로 1548,127.0576457580844,37.666678486457144,안과
서울 노원구 상계동 1142-9,HP8,병원,"의료,건강 > 병원 > 노인,요양병원",1176,686757050,02-933-1114,사랑요양병원,http://place.map.kakao.com/686757050,서울 노원구 동일로243길 45,127.052630774692,37.6784809608236,"노인,요양병원"
서울 노원구 상계동 717,HP8,병원,"의료,건강 > 병원 > 피부과 > CNP차앤박피부과",562,16499298,02-933-0571,CNP차앤박피부과 노원점,http://place.map.kakao.com/16499298,서울 노원구 노해로 495,127.06308885951819,37.655118812750494,CNP차앤박피부과
서울 노원구 상계동 761-1,HP8,병원,"의료,건강 > 병원 > 대학병원",844,10754720,1661-3100,인제대학교 상계백병원,http://place.map.kakao.com/10754720,서울 노원구 동일로 1342,127.06310485277629,37.648574065497726,대학병원
서울 노원구 상계동 709-1,HP8,병원,"의료,건강 > 병원 > 피부과 > 이지함피부과",172,8693886,02-939-4700,이지함피부과 강북점,http://place.map.kakao.com/8693886,서울 노원구 노해로 457,127.05874666060527,37.65418042951913,이지함피부과
서울 노원구 상계동 734-5,HP8,병원,"의료,건강 > 병원 > 정형외과",193,1906115337,02-2092-3030,노원삼성정형외과,http://place.map.kakao.com/1906115337,서울 노원구 노해로 456,127.05879832171,37.6535875573238,정형외과
서울 노원구 상계동 732,HP8,병원,"의료,건강 > 병원 > 성형외과",228,16646111,02-932-2222,안호범안스성형외과의원,http://place.map.kakao.com/16646111,서울 노원구 노해로 460,127.05929024411446,37.653718854548,성형외과
서울 노원구 상계동 731-3,HP8,병원,"의료,건강 > 병원 > 신경과",326,650112918,02-6232-9988,상쾌한신경과의원,http://place.map.kakao.com/650112918,서울 노원구 동일로 1401,127.060381421622,37.6535750448594,신경과
서울 노원구 상계동 711-13,HP8,병원,"의료,건강 > 병원 > 신경과",301,12727941,02-939-2075,맑은머리신경과의원,http://place.map.kakao.com/12727941,서울 노원구 동일로 1417,127.06008232034529,37.65506722440994,신경과
서울 노원구 상계동 731-5,HP8,병원,"의료,건강 > 병원 > 이비인후과",302,1994690877,02-952-8883,하나이비인후과의원,http://place.map.kakao.com/1994690877,서울 노원구 동일로 1405,127.060178780913,37.6538301264536,이비인후과
서울 노원구 상계동 723,HP8,병원,"의료,건강 > 병원 > 정형외과",607,18166924,1899-3920,노원참튼튼병원,http://place.map.kakao.com/18166924,서울 노원구 노해로 502,127.063683280111,37.6544950136085,정형외과
서울 노원구 상계동 705-1,HP8,병원,"의료,건강 > 병원 > 정형외과",109,1221276298,02-2092-3030,노원삼성정형외과의원 별관,http://place.map.kakao.com/1221276298,서울 노원구 노해로 449,127.0579974969,37.6540537616931,정형외과
서울 노원구 상계동 712,HP8,병원,"의료,건강 > 병원 > 외과",288,27187483,02-951-6075,세이유외과의원 서울노원점,http://place.map.kakao.com/27187483,서울 노원구 동일로 1413,127.06003104513853,37.65472037232972,외과
서울 노원구 상계동 724-2,HP8,병원,"의료,건강 > 병원 > 비뇨기과",518,11931676,02-951-4336,서울비뇨기과의원 노원점,http://place.map.kakao.com/11931676,서울 노원구 노해로 492,127.06267693457022,37.65445590936226,비뇨기과
서울 노원구 상계동 727,HP8,병원,"의료,건강 > 병원 > 안과",440,18166997,02-937-8787,서울플러스안과의원,http://place.map.kakao.com/18166997,서울 노원구 노해로 482,127.061788335846,37.6542833895245,안과
서울 노원구 상계동 728-5,HP8,병원,"의료,건강 > 병원 > 정형외과",513,1341619452,02-936-8275,모두탑365정형외과의원 노원점,http://place.map.kakao.com/1341619452,서울 노원구 동일로 1380,127.061655909772,37.6517381830214,정형외과
서울 노원구 상계동 711-13,HP8,병원,"의료,건강 > 병원 > 가정의학과",296,909778783,02-6221-0377,아비쥬의원 노원,http://place.map.kakao.com/909778783,서울 노원구 동일로 1417,127.060030173023,37.6550447264013,가정의학과
서울 노원구 상계동 292-1,HP8,병원,"의료,건강 > 병원 > 한방병원",637,19120335,1577-0007,노원자생한방병원,http://place.map.kakao.com/19120335,서울 노원구 노해로 507,127.06388806205693,37.655428320512755,한방병원
서울 노원구 상계동 730-4,HP8,병원,"의료,건강 > 병원 > 외과",478,1295984396,02-939-2022,유엔비외과의원,http://place.map.kakao.com/1295984396,서울 노원구 동일로215길 2,127.06097016986165,37.651544828126575,외과
서울 도봉구 창동 13-3,HP8,병원,"의료,건강 > 병원 > 피부과",568,1325314371,02-6956-0020,유앤아이의원 창동점,http://place.map.kakao.com/1325314371,서울 도봉구 마들로11길 51,127.050427214732,37.6535851258396,피부과
서울 노원구 상계동 712,HP8,병원,"의료,건강 > 병원 > 내과",288,2014786723,02-935-7575,노원베스트내과,http://place.map.kakao.com/2014786723,서울 노원구 동일로 1413,127.060016349303,37.6547654289185,내과
서울 노원구 상계동 728-5,HP8,병원,"의료,건강 > 병원 > 내과",513,1827963799,02-934-7500,삼성편한내과의원,http://place.map.kakao.com/1827963799,서울 노원구 동일로 1380,127.061654783284,37.65174629246,내과
서울 노원구 상계동 731-3,HP8,병원,"의료,건강 > 병원 > 영상의학과",327,8255056,02-952-8733,노원방사선과의원,http://place.map.kakao.com/8255056,서울 노원구 동일로 1401,127.060400685642,37.6535741340199,영상의학과
서울 노원구 상계동 728-5,HP8,병원,"의료,건강 > 병원 > 비뇨기과",506,1462166592,02-932-9111,서울N비뇨의학과의원 노원점,http://place.map.kakao.com/1462166592,서울 노원구 동일로 1380,127.061570935204,37.6517562470627,비뇨기과
서울 노원구 상계동 731-5,HP8,병원,"의료,건강 > 병원 > 안과",302,590948239,02-6956-8011,퍼스트성모안과의원,http://place.map.kakao.com/590948239,서울 노원구 동일로 1405,127.060178780913,37.6538301264536,안과
서울 노원구 상계동 731-5,HP8,병원,"의료,건강 > 병원 > 정형외과",302,1314382856,02-2039-0911,서울스카이정형외과의원,http://place.map.kakao.com/1314382856,서울 노원구 동일로 1405,127.06017764841525,37.653831028008845,정형외과
서울 노원구 상계동 724-1,HP8,병원,"의료,건강 > 병원 > 치과",494,8366320,02-939-2800,서울하이안치과의원,http://place.map.kakao.com/8366320,서울 노원구 노해로 490,127.06240155270129,37.65444884749597,치과
서울 노원구 상계동 705,HP8,병원,"의료,건강 > 병원 > 피부과",90,1980211116,1588-0564,셀린의원 노원점,http://place.map.kakao.com/1980211116,서울 노원구 노해로 447,127.057745855422,37.6539700937804,피부과
서울 노원구 상계동 727,HP8,병원,"의료,건강 > 병원 > 이비인후과",436,11339370,02-935-1365,삼성드림이비인후과의원 노원점,http://place.map.kakao.com/11339370,서울 노원구 노해로 482,127.06174637644558,37.65424737219901,이비인후과
서울 노원구 상계동 734-5,HP8,병원,"의료,건강 > 병원 > 외과",193,24788410,02-935-7535,선두외과의원,http://place.map.kakao.com/24788410,서울 노원구 노해로 456,127.05879832170992,37.65358755731891,외과
서울 노원구 상계동 292-1,HP8,병원,"의료,건강 > 병원 > 피부과",637,27505302,02-930-1500,오아로피부과의원 노원점,http://place.map.kakao.com/27505302,서울 노원구 노해로 507,127.06388125638996,37.65542111634082,피부과
서울 노원구 상계동 711-12,HP8,병원,"의료,건강 > 병원 > 노인,요양병원",294,7939336,02-3391-3992,선의요양병원,http://place.map.kakao.com/7939336,서울 노원구 동일로 1419,127.05989212001853,37.65529707159961,"노인,요양병원"
서울 노원구 상계동 732,HP8,병원,"의료,건강 > 병원 > 피부과",229,974435988,1544-0154,샤인빔의원,http://place.map.kakao.com/974435988,서울 노원구 노해로 460,127.05929023838387,37.65371164669593,피부과
서울 노원구 상계동 731-3,HP8,병원,"의료,건강 > 병원 > 비뇨기과",330,7994189,02-930-0131,어비뇨기과의원,http://place.map.kakao.com/7994189,서울 노원구 동일로 1401,127.06044605536235,37.653624565800996,비뇨기과
서울 노원구 상계동 728-5,HP8,병원,"의료,건강 > 병원 > 피부과",513,1547138429,02-936-8253,리멤버피부과의원 노원점,http://place.map.kakao.com/1547138429,서울 노원구 동일로 1380,127.0616547765795,37.65173818361362,피부과
서울 노원구 상계동 724-2,HP8,병원,"의료,건강 > 병원 > 안과",520,16876239,02-952-4200,노원빛사랑안과의원,http://place.map.kakao.com/16876239,서울 노원구 노해로 492,127.062699587127,37.6544414816068,안과
서울 도봉구 창동 1-28,HP8,병원,"의료,건강 > 병원 > 정형외과",599,1721220116,02-6077-8880,창동으뜸정형외과의원,http://place.map.kakao.com/1721220116,서울 도봉구 마들로13길 61,127.050009572843,37.6543556436526,정형외과
서울 도봉구 창동 1-28,HP8,병원,"의료,건강 > 병원 > 피부과",607,2128289923,02-6077-8811,멜로우피부과의원 강북본점,http://place.map.kakao.com/2128289923,서울 도봉구 마들로13길 61,127.049925837294,37.654540380514,피부과
서울 노원구 상계동 716,HP8,병원,"의료,건강 > 병원 > 항문외과",457,1762984747,02-936-7000,항편한하지외과의원,http://place.map.kakao.com/1762984747,서울 노원구 노해로 485,127.06193159741258,37.65485453719825,항문외과
서울 노원구 상계동 373-71,HP8,병원,"의료,건강 > 병원 > 산부인과",935,8352772,02-936-2122,메디아이여성병원,http://place.map.kakao.com/8352772,서울 노원구 노원로 448,127.067043978843,37.6564861240559,산부인과
서울 노원구 상계동 731-3,HP8,병원,"의료,건강 > 병원 > 안과",326,8366380,02-951-1231,서울안과의원,http://place.map.kakao.com/8366380,서울 노원구 동일로 1401,127.0603825540405,37.653574053203904,안과
서울 노원구 상계동 728-1,HP8,병원,"의료,건강 > 병원 > 피부과",414,1810111238,02-3392-4285,닥터쁘띠의원 노원점,http://place.map.kakao.com/1810111238,서울 노원구 동일로 1396,127.06131265629375,37.65324300296424,피부과
서울 노원구 상계동 366-4,HP8,병원,"의료,건강 > 병원 > 노인,요양병원",841,2068147489,02-934-1300,그레이스힐 요양병원,http://place.map.kakao.com/2068147489,서울 노원구 노원로 461,127.065548810856,37.6573302834678,"노인,요양병원"
서울 노원구 상계동 709,HP8,병원,"의료,건강 > 병원 > 피부과",152,1578135742,02-930-5904,노원 아이디의원,http://place.map.kakao.com/1578135742,서울 노원구 노해로 455,127.058520010404,37.6541751362726,피부과
서울 노원구 상계동 727-1,HP8,병원,"의료,건강 > 병원 > 피부과",409,1881845537,02-930-8288,유앤영피부과의원 노원점,http://place.map.kakao.com/1881845537,서울 노원구 노해로 480,127.061434681575,37.6541790602736,피부과
서울 노원구 상계동 731-3,HP8,병원,"의료,건강 > 병원 > 피부과",325,11981351,02-932-2255,행복한피부과의원,http://place.map.kakao.com/11981351,서울 노원구 동일로 1401,127.06037801539486,37.65356693776033,피부과
서울 노원구 상계동 606-12,HP8,병원,"의료,건강 > 병원 > 치과",512,10122548,0507-1375-2833,강북예치과병원,http://place.map.kakao.com/10122548,서울 노원구 노해로81길 5-6,127.0624871930457,37.65522184497304,치과
서울 은평구 응암동 87-14,HP8,병원,"의료,건강 > 병원 > 정형외과",605,10505468,02-3156-5000,본서부병원,http://place.map.kakao.com/10505468,서울 은평구 은평로 133,126.922601405599,37.6007447760225,정형외과
서울 은평구 녹번동 153-21,HP8,병원,"의료,건강 > 병원 > 정형외과",510,26337842,1588-3797,최원호병원,http://place.map.kakao.com/26337842,서울 은평구 서오릉로 45,126.92384296585901,37.60476760395,정형외과
서울 은평구 응암동 96-1,HP8,병원,"의료,건강 > 병원 > 노인,요양병원",271,25528193,02-357-0357,한국효재활요양병원,http://place.map.kakao.com/25528193,서울 은평구 은평로 170,126.92667551020183,37.601090654837506,"노인,요양병원"
서울 은평구 응암동 76-2,HP8,병원,"의료,건강 > 병원 > 피부과",195,12556497,02-353-5600,새하얀피부과의원 은평점,http://place.map.kakao.com/12556497,서울 은평구 은평로 200-1,126.929995744585,37.60112690854094,피부과
서울 은평구 응암동 232-3,HP8,병원,"의료,건강 > 병원 > 시도립병원",1063,7935583,02-300-8114,서울특별시 은평병원,http://place.map.kakao.com/7935583,서울 은평구 백련산로 90,126.92375421661063,37.594078192859094,시도립병원
서울 은평구 불광동 281-102,HP8,병원,"의료,건강 > 병원 > 정형외과",877,27462108,1660-0075,의료법인 성누가의료재단 성누가병원,http://place.map.kakao.com/27462108,서울 은평구 통일로 726,126.93032896662142,37.61053073588541,정형외과
서울 은평구 응암동 96-1,HP8,병원,"의료,건강 > 병원 > 신경과",272,746429327,02-356-7708,찬스신경과의원,http://place.map.kakao.com/746429327,서울 은평구 은평로 170,126.926661922002,37.6010897453986,신경과
서울 은평구 응암동 98-65,HP8,병원,"의료,건강 > 병원 > 이비인후과",589,16557127,02-354-8275,한마음이비인후과의원,http://place.map.kakao.com/16557127,서울 은평구 은평로 136,126.923068462945,37.600258546497,이비인후과
서울 은평구 응암동 93-3,HP8,병원,"의료,건강 > 병원 > 안과",208,776559210,02-388-2946,홍익안과의원,http://place.map.kakao.com/776559210,서울 은평구 은평로 178,126.927502030012,37.6012452348003,안과
서울 은평구 대조동 38-19,HP8,병원,"의료,건강 > 병원 > 산부인과",708,8050106,02-353-4307,은혜산부인과의원,http://place.map.kakao.com/8050106,서울 은평구 진흥로 133,126.92458371100783,37.60803056313599,산부인과
서울 은평구 응암동 64-18,HP8,병원,"의료,건강 > 병원 > 외과",264,1327119281,02-6748-1004,봄그린외과의원,http://place.map.kakao.com/1327119281,서울 은평구 은평로 210,126.931120339985,37.6010212533468,외과
서울 은평구 응암동 89-19,HP8,병원,"의료,건강 > 병원 > 이비인후과",744,8594544,02-382-3700,참조은이비인후과의원,http://place.map.kakao.com/8594544,서울 은평구 은평로 121,126.92104574941357,37.6004725474371,이비인후과
서울 은평구 응암동 110-1,HP8,병원,"의료,건강 > 병원 > 내과",795,217833399,02-6951-5975,은평탑내과의원,http://place.map.kakao.com/217833399,서울 은평구 은평로 116,126.92070890099,37.5998965886424,내과
서울 은평구 녹번동 19-121,HP8,병원,"의료,건강 > 병원 > 한방병원",565,1451504858,02-6951-2727,은평 포레스트한방병원,http://place.map.kakao.com/1451504858,서울 은평구 통일로 636,126.93532517317658,37.60346982119136,한방병원
서울 은평구 녹번동 250,HP8,병원,"의료,건강 > 병원 > 내과",378,1399883709,02-6337-0304,미래아산내과의원,http://place.map.kakao.com/1399883709,서울 은평구 은평로 227,126.932903671224,37.6012835678875,내과
서울 은평구 녹번동 27-6,HP8,병원,"의료,건강 > 병원 > 노인,요양병원",547,14076259,1577-5046,연세에덴요양병원,http://place.map.kakao.com/14076259,서울 은평구 통일로 669,126.933417982489,37.6061537106546,"노인,요양병원"
서울 은평구 응암동 96-1,HP8,병원,"의료,건강 > 병원 > 정형외과",272,407603804,02-313-7582,참본정형외과의원 은평점,http://place.map.kakao.com/407603804,서울 은평구 은평로 170,126.9266619220023,37.60108974539863,정형외과
서울 은평구 대조동 15-123,HP8,병원,"의료,건강 > 병원 > 정형외과",695,8433157,02-357-0515,서울병원,http://place.map.kakao.com/8433157,서울 은평구 진흥로 191,126.93071903004103,37.60881368014843,정형외과
서울 은평구 응암동 88-10,HP8,병원,"의료,건강 > 병원 > 정형외과",662,1374461951,02-6953-6789,바로척마취통증의학과의원,http://place.map.kakao.com/1374461951,서울 은평구 은평로 127,126.921966238421,37.6006299319775,정형외과
서울 은평구 대조동 15-9,HP8,병원,"의료,건강 > 병원 > 내과",754,295803747,02-352-0788,더바른내과의원,http://place.map.kakao.com/295803747,서울 은평구 통일로 715,126.93030282759607,37.609413493929836,내과
서울 은평구 응암동 89-19,HP8,병원,"의료,건강 > 병원 > 안과",741,2054392477,02-352-0090,은평희망찬안과의원,http://place.map.kakao.com/2054392477,서울 은평구 은평로 121,126.921093340307,37.6004446485633,안과
서울 은평구 응암동 109-1,HP8,병원,"의료,건강 > 병원 > 피부과",689,565220789,02-355-7582,연세영피부과의원,http://place.map.kakao.com/565220789,서울 은평구 응암로 323,126.92185459,37.6001892737333,피부과
서울 은평구 녹번동 250,HP8,병원,"의료,건강 > 병원 > 정형외과",373,1626190624,02-6053-0735,밝은내일 재활의학과의원,http://place.map.kakao.com/1626190624,서울 은평구 은평로 227,126.93285268772665,37.60131056860076,정형외과
서울 은평구 불광동 267-1,HP8,병원,"의료,건강 > 병원 > 안과",1069,1991442118,02-353-0112,서울온안과의원,http://place.map.kakao.com/1991442118,서울 은평구 통일로 750,126.928663502096,37.6123344216615,안과
서울 은평구 응암동 770,HP8,병원,"의료,건강 > 병원 > 산부인과",472,995705964,02-386-1515,이로여성의원,http://place.map.kakao.com/995705964,서울 은평구 은평로 240,126.93368561751016,37.600639801604146,산부인과
서울 은평구 역촌동 15-7,HP8,병원,"의료,건강 > 병원 > 산부인과",840,8419899,02-355-8113,아이제일산부인과의원,http://place.map.kakao.com/8419899,서울 은평구 서오릉로 81,126.92158425609118,37.60744386612289,산부인과
서울 은평구 응암동 96-29,HP8,병원,"의료,건강 > 병원 > 정형외과",389,7999263,02-388-0775,연세정형외과의원,http://place.map.kakao.com/7999263,서울 은평구 은평로 158,126.925228486447,37.6008762122284,정형외과
서울 은평구 응암동 20-2,HP8,병원,"의료,건강 > 병원 > 영상의학과",663,9597741,02-388-7674,한국영상의학과의원,http://place.map.kakao.com/9597741,서울 은평구 통일로 599,126.93580364773891,37.6001634476407,영상의학과
서울 은평구 응암동 96-1,HP8,병원,"의료,건강 > 병원 > 이비인후과",261,25528194,02-388-2080,밝은소리이비인후과의원,http://place.map.kakao.com/25528194,서울 은평구 은평로 170,126.92674110419716,37.60117899263081,이비인후과
서울 은평구 응암동 98-65,HP8,병원,"의료,건강 > 병원 > 안과",571,9752871,02-383-8066,드림성모안과의원,http://place.map.kakao.com/9752871,서울 은평구 은평로 136,126.92326772471603,37.600300121779895,안과
서울 은평구 응암동 61-3,HP8,병원,"의료,건강 > 병원 > 정형외과",427,16045999,02-352-5525,은평성모정형외과,http://place.map.kakao.com/16045999,서울 은평구 은평로 232,126.933273192399,37.6008918465134,정형외과
서울 은평구 응암동 1-12,HP8,병원,"의료,건강 > 병원 > 안과",482,459097317,02-356-8905,한세성모안과의원,http://place.map.kakao.com/459097317,서울 은평구 은평로 240,126.93388482882696,37.600746230260114,안과
서울 은평구 대조동 12-29,HP8,병원,"의료,건강 > 병원 > 이비인후과",882,1468382489,02-6952-0808,서울아산이비인후과의원,http://place.map.kakao.com/1468382489,서울 은평구 불광로 25,126.928693426491,37.6106486895347,이비인후과
서울 은평구 응암동 89-1,HP8,병원,"의료,건강 > 병원 > 정형외과",701,1056347188,02-372-1004,라온정형외과신경외과의원,http://place.map.kakao.com/1056347188,서울 은평구 은평로9길 13,126.921250955161,37.6013205165739,정형외과
서울 은평구 녹번동 38-29,HP8,병원,"의료,건강 > 병원 > 치과",566,549515184,02-2672-2800,더스마일치과의원,http://place.map.kakao.com/549515184,서울 은평구 통일로 626,126.93540757266159,37.60247247013747,치과
서울 은평구 녹번동 19-121,HP8,병원,"의료,건강 > 병원 > 정형외과",559,764539075,02-6315-7575,녹번연세정형외과의원,http://place.map.kakao.com/764539075,서울 은평구 통일로 636,126.93523220600576,37.603591403872294,정형외과
서울 은평구 녹번동 19-121,HP8,병원,"의료,건강 > 병원 > 피부과",564,86631148,02-2039-8262,예스필의원,http://place.map.kakao.com/86631148,서울 은평구 통일로 636,126.935311542307,37.6035175661986,피부과
서울 은평구 녹번동 144-69,HP8,병원,"의료,건강 > 병원 > 재활의학과",641,253791020,,365역촌으뜸본재활의학과의원,http://place.map.kakao.com/253791020,서울 은평구 서오릉로 64,126.923261625904,37.6062376426947,재활의학과
서울 은평구 응암동 76-2,HP8,병원,"의료,건강 > 병원 > 내과",194,15196680,02-354-1700,강북삼성내과의원,http://place.map.kakao.com/15196680,서울 은평구 은평로 200-1,126.930011580801,37.6011458387331,내과
서울 은평구 응암동 81-173,HP8,병원,"의료,건강 > 병원 > 정신건강의학과",169,17016790,02-382-0885,문화 정신건강의학과의원,http://place.map.kakao.com/17016790,서울 은평구 은평로 194,126.92925055050966,37.60118863252681,정신건강의학과
서울 은평구 응암동 98-65,HP8,병원,"의료,건강 > 병원 > 피부과",591,9455840,02-354-6382,조피부과의원,http://place.map.kakao.com/9455840,서울 은평구 은평로 136,126.923050362928,37.6002405148859,피부과
서울 은평구 대조동 14-64,HP8,병원,"의료,건강 > 병원 > 가정의학과",742,9809787,02-356-8807,불광연세가정의학과의원,http://place.map.kakao.com/9809787,서울 은평구 불광로 8,126.92759954184541,37.60929744082562,가정의학과
서울 은평구 불광동 285-27,HP8,병원,"의료,건강 > 병원 > 정형외과",763,8504765,02-358-2458,정승기정형외과의원,http://place.map.kakao.com/8504765,서울 은평구 통일로 710,126.931227054753,37.6093419570051,정형외과
서울 은평구 응암동 119-33,HP8,병원,"의료,건강 > 병원 > 한방병원",1187,1917000891,02-6954-1149,내일한방병원,http://place.map.kakao.com/1917000891,서울 은평구 응암로 267,126.918657983349,37.595855149692,한방병원
서울 은평구 녹번동 226,HP8,병원,"의료,건강 > 병원 > 내과",307,539662932,02-358-4794,김영환내과의원,http://place.map.kakao.com/539662932,서울 은평구 은평로 219,126.93207236348523,37.60140022111946,내과
서울 서대문구 홍은동 430,HP8,병원,"의료,건강 > 병원 > 종합병원",245,7838177,02-396-9161,동신병원 본관,http://place.map.kakao.com/7838177,서울 서대문구 연희로 272,126.93647195208786,37.581299737589404,종합병원
서울 서대문구 홍은동 275-59,HP8,병원,"의료,건강 > 병원 > 노인,요양병원",280,55204563,02-6237-7775,신촌힐링요양병원,http://place.map.kakao.com/55204563,서울 서대문구 모래내로 330,126.933738108183,37.579754832533,"노인,요양병원"
서울 서대문구 홍은동 427-3,HP8,병원,"의료,건강 > 병원 > 비뇨기과",288,20664077,02-394-0708,동신비뇨기과의원,http://place.map.kakao.com/20664077,서울 서대문구 연희로 276,126.936564450666,37.581695323487,비뇨기과
서울 서대문구 홍은동 277-98,HP8,병원,"의료,건강 > 병원 > 치과",335,17475017,02-379-2720,스마일치과의원,http://place.map.kakao.com/17475017,서울 서대문구 연희로37길 3,126.93596411766651,37.58204999077028,치과
서울 서대문구 홍은동 404-1,HP8,병원,"의료,건강 > 병원 > 정형외과",688,7936283,02-306-6119,서강정형외과의원,http://place.map.kakao.com/7936283,서울 서대문구 가좌로 65,126.92900546894721,37.57904299900911,정형외과
서울 서대문구 홍은동 277-75,HP8,병원,"의료,건강 > 병원 > 치과",317,1822231151,02-379-1396,착한이치과의원,http://place.map.kakao.com/1822231151,서울 서대문구 모래내로 359,126.93587597029239,37.58186433827025,치과
서울 서대문구 연희동 163-24,HP8,병원,"의료,건강 > 병원 > 치과",116,1796330701,02-338-2879,이지치과의원,http://place.map.kakao.com/1796330701,서울 서대문구 연희로 239,126.935698831341,37.5785269612026,치과
서울 서대문구 홍은동 395-18,HP8,병원,"의료,건강 > 병원 > 치과",574,20458137,02-302-7528,연세본치과의원,http://place.map.kakao.com/20458137,서울 서대문구 가좌로 50,126.930377105029,37.5783185158505,치과
서울 서대문구 남가좌동 328-32,HP8,병원,"의료,건강 > 병원 > 내과",1002,25159880,02-373-1119,비움내과의원,http://place.map.kakao.com/25159880,서울 서대문구 증가로 98,126.92613407750238,37.57602020408011,내과
서울 서대문구 홍제동 158-2,HP8,병원,"의료,건강 > 병원 > 정형외과",1181,1105229868,02-396-8275,홍제삼성본정형외과,http://place.map.kakao.com/1105229868,서울 서대문구 통일로 423,126.945903028801,37.5868969008959,정형외과
서울 서대문구 홍제동 253-7,HP8,병원,"의료,건강 > 병원 > 이비인후과",1276,570424394,02-391-4572,연세봄이비인후과의원,http://place.map.kakao.com/570424394,서울 서대문구 통일로 448,126.944456870556,37.5888603930744,이비인후과
서울 서대문구 남가좌동 341-26,HP8,병원,"의료,건강 > 병원 > 정형외과",1155,13007738,02-303-8275,열린정형외과,http://place.map.kakao.com/13007738,서울 서대문구 증가로 124,126.92387529243541,37.57748198366061,정형외과
서울 서대문구 홍제동 173-16,HP8,병원,"의료,건강 > 병원 > 피부과",1193,11447233,02-394-8275,리뉴미피부과의원 홍제점,http://place.map.kakao.com/11447233,서울 서대문구 통일로 433,126.945100916586,37.5875884929364,피부과
서울 서대문구 홍제동 158-33,HP8,병원,"의료,건강 > 병원 > 내과",1158,635672057,02-2088-7339,홍제속편한내과의원,http://place.map.kakao.com/635672057,서울 서대문구 통일로 413,126.946437945378,37.5861799545778,내과
서울 서대문구 연희동 719-18,HP8,병원,"의료,건강 > 병원 > 일반의원",549,13506690,02-333-7583,새천년연세의원,http://place.map.kakao.com/13506690,서울 서대문구 홍연길 87,126.93123880894522,37.57687923237341,일반의원
서울 서대문구 남가좌동 345-3,HP8,병원,"의료,건강 > 병원 > 피부과",1208,1869510211,02-6958-6230,유앤지의원,http://place.map.kakao.com/1869510211,서울 서대문구 증가로 129,126.92331399930363,37.57727529272086,피부과
서울 서대문구 홍은동 277-165,HP8,병원,"의료,건강 > 병원 > 노인,요양병원",279,24635816,02-337-8678,실버스토리,http://place.map.kakao.com/24635816,서울 서대문구 모래내로 330,126.9337448944,37.5797620442922,"노인,요양병원"
서울 서대문구 홍제동 173-16,HP8,병원,"의료,건강 > 병원 > 외과",1203,13084863,02-3417-7175,연세송도외과의원,http://place.map.kakao.com/13084863,서울 서대문구 통일로 433,126.945137081481,37.5876786090124,외과
서울 서대문구 연희동 148-8,HP8,병원,"의료,건강 > 병원 > 치과",367,9514580,02-337-0781,푸른치과,http://place.map.kakao.com/9514580,서울 서대문구 연희로 213,126.93516776581754,37.576052540786385,치과
서울 서대문구 홍제동 469,HP8,병원,"의료,건강 > 병원 > 가정의학과",1167,15787772,02-733-1365,연세365의원,http://place.map.kakao.com/15787772,서울 서대문구 통일로 397,126.947679609032,37.5850740921516,가정의학과
서울 서대문구 홍제동 90-98,HP8,병원,"의료,건강 > 병원 > 치과",1212,26924098,02-723-1636,참좋은치과의원,http://place.map.kakao.com/26924098,서울 서대문구 통일로 371,126.94949231692,37.5832728953806,치과
서울 서대문구 홍제동 305-3,HP8,병원,"의료,건강 > 병원 > 이비인후과",1287,8710800,02-394-3075,김이비인후과,http://place.map.kakao.com/8710800,서울 서대문구 통일로 452,126.94405809593,37.5891629381997,이비인후과
서울 서대문구 홍제동 158-33,HP8,병원,"의료,건강 > 병원 > 안과",1158,742778154,02-379-3787,홍제바른안과의원,http://place.map.kakao.com/742778154,서울 서대문구 통일로 413,126.94644473921294,37.586179056667554,안과
서울 서대문구 홍제동 253-4,HP8,병원,"의료,건강 > 병원 > 안과",1277,11043099,02-394-1001,강남성모안과의원,http://place.map.kakao.com/11043099,서울 서대문구 통일로 450,126.94429376773749,37.58894140552969,안과
서울 서대문구 남가좌동 350-1,HP8,병원,"의료,건강 > 병원 > 안과",1370,826789095,02-6949-4488,에스앤유바른안과,http://place.map.kakao.com/826789095,서울 서대문구 증가로 145,126.921425527275,37.5774560516435,안과
서울 서대문구 홍제동 173-16,HP8,병원,"의료,건강 > 병원 > 비뇨기과",1193,1126029081,02-396-5550,연세참비뇨의학과의원,http://place.map.kakao.com/1126029081,서울 서대문구 통일로 433,126.945087327305,37.5875920905858,비뇨기과
서울 서대문구 남가좌동 344-26,HP8,병원,"의료,건강 > 병원 > 치과",1233,646891448,02-6248-2828,연세에이스치과의원,http://place.map.kakao.com/646891448,서울 서대문구 증가로 132,126.922962721013,37.5776039268449,치과
서울 서대문구 홍제동 253-3,HP8,병원,"의료,건강 > 병원 > 피부과",1259,16762106,02-395-9513,예스피부과의원,http://place.map.kakao.com/16762106,서울 서대문구 통일로 440,126.945091308166,37.5883381142797,피부과
서울 서대문구 홍제동 157-3,HP8,병원,"의료,건강 > 병원 > 내과",1071,16498652,02-733-0811,세신내과의원,http://place.map.kakao.com/16498652,서울 서대문구 모래내로 460,126.945931244538,37.58545532528,내과
서울 서대문구 남가좌동 330-14,HP8,병원,"의료,건강 > 병원 > 산부인과",1107,9005708,02-373-1133,문영환산부인과의원,http://place.map.kakao.com/9005708,서울 서대문구 모래내로 239,126.92517248930395,37.575370882551724,산부인과
서울 서대문구 홍제동 251-4,HP8,병원,"의료,건강 > 병원 > 산부인과",1264,26466120,010-7346-0155,제이여성의원,http://place.map.kakao.com/26466120,서울 서대문구 통일로 442,126.944923629118,37.5884857989283,산부인과
서울 서대문구 홍제동 159-3,HP8,병원,"의료,건강 > 병원 > 내과",1149,2073040826,02-2088-5433,홍제우리내과의원,http://place.map.kakao.com/2073040826,서울 서대문구 통일로35길 14-4,126.945850066912,37.586549093402,내과
서울 서대문구 홍제동 330-66,HP8,병원,"의료,건강 > 병원 > 영상의학과",1235,8454250,02-391-3912,스마일영상의학과의원,http://place.map.kakao.com/8454250,서울 서대문구 통일로 451,126.943795732544,37.5887411491175,영상의학과
서울 서대문구 연희동 79-12,HP8,병원,"가정,생활 > 반려동물 > 동물병원",708,26864996,02-333-7750,헬로우동물병원,http://place.map.kakao.com/26864996,서울 서대문구 연희로 178,126.935761511877,37.5727714430512,동물병원
서울 서대문구 홍제동 469,HP8,병원,"의료,건강 > 병원 > 정형외과",1160,27436378,02-391-1513,고려정형외과의원,http://place.map.kakao.com/27436378,서울 서대문구 통일로 397,126.94741680540034,37.58526949084863,정형외과
서울 서대문구 홍제동 253-7,HP8,병원,"의료,건강 > 병원 > 내과",1280,796302044,02-396-1175,서울하트내과의원,http://place.map.kakao.com/796302044,서울 서대문구 통일로 448,126.944478363015,37.5888874329586,내과
서울 서대문구 홍제동 137-12,HP8,병원,"가정,생활 > 반려동물 > 동물병원",1233,1811500094,02-2138-2030,홍제24시모아동물의료센터,http://place.map.kakao.com/1811500094,서울 서대문구 통일로 426,126.946194832631,37.5873223028163,동물병원
서울 서대문구 남가좌동 347-2,HP8,병원,"의료,건강 > 병원 > 재활의학과",1270,412659129,02-307-7582,아산본재활의학과,http://place.map.kakao.com/412659129,서울 서대문구 증가로 133,126.922589381148,37.577369424155,재활의학과
서울 서대문구 홍제동 330-246,HP8,병원,"의료,건강 > 병원 > 항문외과",1231,9330783,02-3216-7020,이용진창문외과,http://place.map.kakao.com/9330783,서울 서대문구 통일로 451,126.94385692409668,37.58867360380526,항문외과
서울 서대문구 홍은동 400-1,HP8,병원,"가정,생활 > 반려동물 > 동물병원",1067,1752969550,02-302-7502,장승준동물치과병원,http://place.map.kakao.com/1752969550,서울 서대문구 가좌로 113,126.92554452297,37.5825997914169,동물병원
서울 서대문구 신촌동 134,HP8,병원,"의료,건강 > 병원 > 대학병원",1905,26822101,1599-1004,세브란스병원,http://place.map.kakao.com/26822101,서울 서대문구 연세로 50-1,126.94096340991969,37.56225233153921,대학병원
서울 서대문구 연희동 134-20,HP8,병원,"의료,건강 > 병원 > 이비인후과",1275,8001672,02-333-8627,연희이비인후과의원,http://place.map.kakao.com/8001672,서울 서대문구 연희로 117,126.931839819583,37.5683075158511,이비인후과
서울 서대문구 홍제동 253-7,HP8,병원,"의료,건강 > 병원 > 피부과",1277,427708573,02-396-0522,김소영피부과의원,http://place.map.kakao.com/427708573,서울 서대문구 통일로 448,126.9444568652,37.5888676010113,피부과
서울 서대문구 홍제동 173-16,HP8,병원,"의료,건강 > 병원 > 정형외과",1196,19570675,02-396-9475,정정형외과의원,http://place.map.kakao.com/19570675,서울 서대문구 통일로 433,126.945132608151,37.5876029235537,정형외과
서울 서대문구 홍제동 172-6,HP8,병원,"의료,건강 > 병원 > 치과",1208,13693182,02-396-9988,이사랑치과의원,http://place.map.kakao.com/13693182,서울 서대문구 통일로 437-1,126.94480175248,37.5879379385428,치과
서울 서대문구 남가좌동 102-3,HP8,병원,"의료,건강 > 병원 > 정형외과",774,26932608,02-304-5660,가자연세병원 서울점,http://place.map.kakao.com/26932608,서울 서대문구 수색로 18,126.916607869656,37.5689608717901,정형외과
서울 마포구 성산동 275-3,HP8,병원,"의료,건강 > 병원 > 노인,요양병원",245,244955512,02-337-8111,마포요양병원,http://place.map.kakao.com/244955512,서울 마포구 성산로4길 33,126.90872533321121,37.564095070111186,"노인,요양병원"
서울 마포구 성산동 200-22,HP8,병원,"의료,건강 > 병원 > 노인,요양병원",140,327772617,02-374-3111,에스엠씨요양병원,http://place.map.kakao.com/327772617,서울 마포구 월드컵북로 165,126.909909300372,37.5668836605743,"노인,요양병원"
서울 마포구 성산동 591-3,HP8,병원,"의료,건강 > 병원 > 정형외과",546,1211640194,02-302-0272,마포마디정형외과의원,http://place.map.kakao.com/1211640194,서울 마포구 월드컵로 200,126.902554419983,37.5649568961762,정형외과
서울 마포구 망원동 473-5,HP8,병원,"의료,건강 > 병원 > 치과",737,386722487,02-324-2275,조은이치과의원,http://place.map.kakao.com/386722487,서울 마포구 방울내로 79,126.90402793571668,37.56069188623666,치과
서울 마포구 성산동 260-8,HP8,병원,"의료,건강 > 병원 > 내과",665,1639653461,02-2138-0806,성산필내과의원,http://place.map.kakao.com/1639653461,서울 마포구 월드컵로 140,126.906501163127,37.5605181763944,내과
서울 서대문구 북가좌동 487,HP8,병원,"의료,건강 > 병원 > 안과",609,327124542,02-372-5677,연세장안과의원,http://place.map.kakao.com/327124542,서울 서대문구 수색로 56,126.91272903309377,37.57063211723172,안과
서울 서대문구 남가좌동 295-9,HP8,병원,"의료,건강 > 병원 > 피부과",655,27515806,02-304-0948,홍피부과의원,http://place.map.kakao.com/27515806,서울 서대문구 수색로 38,126.91448793224012,37.569791874918124,피부과
서울 서대문구 북가좌동 487,HP8,병원,"의료,건강 > 병원 > 이비인후과",600,26571417,02-373-0075,하나이비인후과의원,http://place.map.kakao.com/26571417,서울 서대문구 수색로 56,126.91224207377893,37.57081555923167,이비인후과
서울 마포구 성산동 260-2,HP8,병원,"의료,건강 > 병원 > 치과",707,655177111,02-6354-2875,365바른약속치과의원,http://place.map.kakao.com/655177111,서울 마포구 월드컵로 134,126.906801653594,37.5600679156772,치과
서울 마포구 성산동 446,HP8,병원,"의료,건강 > 병원 > 피부과",577,410902708,02-711-9757,피부사랑피부과의원,http://place.map.kakao.com/410902708,서울 마포구 월드컵북로 233-1,126.90328321783245,37.56943544317455,피부과
서울 마포구 성산동 151-6,HP8,병원,"가정,생활 > 반려동물 > 동물병원",471,27494366,02-376-7675,키다리동물병원,http://place.map.kakao.com/27494366,서울 마포구 월드컵북로 218,126.90499803231991,37.56949990522071,동물병원
서울 마포구 성산동 200-24,HP8,병원,"의료,건강 > 병원 > 외과",140,8815538,02-376-7733,나디연세외과의원,http://place.map.kakao.com/8815538,서울 마포구 월드컵북로 167,126.909809531941,37.5670169317479,외과
서울 서대문구 남가좌동 295-10,HP8,병원,"의료,건강 > 병원 > 치과",659,731893670,02-304-2828,서울안심치과의원,http://place.map.kakao.com/731893670,서울 서대문구 수색로 40,126.914342799215,37.5700044045658,치과
서울 서대문구 북가좌동 487,HP8,병원,"의료,건강 > 병원 > 산부인과",600,131683798,02-308-3355,봄꽃산부인과의원,http://place.map.kakao.com/131683798,서울 서대문구 수색로 56,126.91224207377893,37.57081555923167,산부인과
서울 마포구 중동 64-25,HP8,병원,"의료,건강 > 병원 > 안과",595,9690173,02-376-0750,공안과의원,http://place.map.kakao.com/9690173,서울 마포구 월드컵북로 230,126.903928527662,37.5702378557248,안과
서울 마포구 성산동 260-7,HP8,병원,"의료,건강 > 병원 > 신경외과",745,16506369,02-334-8822,백신경외과의원,http://place.map.kakao.com/16506369,서울 마포구 월드컵로 128,126.90716093789187,37.55966275024527,신경외과
서울 마포구 성산동 152-7,HP8,병원,"의료,건강 > 병원 > 내과",540,10798028,02-307-9107,조환석내과의원,http://place.map.kakao.com/10798028,서울 마포구 월드컵북로 224,126.904250556732,37.5698056397021,내과
서울 마포구 망원동 478-11,HP8,병원,"의료,건강 > 병원 > 항문외과",796,9827337,02-332-9775,본항외과의원,http://place.map.kakao.com/9827337,서울 마포구 월드컵로 125,126.906753989919,37.5592623870085,항문외과
서울 서대문구 남가좌동 295-9,HP8,병원,"의료,건강 > 병원 > 안과",654,9923797,02-302-5677,장안과의원,http://place.map.kakao.com/9923797,서울 서대문구 수색로 38,126.914483412684,37.5697846636829,안과
서울 서대문구 남가좌동 293-21,HP8,병원,"의료,건강 > 병원 > 치과",722,967549032,02-379-2879,새이로치과의원,http://place.map.kakao.com/967549032,서울 서대문구 수색로2길 19-17,126.91518492799,37.5700437553689,치과
서울 서대문구 북가좌동 150,HP8,병원,"의료,건강 > 병원 > 한방병원",729,656563594,02-333-7550,자연삶한방병원,http://place.map.kakao.com/656563594,서울 서대문구 수색로 102,126.908300319153,37.5728659305221,한방병원
서울 마포구 중동 64-23,HP8,병원,"의료,건강 > 병원 > 정형외과",633,896420498,02-6953-7475,본정형외과의원,http://place.map.kakao.com/896420498,서울 마포구 월드컵북로38길 14,126.903772989536,37.5705954240744,정형외과
서울 마포구 성산동 56-1,HP8,병원,"의료,건강 > 병원 > 치과",303,9873908,02-322-2285,서울미네르반치과의원,http://place.map.kakao.com/9873908,서울 마포구 월드컵북로 137,126.911482683411,37.5649423038562,치과
서울 마포구 성산동 591-3,HP8,병원,"의료,건강 > 병원 > 치과",538,473723010,02-303-2275,서울리브치과의원,http://place.map.kakao.com/473723010,서울 마포구 월드컵로 200,126.90264156855626,37.56496147305358,치과
서울 마포구 성산동 56-3,HP8,병원,"의료,건강 > 병원 > 가정의학과",322,27441863,02-333-4365,제일성모가정의학과의원,http://place.map.kakao.com/27441863,서울 마포구 월드컵북로 137,126.911704586378,37.564895618232,가정의학과
서울 서대문구 남가좌동 291-6,HP8,병원,"의료,건강 > 병원 > 이비인후과",720,8089846,02-375-5075,주이비인후과의원,http://place.map.kakao.com/8089846,서울 서대문구 수색로 26,126.915765388042,37.569244988199,이비인후과
서울 마포구 중동 64-14,HP8,병원,"의료,건강 > 병원 > 내과",630,2028513001,02-6351-1263,성산위편한내과의원,http://place.map.kakao.com/2028513001,서울 마포구 월드컵북로 236,126.90344735342563,37.57030954277986,내과
서울 마포구 중동 64-25,HP8,병원,"의료,건강 > 병원 > 이비인후과",588,9512214,02-307-7888,최이비인후과의원,http://place.map.kakao.com/9512214,서울 마포구 월드컵북로 230,126.9038246078558,37.570066582048945,이비인후과
서울 마포구 성산동 591-3,HP8,병원,"의료,건강 > 병원 > 피부과",546,1475527706,02-2039-3777,리베리의원 마포점,http://place.map.kakao.com/1475527706,서울 마포구 월드컵로 200,126.902554419983,37.5649568961762,피부과
서울 서대문구 북가좌동 392-23,HP8,병원,"의료,건강 > 병원 > 노인,요양병원",911,9060136,02-304-7573,사랑요양병원,http://place.map.kakao.com/9060136,서울 서대문구 수색로 131,126.905702959378,37.5742072673136,"노인,요양병원"
서울 마포구 성산동 591-3,HP8,병원,"의료,건강 > 병원 > 내과",546,118265060,02-304-7588,연세보담내과 검진센터,http://place.map.kakao.com/118265060,서울 마포구 월드컵로 200,126.902554419983,37.5649568961762,내과
서울 서대문구 남가좌동 295-10,HP8,병원,"의료,건강 > 병원 > 재활의학과",657,26826148,02-2038-3308,몸편한재활의학과의원,http://place.map.kakao.com/26826148,서울 서대문구 수색로 40,126.9143292384887,37.56998457283242,재활의학과
서울 마포구 성산동 94-4,HP8,병원,"가정,생활 > 반려동물 > 동물병원",207,1736918391,02-375-7575,라온동물병원,http://place.map.kakao.com/1736918391,서울 마포구 월드컵북로 151,126.910824936666,37.5659977759888,동물병원
서울 서대문구 북가좌동 487,HP8,병원,"의료,건강 > 병원 > 정신건강의학과",600,1686358767,02-6949-5551,한혜성 조이의원,http://place.map.kakao.com/1686358767,서울 서대문구 수색로 56,126.91224207377839,37.570815559237765,정신건강의학과
서울 마포구 성산동 591-3,HP8,병원,"의료,건강 > 병원 > 일반의원",546,1837726875,02-304-7588,연세보담내과의원,http://place.map.kakao.com/1837726875,서울 마포구 월드컵로 200,126.902554419983,37.5649568961762,일반의원
서울 서대문구 북가좌동 487,HP8,병원,"의료,건강 > 병원 > 정형외과",610,839334511,02-6952-5040,더올바른정형외과의원,http://place.map.kakao.com/839334511,서울 서대문구 수색로 56,126.91274827644828,37.570632131449386,정형외과
서울 서대문구 남가좌동 295-10,HP8,병원,"의료,건강 > 병원 > 정신건강의학과",659,22679571,02-302-7711,좋은정신건강의학과의원,http://place.map.kakao.com/22679571,서울 서대문구 수색로 40,126.914342799215,37.5700044045658,정신건강의학과
서울 마포구 성산동 114-14,HP8,병원,"가정,생활 > 반려동물 > 동물병원",769,26801498,02-335-3333,우리동생동물병원 마포성산점,http://place.map.kakao.com/26801498,서울 마포구 월드컵북로 92,126.91520890148752,37.561876245827,동물병원
서울 마포구 성산동 200-24,HP8,병원,"의료,건강 > 병원 > 치과",140,9248239,02-373-5775,서울 뿌리깊은치과의원,http://place.map.kakao.com/9248239,서울 마포구 월드컵북로 167,126.909818600233,37.5670061267281,치과
서울 마포구 중동 64-25,HP8,병원,"의료,건강 > 병원 > 비뇨기과",594,9833999,02-375-3599,손비뇨기과의원,http://place.map.kakao.com/9833999,서울 마포구 월드컵북로 230,126.903833549955,37.5701548868505,비뇨기과
서울 마포구 성산동 152-7,HP8,병원,"의료,건강 > 병원 > 치과",529,16443605,02-303-2080,스마일치과의원,http://place.map.kakao.com/16443605,서울 마포구 월드컵북로 224,126.90437739955,37.569755286782,치과
서울 마포구 서교동 441-3,HP8,병원,"의료,건강 > 병원 > 정형외과",1072,2085650061,02-338-7777,서울효자정형외과의원,http://place.map.kakao.com/2085650061,서울 마포구 월드컵로 88,126.909934007238,37.5567033212573,정형외과
서울 서대문구 남가좌동 155-185,HP8,병원,"가정,생활 > 반려동물 > 동물병원",985,27323288,02-305-4242,어울림동물병원,http://place.map.kakao.com/27323288,서울 서대문구 가재울미래로 2,126.915792830124,37.5730219787878,동물병원
서울 서대문구 북가좌동 487,HP8,병원,"의료,건강 > 병원 > 내과",600,27239808,02-309-7585,연세속편한의원,http://place.map.kakao.com/27239808,서울 서대문구 수색로 56,126.91224207377893,37.57081555923167,내과
서울 양천구 신정동 1007-7,HP8,병원,"의료,건강 > 병원 > 한방병원",655,11701760,1577-0007,목동자생한방병원,http://place.map.kakao.com/11701760,서울 양천구 신월로 393,126.86490178924736,37.52273054698394,한방병원
서울 양천구 신정동 329-10,HP8,병원,"의료,건강 > 병원 > 정형외과",396,1054970098,02-2605-0210,210정형외과의원,http://place.map.kakao.com/1054970098,서울 양천구 목동동로 150,126.870468380706,37.518939058325,정형외과
서울 양천구 신정동 323-16,HP8,병원,"의료,건강 > 병원 > 이비인후과",434,10572199,02-2642-7560,양천연세이비인후과의원,http://place.map.kakao.com/10572199,서울 양천구 목동동로 63,126.86229103244585,37.5152672307612,이비인후과
서울 양천구 신정동 982-4,HP8,병원,"가정,생활 > 반려동물 > 동물병원",796,16087655,02-2642-7588,24시우리들동물메디컬센터,http://place.map.kakao.com/16087655,서울 양천구 신월로 355,126.86047061029649,37.52218659604661,동물병원
서울 양천구 신정동 1268,HP8,병원,"의료,건강 > 병원 > 노인,요양병원",1076,638527123,02-2601-7111,서울스마트요양병원,http://place.map.kakao.com/638527123,서울 양천구 중앙로 181,126.85568422100428,37.51286898167019,"노인,요양병원"
서울 양천구 신정동 899-1,HP8,병원,"의료,건강 > 병원 > 종합병원",1302,2062824304,02-2693-5555,홍익병원 본관,http://place.map.kakao.com/2062824304,서울 양천구 목동로 225,126.86363904011,37.5284819907038,종합병원
서울 양천구 목동 404-3,HP8,병원,"의료,건강 > 병원 > 정형외과",1259,12442191,1899-2221,목동힘찬병원,http://place.map.kakao.com/12442191,서울 양천구 신목로 120,126.876817940426,37.5249861700277,정형외과
서울 양천구 신정동 323-16,HP8,병원,"의료,건강 > 병원 > 피부과",428,11666076,02-2647-7588,아이피부과의원,http://place.map.kakao.com/11666076,서울 양천구 목동동로 63,126.86233277642746,37.5153258446243,피부과
서울 양천구 신정동 323-6,HP8,병원,"의료,건강 > 병원 > 내과",473,1877850869,02-2062-7555,목동더나은내과의원,http://place.map.kakao.com/1877850869,서울 양천구 목동서로 383,126.86152638387844,37.515883523892214,내과
서울 양천구 신정동 1022-9,HP8,병원,"의료,건강 > 병원 > 비뇨기과",680,10409507,02-2646-5535,박장환 피부과비뇨기과,http://place.map.kakao.com/10409507,서울 양천구 중앙로32길 55,126.859912677329,37.5198928849904,비뇨기과
서울 양천구 신정동 321-6,HP8,병원,"의료,건강 > 병원 > 내과",123,9114446,02-2650-8875,서울봄내과의원,http://place.map.kakao.com/9114446,서울 양천구 목동서로 349,126.865550093193,37.5176289102262,내과
서울 양천구 신정동 978-17,HP8,병원,"의료,건강 > 병원 > 정형외과",981,2115246342,02-2607-9901,양천에이스정형외과신경외과의원,http://place.map.kakao.com/2115246342,서울 양천구 신월로 327,126.8574293515,37.521861306322,정형외과
서울 양천구 신정동 329-10,HP8,병원,"의료,건강 > 병원 > 치과",396,759663680,02-841-1572,연세김앤김치과의원,http://place.map.kakao.com/759663680,서울 양천구 목동동로 150,126.870474055291,37.5189282525165,치과
서울 양천구 신정동 907-14,HP8,병원,"의료,건강 > 병원 > 이비인후과",1151,1178442820,02-2605-1116,서울에이블이비인후과의원,http://place.map.kakao.com/1178442820,서울 양천구 오목로 197,126.859407634174,37.5256010331887,이비인후과
서울 양천구 신정동 318-5,HP8,병원,"의료,건강 > 병원 > 치과",580,12665141,1544-2875,목동중앙치과병원,http://place.map.kakao.com/12665141,서울 양천구 목동서로 285,126.86913980310794,37.52185684157061,치과
서울 양천구 목동 408-115,HP8,병원,"의료,건강 > 병원 > 치과",912,776206630,02-6959-3665,더365치과의원,http://place.map.kakao.com/776206630,서울 양천구 오목로 280,126.86825169003231,37.52513099619232,치과
서울 양천구 신정동 128-105,HP8,병원,"의료,건강 > 병원 > 정형외과",659,10578515,02-2646-8697,양천정형외과 마취통증의학과의원,http://place.map.kakao.com/10578515,서울 양천구 신목로 36,126.873791961164,37.518838140175,정형외과
서울 양천구 신정동 323-16,HP8,병원,"의료,건강 > 병원 > 안과",430,10643291,02-2642-6858,연세준안과,http://place.map.kakao.com/10643291,서울 양천구 목동동로 63,126.86231911630892,37.51531141265259,안과
서울 양천구 신정동 991-6,HP8,병원,"의료,건강 > 병원 > 산부인과",1029,803529904,02-2606-2434,최은지산부인과의원,http://place.map.kakao.com/803529904,서울 양천구 오목로 226,126.862666664712,37.5257057799529,산부인과
서울 양천구 신정동 128-113,HP8,병원,"의료,건강 > 병원 > 재활의학과",667,1748917610,02-2646-3004,서울활짝편재활의학과의원,http://place.map.kakao.com/1748917610,서울 양천구 신목로 34,126.87391876524893,37.51877160140442,재활의학과
서울 양천구 목동 405-171,HP8,병원,"의료,건강 > 병원 > 항문외과",946,1578403003,02-6953-1517,목동항외과의원,http://place.map.kakao.com/1578403003,서울 양천구 목동동로 212,126.871733658521,37.5245257518814,항문외과
서울 양천구 신정동 994-5,HP8,병원,"의료,건강 > 병원 > 한방병원",949,382645554,02-2602-8421,바른지성한방병원,http://place.map.kakao.com/382645554,서울 양천구 목동로 189,126.8641787747691,37.525311087889854,한방병원
서울 양천구 신정동 323-32,HP8,병원,"의료,건강 > 병원 > 정형외과",498,8124638,02-2647-7557,튼튼한정형외과의원,http://place.map.kakao.com/8124638,서울 양천구 목동동로 59,126.86163657618,37.5150150860589,정형외과
서울 양천구 목동 406-28,HP8,병원,"의료,건강 > 병원 > 안과",1181,898214619,02-2648-5008,호랑이안과의원,http://place.map.kakao.com/898214619,서울 양천구 오목로 345,126.8758205032267,37.52477789509777,안과
서울 양천구 목동 408-174,HP8,병원,"의료,건강 > 병원 > 이비인후과",873,23479438,02-2062-0601,목동하나 이비인후과의원,http://place.map.kakao.com/23479438,서울 양천구 목동서로 256,126.86927981456954,37.52459964659536,이비인후과
서울 양천구 신정동 323-12,HP8,병원,"의료,건강 > 병원 > 내과",370,496217143,02-2138-0660,더본내과의원,http://place.map.kakao.com/496217143,서울 양천구 목동동로 73,126.86280703049,37.5157732939527,내과
서울 양천구 신정동 1021-9,HP8,병원,"의료,건강 > 병원 > 이비인후과",650,10132816,02-2654-9090,강정수이비인후과의원,http://place.map.kakao.com/10132816,서울 양천구 중앙로32길 61,126.860423654331,37.5200664823932,이비인후과
서울 양천구 신정동 114-12,HP8,병원,"의료,건강 > 병원 > 내과",628,13505732,02-2652-4217,권내과,http://place.map.kakao.com/13505732,서울 양천구 신목로 33,126.873579980737,37.5184342642629,내과
서울 양천구 신정동 888-47,HP8,병원,"의료,건강 > 병원 > 비뇨기과",1098,14636533,02-2605-2580,연세탑비뇨기과의원,http://place.map.kakao.com/14636533,서울 양천구 신정중앙로 103,126.8634355214658,37.5265545138689,비뇨기과
서울 양천구 목동 406-425,HP8,병원,"의료,건강 > 병원 > 피부과",996,22178671,02-2607-4378,목동고운세상피부과의원,http://place.map.kakao.com/22178671,서울 양천구 오목로 281,126.86877991196607,37.52582445449233,피부과
서울 양천구 신정동 294-1,HP8,병원,"의료,건강 > 병원 > 소아청소년과",488,16791104,02-2697-1117,김윤희소아청소년과의원,http://place.map.kakao.com/16791104,서울 양천구 목동동로10길 16-1,126.87159827733878,37.51902859031925,소아청소년과
서울 양천구 신정동 321-6,HP8,병원,"가정,생활 > 반려동물 > 동물병원",132,1615169426,0503-7153-0826,공원옆동물의료센터,http://place.map.kakao.com/1615169426,서울 양천구 목동서로 349,126.865363608968,37.5175413005244,동물병원
서울 양천구 신정동 323-12,HP8,병원,"의료,건강 > 병원 > 산부인과",370,1743426288,02-2647-0020,아이리스산부인과의원,http://place.map.kakao.com/1743426288,서울 양천구 목동동로 73,126.8628161389115,37.51574086842246,산부인과
서울 구로구 고척동 191-1,HP8,병원,"의료,건강 > 병원 > 산부인과",1288,24711983,02-2636-1122,연세사랑모아여성병원,http://place.map.kakao.com/24711983,서울 구로구 중앙로 100,126.860503215525,37.5064938612,산부인과
서울 양천구 목동 405-284,HP8,병원,"의료,건강 > 병원 > 치과",1039,1345514161,02-2655-2202,목동나무치과의원,http://place.map.kakao.com/1345514161,서울 양천구 오목로 328,126.873822093936,37.5244550203635,치과
서울 양천구 신정동 323-6,HP8,병원,"의료,건강 > 병원 > 치과",473,706012545,02-2643-2879,꼼꼼치과,http://place.map.kakao.com/706012545,서울 양천구 목동서로 383,126.861529760628,37.515892537881,치과
서울 양천구 신정동 294-62,HP8,병원,"가정,생활 > 반려동물 > 동물병원",386,8209212,02-2654-6183,노아동물병원,http://place.map.kakao.com/8209212,서울 양천구 목동동로10길 6,126.8706751074259,37.51844553539572,동물병원
서울 양천구 목동 406-21,HP8,병원,"의료,건강 > 병원 > 피부과",1085,27134207,02-2651-3625,리엔장의원 목동점,http://place.map.kakao.com/27134207,서울 양천구 오목로 325,126.87364005857577,37.52506750695572,피부과
서울 양천구 목동 810-1,HP8,병원,"의료,건강 > 병원 > 내과",1169,1788323682,02-6958-5360,목동삼성탑내과의원,http://place.map.kakao.com/1788323682,서울 양천구 목동로 210,126.86444653110769,37.527383698818056,내과
서울 양천구 목동 404-256,HP8,병원,"의료,건강 > 병원 > 한방병원",1226,7838009,02-2640-2700,동신한방병원,http://place.map.kakao.com/7838009,서울 양천구 오목로 351,126.876764267839,37.5246040892766,한방병원
서울 양천구 신정동 282-2,HP8,병원,"의료,건강 > 병원 > 치과",425,16648027,02-2649-7305,이지훈치과의원,http://place.map.kakao.com/16648027,서울 양천구 목동동로8길 23,126.871514862463,37.5168787069524,치과
서울 양천구 신정동 1027-2,HP8,병원,"가정,생활 > 반려동물 > 동물병원",965,595662687,02-2601-8875,서울탑동물병원,http://place.map.kakao.com/595662687,서울 양천구 신월로 326,126.85723914310812,37.521352911378884,동물병원
서울 양천구 목동 405-276,HP8,병원,"의료,건강 > 병원 > 내과",975,9903329,02-2648-5566,우리내과의원,http://place.map.kakao.com/9903329,서울 양천구 오목로 312,126.87201505068475,37.52469724748357,내과
서울 양천구 신정동 899-7,HP8,병원,"의료,건강 > 병원 > 안과",1283,10498134,02-2693-5800,서울안과의원,http://place.map.kakao.com/10498134,서울 양천구 목동로 223,126.86374793554,37.5283235401882,안과
서울 양천구 신정동 324-7,HP8,병원,"가정,생활 > 반려동물 > 동물병원",646,1643932747,02-2653-3335,산책동물병원,http://place.map.kakao.com/1643932747,서울 양천구 목동서로 401,126.85960743437583,37.515570412564,동물병원
서울 강서구 등촌동 657,HP8,병원,"의료,건강 > 병원 > 종합병원",669,20551779,1577-7582,부민병원,http://place.map.kakao.com/20551779,서울 강서구 공항대로 389,126.85088572951518,37.55683001957465,종합병원
서울 강서구 내발산동 701-4,HP8,병원,"의료,건강 > 병원 > 종합병원",1200,12148934,1588-2701,미즈메디병원,http://place.map.kakao.com/12148934,서울 강서구 강서로 295,126.83601886410393,37.55225126394092,종합병원
서울 강서구 등촌동 726,HP8,병원,"의료,건강 > 병원 > 한방병원",746,1177540532,02-3663-3655,강서365한방병원,http://place.map.kakao.com/1177540532,서울 강서구 공항대로45길 15,126.85454799407087,37.55629398990237,한방병원
서울 강서구 화곡동 998-9,HP8,병원,"의료,건강 > 병원 > 내과",73,79613965,02-2692-2990,연세정성내과의원,http://place.map.kakao.com/79613965,서울 강서구 화곡로 301,126.84874119927,37.5511600202626,내과
서울 강서구 마곡동 808,HP8,병원,"의료,건강 > 병원 > 대학병원",1366,27272811,1522-7000,이대서울병원,http://place.map.kakao.com/27272811,서울 강서구 공항대로 260,126.83626592745642,37.55726114898413,대학병원
서울 강서구 화곡동 1094-1,HP8,병원,"의료,건강 > 병원 > 영상의학과",552,7867002,02-2694-4242,명진단영상의학과,http://place.map.kakao.com/7867002,서울 강서구 공항대로 396,126.851212813475,37.5556879683465,영상의학과
서울 강서구 등촌동 669-1,HP8,병원,"의료,건강 > 병원 > 항문외과",1012,15518549,02-2660-3900,강서송도병원,http://place.map.kakao.com/15518549,서울 강서구 공항대로 315,126.84297714454974,37.55839651053986,항문외과
서울 강서구 화곡동 1105-5,HP8,병원,"의료,건강 > 병원 > 이비인후과",159,11030123,02-2697-3900,구이비인후과의원,http://place.map.kakao.com/11030123,서울 강서구 화곡로 313,126.849770959166,37.5523164135921,이비인후과
서울 강서구 화곡동 1111-2,HP8,병원,"의료,건강 > 병원 > 내과",458,11124774,02-2698-6933,세란내과의원,http://place.map.kakao.com/11124774,서울 강서구 화곡로 346,126.852020938029,37.5545104799614,내과
서울 강서구 화곡동 1116-6,HP8,병원,"의료,건강 > 병원 > 치과",345,18763427,02-2691-5711,유디강서치과의원,http://place.map.kakao.com/18763427,서울 강서구 화곡로 336,126.85140705399081,37.5536186228936,치과
서울 강서구 화곡동 998-9,HP8,병원,"의료,건강 > 병원 > 정형외과",76,56197814,02-2691-1119,강서척정형외과의원,http://place.map.kakao.com/56197814,서울 강서구 화곡로 301,126.848779415561,37.5512889118513,정형외과
서울 강서구 등촌동 700,HP8,병원,"의료,건강 > 병원 > 소아청소년과",988,342897334,02-3665-0823,강서푸른꿈성모어린이병원,http://place.map.kakao.com/342897334,서울 강서구 공항대로41길 34,126.845711960951,37.5592794883264,소아청소년과
서울 강서구 내발산동 668,HP8,병원,"의료,건강 > 병원 > 이비인후과",1208,92661379,1833-2320,BS코아이비인후과병원,http://place.map.kakao.com/92661379,서울 강서구 강서로 323,126.83668914161207,37.55469749875553,이비인후과
서울 강서구 등촌동 664-11,HP8,병원,"의료,건강 > 병원 > 노인,요양병원",871,11834419,02-2658-3929,새빛요양병원,http://place.map.kakao.com/11834419,서울 강서구 화곡로61길 109,126.846381635595,37.5583451273961,"노인,요양병원"
서울 강서구 등촌동 512-5,HP8,병원,"의료,건강 > 병원 > 안과",1255,14974213,02-2650-0700,실로암안과병원,http://place.map.kakao.com/14974213,서울 강서구 등촌로 181,126.862303539815,37.5460030843742,안과
서울 강서구 화곡동 1095-4,HP8,병원,"의료,건강 > 병원 > 통증클리닉",402,1043554964,02-2607-8275,서울은마취통증의학과의원,http://place.map.kakao.com/1043554964,서울 강서구 화곡로 341,126.85105960293,37.5543098805852,통증클리닉
서울 강서구 등촌동 630-12,HP8,병원,"의료,건강 > 병원 > 산부인과",1260,8308662,02-3665-2002,미래아이산부인과의원,http://place.map.kakao.com/8308662,서울 강서구 양천로 556,126.8608875966307,37.557745927190666,산부인과
서울 강서구 화곡동 1095,HP8,병원,"의료,건강 > 병원 > 정형외과",482,924963684,02-3663-5505,푸른정형외과의원,http://place.map.kakao.com/924963684,서울 강서구 화곡로 347,126.85123451725026,37.55501765401573,정형외과
서울 강서구 등촌동 700,HP8,병원,"의료,건강 > 병원 > 한방병원",988,701441651,02-6954-6575,경희생생한방병원 강서점,http://place.map.kakao.com/701441651,서울 강서구 공항대로41길 34,126.84570969366,37.5592812873622,한방병원
서울 강서구 화곡동 969-12,HP8,병원,"의료,건강 > 병원 > 정형외과",281,11101560,02-2608-6613,열린연세정형외과의원,http://place.map.kakao.com/11101560,서울 강서구 까치산로 120,126.850281175964,37.5484427718723,정형외과
서울 강서구 화곡동 114-100,HP8,병원,"의료,건강 > 병원 > 치과",1168,13510470,02-2608-2875,더와이즈치과병원,http://place.map.kakao.com/13510470,서울 강서구 화곡로 186,126.84215125882514,37.54215042348382,치과
서울 강서구 화곡동 1051-22,HP8,병원,"의료,건강 > 병원 > 정형외과",1306,677993628,1544-5888,서울원병원,http://place.map.kakao.com/677993628,서울 강서구 강서로 179,126.839321974376,37.5423628473275,정형외과
서울 강서구 화곡동 1107,HP8,병원,"의료,건강 > 병원 > 안과",604,8174302,02-2606-8449,강안과의원,http://place.map.kakao.com/8174302,서울 강서구 공항대로 426,126.85422941531,37.5548375860734,안과
서울 강서구 등촌동 628-6,HP8,병원,"의료,건강 > 병원 > 안과",1069,350483533,02-3663-0345,연세솔안과의원,http://place.map.kakao.com/350483533,서울 강서구 화곡로68길 3,126.854737399836,37.5595837613469,안과
서울 강서구 화곡동 1099,HP8,병원,"의료,건강 > 병원 > 치과",388,16790252,02-2691-2886,부부치과의원,http://place.map.kakao.com/16790252,서울 강서구 화곡로59길 29,126.849630979263,37.5543957368552,치과
서울 강서구 화곡동 1107,HP8,병원,"의료,건강 > 병원 > 비뇨기과",624,9951030,02-2651-8270,라임비뇨기과의원,http://place.map.kakao.com/9951030,서울 강서구 공항대로 426,126.85442614893356,37.55493333447251,비뇨기과
서울 강서구 화곡동 24-146,HP8,병원,"의료,건강 > 병원 > 산부인과",666,8034454,02-2608-0447,윤영혜산부인과의원,http://place.map.kakao.com/8034454,서울 강서구 까치산로 73,126.846951663085,37.5452525739167,산부인과
서울 강서구 화곡동 1026-12,HP8,병원,"의료,건강 > 병원 > 재활의학과",1235,1120779503,02-2695-1155,서울큰나무병원,http://place.map.kakao.com/1120779503,서울 강서구 강서로 206,126.83803866622262,37.544523490690125,재활의학과
서울 강서구 화곡동 1170,HP8,병원,"의료,건강 > 병원 > 치과",1296,26101914,02-2697-2875,연세힐치과의원,http://place.map.kakao.com/26101914,서울 강서구 강서로 231,126.83621370440572,37.54595806572142,치과
서울 강서구 등촌동 658-4,HP8,병원,"가정,생활 > 반려동물 > 동물병원",713,27465786,02-518-7500,강서YD동물의료센터,http://place.map.kakao.com/27465786,서울 강서구 화곡로 371,126.852174530145,37.5569649876999,동물병원
서울 강서구 등촌동 628-6,HP8,병원,"의료,건강 > 병원 > 내과",1067,226480242,02-2668-5050,가양성모내과의원,http://place.map.kakao.com/226480242,서울 강서구 화곡로68길 3,126.85474082145,37.5595702506126,내과
서울 강서구 등촌동 63-12,HP8,병원,"의료,건강 > 병원 > 피부과",1361,17757816,02-3664-9003,차앤유의원,http://place.map.kakao.com/17757816,서울 강서구 양천로 452,126.85066717650858,37.56313040948264,피부과
서울 강서구 화곡동 1052-6,HP8,병원,"의료,건강 > 병원 > 노인,요양병원",1245,16560238,02-2605-2114,참요양병원,http://place.map.kakao.com/16560238,서울 강서구 강서로 182,126.83965468010096,37.54287506681502,"노인,요양병원"
서울 강서구 화곡동 1116-3,HP8,병원,"의료,건강 > 병원 > 치과",300,1394204498,02-2601-0914,조이플란트치과의원,http://place.map.kakao.com/1394204498,서울 강서구 화곡로 330,126.851185969538,37.5532516386126,치과
서울 강서구 화곡동 1031-12,HP8,병원,"의료,건강 > 병원 > 산부인과",1243,16705146,02-2608-1011,유광사여성병원,http://place.map.kakao.com/16705146,서울 강서구 강서로 194,126.838875839119,37.5435587656161,산부인과
서울 강서구 등촌동 667-6,HP8,병원,"의료,건강 > 병원 > 신경외과",983,11233849,02-3663-2500,강서신경외과,http://place.map.kakao.com/11233849,서울 강서구 강서로56길 106,126.844660225431,37.5588798689363,신경외과
서울 강서구 내발산동 678-7,HP8,병원,"의료,건강 > 병원 > 일반의원",1201,1389072820,1670-7592,강서 소리의원,http://place.map.kakao.com/1389072820,서울 강서구 강서로 307,126.8362125626895,37.55320298573009,일반의원
서울 강서구 등촌동 699,HP8,병원,"의료,건강 > 병원 > 내과",1069,94826659,02-2658-7570,아산서울내과의원,http://place.map.kakao.com/94826659,서울 강서구 공항대로41길 56,126.846318986147,37.5601938901097,내과
서울 강서구 화곡동 1026-12,HP8,병원,"가정,생활 > 반려동물 > 동물병원",1235,1287004186,02-2690-9990,나음동물의료센터,http://place.map.kakao.com/1287004186,서울 강서구 강서로 206,126.83804318858,37.5445252988896,동물병원
서울 강서구 내발산동 654,HP8,병원,"의료,건강 > 병원 > 정형외과",1307,1482830793,1600-8205,서울필병원,http://place.map.kakao.com/1482830793,서울 강서구 강서로 357,126.837387768343,37.5576591377829,정형외과
서울 강서구 화곡동 998-9,HP8,병원,"의료,건강 > 병원 > 치과",67,16044259,02-2699-2875,에덴치과의원,http://place.map.kakao.com/16044259,서울 강서구 화곡로 301,126.848881325601,37.5512593094067,치과
서울 강서구 화곡동 1117-17,HP8,병원,"의료,건강 > 병원 > 일반의원",224,14729656,02-2698-8640,한서의원,http://place.map.kakao.com/14729656,서울 강서구 화곡로 324,126.850729928598,37.5526672167596,일반의원
서울 강서구 화곡동 1122-1,HP8,병원,"의료,건강 > 병원 > 일반의원",230,16326658,02-2065-6122,성모제일의원,http://place.map.kakao.com/16326658,서울 강서구 까치산로 151,126.8521060930728,37.55093452843898,일반의원
서울 강서구 화곡동 980-21,HP8,병원,"의료,건강 > 병원 > 치과",51,10980318,02-2065-0871,홀치과의원,http://place.map.kakao.com/10980318,서울 강서구 화곡로 296,126.84903197041,37.550632407836,치과
서울 강서구 화곡동 1165-1,HP8,병원,"의료,건강 > 병원 > 안과",1181,26611465,02-2693-3999,잘보는성모안과의원,http://place.map.kakao.com/26611465,서울 강서구 강서로 242,126.836757641075,37.5476788241463,안과
서울 구로구 구로동 80,HP8,병원,"의료,건강 > 병원 > 대학병원",432,8235178,02-2626-1114,고려대학교 구로병원,http://place.map.kakao.com/8235178,서울 구로구 구로동로 148,126.8847398636146,37.49213093447941,대학병원
서울 구로구 구로동 100-8,HP8,병원,"의료,건강 > 병원 > 내과",148,10564853,02-851-4587,세진내과의원,http://place.map.kakao.com/10564853,서울 구로구 구로중앙로 68,126.889038318897,37.4957012340876,내과
서울 구로구 구로동 586-5,HP8,병원,"의료,건강 > 병원 > 소아청소년과",858,19631836,02-858-0100,우리아이들병원,http://place.map.kakao.com/19631836,서울 구로구 새말로 15,126.882523780077,37.5020848687593,소아청소년과
서울 영등포구 대림동 709-1,HP8,병원,"의료,건강 > 병원 > 종합병원",1061,10326662,1899-1475,명지성모병원,http://place.map.kakao.com/10326662,서울 영등포구 도림로 156,126.899254377247,37.4939191868692,종합병원
서울 구로구 구로동 704-10,HP8,병원,"의료,건강 > 병원 > 정형외과",540,27040215,1577-1680,예스병원,http://place.map.kakao.com/27040215,서울 구로구 구로동로 147,126.883376756679,37.4917385597689,정형외과
서울 구로구 구로동 552-148,HP8,병원,"의료,건강 > 병원 > 노인,요양병원",867,106164961,02-837-7111,제중요양병원,http://place.map.kakao.com/106164961,서울 구로구 새말로 60,126.886665815561,37.503197151705635,"노인,요양병원"
서울 구로구 구로동 83-3,HP8,병원,"의료,건강 > 병원 > 비뇨기과",113,1015157514,02-839-7582,굿나잇비뇨의학과의원,http://place.map.kakao.com/1015157514,서울 구로구 가마산로 246,126.888314964129,37.4946887222534,비뇨기과
서울 구로구 구로동 512-2,HP8,병원,"가정,생활 > 반려동물 > 동물병원",339,10775432,02-869-7582,24시지구촌 동물메디컬센터,http://place.map.kakao.com/10775432,서울 구로구 구로중앙로 107,126.88586139733398,37.498204806453586,동물병원
서울 구로구 구로동 81-3,HP8,병원,"의료,건강 > 병원 > 내과",187,721974678,02-6734-0511,더케이내과의원,http://place.map.kakao.com/721974678,서울 구로구 가마산로 232,126.886761451257,37.4937889398614,내과
서울 영등포구 대림동 782-3,HP8,병원,"의료,건강 > 병원 > 재활의학과",1036,12705875,02-3284-7777,명지춘혜재활병원,http://place.map.kakao.com/12705875,서울 영등포구 대림로 223,126.897132862913,37.5006064284239,재활의학과
서울 구로구 구로동 501,HP8,병원,"의료,건강 > 병원 > 내과",592,1567722154,02-562-8656,베스트내과의원,http://place.map.kakao.com/1567722154,서울 구로구 구로중앙로 134,126.88412040076602,37.50005017336264,내과
서울 구로구 구로동 100-8,HP8,병원,"의료,건강 > 병원 > 정형외과",136,708768550,02-839-5097,구로리더스정형외과의원,http://place.map.kakao.com/708768550,서울 구로구 구로중앙로 68,126.888819799039,37.4958830319163,정형외과
서울 구로구 구로동 83-3,HP8,병원,"의료,건강 > 병원 > 흉부외과",113,1419757435,02-851-9588,88흉부외과의원,http://place.map.kakao.com/1419757435,서울 구로구 가마산로 246,126.88830931676925,37.49468421187471,흉부외과
서울 구로구 구로동 98-4,HP8,병원,"의료,건강 > 병원 > 내과",236,18815584,02-830-8388,서울내과의원,http://place.map.kakao.com/18815584,서울 구로구 가마산로 268,126.890056081107,37.4956913735706,내과
서울 구로구 구로동 147-3,HP8,병원,"의료,건강 > 병원 > 일반의원",764,16589804,02-591-9119,아름샘의원,http://place.map.kakao.com/16589804,서울 구로구 도림로 92,126.89354294762887,37.490548016473056,일반의원
서울 구로구 구로동 82,HP8,병원,"의료,건강 > 병원 > 정신건강의학과",145,25723402,02-830-8080,정인과정신건강의학과,http://place.map.kakao.com/25723402,서울 구로구 가마산로 236,126.88714997480659,37.49410286192341,정신건강의학과
서울 구로구 구로동 730-14,HP8,병원,"의료,건강 > 병원 > 안과",582,9666137,02-851-7677,구로밝은빛안과,http://place.map.kakao.com/9666137,서울 구로구 구로동로26길 37,126.8862387653865,37.49022946051522,안과
서울 구로구 구로동 505,HP8,병원,"의료,건강 > 병원 > 성형외과",423,1068960345,02-858-6008,미인의원,http://place.map.kakao.com/1068960345,서울 구로구 구로중앙로31길 34,126.88493676021658,37.49867243253708,성형외과
서울 구로구 구로동 100-8,HP8,병원,"의료,건강 > 병원 > 이비인후과",133,19335149,02-866-7778,열린성모이비인후과의원,http://place.map.kakao.com/19335149,서울 구로구 구로중앙로 68,126.88881364798853,37.49583680450331,이비인후과
서울 구로구 구로동 98,HP8,병원,"의료,건강 > 병원 > 피부과",179,10453075,02-855-3591,사랑의피부과의원,http://place.map.kakao.com/10453075,서울 구로구 구로중앙로 60,126.88939876900632,37.49512763102503,피부과
서울 구로구 구로동 100-8,HP8,병원,"의료,건강 > 병원 > 피부과",132,21279829,02-856-0079,권피부과의원,http://place.map.kakao.com/21279829,서울 구로구 구로중앙로 68,126.888816553475,37.4957839181667,피부과
서울 구로구 구로동 313-150,HP8,병원,"의료,건강 > 병원 > 이비인후과",726,814752068,02-865-5050,상쾌한이비인후과,http://place.map.kakao.com/814752068,서울 구로구 도림로 67,126.891010420279,37.4895221630979,이비인후과
서울 구로구 구로동 83-3,HP8,병원,"의료,건강 > 병원 > 내과",113,1374664561,02-839-8575,삼성바른내과의원,http://place.map.kakao.com/1374664561,서울 구로구 가마산로 246,126.888314964129,37.4946887222534,내과
서울 구로구 구로동 426-60,HP8,병원,"의료,건강 > 병원 > 정형외과",326,13504570,02-852-3375,구로정형외과의원,http://place.map.kakao.com/13504570,서울 구로구 가마산로 211,126.88452733946488,37.49355972363801,정형외과
서울 구로구 구로동 142-75,HP8,병원,"의료,건강 > 병원 > 내과",639,10722304,02-866-0356,정내과의원,http://place.map.kakao.com/10722304,서울 구로구 구로중앙로 10,126.892550121951,37.4913544200365,내과
서울 구로구 구로동 722-1,HP8,병원,"의료,건강 > 병원 > 정형외과",785,315464040,02-864-1175,구로에이스정형외과의원,http://place.map.kakao.com/315464040,서울 구로구 구로동로 115,126.884294999099,37.4887697431244,정형외과
서울 구로구 구로동 81,HP8,병원,"의료,건강 > 병원 > 치과",236,18071496,02-2626-1520,고려대학교구로병원 치과센터,http://place.map.kakao.com/18071496,서울 구로구 가마산로 226,126.88613540096613,37.49351623412084,치과
서울 구로구 구로동 413-38,HP8,병원,"의료,건강 > 병원 > 외과",486,2052107374,02-857-8511,고려튼튼외과의원,http://place.map.kakao.com/2052107374,서울 구로구 구로동로 153,126.88343345416405,37.492363914480144,외과
서울 구로구 구로동 497-5,HP8,병원,"의료,건강 > 병원 > 이비인후과",655,8468077,02-855-7114,엄찬섭이비인후과의원,http://place.map.kakao.com/8468077,서울 구로구 구로동로 240,126.882739657345,37.499998354568,이비인후과
서울 구로구 구로동 497-5,HP8,병원,"의료,건강 > 병원 > 피부과",654,27286296,02-862-7585,필의원,http://place.map.kakao.com/27286296,서울 구로구 구로동로 240,126.882730644012,37.4999767214856,피부과
서울 구로구 구로동 766-236,HP8,병원,"의료,건강 > 병원 > 정신건강의학과",731,16764471,02-856-4975,마음과마음정신과의원,http://place.map.kakao.com/16764471,서울 구로구 도림로 65,126.89088109581209,37.48942248241601,정신건강의학과
서울 구로구 구로동 83-3,HP8,병원,"의료,건강 > 병원 > 치과",113,1442191489,02-854-7528,정원창치과의원,http://place.map.kakao.com/1442191489,서울 구로구 가마산로 246,126.88831496413,37.4946887222462,치과
서울 구로구 구로동 8-17,HP8,병원,"의료,건강 > 병원 > 이비인후과",1148,26567764,02-859-5011,신도림 하나이비인후과의원,http://place.map.kakao.com/26567764,서울 구로구 새말로 89,126.88980862231689,37.5055643623162,이비인후과
서울 구로구 구로동 413-34,HP8,병원,"의료,건강 > 병원 > 내과",487,1263235621,02-851-7575,구로쏙내과의원,http://place.map.kakao.com/1263235621,서울 구로구 구로동로 153,126.883433466767,37.4923558054241,내과
서울 구로구 구로동 731-1,HP8,병원,"의료,건강 > 병원 > 재활의학과",617,98718679,02-855-7575,신통방통재활의학과의원,http://place.map.kakao.com/98718679,서울 구로구 구로동로26길 8,126.884746141085,37.4902532420253,재활의학과
서울 영등포구 대림동 706-3,HP8,병원,"의료,건강 > 병원 > 일반의원",1001,16269470,02-845-0777,서울복지의원,http://place.map.kakao.com/16269470,서울 영등포구 도림로 148,126.89849378231906,37.49359687640577,일반의원
서울 구로구 구로동 603-9,HP8,병원,"의료,건강 > 병원 > 안과",1040,9989426,02-859-3666,정안과의원,http://place.map.kakao.com/9989426,서울 구로구 경인로 572,126.88108330547095,37.50330519053889,안과
서울 구로구 구로동 100-8,HP8,병원,"의료,건강 > 병원 > 영상의학과",129,9657330,02-830-2564,고려MS영상의학과의원,http://place.map.kakao.com/9657330,서울 구로구 구로중앙로 68,126.888757680794,37.4958307150735,영상의학과
서울 구로구 구로동 141-14,HP8,병원,"의료,건강 > 병원 > 정형외과",714,9538592,02-858-5777,하나정형외과의원,http://place.map.kakao.com/9538592,서울 구로구 도림로 75,126.89171762645,37.489962504937935,정형외과
서울 구로구 구로동 722-1,HP8,병원,"의료,건강 > 병원 > 내과",786,472147698,02-859-5999,마음속내과의원 구로점,http://place.map.kakao.com/472147698,서울 구로구 구로동로 115,126.884263338811,37.4887697121138,내과
서울 구로구 구로동 730-14,HP8,병원,"의료,건강 > 병원 > 신경외과",575,1148865103,02-866-9201,이지신경외과의원,http://place.map.kakao.com/1148865103,서울 구로구 구로동로26길 37,126.886215478203,37.49029989684857,신경외과
서울 구로구 구로동 730-14,HP8,병원,"의료,건강 > 병원 > 치과",576,10122303,02-830-7528,강충희치과의원,http://place.map.kakao.com/10122303,서울 구로구 구로동로26길 37,126.88622397411697,37.49028981375071,치과
서울 구로구 구로동 313-14,HP8,병원,"의료,건강 > 병원 > 내과",656,11101598,02-857-8275,연세내과의원,http://place.map.kakao.com/11101598,서울 구로구 구로동로26길 119,126.890620653516,37.4900660112726,내과
서울 구로구 구로동 419-11,HP8,병원,"의료,건강 > 병원 > 외과",406,23775628,02-857-1189,구로중앙외과의원,http://place.map.kakao.com/23775628,서울 구로구 구로동로 188,126.882810219072,37.4953708578388,외과
서울 구로구 구로동 100-8,HP8,병원,"의료,건강 > 병원 > 안과",149,8698720,02-838-5234,김&홍안과의원,http://place.map.kakao.com/8698720,서울 구로구 구로중앙로 68,126.889038270906,37.4957336702707,안과
서울 금천구 시흥동 882-31,HP8,병원,"의료,건강 > 병원 > 종합병원",124,8174683,02-804-0002,희명병원,http://place.map.kakao.com/8174683,서울 금천구 시흥대로 244,126.90056251744647,37.455671535645585,종합병원
서울 금천구 시흥동 994-9,HP8,병원,"의료,건강 > 병원 > 정형외과",330,225182283,02-3288-1111,금천삼성본정형외과의원,http://place.map.kakao.com/225182283,서울 금천구 시흥대로 225,126.9004725324013,37.45363877525367,정형외과
서울 금천구 시흥동 994-9,HP8,병원,"의료,건강 > 병원 > 항문외과",314,9086096,02-808-7775,새항외과의원,http://place.map.kakao.com/9086096,서울 금천구 시흥대로 225,126.90045764044308,37.45378923184875,항문외과
서울 금천구 시흥동 994-9,HP8,병원,"의료,건강 > 병원 > 비뇨기과",314,171441179,02-807-8881,이과수비뇨기과의원,http://place.map.kakao.com/171441179,서울 금천구 시흥대로 225,126.900462161236,37.4537892356642,비뇨기과
서울 금천구 시흥동 999-1,HP8,병원,"가정,생활 > 반려동물 > 동물병원",172,270921004,02-808-2475,금천24시K동물의료센터,http://place.map.kakao.com/270921004,서울 금천구 시흥대로 251,126.8996011972554,37.45614015040447,동물병원
서울 금천구 시흥동 883-11,HP8,병원,"의료,건강 > 병원 > 피부과",288,776277688,02-2135-1375,연세세란피부과의원,http://place.map.kakao.com/776277688,서울 금천구 시흥대로 224,126.90135373512359,37.453906213868905,피부과
서울 금천구 시흥동 1031,HP8,병원,"의료,건강 > 병원 > 노인,요양병원",512,33333894,02-6951-1245,파라솔요양병원,http://place.map.kakao.com/33333894,서울 금천구 시흥대로73길 67,126.895747368217,37.4559439969358,"노인,요양병원"
서울 금천구 시흥동 883-5,HP8,병원,"의료,건강 > 병원 > 노인,요양병원",222,13492272,02-896-2114,서울대효병원 금천병원,http://place.map.kakao.com/13492272,서울 금천구 시흥대로 230,126.90129305184891,37.45450173263828,"노인,요양병원"
서울 금천구 시흥동 883-11,HP8,병원,"의료,건강 > 병원 > 이비인후과",284,7925288,02-802-7709,상쾌한이비인후과의원,http://place.map.kakao.com/7925288,서울 금천구 시흥대로 224,126.90139664133154,37.45393778512315,이비인후과
서울 금천구 시흥동 852-29,HP8,병원,"의료,건강 > 병원 > 내과",421,2113253833,02-802-2622,연세이장교내과의원,http://place.map.kakao.com/2113253833,서울 금천구 독산로 133,126.90489251474295,37.45916742329171,내과
서울 금천구 시흥동 113-14,HP8,병원,"의료,건강 > 병원 > 한방병원",429,279689331,02-896-0010,리솜한방병원,http://place.map.kakao.com/279689331,서울 금천구 시흥대로79길 15,126.89767605587808,37.458886586589436,한방병원
서울 금천구 시흥동 803-3,HP8,병원,"의료,건강 > 병원 > 피부과",468,27508493,02-6012-4000,연세조은피부과의원,http://place.map.kakao.com/27508493,서울 금천구 독산로 136,126.905232307028,37.4595019717221,피부과
서울 금천구 시흥동 890-6,HP8,병원,"의료,건강 > 병원 > 노인,요양병원",507,13597557,1544-2708,녹십자요양병원,http://place.map.kakao.com/13597557,서울 금천구 시흥대로 202,126.90209203811942,37.45195613472502,"노인,요양병원"
서울 금천구 시흥동 1031,HP8,병원,"의료,건강 > 병원 > 한방병원",514,852652698,02-6359-7554,금천한방병원,http://place.map.kakao.com/852652698,서울 금천구 시흥대로73길 67,126.895729289531,37.4559403769365,한방병원
서울 금천구 시흥동 994-9,HP8,병원,"의료,건강 > 병원 > 내과",314,1251082983,02-6956-2975,연세탑내과의원,http://place.map.kakao.com/1251082983,서울 금천구 시흥대로 225,126.900461031038,37.4537892347123,내과
서울 금천구 시흥동 883-7,HP8,병원,"의료,건강 > 병원 > 피부과",251,16300611,02-893-8546,강피부과의원,http://place.map.kakao.com/16300611,서울 금천구 시흥대로 228,126.901360086802,37.4542332868154,피부과
서울 금천구 시흥동 883-11,HP8,병원,"의료,건강 > 병원 > 안과",290,12016995,02-893-4796,김안과의원,http://place.map.kakao.com/12016995,서울 금천구 시흥대로 224,126.90155946580006,37.45388025603918,안과
서울 금천구 시흥동 856-24,HP8,병원,"의료,건강 > 병원 > 치과",440,27373648,02-895-7522,서울바른마음치과의원,http://place.map.kakao.com/27373648,서울 금천구 독산로 135-1,126.904771160093,37.4594943929268,치과
서울 금천구 시흥동 889-8,HP8,병원,"의료,건강 > 병원 > 정신건강의학과",383,11760040,02-802-3180,나래정신과의원,http://place.map.kakao.com/11760040,서울 금천구 시흥대로 214,126.901673575618,37.4530478151204,정신건강의학과
서울 금천구 시흥동 883-5,HP8,병원,"의료,건강 > 병원 > 내과",231,627819663,02-6933-0003,밝은내일내과의원,http://place.map.kakao.com/627819663,서울 금천구 시흥대로 230,126.90124229906,37.4544205990998,내과
서울 금천구 시흥동 1031,HP8,병원,"의료,건강 > 병원 > 내과",511,1835639239,02-803-0222,금천주내과의원,http://place.map.kakao.com/1835639239,서울 금천구 시흥대로73길 67,126.895763177691,37.4559539220181,내과
서울 금천구 시흥동 999-31,HP8,병원,"의료,건강 > 병원 > 산부인과",198,13505585,02-891-1801,뉴연세여성의원,http://place.map.kakao.com/13505585,서울 금천구 시흥대로 239,126.89997996000773,37.45519080435045,산부인과
서울 금천구 시흥동 883-5,HP8,병원,"의료,건강 > 병원 > 정형외과",232,13274487,02-803-9700,고려고든정형외과의원,http://place.map.kakao.com/13274487,서울 금천구 시흥대로 230,126.901197095484,37.4544169572665,정형외과
서울 금천구 시흥동 883,HP8,병원,"의료,건강 > 병원 > 안과",216,16824757,02-803-8402,임안과의원,http://place.map.kakao.com/16824757,서울 금천구 시흥대로 232,126.90094820261,37.4546041595722,안과
서울 금천구 독산동 1077-31,HP8,병원,"가정,생활 > 반려동물 > 동물병원",267,16959714,02-805-2825,파랑새동물병원,http://place.map.kakao.com/16959714,서울 금천구 시흥대로 276,126.8995530379294,37.45834578758025,동물병원
서울 금천구 독산동 1077-24,HP8,병원,"의료,건강 > 병원 > 정신건강의학과",286,7887306,02-809-5126,백산정신건강의학과의원,http://place.map.kakao.com/7887306,서울 금천구 시흥대로 278,126.89946579388418,37.458505192546426,정신건강의학과
서울 금천구 시흥동 889-8,HP8,병원,"의료,건강 > 병원 > 일반의원",387,11542046,02-803-8051,고은나라의원,http://place.map.kakao.com/11542046,서울 금천구 시흥대로 214,126.90165215160754,37.453009954750016,일반의원
서울 금천구 시흥동 841-5,HP8,병원,"의료,건강 > 병원 > 외과",403,8142010,02-809-6214,한마음외과의원,http://place.map.kakao.com/8142010,서울 금천구 독산로 87,126.905721556926,37.4551306512178,외과
서울 금천구 시흥동 803-3,HP8,병원,"의료,건강 > 병원 > 이비인후과",469,431324484,02-808-8882,맑은이비인후과의원,http://place.map.kakao.com/431324484,서울 금천구 독산로 136,126.905227772245,37.4595127802294,이비인후과
서울 금천구 시흥동 882-47,HP8,병원,"의료,건강 > 병원 > 일반의원",154,9218586,02-892-0642,시흥의원,http://place.map.kakao.com/9218586,서울 금천구 시흥대로 240,126.90069528528932,37.455269795679875,일반의원
서울 금천구 시흥동 890-4,HP8,병원,"의료,건강 > 병원 > 신경외과",506,27432655,02-893-7577,서울강한신경외과의원,http://place.map.kakao.com/27432655,서울 금천구 시흥대로 202,126.9021180179601,37.451966968402054,신경외과
서울 금천구 시흥동 890-10,HP8,병원,"의료,건강 > 병원 > 이비인후과",545,8698516,02-896-2528,김병수이비인후과,http://place.map.kakao.com/8698516,서울 금천구 시흥대로 198,126.902159168854,37.4516102012688,이비인후과
서울 금천구 독산동 441-14,HP8,병원,"의료,건강 > 병원 > 치과",571,2126423351,02-6264-2828,연세고마운치과 금천점,http://place.map.kakao.com/2126423351,서울 금천구 시흥대로 291,126.89657160577941,37.45983078668131,치과
서울 금천구 시흥동 883,HP8,병원,"의료,건강 > 병원 > 비뇨기과",215,8003172,02-809-0805,연세비뇨기과의원,http://place.map.kakao.com/8003172,서울 금천구 시흥대로 232,126.900957244295,37.45460416715,비뇨기과
서울 금천구 시흥동 803-3,HP8,병원,"의료,건강 > 병원 > 안과",465,1144304407,02-809-7172,연세푸른안과의원,http://place.map.kakao.com/1144304407,서울 금천구 독산로 136,126.905191634986,37.4594875229078,안과
서울 금천구 시흥동 889-8,HP8,병원,"의료,건강 > 병원 > 내과",382,9091035,02-892-7576,우리내과의원 시흥구로점,http://place.map.kakao.com/9091035,서울 금천구 시흥대로 214,126.901718773677,37.4530550608192,내과
서울 금천구 시흥동 991,HP8,병원,"의료,건강 > 병원 > 내과",609,1301672025,02-805-8575,참편한내과의원,http://place.map.kakao.com/1301672025,서울 금천구 시흥대로 193,126.901433258561,37.4510104242995,내과
서울 금천구 시흥동 882-54,HP8,병원,"의료,건강 > 병원 > 치과",168,25681773,02-804-2877,상쾌한윤치과의원,http://place.map.kakao.com/25681773,서울 금천구 시흥대로 238,126.900753149183,37.4551013549269,치과
서울 금천구 시흥동 200-2,HP8,병원,"의료,건강 > 병원 > 일반의원",923,17168453,02-802-9311,천주교서울대교구유지재단 전진상의원,http://place.map.kakao.com/17168453,서울 금천구 탑골로3가길 22,126.9106671116516,37.452521555609586,일반의원
서울 금천구 시흥동 883-18,HP8,병원,"의료,건강 > 병원 > 비뇨기과",311,9069172,02-802-5570,배비뇨기과의원,http://place.map.kakao.com/9069172,서울 금천구 시흥대로 222,126.90128392914991,37.453703427693846,비뇨기과
서울 금천구 시흥동 879-101,HP8,병원,"의료,건강 > 병원 > 재활의학과",251,1744688424,02-804-7585,연세현대재활의학과의원,http://place.map.kakao.com/1744688424,서울 금천구 금하로 643,126.9027070112,37.4544506463982,재활의학과
서울 금천구 시흥동 889-8,HP8,병원,"의료,건강 > 병원 > 안과",385,11702785,02-805-2700,굿아이금천이안과의원,http://place.map.kakao.com/11702785,서울 금천구 시흥대로 214,126.901596746491,37.4530297309163,안과
서울 금천구 시흥동 889-8,HP8,병원,"의료,건강 > 병원 > 정형외과",387,13511366,02-892-7575,삼성서울정형외과의원,http://place.map.kakao.com/13511366,서울 금천구 시흥대로 214,126.90167701099715,37.45301357948617,정형외과
서울 금천구 시흥동 802-27,HP8,병원,"의료,건강 > 병원 > 정형외과",506,10206272,02-803-0700,김성진정형외과의원,http://place.map.kakao.com/10206272,서울 금천구 독산로 142,126.905082398839,37.46006408287,정형외과
서울 금천구 시흥동 912-20,HP8,병원,"의료,건강 > 병원 > 내과",977,10187225,02-802-7555,내일내과의원,http://place.map.kakao.com/10187225,서울 금천구 금하로 720,126.909524731397,37.4504519601772,내과
서울 영등포구 영등포동4가 123-2,HP8,병원,"의료,건강 > 병원 > 안과",861,8168680,1577-2639,김안과병원,http://place.map.kakao.com/8168680,서울 영등포구 영신로 136,126.90148187858479,37.519877209464504,안과
서울 영등포구 당산동4가 38-1,HP8,병원,"의료,건강 > 병원 > 이비인후과",224,671911560,02-2671-3650,성모바로이비인후과의원,http://place.map.kakao.com/671911560,서울 영등포구 국회대로 559,126.896845870828,37.5283606909031,이비인후과
서울 영등포구 당산동4가 32-59,HP8,병원,"의료,건강 > 병원 > 안과",358,14666469,02-2677-4428,본안과의원,http://place.map.kakao.com/14666469,서울 영등포구 당산로 166,126.89846608986612,37.529074787024044,안과
서울 영등포구 당산동2가 4-3,HP8,병원,"의료,건강 > 병원 > 내과",587,13501204,02-2628-7000,필립메디컬센터 서울센터,http://place.map.kakao.com/13501204,서울 영등포구 영등포로 124,126.895222302441,37.5211656621236,내과
서울 영등포구 당산동3가 260,HP8,병원,"의료,건강 > 병원 > 내과",158,1397714515,02-6953-2800,조은탑내과의원,http://place.map.kakao.com/1397714515,서울 영등포구 당산로 118,126.897008712907,37.5251190290598,내과
서울 영등포구 영등포동4가 90,HP8,병원,"의료,건강 > 병원 > 종합병원",1081,8103875,1600-8082,CM병원,http://place.map.kakao.com/8103875,서울 영등포구 영등포로36길 13,126.90387571884371,37.51881599859559,종합병원
서울 영등포구 당산동2가 165,HP8,병원,"의료,건강 > 병원 > 내과",428,811989161,02-2634-9980,오케이내과심장혈관흉부외과의원,http://place.map.kakao.com/811989161,서울 영등포구 당산로 83,126.89546240103581,37.522585854642315,내과
서울 영등포구 당산동3가 264,HP8,병원,"의료,건강 > 병원 > 정형외과",156,26341977,02-6426-8275,참본정형외과의원,http://place.map.kakao.com/26341977,서울 영등포구 당산로 118,126.89696344462,37.5251316036025,정형외과
서울 영등포구 영등포동7가 77-5,HP8,병원,"의료,건강 > 병원 > 노인,요양병원",861,9180713,02-2632-8114,신화요양병원,http://place.map.kakao.com/9180713,서울 영등포구 영중로 100,126.90581456290808,37.525113765711836,"노인,요양병원"
서울 영등포구 영등포동7가 94-200,HP8,병원,"의료,건강 > 병원 > 종합병원",1244,8134164,02-2639-5114,한림대학교 한강성심병원,http://place.map.kakao.com/8134164,서울 영등포구 버드나루로7길 12,126.90969151383364,37.5231769362129,종합병원
서울 영등포구 영등포동4가 153-1,HP8,병원,"의료,건강 > 병원 > 재활의학과",860,2059734586,02-2678-8225,서울브레인병원,http://place.map.kakao.com/2059734586,서울 영등포구 영신로34길 5,126.901816471307,37.5200612926424,재활의학과
서울 영등포구 영등포동4가 159,HP8,병원,"의료,건강 > 병원 > 안과",919,1124258765,1577-2639,김안과병원 망막병원,http://place.map.kakao.com/1124258765,서울 영등포구 영등포로34길 10,126.901903216078,37.5194703069102,안과
서울 영등포구 당산동4가 40,HP8,병원,"의료,건강 > 병원 > 통증클리닉",336,9109315,02-2671-8820,서울중앙마취통증의학과의원,http://place.map.kakao.com/9109315,서울 영등포구 당산로 163,126.897822266628,37.529143608861,통증클리닉
서울 영등포구 영등포동8가 50-1,HP8,병원,"의료,건강 > 병원 > 노인,요양병원",862,11638933,02-2069-0000,마리아성모요양병원,http://place.map.kakao.com/11638933,서울 영등포구 영중로 122,126.905916087355,37.5271465067217,"노인,요양병원"
서울 영등포구 문래동6가 2-1,HP8,병원,"의료,건강 > 병원 > 노인,요양병원",1091,2064709397,02-6951-1192,서울삼성요양병원,http://place.map.kakao.com/2064709397,서울 영등포구 선유로 51,126.888710334413,37.518586442141,"노인,요양병원"
서울 양천구 목동 911-1,HP8,병원,"의료,건강 > 병원 > 대학병원",1432,12411112,1666-5000,이대목동병원,http://place.map.kakao.com/12411112,서울 양천구 안양천로 1071,126.886284893452,37.536604160773,대학병원
서울 영등포구 양평동1가 28-3,HP8,병원,"가정,생활 > 반려동물 > 동물병원",634,20248355,02-2676-7582,24시수동물메디컬센터,http://place.map.kakao.com/20248355,서울 영등포구 영등포로 85-1,126.8911923878522,37.52230719236097,동물병원
서울 영등포구 영등포동5가 46-8,HP8,병원,"의료,건강 > 병원 > 피부과",934,8765728,02-2634-0108,계피부과의원,http://place.map.kakao.com/8765728,서울 영등포구 영중로 68,126.90549446462681,37.522381671415516,피부과
서울 영등포구 당산동4가 38-1,HP8,병원,"의료,건강 > 병원 > 정형외과",224,194622918,02-6212-1100,서울본재활의학과의원,http://place.map.kakao.com/194622918,서울 영등포구 국회대로 559,126.896841345539,37.5283606869505,정형외과
서울 영등포구 당산동4가 32-59,HP8,병원,"의료,건강 > 병원 > 정형외과",362,1778454471,02-2676-4428,당산본정형외과의원,http://place.map.kakao.com/1778454471,서울 영등포구 당산로 166,126.89845130191868,37.52913424038914,정형외과
서울 영등포구 영등포동4가 65-1,HP8,병원,"의료,건강 > 병원 > 피부과 > CU클린업 피부과",1100,9481604,02-2634-7588,CU클린업피부과의원 영등포점,http://place.map.kakao.com/9481604,서울 영등포구 영중로 35,126.904862656602,37.5192745071551,CU클린업 피부과
서울 영등포구 영등포동3가 7,HP8,병원,"의료,건강 > 병원 > 한방병원",1171,1030337217,1551-1075,경희우리한방병원,http://place.map.kakao.com/1030337217,서울 영등포구 영중로 28,126.90565708119092,37.51901115053776,한방병원
서울 영등포구 당산동1가 84,HP8,병원,"의료,건강 > 병원 > 정형외과",637,9118625,02-2068-8275,삼성정형외과의원,http://place.map.kakao.com/9118625,서울 영등포구 영등포로 157,126.89909561849184,37.52113930163509,정형외과
서울 영등포구 당산동3가 206,HP8,병원,"의료,건강 > 병원 > 피부과",142,11185150,02-2632-8882,예스의원,http://place.map.kakao.com/11185150,서울 영등포구 당산로 142-1,126.897336039441,37.5273123522793,피부과
서울 영등포구 당산동3가 386-1,HP8,병원,"의료,건강 > 병원 > 정형외과",45,18826746,02-6959-0990,성모진마취통증의학과의원,http://place.map.kakao.com/18826746,서울 영등포구 당산로 133,126.89653137548984,37.52671338499311,정형외과
서울 영등포구 당산동4가 39-5,HP8,병원,"의료,건강 > 병원 > 치과",300,26830634,02-2675-1800,반듯한치과의원,http://place.map.kakao.com/26830634,서울 영등포구 당산로 159,126.897600909399,37.5288623047308,치과
서울 영등포구 당산동3가 386-1,HP8,병원,"의료,건강 > 병원 > 내과",46,1496429623,02-2632-2500,당산성모내과의원,http://place.map.kakao.com/1496429623,서울 영등포구 당산로 133,126.896540420893,37.5267169969172,내과
서울 영등포구 당산동3가 260,HP8,병원,"의료,건강 > 병원 > 비뇨기과",154,1327351092,02-2678-8875,루먼비뇨의학과의원,http://place.map.kakao.com/1327351092,서울 영등포구 당산로 118,126.89698038770709,37.525150539415826,비뇨기과
서울 영등포구 문래동3가 72,HP8,병원,"의료,건강 > 병원 > 정형외과",707,683388092,02-2677-7599,더스타일정형외과의원,http://place.map.kakao.com/683388092,서울 영등포구 당산로 57,126.89498285539153,37.52009415739188,정형외과
서울 영등포구 당산동5가 11-33,HP8,병원,"의료,건강 > 병원 > 정신건강의학과",935,8120374,02-2068-7486,가족사랑서울정신건강의학과의원 당산센터,http://place.map.kakao.com/8120374,서울 영등포구 당산로 222,126.902296949226,37.5332883961099,정신건강의학과
서울 영등포구 당산동3가 260,HP8,병원,"의료,건강 > 병원 > 피부과",159,431998350,02-6953-5730,브라이트피부과의원,http://place.map.kakao.com/431998350,서울 영등포구 당산로 118,126.897018891891,37.5251208399395,피부과
서울 영등포구 문래동3가 72,HP8,병원,"의료,건강 > 병원 > 정신건강의학과",718,1621825675,02-2632-7582,좋은사람정신건강의학과의원,http://place.map.kakao.com/1621825675,서울 영등포구 당산로 57,126.894979594393,37.5199995492125,정신건강의학과
서울 영등포구 문래동3가 77-1,HP8,병원,"의료,건강 > 병원 > 산부인과",934,17348584,02-2630-6600,아란태산부인과소아과의원,http://place.map.kakao.com/17348584,서울 영등포구 선유로 64,126.889781033958,37.5197118975866,산부인과
서울 영등포구 당산동3가 204-2,HP8,병원,"의료,건강 > 병원 > 이비인후과",141,8100070,02-2676-9225,최혜석이비인후과의원,http://place.map.kakao.com/8100070,서울 영등포구 당산로 142-1,126.8972545161639,37.52736273747275,이비인후과
서울 영등포구 당산동4가 92-3,HP8,병원,"의료,건강 > 병원 > 치과",240,8014637,02-2677-2872,연세리더스치과의원,http://place.map.kakao.com/8014637,서울 영등포구 국회대로 553,126.89611248902915,37.528565476374986,치과
서울 영등포구 당산동3가 2-7,HP8,병원,"의료,건강 > 병원 > 재활의학과",521,1926341127,02-2670-0202,근로복지공단 서울의원,http://place.map.kakao.com/1926341127,서울 영등포구 국회대로 612,126.90205331426,37.5257954677748,재활의학과
서울 영등포구 문래동3가 82-25,HP8,병원,"의료,건강 > 병원 > 안과",840,20705358,02-3667-4848,문래성모안과의원,http://place.map.kakao.com/20705358,서울 영등포구 문래로 83,126.89129201311682,37.519915122535785,안과
서울 영등포구 문래동3가 82-29,HP8,병원,"의료,건강 > 병원 > 정형외과",873,10079713,02-3667-3000,우리정형외과의원,http://place.map.kakao.com/10079713,서울 영등포구 선유로 70,126.890142328358,37.5201807555614,정형외과
서울 영등포구 당산동4가 94-1,HP8,병원,"의료,건강 > 병원 > 정형외과",229,17157124,02-2671-7582,삼성의원,http://place.map.kakao.com/17157124,서울 영등포구 당산로36길 12,126.89774001896943,37.52806594002641,정형외과
서울 영등포구 당산동1가 40-18,HP8,병원,"가정,생활 > 반려동물 > 동물병원",538,23120139,02-2633-9991,영등포종합동물병원,http://place.map.kakao.com/23120139,서울 영등포구 영등포로 131-2,126.896253435405,37.5215522014229,동물병원
서울 영등포구 당산동4가 80,HP8,병원,"의료,건강 > 병원 > 내과",519,380990131,02-6951-2777,언제든내과의원,http://place.map.kakao.com/380990131,서울 영등포구 당산로41길 11,126.89809035832742,37.53083231668566,내과
서울 영등포구 영등포동4가 425-2,HP8,병원,"의료,건강 > 병원 > 정형외과",1398,1563688382,1544-1180,신세계서울병원,http://place.map.kakao.com/1563688382,서울 영등포구 경인로 841,126.90604366289392,37.5165300961743,정형외과
서울 영등포구 영등포동6가 8-1,HP8,병원,"의료,건강 > 병원 > 내과",903,675757152,02-2634-0772,새로운내과의원,http://place.map.kakao.com/675757152,서울 영등포구 영중로 61,126.90471453188442,37.52189540446065,내과
서울 영등포구 당산동5가 32-2,HP8,병원,"의료,건강 > 병원 > 정형외과",954,26911482,02-2039-9111,박상준의원,http://place.map.kakao.com/26911482,서울 영등포구 양평로 53,126.900417459741,37.5343175709114,정형외과
서울 영등포구 당산동3가 206,HP8,병원,"의료,건강 > 병원 > 정신건강의학과",140,75996714,02-3667-1338,연세 봄날 정신건강의학과의원,http://place.map.kakao.com/75996714,서울 영등포구 당산로 142-1,126.897308888083,37.5273123286741,정신건강의학과
서울 영등포구 여의도동 62,HP8,병원,"의료,건강 > 병원 > 대학병원",699,11963714,1661-7575,가톨릭대학교 여의도성모병원,http://place.map.kakao.com/11963714,서울 영등포구 63로 10,126.936812694735,37.51832644177245,대학병원
서울 동작구 노량진동 311-8,HP8,병원,"의료,건강 > 병원 > 산부인과",600,16418633,02-815-3788,청화병원,http://place.map.kakao.com/16418633,서울 동작구 장승배기로 108,126.94020392111568,37.50702060635927,산부인과
서울 동작구 노량진동 54-11,HP8,병원,"의료,건강 > 병원 > 내과",93,428233275,02-826-7575,기쁨준내과의원,http://place.map.kakao.com/428233275,서울 동작구 장승배기로 168,126.940522956709,37.5126051933092,내과
서울 동작구 노량진동 42-11,HP8,병원,"의료,건강 > 병원 > 내과",101,1598161845,02-6959-4690,블리스내과의원,http://place.map.kakao.com/1598161845,서울 동작구 노량진로 116,126.93885415539,37.5131557556757,내과
서울 동작구 노량진동 117-12,HP8,병원,"의료,건강 > 병원 > 이비인후과",445,7853463,02-815-9575,드림이비인후과의원,http://place.map.kakao.com/7853463,서울 동작구 만양로 112,126.944395238416,37.5133567150187,이비인후과
서울 동작구 노량진동 54-11,HP8,병원,"의료,건강 > 병원 > 정형외과",96,8119235,02-824-7582,푸른정형외과의원,http://place.map.kakao.com/8119235,서울 동작구 장승배기로 168,126.94055348959306,37.512613317709324,정형외과
서울 동작구 노량진동 246-1,HP8,병원,"가정,생활 > 반려동물 > 동물병원",88,8328797,02-816-7582,디아크동물종합병원,http://place.map.kakao.com/8328797,서울 동작구 장승배기로27길 18,126.939062341106,37.5116854245892,동물병원
서울 동작구 노량진동 70-15,HP8,병원,"의료,건강 > 병원 > 이비인후과",311,7879422,02-815-8232,박이비인후과의원,http://place.map.kakao.com/7879422,서울 동작구 노량진로 152,126.94278111117507,37.51342351942809,이비인후과
서울 동작구 노량진동 31-15,HP8,병원,"의료,건강 > 병원 > 일반의원",266,13510959,02-815-4709,경성의원,http://place.map.kakao.com/13510959,서울 동작구 노량진로8길 3,126.936572903473,37.5129599358669,일반의원
서울 동작구 노량진동 62-11,HP8,병원,"의료,건강 > 병원 > 이비인후과",144,281426335,02-814-9802,온힐가정의학과의원,http://place.map.kakao.com/281426335,서울 동작구 노량진로 132,126.940624166282,37.51334767153,이비인후과
서울 동작구 노량진동 67-10,HP8,병원,"의료,건강 > 병원 > 안과",369,8810626,02-826-0606,김안과의원,http://place.map.kakao.com/8810626,서울 동작구 노량진로 155,126.943209411649,37.5139327933433,안과
서울 동작구 노량진동 62-11,HP8,병원,"의료,건강 > 병원 > 정형외과",144,668412618,02-6952-6075,노량진아산마취통증의학과의원,http://place.map.kakao.com/668412618,서울 동작구 노량진로 132,126.940624166282,37.51334767153,정형외과
서울 동작구 상도동 32-10,HP8,병원,"의료,건강 > 병원 > 정형외과",1013,1639085449,02-3280-7522,상도바른정형외과의원,http://place.map.kakao.com/1639085449,서울 동작구 상도로 246,126.945727131471,37.5047293140972,정형외과
서울 영등포구 신길동 451-2,HP8,병원,"의료,건강 > 병원 > 종합병원",1515,7943622,1811-8114,성애병원 본관,http://place.map.kakao.com/7943622,서울 영등포구 여의대방로53길 22,126.92236281559553,37.51204684258593,종합병원
서울 동작구 상도동 363-142,HP8,병원,"의료,건강 > 병원 > 치과",813,1645567180,02-6674-2828,상도열린치과의원,http://place.map.kakao.com/1645567180,서울 동작구 상도로15길 143,126.938818885379,37.5050935482908,치과
서울 동작구 상도1동 593-1,HP8,병원,"의료,건강 > 병원 > 피부과",1290,9405239,02-824-7500,이화사랑피부과,http://place.map.kakao.com/9405239,서울 동작구 양녕로38길 2,126.95066707541045,37.50491438450353,피부과
서울 동작구 노량진동 330,HP8,병원,"의료,건강 > 병원 > 정형외과",477,1370618415,02-822-7582,노량진튼튼의원,http://place.map.kakao.com/1370618415,서울 동작구 만양로 84,126.94463785252638,37.511068278444085,정형외과
서울 동작구 상도1동 614-1,HP8,병원,"의료,건강 > 병원 > 정형외과",1209,21423223,02-810-7900,정동병원,http://place.map.kakao.com/21423223,서울 동작구 양녕로 283,126.949459186797,37.5049327949948,정형외과
서울 영등포구 여의도동 62,HP8,병원,"의료,건강 > 병원 > 안과",692,928936705,1661-7575,가톨릭대학교 여의도성모병원 안과,http://place.map.kakao.com/928936705,서울 영등포구 63로 10,126.936523245968,37.5181713140213,안과
서울 동작구 노량진동 57-1,HP8,병원,"의료,건강 > 병원 > 정신건강의학과",200,1986514735,02-817-8275,나루정신건강의학과의원,http://place.map.kakao.com/1986514735,서울 동작구 노량진로 140,126.94168095579738,37.51290490407156,정신건강의학과
서울 동작구 상도동 365-4,HP8,병원,"의료,건강 > 병원 > 항문외과",874,8731502,02-823-7175,서울치항외과의원,http://place.map.kakao.com/8731502,서울 동작구 등용로 2,126.937882828433,37.5046245370469,항문외과
서울 동작구 노량진동 229-135,HP8,병원,"의료,건강 > 병원 > 내과",451,10069428,02-813-6611,이용국내과의원,http://place.map.kakao.com/10069428,서울 동작구 장승배기로20길 4,126.94048557136408,37.508406494009776,내과
서울 영등포구 여의도동 45-3,HP8,병원,"의료,건강 > 병원 > 피부과",1255,25550896,02-6952-7749,아비쥬의원 여의도,http://place.map.kakao.com/25550896,서울 영등포구 국제금융로8길 27-8,126.92840360496368,37.51946141264329,피부과
서울 동작구 상도동 368-14,HP8,병원,"의료,건강 > 병원 > 이비인후과",893,10659815,02-812-7949,연세이비인후과의원,http://place.map.kakao.com/10659815,서울 동작구 상도로 178,126.9387233425888,37.50437179354877,이비인후과
서울 동작구 상도동 32-10,HP8,병원,"의료,건강 > 병원 > 내과",1013,1211586863,02-2088-7586,미래탑내과의원,http://place.map.kakao.com/1211586863,서울 동작구 상도로 246,126.945745216511,37.5047437384896,내과
서울 동작구 노량진동 310-64,HP8,병원,"의료,건강 > 병원 > 산부인과",677,42630761,02-2088-1771,색다른의원,http://place.map.kakao.com/42630761,서울 동작구 장승배기로 98,126.93995906674832,37.506305084205465,산부인과
서울 동작구 상도동 365-7,HP8,병원,"의료,건강 > 병원 > 치과",889,16503259,02-816-2800,연세좋은치과의원,http://place.map.kakao.com/16503259,서울 동작구 상도로15길 120,126.93734453413263,37.50457019244278,치과
서울 동작구 상도동 365-2,HP8,병원,"의료,건강 > 병원 > 피부과",906,1691143868,02-826-2080,프라임의원,http://place.map.kakao.com/1691143868,서울 동작구 상도로 174,126.93840787908877,37.504280627948674,피부과
서울 영등포구 여의도동 44-31,HP8,병원,"의료,건강 > 병원 > 피부과",1164,240190545,02-6956-0508,밴스의원 여의도,http://place.map.kakao.com/240190545,서울 영등포구 여의대방로67길 11,126.93018264206526,37.519809363783345,피부과
서울 동작구 노량진동 31-15,HP8,병원,"의료,건강 > 병원 > 치과",272,7889478,02-817-2275,미소담치과,http://place.map.kakao.com/7889478,서울 동작구 노량진로8길 3,126.936486971095,37.5129238495318,치과
서울 동작구 상도동 19-17,HP8,병원,"의료,건강 > 병원 > 치과",957,1227112670,02-815-2875,연세제이치과의원,http://place.map.kakao.com/1227112670,서울 동작구 만양로 17,126.947155573872,37.5062905027252,치과
서울 동작구 노량진동 197,HP8,병원,"의료,건강 > 병원 > 일반의원",773,1736342113,02-3280-5567,사랑미소의원,http://place.map.kakao.com/1736342113,서울 동작구 노량진로 202,126.948233440895,37.5127944309823,일반의원
서울 동작구 상도동 365-11,HP8,병원,"의료,건강 > 병원 > 이비인후과",912,14579388,02-822-3375,늘건강내과이비인후과의원,http://place.map.kakao.com/14579388,서울 동작구 상도로 174,126.93834910917,37.5042319430031,이비인후과
서울 동작구 상도동 368-14,HP8,병원,"의료,건강 > 병원 > 안과",891,8094978,02-812-9871,최안과의원,http://place.map.kakao.com/8094978,서울 동작구 상도로 178,126.93872898340611,37.50438891557581,안과
서울 동작구 노량진동 119-75,HP8,병원,"의료,건강 > 병원 > 치과",435,8166657,02-823-2875,황산치과,http://place.map.kakao.com/8166657,서울 동작구 만양로 89,126.944251929642,37.5113780424135,치과
서울 동작구 상도동 368-50,HP8,병원,"의료,건강 > 병원 > 안과",886,9110886,02-814-1122,서울안과의원,http://place.map.kakao.com/9110886,서울 동작구 장승배기로 76,126.93941093223981,37.504415396477235,안과
서울 동작구 노량진동 119-89,HP8,병원,"의료,건강 > 병원 > 일반의원",438,16499452,02-814-7559,광보의원,http://place.map.kakao.com/16499452,서울 동작구 만양로 87-1,126.94427572961382,37.51131408233992,일반의원
서울 동작구 상도동 22-108,HP8,병원,"의료,건강 > 병원 > 이비인후과",992,1507963774,02-6929-4565,나눔과더함이비인후과소아청소년과의원,http://place.map.kakao.com/1507963774,서울 동작구 만양로 5-1,126.94628317475873,37.505277379454995,이비인후과
서울 동작구 상도동 366-5,HP8,병원,"의료,건강 > 병원 > 정형외과",912,27229458,02-826-7598,서울척척마취통증의학과의원,http://place.map.kakao.com/27229458,서울 동작구 상도로 169,126.93755735656333,37.50432883571108,정형외과
서울 동작구 노량진동 72-57,HP8,병원,"의료,건강 > 병원 > 정신건강의학과",298,406818190,02-6954-2375,노량진성모정신건강의학과의원,http://place.map.kakao.com/406818190,서울 동작구 노량진로 150,126.942596718023,37.5134549650986,정신건강의학과
서울 영등포구 여의도동 44-24,HP8,병원,"의료,건강 > 병원 > 내과",1238,870229316,02-780-9346,여의도내과의원,http://place.map.kakao.com/870229316,서울 영등포구 여의대방로65길 20,126.929508065468,37.5202180184219,내과
서울 동작구 상도동 27-12,HP8,병원,"가정,생활 > 반려동물 > 동물병원",864,12142891,02-3280-8275,유케어종합동물병원,http://place.map.kakao.com/12142891,서울 동작구 상도로 214,126.9424460087754,37.50497193346081,동물병원
서울 동작구 노량진동 330,HP8,병원,"의료,건강 > 병원 > 내과",514,13502259,02-812-8221,김영내과의원,http://place.map.kakao.com/13502259,서울 동작구 만양로 84,126.94503042377582,37.51094232117963,내과
서울 동작구 노량진동 72-57,HP8,병원,"의료,건강 > 병원 > 치과",298,9409489,02-814-0858,연세제일치과의원,http://place.map.kakao.com/9409489,서울 동작구 노량진로 150,126.942603505994,37.5134531663893,치과
서울 동작구 노량진동 73-3,HP8,병원,"의료,건강 > 병원 > 치과",320,9615747,02-823-2080,e해박난치과,http://place.map.kakao.com/9615747,서울 동작구 노량진로 152-1,126.94287950435513,37.51343978512201,치과
서울 관악구 봉천동 863-1,HP8,병원,"의료,건강 > 병원 > 이비인후과",194,1398814753,02-883-7728,관악연세이비인후과의원,http://place.map.kakao.com/1398814753,서울 관악구 관악로 165,126.95210797089885,37.48005889205825,이비인후과
서울 관악구 봉천동 869-12,HP8,병원,"의료,건강 > 병원 > 한방병원",292,1780635086,02-553-7000,미올한방병원 강남본점,http://place.map.kakao.com/1780635086,서울 관악구 남부순환로 1814,126.9515657848,37.4810362658299,한방병원
서울 관악구 봉천동 1600-1,HP8,병원,"의료,건강 > 병원 > 산부인과",329,16771343,02-885-7900,가연관악산부인과의원,http://place.map.kakao.com/16771343,서울 관악구 남부순환로 1838,126.95403763263981,37.480491241800266,산부인과
서울 관악구 봉천동 857-1,HP8,병원,"의료,건강 > 병원 > 정형외과",297,513153175,02-885-8275,바른삼성정형외과의원,http://place.map.kakao.com/513153175,서울 관악구 남부순환로 1830,126.95308552174906,37.48072152588924,정형외과
서울 관악구 봉천동 852-2,HP8,병원,"의료,건강 > 병원 > 이비인후과",406,10148107,02-872-6162,관악이비인후과,http://place.map.kakao.com/10148107,서울 관악구 봉천로 488,126.953925105016,37.4814651886564,이비인후과
서울 관악구 봉천동 859-17,HP8,병원,"의료,건강 > 병원 > 안과",485,1597841406,02-587-7777,에스앤유청안과의원,http://place.map.kakao.com/1597841406,서울 관악구 관악로 195,126.95309906794456,37.48256409437246,안과
서울 관악구 봉천동 1685-15,HP8,병원,"의료,건강 > 병원 > 정형외과",904,24945082,1644-4630,연세건우병원,http://place.map.kakao.com/24945082,서울 관악구 남부순환로 1909,126.96161727764556,37.47810717371218,정형외과
서울 관악구 봉천동 863-1,HP8,병원,"의료,건강 > 병원 > 내과",194,779450972,02-871-5600,서울W내과의원 서울점,http://place.map.kakao.com/779450972,서울 관악구 관악로 165,126.95209666322106,37.4800615905016,내과
서울 관악구 봉천동 853-4,HP8,병원,"의료,건강 > 병원 > 정형외과",317,1724480673,02-875-7590,반듯한정형외과의원 서울대입구점,http://place.map.kakao.com/1724480673,서울 관악구 남부순환로 1832,126.953500457777,37.4807153828607,정형외과
서울 관악구 봉천동 869-12,HP8,병원,"의료,건강 > 병원 > 외과",293,24575972,02-6959-1550,참하지외과의원,http://place.map.kakao.com/24575972,서울 관악구 남부순환로 1814,126.95157030607649,37.48103806970113,외과
서울 관악구 봉천동 858-12,HP8,병원,"의료,건강 > 병원 > 이비인후과",393,1040499115,02-883-7570,관악성모이비인후과의원,http://place.map.kakao.com/1040499115,서울 관악구 관악로 186,126.95324889534007,37.48162710462341,이비인후과
서울 관악구 봉천동 856-5,HP8,병원,"의료,건강 > 병원 > 피부과",194,403498925,02-876-2010,닥터에버스의원 서울대입구점,http://place.map.kakao.com/403498925,서울 관악구 관악로 164,126.95285437942854,37.47971590777008,피부과
서울 관악구 봉천동 1612-1,HP8,병원,"의료,건강 > 병원 > 안과",402,8472553,02-882-8411,유안과의원,http://place.map.kakao.com/8472553,서울 관악구 봉천로 520,126.955748836203,37.4794692497261,안과
서울 관악구 봉천동 1601-7,HP8,병원,"의료,건강 > 병원 > 치과",357,7880280,02-887-4453,박경준치과의원,http://place.map.kakao.com/7880280,서울 관악구 남부순환로 1844,126.954708226871,37.4802473273073,치과
서울 관악구 봉천동 857-1,HP8,병원,"의료,건강 > 병원 > 치과",313,838845984,02-884-2080,서울리멤버치과의원,http://place.map.kakao.com/838845984,서울 관악구 남부순환로 1830,126.95317928608716,37.48084319929536,치과
서울 관악구 봉천동 858-7,HP8,병원,"의료,건강 > 병원 > 비뇨기과",375,8684230,02-878-1569,김성무비뇨기과의원,http://place.map.kakao.com/8684230,서울 관악구 남부순환로 1827,126.95334626749334,37.48140369291113,비뇨기과
서울 관악구 봉천동 858-9,HP8,병원,"의료,건강 > 병원 > 치과",381,592441944,02-888-0053,서울리뉴치과의원,http://place.map.kakao.com/592441944,서울 관악구 관악로 184,126.95322861384065,37.48151537149737,치과
서울 관악구 봉천동 870-12,HP8,병원,"의료,건강 > 병원 > 피부과",377,2060686022,02-882-0234,구앤장마취통증의학과피부과의원,http://place.map.kakao.com/2060686022,서울 관악구 남부순환로 1805,126.950845100513,37.4817774985143,피부과
서울 관악구 봉천동 856-5,HP8,병원,"의료,건강 > 병원 > 피부과",197,565156227,02-875-9930,예쁨주의쁨의원 서울대입구점,http://place.map.kakao.com/565156227,서울 관악구 관악로 164,126.952876979348,37.4797348379777,피부과
서울 관악구 봉천동 853-4,HP8,병원,"의료,건강 > 병원 > 비뇨기과",314,1170316483,02-875-8275,서울비뇨기과의원 관악점,http://place.map.kakao.com/1170316483,서울 관악구 남부순환로 1832,126.9534982116422,37.4806910547337,비뇨기과
서울 관악구 봉천동 856-1,HP8,병원,"의료,건강 > 병원 > 산부인과",245,1194051806,02-882-5001,유테라산부인과의원,http://place.map.kakao.com/1194051806,서울 관악구 관악로 168,126.95297843325051,37.480212413223725,산부인과
서울 관악구 봉천동 858-6,HP8,병원,"의료,건강 > 병원 > 피부과",394,1506408800,02-883-7703,휴먼피부과의원 서울대,http://place.map.kakao.com/1506408800,서울 관악구 관악로 186,126.95322966471034,37.481643315171986,피부과
서울 관악구 봉천동 859-7,HP8,병원,"의료,건강 > 병원 > 안과",582,13509407,02-886-3800,연세안과의원,http://place.map.kakao.com/13509407,서울 관악구 관악로 203,126.95377925943657,37.48329417943364,안과
서울 관악구 봉천동 857-1,HP8,병원,"의료,건강 > 병원 > 내과",306,1125566121,02-878-7555,서울대입구더원내과의원,http://place.map.kakao.com/1125566121,서울 관악구 남부순환로 1830,126.953172544053,37.4807765219589,내과
서울 관악구 봉천동 852-2,HP8,병원,"의료,건강 > 병원 > 안과",412,16762441,02-888-8777,성모안과의원,http://place.map.kakao.com/16762441,서울 관악구 봉천로 488,126.953938641441,37.4815156504316,안과
서울 관악구 봉천동 852-2,HP8,병원,"의료,건강 > 병원 > 내과",407,908003226,02-3285-5526,관악정내과의원,http://place.map.kakao.com/908003226,서울 관악구 봉천로 488,126.953905877341,37.4814768942723,내과
서울 관악구 봉천동 851-6,HP8,병원,"의료,건강 > 병원 > 이비인후과",533,1329779214,02-883-7592,관악서울이비인후과의원,http://place.map.kakao.com/1329779214,서울 관악구 관악로 200,126.954148227647,37.4826753302543,이비인후과
서울 관악구 봉천동 862-18,HP8,병원,"의료,건강 > 병원 > 성형외과",292,8512832,02-874-7900,제운성형외과,http://place.map.kakao.com/8512832,서울 관악구 남부순환로 1820,126.952125476389,37.4809743243192,성형외과
서울 관악구 봉천동 857-1,HP8,병원,"의료,건강 > 병원 > 피부과",305,1315178148,02-883-4406,연세미라클의원,http://place.map.kakao.com/1315178148,서울 관악구 남부순환로 1830,126.953171420756,37.4807648084043,피부과
서울 관악구 봉천동 863-1,HP8,병원,"의료,건강 > 병원 > 피부과",193,1529387677,02-871-1158,서울미의원,http://place.map.kakao.com/1529387677,서울 관악구 관악로 165,126.95217356379838,37.48003008632863,피부과
서울 관악구 봉천동 851-25,HP8,병원,"의료,건강 > 병원 > 내과",477,10497712,02-478-0035,충민내과의원,http://place.map.kakao.com/10497712,서울 관악구 관악로 194,126.95373465702204,37.48228323024468,내과
서울 관악구 봉천동 863-1,HP8,병원,"의료,건강 > 병원 > 비뇨기과",194,8431629,02-871-7520,서울S비뇨기과의원,http://place.map.kakao.com/8431629,서울 관악구 관악로 165,126.95210684260384,37.48005528756453,비뇨기과
서울 관악구 신림동 산 56-1,HP8,병원,"의료,건강 > 병원 > 치과",1069,26518818,02-6256-3900,서울대학교 관악캠퍼스 관악서울대학교치과병원,http://place.map.kakao.com/26518818,서울 관악구 관악로 1,126.95301380971779,37.46885339497586,치과
서울 관악구 봉천동 851-6,HP8,병원,"의료,건강 > 병원 > 치과",533,8434137,02-879-2175,서울키즈플러스치과,http://place.map.kakao.com/8434137,서울 관악구 관악로 200,126.95414822764666,37.482675330254274,치과
서울 관악구 봉천동 42-47,HP8,병원,"의료,건강 > 병원 > 피부과",856,13267702,02-887-8517,김재준피부과의원,http://place.map.kakao.com/13267702,서울 관악구 관악로 231-1,126.955568973449,37.4853653834427,피부과
서울 관악구 봉천동 1673-21,HP8,병원,"가정,생활 > 반려동물 > 동물병원",525,2057014950,02-6956-2475,24시굿케어동물의료센터,http://place.map.kakao.com/2057014950,서울 관악구 남부순환로 1861,126.95704198670327,37.479889597228244,동물병원
서울 관악구 봉천동 869-4,HP8,병원,"의료,건강 > 병원 > 내과",296,12708452,02-871-1936,관악수내과의원,http://place.map.kakao.com/12708452,서울 관악구 남부순환로 1810,126.95114065434261,37.481068527114715,내과
서울 관악구 봉천동 884-44,HP8,병원,"의료,건강 > 병원 > 일반의원",463,2012396155,02-886-5551,라비뉴 여성의원,http://place.map.kakao.com/2012396155,서울 관악구 남부순환로 1785,126.94864140286701,37.4819477528276,일반의원
서울 관악구 봉천동 852-2,HP8,병원,"의료,건강 > 병원 > 피부과",407,1799658120,02-873-7979,톡스앤필의원 서울대입구역점,http://place.map.kakao.com/1799658120,서울 관악구 봉천로 488,126.953905877341,37.4814768942723,피부과
서울 관악구 봉천동 869-12,HP8,병원,"의료,건강 > 병원 > 피부과",294,19702030,02-884-2600,라르떼의원 서울대입구역점,http://place.map.kakao.com/19702030,서울 관악구 남부순환로 1814,126.951578210462,37.4810533900927,피부과
서울 관악구 봉천동 883-14,HP8,병원,"의료,건강 > 병원 > 정형외과",444,8325707,02-875-2233,정구일정형외과의원,http://place.map.kakao.com/8325707,서울 관악구 남부순환로 1782,126.948181566342,37.4814736214159,정형외과
서울 관악구 봉천동 1612-1,HP8,병원,"가정,생활 > 반려동물 > 동물병원",398,1488283964,02-878-9978,봉천현대동물병원,http://place.map.kakao.com/1488283964,서울 관악구 봉천로 520,126.955703619129,37.4794584206725,동물병원
서울 관악구 봉천동 926-33,HP8,병원,"의료,건강 > 병원 > 신경과",892,426107196,070-4148-3663,서울모두신경과의원,http://place.map.kakao.com/426107196,서울 관악구 남부순환로 1733,126.94275943519175,37.4825532305347,신경과
서울 관악구 봉천동 853-4,HP8,병원,"의료,건강 > 병원 > 치과",315,26506036,02-876-3456,관악연세공감치과의원,http://place.map.kakao.com/26506036,서울 관악구 남부순환로 1832,126.953495942057,37.4807045689754,치과
서울 관악구 봉천동 859-7,HP8,병원,"의료,건강 > 병원 > 피부과",584,22297930,02-883-8822,라마르의원 서울대점,http://place.map.kakao.com/22297930,서울 관악구 관악로 203,126.95374305772,37.4833284036001,피부과
서울 강남구 도곡동 952-10,HP8,병원,"의료,건강 > 병원 > 피부과 > CNP차앤박피부과",262,26518825,02-3463-1140,CNP차앤박피부과 도곡양재점,http://place.map.kakao.com/26518825,서울 강남구 강남대로 248,127.0339159018501,37.48571395601224,CNP차앤박피부과
서울 강남구 도곡동 914-2,HP8,병원,"의료,건강 > 병원 > 종합병원",495,17591897,1544-7522,강남베드로병원 신관,http://place.map.kakao.com/17591897,서울 강남구 남부순환로 2633,127.03777922514524,37.485291111955846,종합병원
서울 강남구 도곡동 953-1,HP8,병원,"의료,건강 > 병원 > 피부과 > CNP차앤박피부과",245,27294501,02-3463-2400,CNP차앤박피부과 양재점,http://place.map.kakao.com/27294501,서울 강남구 강남대로 240,127.03443015314183,37.485259699086775,CNP차앤박피부과
서울 서초구 서초동 1364-6,HP8,병원,"의료,건강 > 병원 > 비뇨기과",293,11033236,02-556-7533,골드만비뇨의학과의원 강남점,http://place.map.kakao.com/11033236,서울 서초구 서운로 12,127.02981578304339,37.48503389956633,비뇨기과
서울 서초구 양재동 14-1,HP8,병원,"의료,건강 > 병원 > 치과",360,19706829,02-574-2279,연세굿데이치과의원 양재점,http://place.map.kakao.com/19706829,서울 서초구 강남대로 206,127.03650707110005,37.48266867607469,치과
서울 강남구 도곡동 953,HP8,병원,"의료,건강 > 병원 > 안과",237,1318912856,02-3462-8800,강남현안과의원,http://place.map.kakao.com/1318912856,서울 강남구 강남대로 246,127.03394857090859,37.485447248176094,안과
서울 서초구 서초동 1360-38,HP8,병원,"의료,건강 > 병원 > 외과",282,8630233,02-577-1183,서울하정외과의원,http://place.map.kakao.com/8630233,서울 서초구 강남대로39길 16,127.03213186065949,37.48611810637271,외과
서울 서초구 양재동 20-7,HP8,병원,"의료,건강 > 병원 > 정형외과",678,17550445,1588-0831,참포도나무병원,http://place.map.kakao.com/17550445,서울 서초구 바우뫼로35길 32,127.038697942433,37.4798964753361,정형외과
서울 강남구 도곡동 910-27,HP8,병원,"의료,건강 > 병원 > 외과",653,26613104,1544-7522,강남베드로병원 본관,http://place.map.kakao.com/26613104,서울 강남구 남부순환로 2649,127.03956244184617,37.48556263280421,외과
서울 강남구 도곡동 957-14,HP8,병원,"의료,건강 > 병원 > 피부과",267,14855535,02-571-5657,연세라미슈의원,http://place.map.kakao.com/14855535,서울 강남구 남부순환로 2609,127.03509598049035,37.484961269420516,피부과
서울 강남구 도곡동 942-3,HP8,병원,"의료,건강 > 병원 > 정형외과",708,22106546,02-533-3600,강남제이에스병원,http://place.map.kakao.com/22106546,서울 강남구 도곡로 122,127.03372331742996,37.48992442128445,정형외과
서울 강남구 도곡동 957,HP8,병원,"의료,건강 > 병원 > 내과",272,1343486166,02-529-7111,라이프의원,http://place.map.kakao.com/1343486166,서울 강남구 남부순환로351길 4,127.03496040261876,37.485181155656775,내과
서울 서초구 양재동 13-12,HP8,병원,"의료,건강 > 병원 > 외과",333,1439455432,02-577-5600,강남예스외과의원,http://place.map.kakao.com/1439455432,서울 서초구 강남대로34길 5,127.036268626071,37.4829147248803,외과
서울 강남구 도곡동 953-1,HP8,병원,"의료,건강 > 병원 > 안과",245,8143679,02-3481-9977,강남성모안과의원,http://place.map.kakao.com/8143679,서울 강남구 강남대로 240,127.03443015314183,37.485259699086775,안과
서울 서초구 양재동 13-9,HP8,병원,"의료,건강 > 병원 > 내과",321,16362759,02-556-0365,남재현프렌닥터내과의원,http://place.map.kakao.com/16362759,서울 서초구 남부순환로350길 36,127.03621566915342,37.48329406577115,내과
서울 강남구 역삼동 837,HP8,병원,"의료,건강 > 병원 > 비뇨기과",893,1213037560,02-501-1190,유웰비뇨의학과의원 강남,http://place.map.kakao.com/1213037560,서울 강남구 강남대로 318,127.03117982664986,37.49156945861753,비뇨기과
서울 강남구 도곡동 949,HP8,병원,"의료,건강 > 병원 > 노인,요양병원",493,1616570657,02-573-5737,메디움강남요양병원,http://place.map.kakao.com/1616570657,서울 강남구 강남대로 276,127.032876696322,37.4880433556865,"노인,요양병원"
서울 서초구 서초동 1341-7,HP8,병원,"의료,건강 > 병원 > 내과",617,844104817,0502-5554-0358,푸른내과의원,http://place.map.kakao.com/844104817,서울 서초구 남부순환로347길 101,127.029848906187,37.4887145092943,내과
서울 서초구 서초동 1426-1,HP8,병원,"의료,건강 > 병원 > 종합병원",1289,8211482,02-570-1234,기쁨병원,http://place.map.kakao.com/8211482,서울 서초구 서초중앙로 4,127.0180562492619,37.4827071747687,종합병원
서울 서초구 서초동 1362,HP8,병원,"의료,건강 > 병원 > 신경과",294,602686143,02-2138-2777,삼성스마트신경과의원 서울,http://place.map.kakao.com/602686143,서울 서초구 강남대로39길 5,127.03269952470433,37.48625400285625,신경과
서울 강남구 도곡동 518-10,HP8,병원,"의료,건강 > 병원 > 산부인과",931,22373979,02-1661-9722,도곡함춘산부인과의원,http://place.map.kakao.com/22373979,서울 강남구 논현로 142,127.043027298556,37.4824178031053,산부인과
서울 강남구 도곡동 953-3,HP8,병원,"의료,건강 > 병원 > 정형외과",236,748829421,02-3461-3500,양재본정형외과의원,http://place.map.kakao.com/748829421,서울 강남구 강남대로 242,127.034083087453,37.485372425765,정형외과
서울 서초구 양재동 11-4,HP8,병원,"의료,건강 > 병원 > 내과",291,10567365,02-571-0875,소망내과의원,http://place.map.kakao.com/10567365,서울 서초구 남부순환로350길 11,127.03577292961668,37.48428621108016,내과
서울 강남구 도곡동 953-11,HP8,병원,"의료,건강 > 병원 > 이비인후과",243,1494690096,02-577-1190,귀한성모이비인후과의원,http://place.map.kakao.com/1494690096,서울 강남구 강남대로 238,127.03475678221,37.4849667757347,이비인후과
서울 강남구 도곡동 957-11,HP8,병원,"의료,건강 > 병원 > 이비인후과",339,1303366389,02-575-2033,프레쉬이비인후과 강남본원,http://place.map.kakao.com/1303366389,서울 강남구 남부순환로 2615,127.0358988522444,37.48516285407464,이비인후과
서울 강남구 도곡동 953-11,HP8,병원,"의료,건강 > 병원 > 내과",243,17077273,02-575-5975,양재내과의원,http://place.map.kakao.com/17077273,서울 강남구 강남대로 238,127.03475678220956,37.48496677573471,내과
서울 서초구 양재동 23,HP8,병원,"의료,건강 > 병원 > 피부과",164,280736153,02-574-0901,국홍일국정표피부과의원,http://place.map.kakao.com/280736153,서울 서초구 강남대로 221,127.03442586524,37.4833072149539,피부과
서울 서초구 서초동 1356-3,HP8,병원,"의료,건강 > 병원 > 비뇨기과",502,647362028,02-522-8575,양승학비뇨기과의원,http://place.map.kakao.com/647362028,서울 서초구 서운로 34,127.029126908345,37.4871829760036,비뇨기과
서울 서초구 양재동 2-2,HP8,병원,"의료,건강 > 병원 > 피부과",673,1151498868,02-578-7517,메디셀플러스의원,http://place.map.kakao.com/1151498868,서울 서초구 남부순환로 2646,127.039985053818,37.4850714410119,피부과
서울 서초구 서초동 1757-1,HP8,병원,"의료,건강 > 병원 > 내과",729,1334213332,02-588-2400,필메디스의원,http://place.map.kakao.com/1334213332,서울 서초구 효령로 403,127.02774922247562,37.48891594584737,내과
서울 서초구 양재동 14-1,HP8,병원,"의료,건강 > 병원 > 산부인과",360,1470078887,02-529-0000,강남르시엘여성의원,http://place.map.kakao.com/1470078887,서울 서초구 강남대로 206,127.0365070711,37.4826686760747,산부인과
서울 서초구 양재동 14-1,HP8,병원,"의료,건강 > 병원 > 정형외과",350,645348170,02-2057-0777,양재마디튼튼의원,http://place.map.kakao.com/645348170,서울 서초구 강남대로 206,127.03640081897443,37.48272547240678,정형외과
서울 서초구 양재동 14-1,HP8,병원,"의료,건강 > 병원 > 피부과",360,924818303,0507-871-6234,리마인드피부과의원,http://place.map.kakao.com/924818303,서울 서초구 강남대로 206,127.0365070711,37.4826686760747,피부과
서울 강남구 도곡동 953-3,HP8,병원,"의료,건강 > 병원 > 피부과",235,8336783,02-576-5033,마이디피부과의원 양재점,http://place.map.kakao.com/8336783,서울 강남구 강남대로 242,127.034092127944,37.4853616110569,피부과
서울 서초구 양재동 11-2,HP8,병원,"의료,건강 > 병원 > 정형외과",276,1549039939,02-576-0100,서울준재활의학과의원,http://place.map.kakao.com/1549039939,서울 서초구 남부순환로 2606,127.03556493873924,37.48439259287169,정형외과
서울 강남구 도곡동 953-11,HP8,병원,"의료,건강 > 병원 > 정형외과",243,2011555962,02-574-2600,양재성모정형외과의원,http://place.map.kakao.com/2011555962,서울 강남구 강남대로 238,127.034756781375,37.4849649737255,정형외과
서울 서초구 서초동 1338-21,HP8,병원,"의료,건강 > 병원 > 한방병원",800,61986534,02-584-0010,광덕안정한방병원 강남,http://place.map.kakao.com/61986534,서울 서초구 강남대로 309,127.03054055664451,37.49062266676906,한방병원
서울 강남구 도곡동 957-11,HP8,병원,"의료,건강 > 병원 > 안과",335,15277033,02-557-7080,밝은눈강구봉안과의원,http://place.map.kakao.com/15277033,서울 강남구 남부순환로 2615,127.0359168942607,37.4850610346471,안과
서울 서초구 양재동 12-3,HP8,병원,"의료,건강 > 병원 > 이비인후과",243,7941871,0507-1382-7565,서울이비인후과의원,http://place.map.kakao.com/7941871,서울 서초구 남부순환로350길 4,127.035190660885,37.4843305353577,이비인후과
서울 서초구 양재동 11-17,HP8,병원,"의료,건강 > 병원 > 이비인후과",388,8000729,02-3463-5631,양재서울이비인후과의원,http://place.map.kakao.com/8000729,서울 서초구 남부순환로 2614,127.03687085848203,37.48440570767928,이비인후과
서울 서초구 양재동 24,HP8,병원,"의료,건강 > 병원 > 정형외과",237,27548604,02-529-0710,서초양재 참좋은정형외과의원,http://place.map.kakao.com/27548604,서울 서초구 강남대로 213,127.03512893409203,37.48289704906508,정형외과
서울 강남구 도곡동 953-11,HP8,병원,"의료,건강 > 병원 > 안과",243,11125418,02-3463-7500,양재성모안과의원,http://place.map.kakao.com/11125418,서울 강남구 강남대로 238,127.034838151077,37.4848820569888,안과
서울 강남구 도곡동 953-3,HP8,병원,"의료,건강 > 병원 > 산부인과",227,15275272,02-577-5488,강남미즈힐산부인과의원,http://place.map.kakao.com/15275272,서울 강남구 강남대로 242,127.03402765288818,37.48530306410245,산부인과
서울 서초구 서초동 1757-1,HP8,병원,"의료,건강 > 병원 > 이비인후과",716,92285868,02-6954-7585,강남서울이비인후과의원,http://place.map.kakao.com/92285868,서울 서초구 효령로 403,127.02778535908094,37.488789796261926,이비인후과
서울 강남구 도곡동 952-9,HP8,병원,"의료,건강 > 병원 > 영상의학과",276,2047716482,02-575-7588,퀸스유의원,http://place.map.kakao.com/2047716482,서울 강남구 강남대로 250,127.033893358656,37.4858698369171,영상의학과
서울 강남구 청담동 47-4,HP8,병원,"의료,건강 > 병원 > 신경외과",292,10483637,02-513-8000,우리들병원 청담,http://place.map.kakao.com/10483637,서울 강남구 학동로 445,127.049672525358,37.5190356811145,신경외과
서울 강남구 청담동 15-1,HP8,병원,"의료,건강 > 병원 > 재활의학과",418,26856484,02-2104-2000,청담병원,http://place.map.kakao.com/26856484,서울 강남구 삼성로147길 46,127.04561034247602,37.52072399726559,재활의학과
서울 강남구 청담동 131-17,HP8,병원,"의료,건강 > 병원 > 정형외과",993,26503847,02-501-6868,제일정형외과병원,http://place.map.kakao.com/26503847,서울 강남구 영동대로 726,127.0560642631035,37.5227972098551,정형외과
서울 강남구 삼성동 20-5,HP8,병원,"의료,건강 > 병원 > 정형외과",313,756035840,02-545-7000,청담리온정형외과의원,http://place.map.kakao.com/756035840,서울 강남구 삼성로119길 8,127.05063440841424,37.51624576634405,정형외과
서울 강남구 청담동 46,HP8,병원,"가정,생활 > 반려동물 > 동물병원",291,356547106,02-511-7522,VIP동물의료센터 청담점,http://place.map.kakao.com/356547106,서울 강남구 삼성로133길 7,127.04905967486701,37.51941886357878,동물병원
서울 강남구 청담동 46-16,HP8,병원,"의료,건강 > 병원 > 이비인후과",212,7957603,02-542-5222,소리이비인후과 본원,http://place.map.kakao.com/7957603,서울 강남구 학동로 435,127.048604538976,37.5188054686266,이비인후과
서울 강남구 청담동 31-10,HP8,병원,"의료,건강 > 병원 > 피부과",419,291856368,02-543-3110,엠레드의원,http://place.map.kakao.com/291856368,서울 강남구 삼성로 731,127.048714430226,37.5208020460296,피부과
서울 강남구 논현동 111-13,HP8,병원,"의료,건강 > 병원 > 정형외과",627,24328175,02-540-3200,네온정형외과,http://place.map.kakao.com/24328175,서울 강남구 선릉로131길 8,127.04027408465392,37.51797607592161,정형외과
서울 강남구 청담동 34-6,HP8,병원,"의료,건강 > 병원 > 치과",213,2081752494,02-512-5275,홍기상차일드앤틴치과의원,http://place.map.kakao.com/2081752494,서울 강남구 선릉로132길 69,127.046917001832,37.519098076032,치과
서울 강남구 청담동 4-1,HP8,병원,"의료,건강 > 병원 > 일반의원",759,13513649,02-3015-5000,차움의원,http://place.map.kakao.com/13513649,서울 강남구 도산대로 442,127.04365716902726,37.5233935053193,일반의원
서울 강남구 청담동 76-1,HP8,병원,"의료,건강 > 병원 > 산부인과",375,8582593,02-2156-9200,청담마리산부인과,http://place.map.kakao.com/8582593,서울 강남구 삼성로 712,127.05015033081017,37.51970222147963,산부인과
서울 강남구 청담동 44-15,HP8,병원,"의료,건강 > 병원 > 피부과",214,1870720370,02-6953-7654,스킨메디피부과의원,http://place.map.kakao.com/1870720370,서울 강남구 학동로 413,127.04519250738163,37.518153596093335,피부과
서울 강남구 청담동 71-26,HP8,병원,"의료,건강 > 병원 > 정형외과",873,20553529,1899-7775,튼튼병원 청담본원,http://place.map.kakao.com/20553529,서울 강남구 영동대로 713,127.05573847929794,37.52129449164193,정형외과
서울 강남구 청담동 46-19,HP8,병원,"의료,건강 > 병원 > 피부과",193,16055095,02-545-8889,휴피부과의원,http://place.map.kakao.com/16055095,서울 강남구 학동로 433,127.04831265456849,37.51874341916081,피부과
서울 강남구 청담동 32-5,HP8,병원,"의료,건강 > 병원 > 성형외과",289,398580950,02-514-4255,청담오케이성형외과의원 모발이식클리닉,http://place.map.kakao.com/398580950,서울 강남구 삼성로133길 12,127.048533802208,37.5196200045131,성형외과
서울 강남구 삼성동 9-21,HP8,병원,"의료,건강 > 병원 > 피부과",526,898044905,02-515-1114,원셀의원,http://place.map.kakao.com/898044905,서울 강남구 선릉로 646,127.042706192124,37.5141774913945,피부과
서울 강남구 청담동 44-14,HP8,병원,"의료,건강 > 병원 > 피부과",196,1347311228,02-549-9004,청담포워드피부과의원,http://place.map.kakao.com/1347311228,서울 강남구 학동로 415,127.04548439347778,37.51822646530898,피부과
서울 강남구 청담동 47-1,HP8,병원,"의료,건강 > 병원 > 성형외과",330,929597806,02-3446-7588,청담오케이성형외과의원,http://place.map.kakao.com/929597806,서울 강남구 삼성로 715,127.049405977254,37.519659287043,성형외과
서울 강남구 논현동 94-22,HP8,병원,"의료,건강 > 병원 > 내과",868,943343735,1600-2959,모두가행복한연세병원,http://place.map.kakao.com/943343735,서울 강남구 선릉로 751,127.039247793262,37.521679543895,내과
서울 강남구 청담동 47-2,HP8,병원,"의료,건강 > 병원 > 일반의원",316,13506299,1899-7812,라프린의원,http://place.map.kakao.com/13506299,서울 강남구 삼성로 709,127.04955286841613,37.519411449668155,일반의원
서울 강남구 신사동 665-1,HP8,병원,"의료,건강 > 병원 > 안과",1171,9493762,02-3443-0880,서울밝은세상안과,http://place.map.kakao.com/9493762,서울 강남구 선릉로 823,127.0393426310169,37.525635814105,안과
서울 강남구 논현동 241-16,HP8,병원,"의료,건강 > 병원 > 한방병원",648,26897623,1833-2929,리봄한방병원 강남점,http://place.map.kakao.com/26897623,서울 강남구 학동로50길 7,127.040060506228,37.5162570339698,한방병원
서울 강남구 논현동 278-19,HP8,병원,"의료,건강 > 병원 > 내과",879,15185809,02-545-8114,가슴편한내과의원,http://place.map.kakao.com/15185809,서울 강남구 봉은사로 327,127.04265415229605,37.5101869626133,내과
서울 강남구 논현동 112-21,HP8,병원,"의료,건강 > 병원 > 내과",658,1861861829,02-515-1575,서울프라임하트내과의원,http://place.map.kakao.com/1861861829,서울 강남구 선릉로131길 12,127.03990754474808,37.51789781303897,내과
서울 강남구 논현동 62-9,HP8,병원,"의료,건강 > 병원 > 치과",1312,11737334,02-555-0001,석플란트치과병원,http://place.map.kakao.com/11737334,서울 강남구 도산대로 238,127.033212389547,37.5209407709363,치과
서울 강남구 논현동 98-2,HP8,병원,"의료,건강 > 병원 > 치과",1135,1950571624,070-7174-2848,미니쉬치과병원,http://place.map.kakao.com/1950571624,서울 강남구 언주로 728,127.03489512947,37.5198590822093,치과
서울 강남구 논현동 218-11,HP8,병원,"의료,건강 > 병원 > 내과",1192,1256549496,02-6985-4119,강남지인병원,http://place.map.kakao.com/1256549496,서울 강남구 언주로 631,127.03500720103406,37.512772655834,내과
서울 강남구 역삼동 682-23,HP8,병원,"의료,건강 > 병원 > 정형외과",924,92231701,02-538-0075,KS정형외과의원,http://place.map.kakao.com/92231701,서울 강남구 선릉로 571,127.043952081568,37.509307106339,정형외과
서울 강남구 삼성동 45-12,HP8,병원,"의료,건강 > 병원 > 외과",586,346932672,02-511-5377,유브의원,http://place.map.kakao.com/346932672,서울 강남구 봉은사로 457,127.049500603244,37.5122124526591,외과
서울 강남구 삼성동 37-20,HP8,병원,"의료,건강 > 병원 > 정형외과",783,1955613596,02-511-6002,리우라인의원,http://place.map.kakao.com/1955613596,서울 강남구 선릉로 602,127.04404221321228,37.5106342524428,정형외과
서울 강남구 삼성동 35-8,HP8,병원,"의료,건강 > 병원 > 피부과",705,24709002,1800-7588,청담오라클피부과의원,http://place.map.kakao.com/24709002,서울 강남구 선릉로 612,127.04370906807036,37.51152006347756,피부과
서울 강남구 청담동 78-14,HP8,병원,"의료,건강 > 병원 > 성형외과",1246,652160914,02-544-0601,나나성형외과의원,http://place.map.kakao.com/652160914,서울 강남구 압구정로 406,127.04121923138308,37.527331760864655,성형외과
서울 강남구 청담동 2-10,HP8,병원,"가정,생활 > 반려동물 > 동물병원",865,1217873242,02-512-7566,청담눈초롱안과동물병원,http://place.map.kakao.com/1217873242,서울 강남구 도산대로 412,127.04071455750909,37.52296567916165,동물병원
서울 강남구 논현동 118-6,HP8,병원,"의료,건강 > 병원 > 이비인후과",633,1390778934,0507-1333-3119,청담성모이비인후과의원,http://place.map.kakao.com/1390778934,서울 강남구 학동로53길 3-2,127.040134613789,37.517346322042,이비인후과
서울 강남구 청담동 44-14,HP8,병원,"의료,건강 > 병원 > 피부과",197,254720554,02-3444-9555,이오클리닉,http://place.map.kakao.com/254720554,서울 강남구 학동로 415,127.04548439457156,37.51822826731508,피부과
서울 강남구 청담동 3,HP8,병원,"의료,건강 > 병원 > 피부과",806,66046295,02-542-8885,오가나셀 피부과의원,http://place.map.kakao.com/66046295,서울 강남구 도산대로 420,127.04207441720834,37.523154413096464,피부과
서울 강남구 삼성동 49-7,HP8,병원,"의료,건강 > 병원 > 가정의학과",570,1626831302,0507-1411-5203,다소니의원,http://place.map.kakao.com/1626831302,서울 강남구 봉은사로73길 5,127.050672805998,37.5128093213369,가정의학과
서울 강남구 청담동 43-9,HP8,병원,"의료,건강 > 병원 > 정형외과",237,9118624,02-516-8200,삼성정형외과의원,http://place.map.kakao.com/9118624,서울 강남구 학동로 411,127.04486217398413,37.51810056283027,정형외과
서울 강남구 청담동 85-3,HP8,병원,"의료,건강 > 병원 > 산부인과",1085,185994934,02-555-8278,와이퀸산부인과의원,http://place.map.kakao.com/185994934,서울 강남구 선릉로 820,127.04004712592932,37.525085064993746,산부인과
서울 강남구 논현동 278-22,HP8,병원,"의료,건강 > 병원 > 이비인후과",862,24576296,02-3446-6177,연세봄이비인후과의원,http://place.map.kakao.com/24576296,서울 강남구 봉은사로 331,127.04298896570461,37.51022648543443,이비인후과
서울 강남구 청담동 40-2,HP8,병원,"의료,건강 > 병원 > 성형외과",606,406618456,02-6010-8000,에이징엘성형외과,http://place.map.kakao.com/406618456,서울 강남구 선릉로 720,127.040858361335,37.5190660891635,성형외과
서울 강남구 청담동 44-15,HP8,병원,"의료,건강 > 병원 > 정형외과",216,1069091549,02-3442-0888,연세신명마취통증의학과의원,http://place.map.kakao.com/1069091549,서울 강남구 학동로 413,127.045182340435,37.5181761250649,정형외과
서울 강남구 청담동 47-5,HP8,병원,"의료,건강 > 병원 > 외과",272,433440490,02-540-2646,베스트원의원,http://place.map.kakao.com/433440490,서울 강남구 학동로 443,127.04946094239426,37.51895738262773,외과
서울 강남구 청담동 46-19,HP8,병원,"의료,건강 > 병원 > 안과",195,193195929,02-544-1645,청담한세성모안과,http://place.map.kakao.com/193195929,서울 강남구 학동로 433,127.048314929125,37.5187623392971,안과
서울 강남구 역삼동 680,HP8,병원,"의료,건강 > 병원 > 피부과 > 이지함피부과",1166,8097835,02-596-3600,이지함피부과 청담점,http://place.map.kakao.com/8097835,서울 강남구 봉은사로 302,127.03945591815504,37.50875007083277,이지함피부과
서울 송파구 방이동 65-6,HP8,병원,"의료,건강 > 병원 > 산부인과",188,13693041,02-421-3030,고은빛산부인과의원,http://place.map.kakao.com/13693041,서울 송파구 오금로 95,127.10772631554268,37.5137639725686,산부인과
서울 송파구 방이동 109-3,HP8,병원,"의료,건강 > 병원 > 한방병원",457,520353358,02-1899-8580,포레메디한방병원,http://place.map.kakao.com/520353358,서울 송파구 오금로 129,127.109594134354,37.5116944506977,한방병원
서울 송파구 방이동 65-3,HP8,병원,"의료,건강 > 병원 > 치과",237,1844675440,02-6951-2875,서울디테일구강내과치과의원,http://place.map.kakao.com/1844675440,서울 송파구 오금로 101,127.107938168571,37.5132123649319,치과
서울 송파구 신천동 29,HP8,병원,"의료,건강 > 병원 > 안과",347,685589317,1600-5770,BGN 밝은눈 안과의원 잠실롯데타워점,http://place.map.kakao.com/685589317,서울 송파구 올림픽로 300,127.10271952592768,37.512554780735776,안과
서울 송파구 신천동 7-17,HP8,병원,"의료,건강 > 병원 > 정형외과",564,316220205,1899-5230,미래본병원,http://place.map.kakao.com/316220205,서울 송파구 송파대로 562,127.099503002394,37.5153236152984,정형외과
서울 송파구 풍납동 388-1,HP8,병원,"의료,건강 > 병원 > 종합병원",1494,7935400,02-3010-3114,서울아산병원,http://place.map.kakao.com/7935400,서울 송파구 올림픽로43길 88,127.10761409822122,37.526200614508994,종합병원
서울 송파구 신천동 17-6,HP8,병원,"의료,건강 > 병원 > 정형외과",199,11473783,02-2202-0575,강남삼성정형외과,http://place.map.kakao.com/11473783,서울 송파구 올림픽로 329,127.10666648822207,37.5161598015144,정형외과
서울 송파구 신천동 7-11,HP8,병원,"의료,건강 > 병원 > 비뇨기과",563,1979810129,02-421-7511,골드만비뇨의학과의원 잠실점,http://place.map.kakao.com/1979810129,서울 송파구 올림픽로35길 137,127.09964731425312,37.51581904549647,비뇨기과
서울 송파구 방이동 65-5,HP8,병원,"의료,건강 > 병원 > 이비인후과",174,13514059,02-420-8264,송파서울이비인후과의원,http://place.map.kakao.com/13514059,서울 송파구 오금로 91,127.10768598424454,37.514034310420406,이비인후과
서울 송파구 방이동 35-9,HP8,병원,"의료,건강 > 병원 > 내과",455,228345423,,서울아산류마내과의원,http://place.map.kakao.com/228345423,서울 송파구 올림픽로 362,127.110381477067,37.5163816389869,내과
서울 송파구 방이동 22,HP8,병원,"의료,건강 > 병원 > 피부과",166,327449470,02-425-2411,아름다움을써내려가다에피소드의원,http://place.map.kakao.com/327449470,서울 송파구 올림픽로 336,127.10734967808922,37.51535728962831,피부과
서울 송파구 방이동 108-7,HP8,병원,"가정,생활 > 반려동물 > 동물병원",652,1941364028,02-2088-7775,24시샤인동물메디컬센터,http://place.map.kakao.com/1941364028,서울 송파구 오금로 147,127.11156204339014,37.51082944664562,동물병원
서울 송파구 신천동 7-20,HP8,병원,"의료,건강 > 병원 > 피부과",255,1923579913,02-425-2010,닥터에버스의원 잠실점,http://place.map.kakao.com/1923579913,서울 송파구 올림픽로35다길 42,127.103069349741,37.5152538828512,피부과
서울 송파구 송파동 135-3,HP8,병원,"의료,건강 > 병원 > 정형외과",784,1552080804,1522-7113,서재곤링커병원,http://place.map.kakao.com/1552080804,서울 송파구 백제고분로 436,127.111981840103,37.5094315920111,정형외과
서울 송파구 송파동 20-8,HP8,병원,"의료,건강 > 병원 > 정형외과",847,12133727,1899-2225,힘찬병원 강남점,http://place.map.kakao.com/12133727,서울 송파구 백제고분로 407,127.10987766977453,37.50758831106188,정형외과
서울 송파구 신천동 7-30,HP8,병원,"의료,건강 > 병원 > 이비인후과",612,1271086474,02-415-9430,서울드림이비인후과의원,http://place.map.kakao.com/1271086474,서울 송파구 송파대로 570,127.099060197777,37.5157753901965,이비인후과
서울 송파구 신천동 7-19,HP8,병원,"의료,건강 > 병원 > 피부과",290,489651600,1833-2787,블리비의원 잠실점,http://place.map.kakao.com/489651600,서울 송파구 올림픽로 289,127.10251309133913,37.51461375346742,피부과
서울 송파구 방이동 149-8,HP8,병원,"의료,건강 > 병원 > 치과",788,1539954009,02-417-0101,서울0.1치과의원,http://place.map.kakao.com/1539954009,서울 송파구 백제고분로 488,127.11467696431379,37.51377634996784,치과
서울 송파구 신천동 7-17,HP8,병원,"의료,건강 > 병원 > 피부과",564,807262888,02-6956-0474,밴스의원 잠실,http://place.map.kakao.com/807262888,서울 송파구 송파대로 562,127.09950300239298,37.51532361529149,피부과
서울 송파구 방이동 23-2,HP8,병원,"의료,건강 > 병원 > 치과",248,10503470,02-2203-7528,서울수치과의원,http://place.map.kakao.com/10503470,서울 송파구 올림픽로 342,127.108240243741,37.5156123618352,치과
서울 송파구 신천동 7-18,HP8,병원,"의료,건강 > 병원 > 산부인과",406,1897874230,02-3457-9500,차 여성의학연구소 잠실,http://place.map.kakao.com/1897874230,서울 송파구 올림픽로 269,127.10121182614273,37.514257177252965,산부인과
서울 송파구 신천동 7-20,HP8,병원,"의료,건강 > 병원 > 산부인과",262,7469639,02-6012-2220,미래연여성의원,http://place.map.kakao.com/7469639,서울 송파구 올림픽로35다길 42,127.10306847139643,37.515437688304075,산부인과
서울 송파구 신천동 7-17,HP8,병원,"의료,건강 > 병원 > 이비인후과",560,21605158,02-416-5255,잠실하나이비인후과의원,http://place.map.kakao.com/21605158,서울 송파구 송파대로 562,127.09954484806042,37.51531907502229,이비인후과
서울 송파구 방이동 22-3,HP8,병원,"의료,건강 > 병원 > 피부과",143,757646871,02-6956-0120,잠실애슬리의원,http://place.map.kakao.com/757646871,서울 송파구 오금로 81,127.1072531416904,37.51508437330682,피부과
서울 송파구 방이동 51-1,HP8,병원,"의료,건강 > 병원 > 일반의원",805,9860345,02-3447-7500,포웰의원,http://place.map.kakao.com/9860345,서울 송파구 백제고분로 503,127.11484338602781,37.515350241262674,일반의원
서울 송파구 방이동 43-8,HP8,병원,"의료,건강 > 병원 > 가정의학과",491,1338465929,02-424-7533,열린가정의학과의원,http://place.map.kakao.com/1338465929,서울 송파구 오금로11길 37,127.111185673299,37.5155880018627,가정의학과
서울 송파구 신천동 7-18,HP8,병원,"의료,건강 > 병원 > 비뇨기과",480,10390463,02-416-4747,베스탑비뇨기과의원 잠실점,http://place.map.kakao.com/10390463,서울 송파구 올림픽로 269,127.10037545668929,37.514744432879944,비뇨기과
서울 송파구 신천동 7-25,HP8,병원,"의료,건강 > 병원 > 안과",541,7970795,02-6949-1111,잠실SU연세안과의원,http://place.map.kakao.com/7970795,서울 송파구 송파대로 558,127.09971991118,37.5151225086039,안과
서울 송파구 석촌동 174-10,HP8,병원,"의료,건강 > 병원 > 신경과",986,1295018721,02-422-1145,에이스신경과의원,http://place.map.kakao.com/1295018721,서울 송파구 송파대로 437,127.106334821437,37.5056237591542,신경과
서울 송파구 신천동 7-19,HP8,병원,"의료,건강 > 병원 > 내과",288,807770435,02-6475-1234,연세굿샘내과의원,http://place.map.kakao.com/807770435,서울 송파구 올림픽로 289,127.10253565200257,37.51456868370905,내과
서울 송파구 신천동 7-25,HP8,병원,"의료,건강 > 병원 > 정형외과",555,257550076,02-6412-8882,잠실퍼스트정형외과의원,http://place.map.kakao.com/257550076,서울 송파구 송파대로 558,127.09954435141039,37.5149451589993,정형외과
서울 송파구 신천동 7-29,HP8,병원,"의료,건강 > 병원 > 피부과",466,8529860,02-2152-7582,잠실고운세상피부과의원,http://place.map.kakao.com/8529860,서울 송파구 올림픽로35길 123,127.1012206395185,37.516595273530484,피부과
서울 송파구 방이동 65,HP8,병원,"의료,건강 > 병원 > 피부과",171,2007462589,02-424-4242,예안피부과의원,http://place.map.kakao.com/2007462589,서울 송파구 오금로 91,127.107654339162,37.5140523593378,피부과
서울 송파구 신천동 29,HP8,병원,"의료,건강 > 병원 > 피부과",359,1038937751,02-6959-5955,오가나셀피부과의원 잠실점,http://place.map.kakao.com/1038937751,서울 송파구 올림픽로 300,127.10257809482891,37.512521566508646,피부과
서울 송파구 방이동 22,HP8,병원,"의료,건강 > 병원 > 정신건강의학과",177,1470835659,02-418-7725,잠실 괜찮아정신건강의학과의원,http://place.map.kakao.com/1470835659,서울 송파구 올림픽로 336,127.107458324313,37.5153977359933,정신건강의학과
서울 송파구 방이동 22,HP8,병원,"의료,건강 > 병원 > 치과",164,1119852522,02-6956-3677,서울테이구강악안면외과 치과의원,http://place.map.kakao.com/1119852522,서울 송파구 올림픽로 336,127.1073100951325,37.51536183061347,치과
서울 송파구 방이동 65,HP8,병원,"의료,건강 > 병원 > 치과",169,10549949,02-421-4421,송파연세치과의원,http://place.map.kakao.com/10549949,서울 송파구 오금로 91,127.10763398313193,37.51405508089962,치과
서울 송파구 신천동 29,HP8,병원,"의료,건강 > 병원 > 치과",102,398279891,02-3213-4456,123치과교정과치과의원,http://place.map.kakao.com/398279891,서울 송파구 올림픽로 300,127.10485585237373,37.51396207340939,치과
서울 송파구 신천동 7-19,HP8,병원,"의료,건강 > 병원 > 비뇨기과",290,523468174,02-421-8288,잠실아산비뇨의학과의원,http://place.map.kakao.com/523468174,서울 송파구 올림픽로 289,127.102513091339,37.5146137534674,비뇨기과
서울 송파구 방이동 65-2,HP8,병원,"의료,건강 > 병원 > 치과",223,11219185,02-420-5550,턱이아름다운치과,http://place.map.kakao.com/11219185,서울 송파구 오금로 99,127.107884083588,37.5133565749316,치과
서울 송파구 신천동 7-28,HP8,병원,"의료,건강 > 병원 > 피부과",301,1884568260,02-416-8885,샤인봄의원,http://place.map.kakao.com/1884568260,서울 송파구 올림픽로 293-19,127.102479847823,37.5151183442684,피부과
서울 송파구 방이동 160,HP8,병원,"의료,건강 > 병원 > 노인,요양병원",1262,455847584,02-412-7272,다나움요양병원,http://place.map.kakao.com/455847584,서울 송파구 가락로 278,127.119849672401,37.5124692644628,"노인,요양병원"
서울 송파구 송파동 15-8,HP8,병원,"의료,건강 > 병원 > 피부과",881,92997448,02-6925-0737,에스준의원,http://place.map.kakao.com/92997448,서울 송파구 송파대로 448,127.10636783623313,37.506573388476625,피부과
서울 송파구 신천동 7-19,HP8,병원,"의료,건강 > 병원 > 피부과",284,2088379715,0502-5553-2290,뷰티라운지의원,http://place.map.kakao.com/2088379715,서울 송파구 올림픽로 289,127.10258669397011,37.514672254793176,피부과
서울 송파구 방이동 124-10,HP8,병원,"의료,건강 > 병원 > 정형외과",1157,1564452837,1588-1838,서울투탑정형외과 재활의학과의원,http://place.map.kakao.com/1564452837,서울 송파구 오금로 199,127.116318727791,37.508288531541,정형외과
서울 강동구 성내동 139,HP8,병원,"의료,건강 > 병원 > 안과",469,23496152,02-480-5000,공안과병원,http://place.map.kakao.com/23496152,서울 강동구 풍성로37길 45,127.126029822553,37.5339355119847,안과
서울 강동구 천호동 453-15,HP8,병원,"의료,건강 > 병원 > 피부과 > CNP차앤박피부과",908,8594146,02-485-4650,CNP차앤박피부과 천호점,http://place.map.kakao.com/8594146,서울 강동구 천호대로 1033,127.126955232233,37.5378917130304,CNP차앤박피부과
서울 강동구 성내동 13-9,HP8,병원,"의료,건강 > 병원 > 정형외과",835,8408019,02-333-3080,리더스병원,http://place.map.kakao.com/8408019,서울 강동구 천호대로 1044,127.12772867544163,37.53694663118159,정형외과
서울 강동구 성내동 551-3,HP8,병원,"의료,건강 > 병원 > 한방병원",155,16790752,02-477-9661,강동인애가한방병원,http://place.map.kakao.com/16790752,서울 강동구 성내로6길 15,127.12298704789323,37.528857075566975,한방병원
서울 강동구 천호동 452-1,HP8,병원,"의료,건강 > 병원 > 산부인과",917,1696539506,02-475-0077,서울미즈병원,http://place.map.kakao.com/1696539506,서울 강동구 천호대로 1043,127.12810434328802,37.53762287514004,산부인과
서울 강동구 길동 445,HP8,병원,"의료,건강 > 병원 > 종합병원",1218,8597981,1588-4100,강동성심병원,http://place.map.kakao.com/8597981,서울 강동구 성안로 150,127.13539940825837,37.53603348150811,종합병원
서울 강동구 성내동 452-6,HP8,병원,"의료,건강 > 병원 > 한방병원",382,755147736,1899-5868,포레스트한방병원,http://place.map.kakao.com/755147736,서울 강동구 강동대로 143-52,127.12048411393297,37.527886574155765,한방병원
서울 강동구 성내동 199-23,HP8,병원,"의료,건강 > 병원 > 정형외과",1093,19176322,1600-7511,달려라병원,http://place.map.kakao.com/19176322,서울 강동구 천호대로 1110,127.13472947764883,37.53470977760737,정형외과
서울 강동구 성내동 64-13,HP8,병원,"의료,건강 > 병원 > 피부과 > 이지함피부과",882,10847759,02-485-9700,이지함피부과 천호점,http://place.map.kakao.com/10847759,서울 강동구 천호대로 1006,127.12378738495339,37.53805004812564,이지함피부과
서울 강동구 성내동 539-3,HP8,병원,"의료,건강 > 병원 > 내과",85,169363821,02-6953-0111,강동세브란스내과의원,http://place.map.kakao.com/169363821,서울 강동구 성내로 19,127.1228421619362,37.530190707943625,내과
서울 강동구 성내동 77-27,HP8,병원,"의료,건강 > 병원 > 정형외과",809,843042240,02-6485-1234,123스텝업병원,http://place.map.kakao.com/843042240,서울 강동구 올림픽로 628-3,127.12349438003115,37.53739172403084,정형외과
서울 강동구 성내동 539-3,HP8,병원,"의료,건강 > 병원 > 정형외과",83,1772991229,02-475-8288,강동탑정형외과의원,http://place.map.kakao.com/1772991229,서울 강동구 성내로 19,127.12287045305773,37.53019518351788,정형외과
서울 강동구 성내동 43-11,HP8,병원,"의료,건강 > 병원 > 성형외과",732,195098723,02-473-1777,연세미도성형외과의원,http://place.map.kakao.com/195098723,서울 강동구 천호옛길 88,127.12579993493941,37.53650360758353,성형외과
서울 강동구 성내동 609,HP8,병원,"의료,건강 > 병원 > 영상의학과",636,1013940049,02-476-8965,아침정원의원,http://place.map.kakao.com/1013940049,서울 강동구 올림픽로 610,127.12296449749546,37.53579480399086,영상의학과
서울 강동구 성내동 439-12,HP8,병원,"의료,건강 > 병원 > 내과",1094,17445314,02-1644-5122,한마음의원,http://place.map.kakao.com/17445314,서울 강동구 양재대로89가길 29,127.13459825702533,37.52527915090997,내과
서울 강동구 천호동 451,HP8,병원,"의료,건강 > 병원 > 일반의원",936,591329314,1600-9240,강동 소리의원,http://place.map.kakao.com/591329314,서울 강동구 천호대로 1053,127.128983215572,37.5374633425235,일반의원
서울 강동구 성내동 610,HP8,병원,"의료,건강 > 병원 > 피부과",825,374954757,02-471-4010,천호 유앤아이의원,http://place.map.kakao.com/374954757,서울 강동구 천호대로 1024,127.12572898377837,37.53737404905896,피부과
서울 강동구 성내동 610,HP8,병원,"의료,건강 > 병원 > 피부과",825,1157163323,02-487-8733,멜로우피부과 의원 천호점,http://place.map.kakao.com/1157163323,서울 강동구 천호대로 1024,127.125728983778,37.537374049059,피부과
서울 강동구 천호동 452-1,HP8,병원,"의료,건강 > 병원 > 산부인과",914,8731144,02-470-9190,서울미즈병원 별관,http://place.map.kakao.com/8731144,서울 강동구 천호대로 1043,127.12809297473255,37.53759135247936,산부인과
서울 송파구 풍납동 269-3,HP8,병원,"의료,건강 > 병원 > 한방병원",978,1314545096,1811-6235,서울동행한방병원,http://place.map.kakao.com/1314545096,서울 송파구 토성로 20,127.11274997983685,37.53059090761119,한방병원
서울 강동구 천호동 451,HP8,병원,"의료,건강 > 병원 > 산부인과",928,591715236,02-6953-7119,서울아이앤여성의원,http://place.map.kakao.com/591715236,서울 강동구 천호대로 1053,127.128970636073,37.537385870279,산부인과
서울 강동구 성내동 78-11,HP8,병원,"의료,건강 > 병원 > 이비인후과",743,531146957,02-477-7524,맑은이비인후과의원,http://place.map.kakao.com/531146957,서울 강동구 올림픽로 620,127.12312451291255,37.53677672730538,이비인후과
서울 강동구 성내동 542-2,HP8,병원,"의료,건강 > 병원 > 치과",412,13506487,02-470-3708,엘치과의원,http://place.map.kakao.com/13506487,서울 강동구 성내로 67,127.127657987093,37.5280015738928,치과
서울 강동구 성내동 550-4,HP8,병원,"의료,건강 > 병원 > 이비인후과",150,245758933,02-2203-5337,알렌정이비인후과의원,http://place.map.kakao.com/245758933,서울 강동구 성내로 40,127.12457097002618,37.52889235654374,이비인후과
서울 강동구 성내동 549-1,HP8,병원,"가정,생활 > 반려동물 > 동물병원",236,1471880855,02-6949-2475,24시더파크동물의료센터,http://place.map.kakao.com/1471880855,서울 강동구 성내로 48,127.12551377875123,37.52846158076124,동물병원
서울 강동구 성내동 78-1,HP8,병원,"의료,건강 > 병원 > 내과",772,8154969,02-478-2002,강동내과의원,http://place.map.kakao.com/8154969,서울 강동구 올림픽로 624,127.12325055007729,37.53704779681191,내과
서울 강동구 성내동 445-7,HP8,병원,"의료,건강 > 병원 > 일반의원",923,1931545828,1899-1209,무이재의원 강동,http://place.map.kakao.com/1931545828,서울 강동구 양재대로81길 64,127.13099188914327,37.52406685349437,일반의원
서울 강동구 성내동 610,HP8,병원,"의료,건강 > 병원 > 이비인후과",825,1337999177,02-474-1119,강동센트럴이비인후과의원,http://place.map.kakao.com/1337999177,서울 강동구 천호대로 1024,127.125728983778,37.537374049059,이비인후과
서울 강동구 성내동 449-16,HP8,병원,"의료,건강 > 병원 > 한방병원",1178,1902405821,02-6416-1010,리움한방병원 강동,http://place.map.kakao.com/1902405821,서울 강동구 강동대로 243,127.132974282481,37.5223959825886,한방병원
서울 강동구 성내동 439-12,HP8,병원,"의료,건강 > 병원 > 내과",1087,1527977667,0502-5552-8043,강동하트온내과의원,http://place.map.kakao.com/1527977667,서울 강동구 양재대로89가길 29,127.13457691656643,37.525364770381216,내과
서울 강동구 성내동 322-7,HP8,병원,"가정,생활 > 반려동물 > 동물병원",302,284302087,02-484-4063,닥터표동물병원,http://place.map.kakao.com/284302087,서울 강동구 올림픽로 566,127.121446870361,37.5320770447739,동물병원
서울 강동구 천호동 454-15,HP8,병원,"의료,건강 > 병원 > 안과",920,8725690,02-471-0117,KD밝은안과,http://place.map.kakao.com/8725690,서울 강동구 천호대로 1027,127.12636728985,37.5381410195685,안과
서울 강동구 성내동 77-39,HP8,병원,"의료,건강 > 병원 > 피부과",791,1683250300,02-472-9969,메이퓨어의원 천호점,http://place.map.kakao.com/1683250300,서울 강동구 올림픽로 626,127.123270071024,37.5372216694182,피부과
서울 강동구 성내동 610,HP8,병원,"의료,건강 > 병원 > 산부인과",825,1321783592,02-489-6672,애플산부인과 의원 천호점,http://place.map.kakao.com/1321783592,서울 강동구 천호대로 1024,127.125728983778,37.537374049059,산부인과
서울 강동구 성내동 295,HP8,병원,"의료,건강 > 병원 > 내과",228,17810545,02-489-0071,강동서울삼성내과의원,http://place.map.kakao.com/17810545,서울 강동구 풍성로 116,127.125053413679,37.5319002887521,내과
서울 강동구 천호동 453-19,HP8,병원,"의료,건강 > 병원 > 피부과",954,876224501,1661-5619,페이스필터의원 천호점,http://place.map.kakao.com/876224501,서울 강동구 천호대로157길 14,127.127289593461,37.5382319309889,피부과
서울 강동구 성내동 293-12,HP8,병원,"의료,건강 > 병원 > 소아청소년과",230,16416300,02-482-7588,조이소아청소년과의원,http://place.map.kakao.com/16416300,서울 강동구 풍성로38길 9,127.125609548512,37.531600566319,소아청소년과
서울 강동구 성내동 415-7,HP8,병원,"의료,건강 > 병원 > 산부인과",1129,602385440,02-6953-0990,은하여성의원 둔촌점,http://place.map.kakao.com/602385440,서울 강동구 양재대로 1383,127.136567895992,37.5296701719213,산부인과
서울 강동구 천호동 428-1,HP8,병원,"의료,건강 > 병원 > 내과",1096,154254927,02-470-7275,속든든내과의원,http://place.map.kakao.com/154254927,서울 강동구 올림픽로 658,127.124409480422,37.5399649195505,내과
서울 강동구 성내동 420-41,HP8,병원,"의료,건강 > 병원 > 내과",672,11046276,02-479-0075,강동김내과의원,http://place.map.kakao.com/11046276,서울 강동구 풍성로 178,127.131408515358,37.5300553467924,내과
서울 강동구 천호동 420-6,HP8,병원,"의료,건강 > 병원 > 노인,요양병원",1141,1354141980,02-474-7570,강동우리들요양병원,http://place.map.kakao.com/1354141980,서울 강동구 구천면로 202,127.127070910708,37.5400503836285,"노인,요양병원"
서울 송파구 풍납동 392-2,HP8,병원,"의료,건강 > 병원 > 내과",781,9997853,02-488-1004,풍성내과의원,http://place.map.kakao.com/9997853,서울 송파구 올림픽로45길 19,127.115841008892,37.5270370702608,내과
서울 강동구 천호동 454-15,HP8,병원,"의료,건강 > 병원 > 이비인후과",919,9249628,02-487-6611,연세이비인후과의원,http://place.map.kakao.com/9249628,서울 강동구 천호대로 1027,127.126376323357,37.5381301979049,이비인후과
서울 강동구 천호동 357,HP8,병원,"의료,건강 > 병원 > 노인,요양병원",1358,1038518549,02-484-7588,서울현대요양병원,http://place.map.kakao.com/1038518549,서울 강동구 올림픽로 684,127.12530044892964,37.542279545674894,"노인,요양병원"
