구,법정동,아파트명,행정동,구_spatial,행정동_spatial,adm_nm
강남구,개포동,개포2차현대아파트(220),개포1동,강남구,개포4동,서울특별시 강남구 개포4동
강남구,개포동,개포6차우성아파트1동~8동,개포1동,강남구,개포4동,서울특별시 강남구 개포4동
강남구,개포동,개포더샵트리에,개포1동,강남구,개포1동,서울특별시 강남구 개포1동
강남구,개포동,개포래미안포레스트,개포1동,강남구,개포4동,서울특별시 강남구 개포4동
강남구,개포동,개포우성3차,개포1동,강남구,개포1동,서울특별시 강남구 개포1동
강남구,개포동,개포자이,개포1동,강남구,개포2동,서울특별시 강남구 개포2동
강남구,개포동,개포자이르네,개포1동,강남구,개포4동,서울특별시 강남구 개포4동
강남구,개포동,개포자이프레지던스,개포1동,강남구,개포2동,서울특별시 강남구 개포2동
강남구,개포동,개포주공1단지,개포1동,강남구,개포1동,서울특별시 강남구 개포1동
강남구,개포동,개포주공4단지,개포1동,강남구,개포2동,서울특별시 강남구 개포2동
강남구,개포동,개포주공5단지,개포1동,강남구,개포2동,서울특별시 강남구 개포2동
강남구,개포동,개포주공6단지,개포1동,강남구,개포2동,서울특별시 강남구 개포2동
강남구,개포동,개포주공7단지,개포1동,강남구,개포2동,서울특별시 강남구 개포2동
강남구,개포동,개포현대200동,개포1동,강남구,개포4동,서울특별시 강남구 개포4동
강남구,개포동,개포현대6차,개포1동,강남구,개포4동,서울특별시 강남구 개포4동
강남구,개포동,경남1,개포1동,강남구,개포1동,서울특별시 강남구 개포1동
강남구,개포동,경남2차,개포1동,강남구,개포1동,서울특별시 강남구 개포1동
강남구,개포동,그린빌리지,개포1동,강남구,개포4동,서울특별시 강남구 개포4동
강남구,개포동,뉴현대파크빌,개포1동,강남구,개포4동,서울특별시 강남구 개포4동
강남구,개포동,대치푸르지오발라드,개포1동,강남구,개포2동,서울특별시 강남구 개포2동
강남구,개포동,디에이치아너힐즈,개포1동,강남구,개포2동,서울특별시 강남구 개포2동
강남구,개포동,디에이치퍼스티어아이파크,개포1동,강남구,개포1동,서울특별시 강남구 개포1동
강남구,개포동,래미안블레스티지,개포1동,강남구,개포2동,서울특별시 강남구 개포2동
강남구,개포동,리더스,개포1동,강남구,개포4동,서울특별시 강남구 개포4동
강남구,개포동,리치타운,개포1동,강남구,개포4동,서울특별시 강남구 개포4동
강남구,개포동,삼익대청아파트,개포1동,강남구,개포3동,서울특별시 강남구 개포3동
강남구,개포동,상지리츠빌,개포1동,강남구,개포2동,서울특별시 강남구 개포2동
강남구,개포동,새롬(1164-12),개포1동,강남구,개포4동,서울특별시 강남구 개포4동
강남구,개포동,새롬(1164-13),개포1동,강남구,개포4동,서울특별시 강남구 개포4동
강남구,개포동,새롬(1164-14),개포1동,강남구,개포4동,서울특별시 강남구 개포4동
강남구,개포동,성원대치2단지아파트,개포1동,강남구,개포3동,서울특별시 강남구 개포3동
강남구,개포동,아람손프라자/비바빌,개포1동,강남구,개포4동,서울특별시 강남구 개포4동
강남구,개포동,에버그린,개포1동,강남구,도곡2동,서울특별시 강남구 도곡2동
강남구,개포동,우성8,개포1동,강남구,개포4동,서울특별시 강남구 개포4동
강남구,개포동,"우성9차아파트901동,902동",개포1동,강남구,개포1동,서울특별시 강남구 개포1동
강남구,개포동,우찬현대(1260-11),개포1동,강남구,개포4동,서울특별시 강남구 개포4동
강남구,개포동,우찬현대(1260-4),개포1동,강남구,개포4동,서울특별시 강남구 개포4동
강남구,개포동,포이벨리,개포1동,강남구,개포4동,서울특별시 강남구 개포4동
강남구,개포동,한림,개포1동,강남구,개포4동,서울특별시 강남구 개포4동
강남구,개포동,현대,개포1동,강남구,개포4동,서울특별시 강남구 개포4동
강남구,개포동,현대1차101동~106동,개포1동,강남구,개포1동,서울특별시 강남구 개포1동
강남구,개포동,현대2,개포1동,강남구,개포2동,서울특별시 강남구 개포2동
강남구,개포동,현대아파트3,개포1동,강남구,개포2동,서울특별시 강남구 개포2동
강남구,논현동,e-편한세상,논현1동,강남구,논현1동,서울특별시 강남구 논현1동
강남구,논현동,거평프리젠,논현1동,강남구,논현1동,서울특별시 강남구 논현1동
강남구,논현동,경남논현,논현1동,강남구,논현2동,서울특별시 강남구 논현2동
강남구,논현동,골든캐슬,논현1동,강남구,논현2동,서울특별시 강남구 논현2동
강남구,논현동,그랑디오스,논현1동,강남구,논현2동,서울특별시 강남구 논현2동
강남구,논현동,네오빌,논현1동,강남구,논현1동,서울특별시 강남구 논현1동
강남구,논현동,논현동월드메르디앙,논현1동,강남구,논현2동,서울특별시 강남구 논현2동
강남구,논현동,논현동프라임,논현1동,강남구,논현2동,서울특별시 강남구 논현2동
강남구,논현동,논현동한화꿈에그린,논현1동,강남구,논현1동,서울특별시 강남구 논현1동
강남구,논현동,논현라폴리움,논현1동,강남구,논현2동,서울특별시 강남구 논현2동
강남구,논현동,논현베르빌,논현1동,강남구,논현2동,서울특별시 강남구 논현2동
강남구,논현동,논현빌라트,논현1동,강남구,논현2동,서울특별시 강남구 논현2동
강남구,논현동,논현아이파크,논현1동,강남구,논현2동,서울특별시 강남구 논현2동
강남구,논현동,논현아트빌,논현1동,강남구,논현2동,서울특별시 강남구 논현2동
강남구,논현동,논현웰스톤,논현1동,강남구,논현2동,서울특별시 강남구 논현2동
강남구,논현동,논현인텔(9-2),논현1동,강남구,논현1동,서울특별시 강남구 논현1동
강남구,논현동,논현파라곤,논현1동,강남구,논현2동,서울특별시 강남구 논현2동
강남구,논현동,논현프라임아파트,논현1동,강남구,논현1동,서울특별시 강남구 논현1동
강남구,논현동,논현한가람빌라트,논현1동,강남구,논현2동,서울특별시 강남구 논현2동
강남구,논현동,더그레이스,논현1동,강남구,논현2동,서울특별시 강남구 논현2동
강남구,논현동,더원센트럴,논현1동,강남구,논현2동,서울특별시 강남구 논현2동
강남구,논현동,동부센트레빌,논현1동,강남구,논현2동,서울특별시 강남구 논현2동
강남구,논현동,동양파라곤,논현1동,강남구,논현2동,서울특별시 강남구 논현2동
강남구,논현동,동현아파트1~6,논현1동,강남구,논현1동,서울특별시 강남구 논현1동
강남구,논현동,두산위브1단지,논현1동,강남구,논현2동,서울특별시 강남구 논현2동
강남구,논현동,두산위브2단지,논현1동,강남구,논현2동,서울특별시 강남구 논현2동
강남구,논현동,두영,논현1동,강남구,논현2동,서울특별시 강남구 논현2동
강남구,논현동,라이헤스빌,논현1동,강남구,논현2동,서울특별시 강남구 논현2동
강남구,논현동,로체샤르캐슬,논현1동,강남구,논현2동,서울특별시 강남구 논현2동
강남구,논현동,마블하우스,논현1동,강남구,논현2동,서울특별시 강남구 논현2동
강남구,논현동,마일스디오빌,논현1동,강남구,논현1동,서울특별시 강남구 논현1동
강남구,논현동,벨러스빌,논현1동,강남구,논현1동,서울특별시 강남구 논현1동
강남구,논현동,브라운스톤,논현1동,강남구,논현1동,서울특별시 강남구 논현1동
강남구,논현동,브라이튼N40,논현1동,강남구,논현1동,서울특별시 강남구 논현1동
강남구,논현동,비쥬힐,논현1동,강남구,논현1동,서울특별시 강남구 논현1동
강남구,논현동,삼성빌라트,논현1동,강남구,논현2동,서울특별시 강남구 논현2동
강남구,논현동,세호시티라이프,논현1동,강남구,논현1동,서울특별시 강남구 논현1동
강남구,논현동,스위트캐슬레지던스,논현1동,강남구,논현1동,서울특별시 강남구 논현1동
강남구,논현동,신동아,논현1동,강남구,논현1동,서울특별시 강남구 논현1동
강남구,논현동,신동아(22),논현1동,강남구,논현1동,서울특별시 강남구 논현1동
강남구,논현동,쌍용,논현1동,강남구,논현2동,서울특별시 강남구 논현2동
강남구,논현동,아츠논현,논현1동,강남구,논현2동,서울특별시 강남구 논현2동
강남구,논현동,아크로힐스논현,논현1동,강남구,논현2동,서울특별시 강남구 논현2동
강남구,논현동,애플타운,논현1동,강남구,논현1동,서울특별시 강남구 논현1동
강남구,논현동,요진보네르,논현1동,강남구,논현1동,서울특별시 강남구 논현1동
강남구,논현동,우민,논현1동,강남구,논현2동,서울특별시 강남구 논현2동
강남구,논현동,우성,논현1동,강남구,논현1동,서울특별시 강남구 논현1동
강남구,논현동,월드쉐르빌,논현1동,강남구,논현1동,서울특별시 강남구 논현1동
강남구,논현동,은탑리더스카운티,논현1동,강남구,논현1동,서울특별시 강남구 논현1동
강남구,논현동,이산,논현1동,강남구,논현1동,서울특별시 강남구 논현1동
강남구,논현동,제이빌,논현1동,강남구,논현2동,서울특별시 강남구 논현2동
강남구,논현동,지고하임(101동),논현1동,강남구,논현1동,서울특별시 강남구 논현1동
강남구,논현동,지고하임(102동),논현1동,강남구,논현1동,서울특별시 강남구 논현1동
강남구,논현동,"청학아파트에이동,비동,씨동",논현1동,강남구,논현1동,서울특별시 강남구 논현1동
강남구,논현동,테크노빌라트,논현1동,강남구,논현2동,서울특별시 강남구 논현2동
강남구,논현동,토미빌(228-9),논현1동,강남구,논현2동,서울특별시 강남구 논현2동
강남구,논현동,펜트힐루논현,논현1동,강남구,논현2동,서울특별시 강남구 논현2동
강남구,논현동,펜트힐캐스케이드,논현1동,강남구,논현2동,서울특별시 강남구 논현2동
강남구,논현동,프라임,논현1동,강남구,논현2동,서울특별시 강남구 논현2동
강남구,논현동,학동,논현1동,강남구,논현2동,서울특별시 강남구 논현2동
강남구,논현동,한양빌라트,논현1동,강남구,논현2동,서울특별시 강남구 논현2동
강남구,논현동,한양수자인어반게이트,논현1동,강남구,논현2동,서울특별시 강남구 논현2동
강남구,논현동,한진로즈힐,논현1동,강남구,논현2동,서울특별시 강남구 논현2동
강남구,논현동,한화꿈에그린2차,논현1동,강남구,논현1동,서울특별시 강남구 논현1동
강남구,논현동,현대넥서스A동,논현1동,강남구,논현1동,서울특별시 강남구 논현1동
강남구,논현동,현대넥서스B동,논현1동,강남구,논현2동,서울특별시 강남구 논현2동
강남구,논현동,현대인텔렉스,논현1동,강남구,논현2동,서울특별시 강남구 논현2동
강남구,논현동,힐스빌7,논현1동,강남구,논현1동,서울특별시 강남구 논현1동
강남구,논현동,힐타워,논현1동,강남구,논현1동,서울특별시 강남구 논현1동
강남구,대치동,개포우성1,대치1동,강남구,대치1동,서울특별시 강남구 대치1동
강남구,대치동,개포우성2,대치1동,강남구,대치1동,서울특별시 강남구 대치1동
강남구,대치동,노빌리티빌리지,대치1동,강남구,대치1동,서울특별시 강남구 대치1동
강남구,대치동,대우아이빌멤버스(891-26),대치1동,강남구,대치4동,서울특별시 강남구 대치4동
강남구,대치동,대우아이빌명문가(891-23),대치1동,강남구,대치4동,서울특별시 강남구 대치4동
강남구,대치동,대치SKVIEW,대치1동,강남구,대치1동,서울특별시 강남구 대치1동
강남구,대치동,대치더클래스,대치1동,강남구,대치1동,서울특별시 강남구 대치1동
강남구,대치동,대치동우정에쉐르1,대치1동,강남구,대치4동,서울특별시 강남구 대치4동
강남구,대치동,대치동우정에쉐르2(890-42),대치1동,강남구,대치4동,서울특별시 강남구 대치4동
강남구,대치동,대치르엘,대치1동,강남구,대치2동,서울특별시 강남구 대치2동
강남구,대치동,대치삼성,대치1동,강남구,대치1동,서울특별시 강남구 대치1동
강남구,대치동,대치아이파크,대치1동,강남구,대치1동,서울특별시 강남구 대치1동
강남구,대치동,"대치우성아파트1동,2동,3동,5동,6동,7동",대치1동,강남구,대치1동,서울특별시 강남구 대치1동
강남구,대치동,대치타워,대치1동,강남구,대치4동,서울특별시 강남구 대치4동
강남구,대치동,대치푸르지오써밋,대치1동,강남구,대치2동,서울특별시 강남구 대치2동
강남구,대치동,대치한신휴플러스,대치1동,강남구,대치4동,서울특별시 강남구 대치4동
강남구,대치동,대치현대,대치1동,강남구,대치2동,서울특별시 강남구 대치2동
강남구,대치동,대치효성,대치1동,강남구,대치2동,서울특별시 강남구 대치2동
강남구,대치동,동민맥스빌A동,대치1동,강남구,대치4동,서울특별시 강남구 대치4동
강남구,대치동,동민맥스빌B동,대치1동,강남구,대치4동,서울특별시 강남구 대치4동
강남구,대치동,동부센트레빌,대치1동,강남구,대치1동,서울특별시 강남구 대치1동
강남구,대치동,동양,대치1동,강남구,대치4동,서울특별시 강남구 대치4동
강남구,대치동,래미안대치팰리스,대치1동,강남구,대치1동,서울특별시 강남구 대치1동
강남구,대치동,래미안대치하이스턴,대치1동,강남구,대치2동,서울특별시 강남구 대치2동
강남구,대치동,롯데캐슬,대치1동,강남구,대치4동,서울특별시 강남구 대치4동
강남구,대치동,롯데캐슬리베,대치1동,강남구,대치1동,서울특별시 강남구 대치1동
강남구,대치동,메트로,대치1동,강남구,대치4동,서울특별시 강남구 대치4동
강남구,대치동,삼성2차,대치1동,강남구,대치1동,서울특별시 강남구 대치1동
강남구,대치동,삼성3차,대치1동,강남구,대치1동,서울특별시 강남구 대치1동
강남구,대치동,삼환SOGOOD,대치1동,강남구,대치4동,서울특별시 강남구 대치4동
강남구,대치동,상지리츠빌카일룸(1009-4),대치1동,강남구,대치2동,서울특별시 강남구 대치2동
강남구,대치동,선경1차(1동-7동),대치1동,강남구,대치1동,서울특별시 강남구 대치1동
강남구,대치동,선경2차(8동-12동),대치1동,강남구,대치1동,서울특별시 강남구 대치1동
강남구,대치동,선경3차,대치1동,강남구,대치1동,서울특별시 강남구 대치1동
강남구,대치동,선릉역대우아이빌(890-49),대치1동,강남구,대치4동,서울특별시 강남구 대치4동
강남구,대치동,선릉역풍림아이원레몬,대치1동,강남구,대치4동,서울특별시 강남구 대치4동
강남구,대치동,세연파크뷰,대치1동,강남구,대치4동,서울특별시 강남구 대치4동
강남구,대치동,세영팔레스타운,대치1동,강남구,대치2동,서울특별시 강남구 대치2동
강남구,대치동,스카이써밋아파트,대치1동,강남구,대치4동,서울특별시 강남구 대치4동
강남구,대치동,신성미소시티,대치1동,강남구,대치4동,서울특별시 강남구 대치4동
강남구,대치동,쌍용대치2,대치1동,강남구,대치2동,서울특별시 강남구 대치2동
강남구,대치동,"쌍용대치아파트1동,2동,3동,5동,6동",대치1동,강남구,대치1동,서울특별시 강남구 대치1동
강남구,대치동,아름빌(889-74),대치1동,강남구,대치4동,서울특별시 강남구 대치4동
강남구,대치동,우정에쉐르,대치1동,강남구,대치4동,서울특별시 강남구 대치4동
강남구,대치동,월드빌,대치1동,강남구,대치2동,서울특별시 강남구 대치2동
강남구,대치동,은마,대치1동,강남구,대치2동,서울특별시 강남구 대치2동
강남구,대치동,청암빌라트,대치1동,강남구,대치1동,서울특별시 강남구 대치1동
강남구,대치동,청원,대치1동,강남구,대치4동,서울특별시 강남구 대치4동
강남구,대치동,테헤란로대우아이빌(891-6),대치1동,강남구,대치4동,서울특별시 강남구 대치4동
강남구,대치동,포스코더샵,대치1동,강남구,대치4동,서울특별시 강남구 대치4동
강남구,대치동,풍림아이원1차101동(910-3),대치1동,강남구,대치4동,서울특별시 강남구 대치4동
강남구,대치동,풍림아이원2차202동,대치1동,강남구,대치4동,서울특별시 강남구 대치4동
강남구,대치동,풍림아이원3차(1007-1),대치1동,강남구,대치2동,서울특별시 강남구 대치2동
강남구,대치동,풍림아이원4차(1007-2),대치1동,강남구,대치2동,서울특별시 강남구 대치2동
강남구,대치동,풍림아이원아파트,대치1동,강남구,대치4동,서울특별시 강남구 대치4동
강남구,대치동,하이캐슬,대치1동,강남구,대치2동,서울특별시 강남구 대치2동
강남구,대치동,하이캐슬102동,대치1동,강남구,대치2동,서울특별시 강남구 대치2동
강남구,대치동,한보미도맨션1,대치1동,강남구,대치2동,서울특별시 강남구 대치2동
강남구,대치동,한보미도맨션2,대치1동,강남구,대치2동,서울특별시 강남구 대치2동
강남구,대치동,한양팰리스,대치1동,강남구,대치4동,서울특별시 강남구 대치4동
강남구,대치동,한티(933-0),대치1동,강남구,대치1동,서울특별시 강남구 대치1동
강남구,대치동,한티(933-35),대치1동,강남구,대치1동,서울특별시 강남구 대치1동
강남구,대치동,현대1,대치1동,강남구,개포2동,서울특별시 강남구 개포2동
강남구,대치동,현대썬앤빌테헤란,대치1동,강남구,대치4동,서울특별시 강남구 대치4동
강남구,도곡동,PLUMHILLS,도곡1동,강남구,도곡1동,서울특별시 강남구 도곡1동
강남구,도곡동,SK허브프리모,도곡1동,강남구,도곡1동,서울특별시 강남구 도곡1동
강남구,도곡동,경남,도곡1동,강남구,도곡1동,서울특별시 강남구 도곡1동
강남구,도곡동,그랜빌캐슬,도곡1동,강남구,도곡1동,서울특별시 강남구 도곡1동
강남구,도곡동,대림,도곡1동,강남구,도곡2동,서울특별시 강남구 도곡2동
강남구,도곡동,대림아크로빌,도곡1동,강남구,도곡2동,서울특별시 강남구 도곡2동
강남구,도곡동,대명비발디,도곡1동,강남구,도곡1동,서울특별시 강남구 도곡1동
강남구,도곡동,대우디오빌,도곡1동,강남구,도곡1동,서울특별시 강남구 도곡1동
강남구,도곡동,도곡1차아이파크,도곡1동,강남구,도곡1동,서울특별시 강남구 도곡1동
강남구,도곡동,도곡2차I'PARK,도곡1동,강남구,도곡1동,서울특별시 강남구 도곡1동
강남구,도곡동,도곡3차아이파크,도곡1동,강남구,도곡1동,서울특별시 강남구 도곡1동
강남구,도곡동,도곡그린빌,도곡1동,강남구,도곡1동,서울특별시 강남구 도곡1동
강남구,도곡동,도곡더써밋타워,도곡1동,강남구,도곡1동,서울특별시 강남구 도곡1동
강남구,도곡동,도곡렉슬,도곡1동,강남구,도곡2동,서울특별시 강남구 도곡2동
강남구,도곡동,도곡루아르,도곡1동,강남구,도곡1동,서울특별시 강남구 도곡1동
강남구,도곡동,도곡스타빌,도곡1동,강남구,도곡2동,서울특별시 강남구 도곡2동
강남구,도곡동,도곡스타클래스,도곡1동,강남구,도곡1동,서울특별시 강남구 도곡1동
강남구,도곡동,도곡쌍용예가,도곡1동,강남구,도곡1동,서울특별시 강남구 도곡1동
강남구,도곡동,도곡우성아파트,도곡1동,강남구,도곡1동,서울특별시 강남구 도곡1동
강남구,도곡동,도곡월드메르디앙아파트,도곡1동,강남구,도곡1동,서울특별시 강남구 도곡1동
강남구,도곡동,도곡지웰카운티101동,도곡1동,강남구,도곡1동,서울특별시 강남구 도곡1동
강남구,도곡동,도곡지웰카운티102동,도곡1동,강남구,도곡1동,서울특별시 강남구 도곡1동
강남구,도곡동,도곡푸르지오,도곡1동,강남구,도곡1동,서울특별시 강남구 도곡1동
강남구,도곡동,도곡푸르지오102동,도곡1동,강남구,도곡1동,서울특별시 강남구 도곡1동
강남구,도곡동,도곡하이빌,도곡1동,강남구,도곡1동,서울특별시 강남구 도곡1동
강남구,도곡동,도곡현대힐스테이트101동,도곡1동,강남구,도곡1동,서울특별시 강남구 도곡1동
강남구,도곡동,도곡현대힐스테이트102동,도곡1동,강남구,도곡1동,서울특별시 강남구 도곡1동
강남구,도곡동,도곡현대힐스테이트103동,도곡1동,강남구,도곡1동,서울특별시 강남구 도곡1동
강남구,도곡동,도곡현대힐스테이트105동,도곡1동,강남구,도곡1동,서울특별시 강남구 도곡1동
강남구,도곡동,래미안도곡카운티,도곡1동,강남구,도곡2동,서울특별시 강남구 도곡2동
강남구,도곡동,럭키(462),도곡1동,강남구,도곡1동,서울특별시 강남구 도곡1동
강남구,도곡동,럭키(963),도곡1동,강남구,도곡1동,서울특별시 강남구 도곡1동
강남구,도곡동,로덴하우스웨스트빌리지,도곡1동,강남구,도곡2동,서울특별시 강남구 도곡2동
강남구,도곡동,로덴하우스이스트빌리지,도곡1동,강남구,도곡2동,서울특별시 강남구 도곡2동
강남구,도곡동,롯데캐슬모닝,도곡1동,강남구,도곡1동,서울특별시 강남구 도곡1동
강남구,도곡동,리치아르떼빌,도곡1동,강남구,도곡1동,서울특별시 강남구 도곡1동
강남구,도곡동,매봉삼성,도곡1동,강남구,도곡1동,서울특별시 강남구 도곡1동
강남구,도곡동,벨라빌,도곡1동,강남구,도곡1동,서울특별시 강남구 도곡1동
강남구,도곡동,삼성,도곡1동,강남구,도곡1동,서울특별시 강남구 도곡1동
강남구,도곡동,삼성래미안,도곡1동,강남구,도곡2동,서울특별시 강남구 도곡2동
강남구,도곡동,삼익,도곡1동,강남구,도곡1동,서울특별시 강남구 도곡1동
강남구,도곡동,상지리츠빌카일룸,도곡1동,강남구,대치2동,서울특별시 강남구 대치2동
강남구,도곡동,아카데미스위트1,도곡1동,강남구,도곡2동,서울특별시 강남구 도곡2동
강남구,도곡동,우성4,도곡1동,강남구,도곡2동,서울특별시 강남구 도곡2동
강남구,도곡동,우성리빙텔,도곡1동,강남구,도곡2동,서울특별시 강남구 도곡2동
강남구,도곡동,우성사원5,도곡1동,강남구,도곡1동,서울특별시 강남구 도곡1동
강남구,도곡동,우성캐릭터199,도곡1동,강남구,도곡2동,서울특별시 강남구 도곡2동
강남구,도곡동,우성캐릭터빌,도곡1동,강남구,도곡2동,서울특별시 강남구 도곡2동
강남구,도곡동,울트라멤버스,도곡1동,강남구,도곡1동,서울특별시 강남구 도곡1동
강남구,도곡동,원팰리스,도곡1동,강남구,도곡1동,서울특별시 강남구 도곡1동
강남구,도곡동,월드메르디앙101동,도곡1동,강남구,도곡1동,서울특별시 강남구 도곡1동
강남구,도곡동,월드메르디앙102동,도곡1동,강남구,도곡1동,서울특별시 강남구 도곡1동
강남구,도곡동,이니그마빌-III,도곡1동,강남구,도곡1동,서울특별시 강남구 도곡1동
강남구,도곡동,조이너스도곡,도곡1동,강남구,도곡1동,서울특별시 강남구 도곡1동
강남구,도곡동,중명하니빌,도곡1동,강남구,도곡1동,서울특별시 강남구 도곡1동
강남구,도곡동,타워팰리스1,도곡1동,강남구,도곡1동,서울특별시 강남구 도곡1동
강남구,도곡동,타워팰리스2,도곡1동,강남구,도곡2동,서울특별시 강남구 도곡2동
강남구,도곡동,타워팰리스3,도곡1동,강남구,도곡2동,서울특별시 강남구 도곡2동
강남구,도곡동,파크힐,도곡1동,강남구,도곡1동,서울특별시 강남구 도곡1동
강남구,도곡동,포스코트,도곡1동,강남구,도곡1동,서울특별시 강남구 도곡1동
강남구,도곡동,필로스(193-45),도곡1동,강남구,도곡1동,서울특별시 강남구 도곡1동
강남구,도곡동,하이페리온,도곡1동,강남구,도곡1동,서울특별시 강남구 도곡1동
강남구,도곡동,한라비발디,도곡1동,강남구,도곡1동,서울특별시 강남구 도곡1동
강남구,도곡동,한신(개포),도곡1동,강남구,도곡2동,서울특별시 강남구 도곡2동
강남구,도곡동,한신엠비씨,도곡1동,강남구,도곡1동,서울특별시 강남구 도곡1동
강남구,도곡동,현대그린1,도곡1동,강남구,도곡1동,서울특별시 강남구 도곡1동
강남구,도곡동,현대비젼21,도곡1동,강남구,도곡2동,서울특별시 강남구 도곡2동
강남구,도곡동,현대아이리스1,도곡1동,강남구,도곡1동,서울특별시 강남구 도곡1동
강남구,도곡동,현대아파트1동~3동,도곡1동,강남구,도곡2동,서울특별시 강남구 도곡2동
강남구,도곡동,현대오티움,도곡1동,강남구,도곡1동,서울특별시 강남구 도곡1동
강남구,도곡동,현대향목빌라트,도곡1동,강남구,도곡1동,서울특별시 강남구 도곡1동
강남구,도곡동,힐데스하임빌라,도곡1동,강남구,도곡1동,서울특별시 강남구 도곡1동
강남구,삼성동,LG선릉에클라트(A),삼성1동,강남구,삼성2동,서울특별시 강남구 삼성2동
강남구,삼성동,LG선릉에클라트(B),삼성1동,강남구,삼성2동,서울특별시 강남구 삼성2동
강남구,삼성동,SM드림빌,삼성1동,강남구,삼성2동,서울특별시 강남구 삼성2동
강남구,삼성동,강변삼부아파트,삼성1동,강남구,삼성1동,서울특별시 강남구 삼성1동
강남구,삼성동,골든카운티,삼성1동,강남구,삼성2동,서울특별시 강남구 삼성2동
강남구,삼성동,그라나다,삼성1동,강남구,삼성2동,서울특별시 강남구 삼성2동
강남구,삼성동,금호어울림,삼성1동,강남구,삼성1동,서울특별시 강남구 삼성1동
강남구,삼성동,대우멤버스카운티(101동),삼성1동,강남구,삼성2동,서울특별시 강남구 삼성2동
강남구,삼성동,대우멤버스카운티201,삼성1동,강남구,삼성1동,서울특별시 강남구 삼성1동
강남구,삼성동,대우멤버스카운티301,삼성1동,강남구,삼성1동,서울특별시 강남구 삼성1동
강남구,삼성동,대우멤버스카운티501,삼성1동,강남구,삼성1동,서울특별시 강남구 삼성1동
강남구,삼성동,동구싼타빌,삼성1동,강남구,삼성1동,서울특별시 강남구 삼성1동
강남구,삼성동,동일파크스위트,삼성1동,강남구,삼성1동,서울특별시 강남구 삼성1동
강남구,삼성동,래미안라클래시,삼성1동,강남구,삼성2동,서울특별시 강남구 삼성2동
강남구,삼성동,래미안삼성1차(103-22),삼성1동,강남구,삼성1동,서울특별시 강남구 삼성1동
강남구,삼성동,래미안삼성1차(105-0),삼성1동,강남구,삼성1동,서울특별시 강남구 삼성1동
강남구,삼성동,래미안삼성1차(201동),삼성1동,강남구,삼성1동,서울특별시 강남구 삼성1동
강남구,삼성동,래미안삼성2차,삼성1동,강남구,삼성2동,서울특별시 강남구 삼성2동
강남구,삼성동,레미안삼성1차(101동),삼성1동,강남구,삼성1동,서울특별시 강남구 삼성1동
강남구,삼성동,롯데캐슬프레미어,삼성1동,강남구,삼성2동,서울특별시 강남구 삼성2동
강남구,삼성동,미켈란107,삼성1동,강남구,삼성1동,서울특별시 강남구 삼성1동
강남구,삼성동,미켈란147,삼성1동,강남구,삼성1동,서울특별시 강남구 삼성1동
강남구,삼성동,브르넨삼성,삼성1동,강남구,삼성1동,서울특별시 강남구 삼성1동
강남구,삼성동,블루밍하우스,삼성1동,강남구,삼성1동,서울특별시 강남구 삼성1동
강남구,삼성동,삼부아그레빌,삼성1동,강남구,삼성1동,서울특별시 강남구 삼성1동
강남구,삼성동,삼부아파트(101동),삼성1동,강남구,삼성1동,서울특별시 강남구 삼성1동
강남구,삼성동,삼부아파트102동,삼성1동,강남구,삼성1동,서울특별시 강남구 삼성1동
강남구,삼성동,삼성동대성유니드,삼성1동,강남구,삼성2동,서울특별시 강남구 삼성2동
강남구,삼성동,삼성동드림하우스,삼성1동,강남구,삼성2동,서울특별시 강남구 삼성2동
강남구,삼성동,삼성동라테라스,삼성1동,강남구,삼성1동,서울특별시 강남구 삼성1동
강남구,삼성동,삼성동롯데아파트,삼성1동,강남구,삼성2동,서울특별시 강남구 삼성2동
강남구,삼성동,삼성동롯데캐슬킹덤,삼성1동,강남구,삼성2동,서울특별시 강남구 삼성2동
강남구,삼성동,삼성동브라운스톤레전드,삼성1동,강남구,삼성2동,서울특별시 강남구 삼성2동
강남구,삼성동,삼성동센트럴아이파크,삼성1동,강남구,삼성2동,서울특별시 강남구 삼성2동
강남구,삼성동,삼성동신도브래뉴,삼성1동,강남구,삼성2동,서울특별시 강남구 삼성2동
강남구,삼성동,삼성동신영지웰,삼성1동,강남구,삼성1동,서울특별시 강남구 삼성1동
강남구,삼성동,삼성동씨엘케이,삼성1동,강남구,삼성1동,서울특별시 강남구 삼성1동
강남구,삼성동,삼성동에스케이뷰,삼성1동,강남구,삼성1동,서울특별시 강남구 삼성1동
강남구,삼성동,삼성동중앙하이츠빌리지,삼성1동,강남구,삼성2동,서울특별시 강남구 삼성2동
강남구,삼성동,삼성동한솔아파트,삼성1동,강남구,삼성2동,서울특별시 강남구 삼성2동
강남구,삼성동,삼성동헤렌하우스2(82-1),삼성1동,강남구,삼성1동,서울특별시 강남구 삼성1동
강남구,삼성동,삼성동헤렌하우스2(82-4),삼성1동,강남구,삼성1동,서울특별시 강남구 삼성1동
강남구,삼성동,삼성동힐스테이트 1단지,삼성1동,강남구,삼성2동,서울특별시 강남구 삼성2동
강남구,삼성동,삼성리치빌1,삼성1동,강남구,삼성1동,서울특별시 강남구 삼성1동
강남구,삼성동,삼성벨라스빌,삼성1동,강남구,삼성1동,서울특별시 강남구 삼성1동
강남구,삼성동,삼성오네뜨,삼성1동,강남구,삼성2동,서울특별시 강남구 삼성2동
강남구,삼성동,삼성월드타워,삼성1동,강남구,삼성2동,서울특별시 강남구 삼성2동
강남구,삼성동,삼성웰피아,삼성1동,강남구,삼성2동,서울특별시 강남구 삼성2동
강남구,삼성동,삼성파크,삼성1동,강남구,삼성2동,서울특별시 강남구 삼성2동
강남구,삼성동,삼성팰리스(71-16),삼성1동,강남구,삼성2동,서울특별시 강남구 삼성2동
강남구,삼성동,삼성펠리스,삼성1동,강남구,삼성2동,서울특별시 강남구 삼성2동
강남구,삼성동,삼성풍림2차아파트,삼성1동,강남구,삼성1동,서울특별시 강남구 삼성1동
강남구,삼성동,상아빌라트,삼성1동,강남구,삼성2동,서울특별시 강남구 삼성2동
강남구,삼성동,상지리츠빌카일룸(65-4),삼성1동,강남구,삼성1동,서울특별시 강남구 삼성1동
강남구,삼성동,서광아파트,삼성1동,강남구,삼성2동,서울특별시 강남구 삼성2동
강남구,삼성동,석탑아파트101동,삼성1동,강남구,삼성2동,서울특별시 강남구 삼성2동
강남구,삼성동,세방타운하우스,삼성1동,강남구,삼성1동,서울특별시 강남구 삼성1동
강남구,삼성동,시티(A동),삼성1동,강남구,삼성2동,서울특별시 강남구 삼성2동
강남구,삼성동,시티(B동),삼성1동,강남구,삼성2동,서울특별시 강남구 삼성2동
강남구,삼성동,신동아듀크빌,삼성1동,강남구,삼성1동,서울특별시 강남구 삼성1동
강남구,삼성동,심포니하우스,삼성1동,강남구,삼성1동,서울특별시 강남구 삼성1동
강남구,삼성동,쌍용플래티넘,삼성1동,강남구,삼성2동,서울특별시 강남구 삼성2동
강남구,삼성동,아델하우스,삼성1동,강남구,삼성1동,서울특별시 강남구 삼성1동
강남구,삼성동,아셈,삼성1동,강남구,삼성1동,서울특별시 강남구 삼성1동
강남구,삼성동,아이파크,삼성1동,강남구,삼성1동,서울특별시 강남구 삼성1동
강남구,삼성동,아펠바움,삼성1동,강남구,삼성1동,서울특별시 강남구 삼성1동
강남구,삼성동,엘에이치삼성도시형생활주택,삼성1동,강남구,삼성1동,서울특별시 강남구 삼성1동
강남구,삼성동,영무예다음,삼성1동,강남구,삼성2동,서울특별시 강남구 삼성2동
강남구,삼성동,우림루미아트,삼성1동,강남구,삼성1동,서울특별시 강남구 삼성1동
강남구,삼성동,우정에쉐르,삼성1동,강남구,삼성2동,서울특별시 강남구 삼성2동
강남구,삼성동,우정에쉐르2,삼성1동,강남구,대치4동,서울특별시 강남구 대치4동
강남구,삼성동,월성빌라트,삼성1동,강남구,삼성1동,서울특별시 강남구 삼성1동
강남구,삼성동,이안애2차,삼성1동,강남구,삼성2동,서울특별시 강남구 삼성2동
강남구,삼성동,이안애빌,삼성1동,강남구,삼성2동,서울특별시 강남구 삼성2동
강남구,삼성동,진흥아파트,삼성1동,강남구,삼성1동,서울특별시 강남구 삼성1동
강남구,삼성동,채널리저브,삼성1동,강남구,삼성2동,서울특별시 강남구 삼성2동
강남구,삼성동,청구아파트,삼성1동,강남구,삼성1동,서울특별시 강남구 삼성1동
강남구,삼성동,포스코트,삼성1동,강남구,삼성1동,서울특별시 강남구 삼성1동
강남구,삼성동,푸른솔아파트1동,삼성1동,강남구,삼성2동,서울특별시 강남구 삼성2동
강남구,삼성동,풍림,삼성1동,강남구,삼성1동,서울특별시 강남구 삼성1동
강남구,삼성동,풍림(1차),삼성1동,강남구,삼성1동,서울특별시 강남구 삼성1동
강남구,삼성동,한양립스,삼성1동,강남구,삼성2동,서울특별시 강남구 삼성2동
강남구,삼성동,한일,삼성1동,강남구,삼성2동,서울특별시 강남구 삼성2동
강남구,삼성동,현대빌라트,삼성1동,강남구,삼성2동,서울특별시 강남구 삼성2동
강남구,삼성동,현대삼성동1차,삼성1동,강남구,삼성1동,서울특별시 강남구 삼성1동
강남구,삼성동,현대아파트101동,삼성1동,강남구,삼성2동,서울특별시 강남구 삼성2동
강남구,삼성동,현대타워(13층-27층),삼성1동,강남구,삼성2동,서울특별시 강남구 삼성2동
강남구,삼성동,현대힐스테이트2단지,삼성1동,강남구,삼성2동,서울특별시 강남구 삼성2동
강남구,삼성동,호산프라자,삼성1동,강남구,삼성2동,서울특별시 강남구 삼성2동
강남구,삼성동,홍실아파트,삼성1동,강남구,삼성1동,서울특별시 강남구 삼성1동
강남구,세곡동,강남데시앙파크,세곡동,강남구,세곡동,서울특별시 강남구 세곡동
강남구,세곡동,강남신동아파밀리에1단지,세곡동,강남구,세곡동,서울특별시 강남구 세곡동
강남구,세곡동,강남신동아파밀리에2단지,세곡동,강남구,세곡동,서울특별시 강남구 세곡동
강남구,세곡동,강남엘에이치1단지,세곡동,강남구,세곡동,서울특별시 강남구 세곡동
강남구,세곡동,세곡리엔파크(3단지),세곡동,강남구,세곡동,서울특별시 강남구 세곡동
강남구,세곡동,세곡푸르지오,세곡동,강남구,세곡동,서울특별시 강남구 세곡동
강남구,수서동,강남 더샵 포레스트,수서동,강남구,수서동,서울특별시 강남구 수서동
강남구,수서동,강남데시앙포레,수서동,강남구,일원본동,서울특별시 강남구 일원본동
강남구,수서동,까치마을,수서동,강남구,일원본동,서울특별시 강남구 일원본동
강남구,수서동,동익,수서동,강남구,수서동,서울특별시 강남구 수서동
강남구,수서동,삼성,수서동,강남구,일원본동,서울특별시 강남구 일원본동
강남구,수서동,삼익,수서동,강남구,수서동,서울특별시 강남구 수서동
강남구,수서동,수서한아름,수서동,강남구,수서동,서울특별시 강남구 수서동
강남구,수서동,신동아,수서동,강남구,수서동,서울특별시 강남구 수서동
강남구,신사동,RudenHouse,신사동,강남구,신사동,서울특별시 강남구 신사동
강남구,신사동,강남상가,신사동,강남구,신사동,서울특별시 강남구 신사동
강남구,신사동,금광아크존(635-14),신사동,강남구,압구정동,서울특별시 강남구 압구정동
강남구,신사동,뉴현대,신사동,강남구,신사동,서울특별시 강남구 신사동
강남구,신사동,대성아파트,신사동,강남구,신사동,서울특별시 강남구 신사동
강남구,신사동,래미안신사,신사동,강남구,신사동,서울특별시 강남구 신사동
강남구,신사동,로데오현대,신사동,강남구,압구정동,서울특별시 강남구 압구정동
강남구,신사동,리갈팰리스,신사동,강남구,압구정동,서울특별시 강남구 압구정동
강남구,신사동,신사동닛시빌라트,신사동,강남구,압구정동,서울특별시 강남구 압구정동
강남구,신사동,신사동씨티빌,신사동,강남구,신사동,서울특별시 강남구 신사동
강남구,신사동,신사아이빌(522),신사동,강남구,신사동,서울특별시 강남구 신사동
강남구,신사동,신사아크존2,신사동,강남구,압구정동,서울특별시 강남구 압구정동
강남구,신사동,신사파크빌A동,신사동,강남구,신사동,서울특별시 강남구 신사동
강남구,신사동,신사파크빌B동,신사동,강남구,신사동,서울특별시 강남구 신사동
강남구,신사동,신성아파트101동,신사동,강남구,압구정동,서울특별시 강남구 압구정동
강남구,신사동,썬-타워빌딩,신사동,강남구,압구정동,서울특별시 강남구 압구정동
강남구,신사동,알파임하우스1,신사동,강남구,신사동,서울특별시 강남구 신사동
강남구,신사동,압구정Ainvill,신사동,강남구,압구정동,서울특별시 강남구 압구정동
강남구,신사동,압구정대원칸타빌아파트,신사동,강남구,압구정동,서울특별시 강남구 압구정동
강남구,신사동,압구정케이씨씨(622-1),신사동,강남구,압구정동,서울특별시 강남구 압구정동
강남구,신사동,압구정하이츠파크,신사동,강남구,압구정동,서울특별시 강남구 압구정동
강남구,신사동,압구정화이트빌,신사동,강남구,압구정동,서울특별시 강남구 압구정동
강남구,신사동,우찬,신사동,강남구,논현1동,서울특별시 강남구 논현1동
강남구,신사동,유로미아파트A동,신사동,강남구,신사동,서울특별시 강남구 신사동
강남구,신사동,유로미아파트B동,신사동,강남구,신사동,서울특별시 강남구 신사동
강남구,신사동,진흥아마란스,신사동,강남구,압구정동,서울특별시 강남구 압구정동
강남구,신사동,청림빌,신사동,강남구,신사동,서울특별시 강남구 신사동
강남구,신사동,체리빌,신사동,강남구,신사동,서울특별시 강남구 신사동
강남구,신사동,토미,신사동,강남구,압구정동,서울특별시 강남구 압구정동
강남구,신사동,하야트빌,신사동,강남구,신사동,서울특별시 강남구 신사동
강남구,신사동,현대아인빌,신사동,강남구,신사동,서울특별시 강남구 신사동
강남구,압구정동,대림빌라트,압구정동,강남구,압구정동,서울특별시 강남구 압구정동
강남구,압구정동,미성1차,압구정동,강남구,신사동,서울특별시 강남구 신사동
강남구,압구정동,미성2차,압구정동,강남구,신사동,서울특별시 강남구 신사동
강남구,압구정동,신현대11차,압구정동,강남구,압구정동,서울특별시 강남구 압구정동
강남구,압구정동,신현대12차,압구정동,강남구,압구정동,서울특별시 강남구 압구정동
강남구,압구정동,신현대9차,압구정동,강남구,압구정동,서울특별시 강남구 압구정동
강남구,압구정동,한양1차(영동한양),압구정동,강남구,압구정동,서울특별시 강남구 압구정동
강남구,압구정동,한양2,압구정동,강남구,압구정동,서울특별시 강남구 압구정동
강남구,압구정동,한양3,압구정동,강남구,압구정동,서울특별시 강남구 압구정동
강남구,압구정동,한양4,압구정동,강남구,세곡동,서울특별시 강남구 세곡동
강남구,압구정동,한양5,압구정동,강남구,압구정동,서울특별시 강남구 압구정동
강남구,압구정동,한양6,압구정동,강남구,압구정동,서울특별시 강남구 압구정동
강남구,압구정동,한양7,압구정동,강남구,압구정동,서울특별시 강남구 압구정동
강남구,압구정동,한양8(81동한개동),압구정동,강남구,압구정동,서울특별시 강남구 압구정동
강남구,압구정동,"현대10차(201,202동)",압구정동,강남구,압구정동,서울특별시 강남구 압구정동
강남구,압구정동,현대13차(208~211동),압구정동,강남구,압구정동,서울특별시 강남구 압구정동
강남구,압구정동,"현대14차(203,204,205,206동)",압구정동,강남구,압구정동,서울특별시 강남구 압구정동
강남구,압구정동,"현대1차(12,13,21,22,31,32,33동)",압구정동,강남구,압구정동,서울특별시 강남구 압구정동
강남구,압구정동,"현대2차(10,11,20,23,24,25동)",압구정동,강남구,압구정동,서울특별시 강남구 압구정동
강남구,압구정동,현대3차(61~64동),압구정동,강남구,압구정동,서울특별시 강남구 압구정동
강남구,압구정동,현대4차저층(51~56동),압구정동,강남구,압구정동,서울특별시 강남구 압구정동
강남구,압구정동,"현대5차(71,72동)",압구정동,강남구,압구정동,서울특별시 강남구 압구정동
강남구,압구정동,현대65동(대림아크로빌아파트),압구정동,강남구,신사동,서울특별시 강남구 신사동
강남구,압구정동,"현대6차(78~81,83,84,86,87동)",압구정동,강남구,압구정동,서울특별시 강남구 압구정동
강남구,압구정동,"현대7차(73~77,82,85동)",압구정동,강남구,압구정동,서울특별시 강남구 압구정동
강남구,압구정동,현대8차(성수현대:91~95동),압구정동,강남구,압구정동,서울특별시 강남구 압구정동
강남구,압구정동,현대빌라트,압구정동,강남구,압구정동,서울특별시 강남구 압구정동
강남구,역삼동,(828-21),역삼1동,강남구,역삼1동,서울특별시 강남구 역삼1동
강남구,역삼동,(828-76),역삼1동,강남구,역삼1동,서울특별시 강남구 역삼1동
강남구,역삼동,Bienestar,역삼1동,강남구,역삼1동,서울특별시 강남구 역삼1동
강남구,역삼동,EGSoulLeader,역삼1동,강남구,역삼1동,서울특별시 강남구 역삼1동
강남구,역삼동,e-편한세상,역삼1동,강남구,역삼2동,서울특별시 강남구 역삼2동
강남구,역삼동,강남서해그랑블,역삼1동,강남구,역삼1동,서울특별시 강남구 역삼1동
강남구,역삼동,강남센트럴아이파크,역삼1동,강남구,역삼2동,서울특별시 강남구 역삼2동
강남구,역삼동,강남역우정에쉐르,역삼1동,강남구,역삼1동,서울특별시 강남구 역삼1동
강남구,역삼동,강남웅진베어스빌,역삼1동,강남구,역삼1동,서울특별시 강남구 역삼1동
강남구,역삼동,강남한솔,역삼1동,강남구,역삼1동,서울특별시 강남구 역삼1동
강남구,역삼동,개나리SK뷰,역삼1동,강남구,역삼2동,서울특별시 강남구 역삼2동
강남구,역삼동,개나리래미안,역삼1동,강남구,역삼2동,서울특별시 강남구 역삼2동
강남구,역삼동,개나리푸르지오,역삼1동,강남구,역삼2동,서울특별시 강남구 역삼2동
강남구,역삼동,갤러리아트,역삼1동,강남구,역삼2동,서울특별시 강남구 역삼2동
강남구,역삼동,갤러리하우스,역삼1동,강남구,역삼2동,서울특별시 강남구 역삼2동
강남구,역삼동,거평빌라트,역삼1동,강남구,역삼1동,서울특별시 강남구 역삼1동
강남구,역삼동,경남아너스빌,역삼1동,강남구,역삼2동,서울특별시 강남구 역삼2동
강남구,역삼동,경일역삼,역삼1동,강남구,역삼2동,서울특별시 강남구 역삼2동
강남구,역삼동,공간쉐르빌,역삼1동,강남구,역삼2동,서울특별시 강남구 역삼2동
강남구,역삼동,금호어울림,역삼1동,강남구,역삼1동,서울특별시 강남구 역삼1동
강남구,역삼동,네스빌(728-10),역삼1동,강남구,역삼1동,서울특별시 강남구 역삼1동
강남구,역삼동,노블스위트,역삼1동,강남구,역삼1동,서울특별시 강남구 역삼1동
강남구,역삼동,노블카운티,역삼1동,강남구,역삼1동,서울특별시 강남구 역삼1동
강남구,역삼동,대림역삼,역삼1동,강남구,역삼2동,서울특별시 강남구 역삼2동
강남구,역삼동,대명벨리온,역삼1동,강남구,역삼2동,서울특별시 강남구 역삼2동
강남구,역삼동,대우디오빌,역삼1동,강남구,역삼1동,서울특별시 강남구 역삼1동
강남구,역삼동,대우디오빌플러스,역삼1동,강남구,역삼1동,서울특별시 강남구 역삼1동
강남구,역삼동,동부센트레빌,역삼1동,강남구,역삼2동,서울특별시 강남구 역삼2동
강남구,역삼동,동원스위트뷰역삼,역삼1동,강남구,역삼1동,서울특별시 강남구 역삼1동
강남구,역삼동,래미안그레이튼,역삼1동,강남구,역삼2동,서울특별시 강남구 역삼2동
강남구,역삼동,래미안그레이튼(진달래2차),역삼1동,강남구,역삼2동,서울특별시 강남구 역삼2동
강남구,역삼동,래미안펜타빌,역삼1동,강남구,역삼2동,서울특별시 강남구 역삼2동
강남구,역삼동,로얄빌리지,역삼1동,강남구,역삼1동,서울특별시 강남구 역삼1동
강남구,역삼동,로얄팰리스,역삼1동,강남구,역삼1동,서울특별시 강남구 역삼1동
강남구,역삼동,롯데캐슬노블,역삼1동,강남구,역삼1동,서울특별시 강남구 역삼1동
강남구,역삼동,리츠빌아파트,역삼1동,강남구,역삼2동,서울특별시 강남구 역삼2동
강남구,역삼동,리치타워,역삼1동,강남구,역삼1동,서울특별시 강남구 역삼1동
강남구,역삼동,마이다스힐빌라트,역삼1동,강남구,역삼2동,서울특별시 강남구 역삼2동
강남구,역삼동,명인갤러리,역삼1동,강남구,역삼2동,서울특별시 강남구 역삼2동
강남구,역삼동,명인갤러리2차,역삼1동,강남구,역삼2동,서울특별시 강남구 역삼2동
강남구,역삼동,베스젠빌,역삼1동,강남구,역삼1동,서울특별시 강남구 역삼1동
강남구,역삼동,브라운스톤역삼,역삼1동,강남구,역삼1동,서울특별시 강남구 역삼1동
강남구,역삼동,상지리츠빌(1호라인),역삼1동,강남구,역삼2동,서울특별시 강남구 역삼2동
강남구,역삼동,상지리츠빌(2호라인),역삼1동,강남구,역삼2동,서울특별시 강남구 역삼2동
강남구,역삼동,상지리츠빌역삼2차,역삼1동,강남구,역삼2동,서울특별시 강남구 역삼2동
강남구,역삼동,성영forU,역삼1동,강남구,역삼1동,서울특별시 강남구 역삼1동
강남구,역삼동,세방하이빌1,역삼1동,강남구,역삼2동,서울특별시 강남구 역삼2동
강남구,역삼동,세종빌라트,역삼1동,강남구,역삼1동,서울특별시 강남구 역삼1동
강남구,역삼동,시티프라디움더강남101동,역삼1동,강남구,역삼1동,서울특별시 강남구 역삼1동
강남구,역삼동,시티프라디움더강남201동,역삼1동,강남구,역삼1동,서울특별시 강남구 역삼1동
강남구,역삼동,쌍용플레티넘밸류,역삼1동,강남구,역삼1동,서울특별시 강남구 역삼1동
강남구,역삼동,쎄비앙101동,역삼1동,강남구,역삼2동,서울특별시 강남구 역삼2동
강남구,역삼동,쎄비앙102동,역삼1동,강남구,역삼2동,서울특별시 강남구 역삼2동
강남구,역삼동,에스케이허브젠,역삼1동,강남구,역삼1동,서울특별시 강남구 역삼1동
강남구,역삼동,역삼2차아이파크,역삼1동,강남구,역삼2동,서울특별시 강남구 역삼2동
강남구,역삼동,역삼I'PARK,역삼1동,강남구,역삼2동,서울특별시 강남구 역삼2동
강남구,역삼동,역삼동골든베리힐,역삼1동,강남구,역삼1동,서울특별시 강남구 역삼1동
강남구,역삼동,역삼동그린비,역삼1동,강남구,역삼1동,서울특별시 강남구 역삼1동
강남구,역삼동,역삼동우정에쉐르1,역삼1동,강남구,역삼1동,서울특별시 강남구 역삼1동
강남구,역삼동,역삼동월드메르디앙,역삼1동,강남구,역삼1동,서울특별시 강남구 역삼1동
강남구,역삼동,역삼동칼라,역삼1동,강남구,역삼2동,서울특별시 강남구 역삼2동
강남구,역삼동,역삼동하나빌,역삼1동,강남구,역삼1동,서울특별시 강남구 역삼1동
강남구,역삼동,역삼디오슈페리움,역삼1동,강남구,역삼1동,서울특별시 강남구 역삼1동
강남구,역삼동,역삼래미안,역삼1동,강남구,역삼2동,서울특별시 강남구 역삼2동
강남구,역삼동,역삼르비앙1,역삼1동,강남구,역삼1동,서울특별시 강남구 역삼1동
강남구,역삼동,역삼센트럴2차아이파크,역삼1동,강남구,역삼2동,서울특별시 강남구 역삼2동
강남구,역삼동,역삼엔스위트1,역삼1동,강남구,역삼1동,서울특별시 강남구 역삼1동
강남구,역삼동,역삼엔스위트102동,역삼1동,강남구,역삼1동,서울특별시 강남구 역삼1동
강남구,역삼동,역삼예명,역삼1동,강남구,역삼1동,서울특별시 강남구 역삼1동
강남구,역삼동,역삼우성,역삼1동,강남구,역삼1동,서울특별시 강남구 역삼1동
강남구,역삼동,역삼우정에쉐르2,역삼1동,강남구,역삼2동,서울특별시 강남구 역삼2동
강남구,역삼동,역삼이안애비,역삼1동,강남구,역삼1동,서울특별시 강남구 역삼1동
강남구,역삼동,역삼이안애에이,역삼1동,강남구,역삼2동,서울특별시 강남구 역삼2동
강남구,역삼동,역삼자이,역삼1동,강남구,역삼2동,서울특별시 강남구 역삼2동
강남구,역삼동,역삼카이스아파트,역삼1동,강남구,역삼1동,서울특별시 강남구 역삼1동
강남구,역삼동,역삼푸르지오,역삼1동,강남구,역삼2동,서울특별시 강남구 역삼2동
강남구,역삼동,예지인,역삼1동,강남구,역삼1동,서울특별시 강남구 역삼1동
강남구,역삼동,예지향,역삼1동,강남구,역삼2동,서울특별시 강남구 역삼2동
강남구,역삼동,요진와이시티미니,역삼1동,강남구,역삼2동,서울특별시 강남구 역삼2동
강남구,역삼동,우림루미아트1,역삼1동,강남구,역삼2동,서울특별시 강남구 역삼2동
강남구,역삼동,우림루미아트2,역삼1동,강남구,역삼2동,서울특별시 강남구 역삼2동
강남구,역삼동,우성빌라트,역삼1동,강남구,역삼1동,서울특별시 강남구 역삼1동
강남구,역삼동,우정에쉐르3,역삼1동,강남구,역삼2동,서울특별시 강남구 역삼2동
강남구,역삼동,우정에쉐르멤버스,역삼1동,강남구,역삼2동,서울특별시 강남구 역삼2동
강남구,역삼동,원에디션강남,역삼1동,강남구,역삼1동,서울특별시 강남구 역삼1동
강남구,역삼동,은하수,역삼1동,강남구,역삼2동,서울특별시 강남구 역삼2동
강남구,역삼동,이스턴오피스텔,역삼1동,강남구,역삼1동,서울특별시 강남구 역삼1동
강남구,역삼동,정원,역삼1동,강남구,역삼1동,서울특별시 강남구 역삼1동
강남구,역삼동,조이너스,역삼1동,강남구,역삼1동,서울특별시 강남구 역삼1동
강남구,역삼동,지석천평대,역삼1동,강남구,역삼1동,서울특별시 강남구 역삼1동
강남구,역삼동,진넥스빌2,역삼1동,강남구,역삼2동,서울특별시 강남구 역삼2동
강남구,역삼동,탑팰리스,역삼1동,강남구,역삼2동,서울특별시 강남구 역삼2동
강남구,역삼동,테헤란아이파크,역삼1동,강남구,역삼2동,서울특별시 강남구 역삼2동
강남구,역삼동,트레벨,역삼1동,강남구,역삼2동,서울특별시 강남구 역삼2동
강남구,역삼동,포스틸빌라트,역삼1동,강남구,역삼1동,서울특별시 강남구 역삼1동
강남구,역삼동,풍림지오빌,역삼1동,강남구,역삼1동,서울특별시 강남구 역삼1동
강남구,역삼동,프리마빌,역삼1동,강남구,역삼2동,서울특별시 강남구 역삼2동
강남구,역삼동,프리빌리지,역삼1동,강남구,역삼2동,서울특별시 강남구 역삼2동
강남구,역삼동,프리우스역삼101동,역삼1동,강남구,역삼1동,서울특별시 강남구 역삼1동
강남구,역삼동,프리우스역삼102동,역삼1동,강남구,역삼1동,서울특별시 강남구 역삼1동
강남구,역삼동,한스빌(836),역삼1동,강남구,역삼1동,서울특별시 강남구 역삼1동
강남구,역삼동,한양럭스,역삼1동,강남구,역삼1동,서울특별시 강남구 역삼1동
강남구,역삼동,한화진넥스빌,역삼1동,강남구,역삼2동,서울특별시 강남구 역삼2동
강남구,역삼동,현대까르띠에710,역삼1동,강남구,역삼2동,서울특별시 강남구 역삼2동
강남구,역삼동,현대이스트빌,역삼1동,강남구,역삼2동,서울특별시 강남구 역삼2동
강남구,역삼동,현대트라움,역삼1동,강남구,역삼1동,서울특별시 강남구 역삼1동
강남구,역삼동,현대하이츠,역삼1동,강남구,역삼1동,서울특별시 강남구 역삼1동
강남구,역삼동,현대휴먼터치빌,역삼1동,강남구,역삼1동,서울특별시 강남구 역삼1동
강남구,율현동,강남한신휴플러스6단지,세곡동,강남구,세곡동,서울특별시 강남구 세곡동
강남구,율현동,강남한신휴플러스8단지,세곡동,강남구,세곡동,서울특별시 강남구 세곡동
강남구,일원동,가람,일원본동,강남구,일원본동,서울특별시 강남구 일원본동
강남구,일원동,개포한신,일원본동,강남구,개포3동,서울특별시 강남구 개포3동
강남구,일원동,디에이치자이개포,일원본동,강남구,개포2동,서울특별시 강남구 개포2동
강남구,일원동,디에이치포레센트,일원본동,강남구,개포3동,서울특별시 강남구 개포3동
강남구,일원동,래미안 개포 루체하임,일원본동,강남구,개포3동,서울특별시 강남구 개포3동
강남구,일원동,목련타운,일원본동,강남구,일원본동,서울특별시 강남구 일원본동
강남구,일원동,삼성,일원본동,강남구,일원본동,서울특별시 강남구 일원본동
강남구,일원동,상록수,일원본동,강남구,일원본동,서울특별시 강남구 일원본동
강남구,일원동,샘터마을,일원본동,강남구,일원본동,서울특별시 강남구 일원본동
강남구,일원동,수서,일원본동,강남구,일원1동,서울특별시 강남구 일원1동
강남구,일원동,우성7,일원본동,강남구,개포3동,서울특별시 강남구 개포3동
강남구,일원동,푸른마을아파트101동~111동,일원본동,강남구,일원본동,서울특별시 강남구 일원본동
강남구,일원동,한솔마을,일원본동,강남구,일원본동,서울특별시 강남구 일원본동
강남구,일원동,현대4,일원본동,강남구,개포2동,서울특별시 강남구 개포2동
강남구,일원동,호정빌라트,일원본동,강남구,일원1동,서울특별시 강남구 일원1동
강남구,자곡동,강남브리즈힐(토지임대부아파트),세곡동,강남구,세곡동,서울특별시 강남구 세곡동
강남구,자곡동,강남자곡 힐스테이트,세곡동,강남구,세곡동,서울특별시 강남구 세곡동
강남구,자곡동,강남자곡아이파크,세곡동,강남구,세곡동,서울특별시 강남구 세곡동
강남구,자곡동,강남한양수자인(4단지),세곡동,강남구,세곡동,서울특별시 강남구 세곡동
강남구,자곡동,래미안강남힐즈,세곡동,강남구,세곡동,서울특별시 강남구 세곡동
강남구,자곡동,래미안포레,세곡동,강남구,세곡동,서울특별시 강남구 세곡동
강남구,청담동,PH129,청담동,강남구,청담동,서울특별시 강남구 청담동
강남구,청담동,강변상지리츠빌,청담동,강남구,청담동,서울특별시 강남구 청담동
강남구,청담동,골든아트빌,청담동,강남구,청담동,서울특별시 강남구 청담동
강남구,청담동,구산,청담동,강남구,청담동,서울특별시 강남구 청담동
강남구,청담동,뉴현대리버빌,청담동,강남구,청담동,서울특별시 강남구 청담동
강남구,청담동,대우로얄카운티2,청담동,강남구,청담동,서울특별시 강남구 청담동
강남구,청담동,대우로얄카운티3,청담동,강남구,청담동,서울특별시 강남구 청담동
강남구,청담동,대우리츠카운티,청담동,강남구,청담동,서울특별시 강남구 청담동
강남구,청담동,대우멤버스카운티Ⅱ,청담동,강남구,청담동,서울특별시 강남구 청담동
강남구,청담동,대우유로카운티,청담동,강남구,청담동,서울특별시 강남구 청담동
강남구,청담동,더갤러리파크,청담동,강남구,청담동,서울특별시 강남구 청담동
강남구,청담동,동양파라곤,청담동,강남구,청담동,서울특별시 강남구 청담동
강남구,청담동,라테라스청담,청담동,강남구,청담동,서울특별시 강남구 청담동
강남구,청담동,래미안청담로이뷰,청담동,강남구,청담동,서울특별시 강남구 청담동
강남구,청담동,마크힐스웨스트윙,청담동,강남구,청담동,서울특별시 강남구 청담동
강남구,청담동,마크힐스이스트윙,청담동,강남구,청담동,서울특별시 강남구 청담동
강남구,청담동,목화,청담동,강남구,청담동,서울특별시 강남구 청담동
강남구,청담동,범신칼릭스빌,청담동,강남구,청담동,서울특별시 강남구 청담동
강남구,청담동,빌폴라리스,청담동,강남구,청담동,서울특별시 강남구 청담동
강남구,청담동,삼성청담공원아파트,청담동,강남구,청담동,서울특별시 강남구 청담동
강남구,청담동,삼성청담아파트,청담동,강남구,청담동,서울특별시 강남구 청담동
강남구,청담동,삼호빌라A동,청담동,강남구,청담동,서울특별시 강남구 청담동
강남구,청담동,삼호빌라B동,청담동,강남구,청담동,서울특별시 강남구 청담동
강남구,청담동,삼호빌라씨동,청담동,강남구,청담동,서울특별시 강남구 청담동
강남구,청담동,삼환(101동),청담동,강남구,청담동,서울특별시 강남구 청담동
강남구,청담동,상지리츠빌(127-16),청담동,강남구,청담동,서울특별시 강남구 청담동
강남구,청담동,상지리츠빌10차,청담동,강남구,청담동,서울특별시 강남구 청담동
강남구,청담동,상지리츠빌4A,청담동,강남구,청담동,서울특별시 강남구 청담동
강남구,청담동,상지리츠빌4B,청담동,강남구,청담동,서울특별시 강남구 청담동
강남구,청담동,상지리츠빌5B,청담동,강남구,청담동,서울특별시 강남구 청담동
강남구,청담동,상지리츠빌6,청담동,강남구,청담동,서울특별시 강남구 청담동
강남구,청담동,상지리츠빌9차,청담동,강남구,청담동,서울특별시 강남구 청담동
강남구,청담동,상지리츠빌카일룸2차,청담동,강남구,청담동,서울특별시 강남구 청담동
강남구,청담동,상지리츠빌카일룸3차,청담동,강남구,청담동,서울특별시 강남구 청담동
강남구,청담동,신동아,청담동,강남구,청담동,서울특별시 강남구 청담동
강남구,청담동,신동아빌라트,청담동,강남구,청담동,서울특별시 강남구 청담동
강남구,청담동,씨티2차(201동),청담동,강남구,청담동,서울특별시 강남구 청담동
강남구,청담동,씨티2차(202동),청담동,강남구,청담동,서울특별시 강남구 청담동
강남구,청담동,아노스카운트빌라트,청담동,강남구,청담동,서울특별시 강남구 청담동
강남구,청담동,에비뉴나인티,청담동,강남구,청담동,서울특별시 강남구 청담동
강남구,청담동,연세리버빌,청담동,강남구,청담동,서울특별시 강남구 청담동
강남구,청담동,연세리버빌3,청담동,강남구,청담동,서울특별시 강남구 청담동
강남구,청담동,연세리버테라스,청담동,강남구,청담동,서울특별시 강남구 청담동
강남구,청담동,연세빌라(102-6),청담동,강남구,청담동,서울특별시 강남구 청담동
강남구,청담동,연세청담파크빌,청담동,강남구,청담동,서울특별시 강남구 청담동
강남구,청담동,연세힐하우스(Ⅱ),청담동,강남구,청담동,서울특별시 강남구 청담동
강남구,청담동,연세힐하우스1,청담동,강남구,청담동,서울특별시 강남구 청담동
강남구,청담동,영풍마드레빌,청담동,강남구,청담동,서울특별시 강남구 청담동
강남구,청담동,우성아파트,청담동,강남구,청담동,서울특별시 강남구 청담동
강남구,청담동,이니그마빌,청담동,강남구,청담동,서울특별시 강남구 청담동
강남구,청담동,이니그마빌2,청담동,강남구,청담동,서울특별시 강남구 청담동
강남구,청담동,진흥아파트,청담동,강남구,청담동,서울특별시 강남구 청담동
강남구,청담동,"청담2차이-편한세상(201동,202동,203동)",청담동,강남구,청담동,서울특별시 강남구 청담동
강남구,청담동,청담2차이-편한세상(204동),청담동,강남구,청담동,서울특별시 강남구 청담동
강남구,청담동,청담2차이-편한세상(205동),청담동,강남구,청담동,서울특별시 강남구 청담동
강남구,청담동,청담3차이-편한세상(301동),청담동,강남구,청담동,서울특별시 강남구 청담동
강남구,청담동,청담4차이-편한세상,청담동,강남구,청담동,서울특별시 강남구 청담동
강남구,청담동,청담7상지리츠빌,청담동,강남구,청담동,서울특별시 강남구 청담동
강남구,청담동,청담8차상지리츠빌,청담동,강남구,청담동,서울특별시 강남구 청담동
강남구,청담동,청담CJ빌리지,청담동,강남구,청담동,서울특별시 강남구 청담동
강남구,청담동,청담건영,청담동,강남구,청담동,서울특별시 강남구 청담동
강남구,청담동,청담그랑빌,청담동,강남구,청담동,서울특별시 강남구 청담동
강남구,청담동,청담대림이-편한세상,청담동,강남구,청담동,서울특별시 강남구 청담동
강남구,청담동,청담대우로얄카운티6차,청담동,강남구,청담동,서울특별시 강남구 청담동
강남구,청담동,청담대우멤버스카운티10차,청담동,강남구,청담동,서울특별시 강남구 청담동
강남구,청담동,청담대우멤버스카운티11차,청담동,강남구,청담동,서울특별시 강남구 청담동
강남구,청담동,청담대우멤버스카운티6차,청담동,강남구,청담동,서울특별시 강남구 청담동
강남구,청담동,청담대우멤버스카운티7차,청담동,강남구,청담동,서울특별시 강남구 청담동
강남구,청담동,청담대우멤버스카운티8차,청담동,강남구,청담동,서울특별시 강남구 청담동
강남구,청담동,청담대우멤버스카운티9차,청담동,강남구,청담동,서울특별시 강남구 청담동
강남구,청담동,청담동마크노빌,청담동,강남구,청담동,서울특별시 강남구 청담동
강남구,청담동,청담동삼성1차(101동),청담동,강남구,청담동,서울특별시 강남구 청담동
강남구,청담동,청담동현대빌라트,청담동,강남구,청담동,서울특별시 강남구 청담동
강남구,청담동,청담디에브스아파트,청담동,강남구,청담동,서울특별시 강남구 청담동
강남구,청담동,청담로얄카운티,청담동,강남구,청담동,서울특별시 강남구 청담동
강남구,청담동,청담린든그로브,청담동,강남구,청담동,서울특별시 강남구 청담동
강남구,청담동,청담매스터빌,청담동,강남구,청담동,서울특별시 강남구 청담동
강남구,청담동,청담범신칼릭스빌2차,청담동,강남구,청담동,서울특별시 강남구 청담동
강남구,청담동,청담삼익아파트,청담동,강남구,청담동,서울특별시 강남구 청담동
강남구,청담동,청담스위트,청담동,강남구,청담동,서울특별시 강남구 청담동
강남구,청담동,청담신원아침도시마인,청담동,강남구,청담동,서울특별시 강남구 청담동
강남구,청담동,청담아르지움,청담동,강남구,청담동,서울특별시 강남구 청담동
강남구,청담동,청담아이파크,청담동,강남구,청담동,서울특별시 강남구 청담동
강남구,청담동,청담어퍼하우스,청담동,강남구,청담동,서울특별시 강남구 청담동
강남구,청담동,청담우방아파트,청담동,강남구,청담동,서울특별시 강남구 청담동
강남구,청담동,청담자이,청담동,강남구,청담동,서울특별시 강남구 청담동
강남구,청담동,청담파라곤Ⅱ1단지,청담동,강남구,청담동,서울특별시 강남구 청담동
강남구,청담동,청담파라곤Ⅱ2단지,청담동,강남구,청담동,서울특별시 강남구 청담동
강남구,청담동,청담파크빌,청담동,강남구,청담동,서울특별시 강남구 청담동
강남구,청담동,청담포레,청담동,강남구,청담동,서울특별시 강남구 청담동
강남구,청담동,청담현대3차아파트,청담동,강남구,청담동,서울특별시 강남구 청담동
강남구,청담동,청담힐(에이동)진도(비동),청담동,강남구,청담동,서울특별시 강남구 청담동
강남구,청담동,한신오페라하우스,청담동,강남구,청담동,서울특별시 강남구 청담동
강남구,청담동,한신오페라하우스2차,청담동,강남구,청담동,서울특별시 강남구 청담동
강남구,청담동,현대아파트,청담동,강남구,청담동,서울특별시 강남구 청담동
강남구,청담동,현대아파트(75-1),청담동,강남구,청담동,서울특별시 강남구 청담동
강남구,청담동,현대한강빌라,청담동,강남구,청담동,서울특별시 강남구 청담동
강남구,청담동,호원빌라,청담동,강남구,청담동,서울특별시 강남구 청담동
강남구,청담동,효성빌라청담101(2차),청담동,강남구,청담동,서울특별시 강남구 청담동
강남구,청담동,효성빌라청담101(A동),청담동,강남구,청담동,서울특별시 강남구 청담동
강남구,청담동,효성빌라청담101(B동),청담동,강남구,청담동,서울특별시 강남구 청담동
강남구,청담동,휴먼스타빌,청담동,강남구,청담동,서울특별시 강남구 청담동
강동구,강일동,강동리버스트4단지,강일동,강동구,강일동,서울특별시 강동구 강일동
강동구,강일동,강동리버스트8단지,강일동,강동구,강일동,서울특별시 강동구 강일동
강동구,강일동,강일리버파크10단지,강일동,강동구,강일동,서울특별시 강동구 강일동
강동구,강일동,강일리버파크1단지,강일동,강동구,강일동,서울특별시 강동구 강일동
강동구,강일동,강일리버파크2단지,강일동,강동구,강일동,서울특별시 강동구 강일동
강동구,강일동,강일리버파크3단지,강일동,강동구,강일동,서울특별시 강동구 강일동
강동구,강일동,강일리버파크4단지,강일동,강동구,강일동,서울특별시 강동구 강일동
강동구,강일동,강일리버파크5단지,강일동,강동구,강일동,서울특별시 강동구 강일동
강동구,강일동,강일리버파크6단지,강일동,강동구,강일동,서울특별시 강동구 강일동
강동구,강일동,강일리버파크7단지,강일동,강동구,강일동,서울특별시 강동구 강일동
강동구,강일동,강일리버파크8단지,강일동,강동구,강일동,서울특별시 강동구 강일동
강동구,강일동,강일리버파크9단지,강일동,강동구,강일동,서울특별시 강동구 강일동
강동구,강일동,고덕리엔파크1단지,강일동,강동구,강일동,서울특별시 강동구 강일동
강동구,강일동,고덕리엔파크2단지,강일동,강동구,강일동,서울특별시 강동구 강일동
강동구,강일동,힐스테이트리슈빌강일,강일동,강동구,강일동,서울특별시 강동구 강일동
강동구,고덕동,고덕 아이파크,고덕1동,강동구,고덕1동,서울특별시 강동구 고덕1동
강동구,고덕동,고덕그라시움,고덕1동,강동구,고덕2동,서울특별시 강동구 고덕2동
강동구,고덕동,고덕센트럴푸르지오,고덕1동,강동구,고덕2동,서울특별시 강동구 고덕2동
강동구,고덕동,고덕풍경채어바니티,고덕1동,강동구,고덕2동,서울특별시 강동구 고덕2동
강동구,고덕동,대우,고덕1동,강동구,고덕1동,서울특별시 강동구 고덕1동
강동구,고덕동,래미안힐스테이트고덕,고덕1동,강동구,고덕1동,서울특별시 강동구 고덕1동
강동구,고덕동,배재현대,고덕1동,강동구,고덕1동,서울특별시 강동구 고덕1동
강동구,고덕동,아남1,고덕1동,강동구,고덕1동,서울특별시 강동구 고덕1동
강동구,길동,SM드림빌,길동,강동구,길동,서울특별시 강동구 길동
강동구,길동,SM빌,길동,강동구,길동,서울특별시 강동구 길동
강동구,길동,SM해그린12차,길동,강동구,길동,서울특별시 강동구 길동
강동구,길동,강동LG자이,길동,강동구,길동,서울특별시 강동구 길동
강동구,길동,강동렘브란트,길동,강동구,길동,서울특별시 강동구 길동
강동구,길동,강동역에스케이허브,길동,강동구,길동,서울특별시 강동구 길동
강동구,길동,강동와이시티,길동,강동구,길동,서울특별시 강동구 길동
강동구,길동,강동큐브,길동,강동구,길동,서울특별시 강동구 길동
강동구,길동,강동큐브(2차),길동,강동구,길동,서울특별시 강동구 길동
강동구,길동,강동한신휴플러스,길동,강동구,길동,서울특별시 강동구 길동
강동구,길동,강동헤리티지자이,길동,강동구,길동,서울특별시 강동구 길동
강동구,길동,거산유팰리스2차,길동,강동구,길동,서울특별시 강동구 길동
강동구,길동,경지Arium,길동,강동구,천호3동,서울특별시 강동구 천호3동
강동구,길동,골드빌4차,길동,강동구,길동,서울특별시 강동구 길동
강동구,길동,골드클래스,길동,강동구,길동,서울특별시 강동구 길동
강동구,길동,골든빌,길동,강동구,길동,서울특별시 강동구 길동
강동구,길동,광남(355-2),길동,강동구,길동,서울특별시 강동구 길동
강동구,길동,광남벨라스613V,길동,강동구,길동,서울특별시 강동구 길동
강동구,길동,광남아파트101동,길동,강동구,길동,서울특별시 강동구 길동
강동구,길동,광남아파트102동,길동,강동구,길동,서울특별시 강동구 길동
강동구,길동,광남캐스빌(247-0),길동,강동구,길동,서울특별시 강동구 길동
강동구,길동,광남캐스빌(389-9),길동,강동구,길동,서울특별시 강동구 길동
강동구,길동,광남캐스빌610V,길동,강동구,길동,서울특별시 강동구 길동
강동구,길동,광남캐스빌아파트101동,길동,강동구,길동,서울특별시 강동구 길동
강동구,길동,길동3차이룸,길동,강동구,길동,서울특별시 강동구 길동
강동구,길동,길동다성이즈빌,길동,강동구,길동,서울특별시 강동구 길동
강동구,길동,길동쎈스빌주상복합,길동,강동구,길동,서울특별시 강동구 길동
강동구,길동,길동우성,길동,강동구,길동,서울특별시 강동구 길동
강동구,길동,노블레스(383-8),길동,강동구,길동,서울특별시 강동구 길동
강동구,길동,다성이즈빌,길동,강동구,길동,서울특별시 강동구 길동
강동구,길동,다성이즈빌(349-1),길동,강동구,길동,서울특별시 강동구 길동
강동구,길동,다성이즈빌(387-2),길동,강동구,길동,서울특별시 강동구 길동
강동구,길동,다성이즈빌(387-4),길동,강동구,길동,서울특별시 강동구 길동
강동구,길동,다성이즈빌(주상복합),길동,강동구,길동,서울특별시 강동구 길동
강동구,길동,다성이즈빌아파트,길동,강동구,길동,서울특별시 강동구 길동
강동구,길동,다성이즈빌아파트(388-4),길동,강동구,길동,서울특별시 강동구 길동
강동구,길동,다성이즈텔,길동,강동구,길동,서울특별시 강동구 길동
강동구,길동,다성팰리스,길동,강동구,길동,서울특별시 강동구 길동
강동구,길동,다오아트빌,길동,강동구,길동,서울특별시 강동구 길동
강동구,길동,대상,길동,강동구,길동,서울특별시 강동구 길동
강동구,길동,도림씨티빌1,길동,강동구,길동,서울특별시 강동구 길동
강동구,길동,동남아이스타즈,길동,강동구,길동,서울특별시 강동구 길동
강동구,길동,동삼빌라트,길동,강동구,길동,서울특별시 강동구 길동
강동구,길동,동서울오네뜨,길동,강동구,길동,서울특별시 강동구 길동
강동구,길동,동심훼밀리,길동,강동구,길동,서울특별시 강동구 길동
강동구,길동,라인,길동,강동구,길동,서울특별시 강동구 길동
강동구,길동,메트로아파트,길동,강동구,길동,서울특별시 강동구 길동
강동구,길동,문화1,길동,강동구,길동,서울특별시 강동구 길동
강동구,길동,삼유스위트빌,길동,강동구,길동,서울특별시 강동구 길동
강동구,길동,삼익세라믹,길동,강동구,길동,서울특별시 강동구 길동
강동구,길동,삼익파크맨션,길동,강동구,길동,서울특별시 강동구 길동
강동구,길동,서한베네치아,길동,강동구,길동,서울특별시 강동구 길동
강동구,길동,시가오똠,길동,강동구,길동,서울특별시 강동구 길동
강동구,길동,시가오똠에이동,길동,강동구,길동,서울특별시 강동구 길동
강동구,길동,신대길파크하임,길동,강동구,길동,서울특별시 강동구 길동
강동구,길동,신동아,길동,강동구,길동,서울특별시 강동구 길동
강동구,길동,신동아4,길동,강동구,길동,서울특별시 강동구 길동
강동구,길동,신세대빌라트,길동,강동구,길동,서울특별시 강동구 길동
강동구,길동,신암,길동,강동구,길동,서울특별시 강동구 길동
강동구,길동,신암가온,길동,강동구,길동,서울특별시 강동구 길동
강동구,길동,양촌,길동,강동구,길동,서울특별시 강동구 길동
강동구,길동,에스아이팰리스강동센텀I,길동,강동구,길동,서울특별시 강동구 길동
강동구,길동,에스아이팰리스강동센텀Ⅱ,길동,강동구,길동,서울특별시 강동구 길동
강동구,길동,에스엠이로빌,길동,강동구,길동,서울특별시 강동구 길동
강동구,길동,에스엠이로빌(379-0),길동,강동구,길동,서울특별시 강동구 길동
강동구,길동,에이스빌(370-3),길동,강동구,길동,서울특별시 강동구 길동
강동구,길동,에이치비골드빌(102동),길동,강동구,길동,서울특별시 강동구 길동
강동구,길동,에이치비골드빌(103동),길동,강동구,길동,서울특별시 강동구 길동
강동구,길동,엠엑스아뜨리에빌아파트,길동,강동구,길동,서울특별시 강동구 길동
강동구,길동,엠프라자아파트(152-3),길동,강동구,길동,서울특별시 강동구 길동
강동구,길동,엠프라자아파트(152-9),길동,강동구,길동,서울특별시 강동구 길동
강동구,길동,예건타워빌,길동,강동구,길동,서울특별시 강동구 길동
강동구,길동,예다움,길동,강동구,길동,서울특별시 강동구 길동
강동구,길동,예전이룸1차,길동,강동구,길동,서울특별시 강동구 길동
강동구,길동,예전이룸2차,길동,강동구,길동,서울특별시 강동구 길동
강동구,길동,우림루미아트,길동,강동구,길동,서울특별시 강동구 길동
강동구,길동,우성,길동,강동구,길동,서울특별시 강동구 길동
강동구,길동,웅주아크로파크,길동,강동구,길동,서울특별시 강동구 길동
강동구,길동,유덕휴먼빌,길동,강동구,길동,서울특별시 강동구 길동
강동구,길동,율전에버그린아파트,길동,강동구,길동,서울특별시 강동구 길동
강동구,길동,이스트드림힐,길동,강동구,길동,서울특별시 강동구 길동
강동구,길동,이편한세상강동에코포레,길동,강동구,길동,서울특별시 강동구 길동
강동구,길동,장인이즈빌,길동,강동구,길동,서울특별시 강동구 길동
강동구,길동,주풍그린빌,길동,강동구,길동,서울특별시 강동구 길동
강동구,길동,중앙하이츠강동,길동,강동구,길동,서울특별시 강동구 길동
강동구,길동,청광플러스원(큐브1차),길동,강동구,길동,서울특별시 강동구 길동
강동구,길동,청광플러스원큐브2차,길동,강동구,길동,서울특별시 강동구 길동
강동구,길동,청광플러스원큐브3차,길동,강동구,길동,서울특별시 강동구 길동
강동구,길동,청원파크빌2,길동,강동구,길동,서울특별시 강동구 길동
강동구,길동,청원파크빌3,길동,강동구,길동,서울특별시 강동구 길동
강동구,길동,태성,길동,강동구,길동,서울특별시 강동구 길동
강동구,길동,태솔,길동,강동구,길동,서울특별시 강동구 길동
강동구,길동,태천해오름18차,길동,강동구,길동,서울특별시 강동구 길동
강동구,길동,태흥,길동,강동구,길동,서울특별시 강동구 길동
강동구,길동,하나플러스,길동,강동구,길동,서울특별시 강동구 길동
강동구,길동,하이브,길동,강동구,길동,서울특별시 강동구 길동
강동구,길동,하이존,길동,강동구,길동,서울특별시 강동구 길동
강동구,길동,한건,길동,강동구,길동,서울특별시 강동구 길동
강동구,길동,한빛골드빌1차,길동,강동구,길동,서울특별시 강동구 길동
강동구,길동,한솔브리즈,길동,강동구,길동,서울특별시 강동구 길동
강동구,길동,한전우성1,길동,강동구,길동,서울특별시 강동구 길동
강동구,길동,해맞이비동,길동,강동구,길동,서울특별시 강동구 길동
강동구,길동,해맞이에이동,길동,강동구,길동,서울특별시 강동구 길동
강동구,길동,현대1,길동,강동구,길동,서울특별시 강동구 길동
강동구,길동,현대웰하임(101동),길동,강동구,길동,서울특별시 강동구 길동
강동구,길동,현대웰하임(201동),길동,강동구,길동,서울특별시 강동구 길동
강동구,길동,형인허브빌아파트,길동,강동구,길동,서울특별시 강동구 길동
강동구,길동,효성노바,길동,강동구,길동,서울특별시 강동구 길동
강동구,길동,희훈리치파크1,길동,강동구,길동,서울특별시 강동구 길동
강동구,둔촌동,KNP이스트빌,둔촌1동,강동구,둔촌2동,서울특별시 강동구 둔촌2동
강동구,둔촌동,KNP주상복합1,둔촌1동,강동구,길동,서울특별시 강동구 길동
강동구,둔촌동,경방필하우스,둔촌1동,강동구,둔촌2동,서울특별시 강동구 둔촌2동
강동구,둔촌동,광남아파트101동,둔촌1동,강동구,둔촌2동,서울특별시 강동구 둔촌2동
강동구,둔촌동,광남아파트102동,둔촌1동,강동구,둔촌2동,서울특별시 강동구 둔촌2동
강동구,둔촌동,광남캐스빌(631),둔촌1동,강동구,둔촌2동,서울특별시 강동구 둔촌2동
강동구,둔촌동,광남캐스빌101동,둔촌1동,강동구,둔촌2동,서울특별시 강동구 둔촌2동
강동구,둔촌동,광남캐스빌102동,둔촌1동,강동구,둔촌2동,서울특별시 강동구 둔촌2동
강동구,둔촌동,광남캐스빌103동,둔촌1동,강동구,둔촌2동,서울특별시 강동구 둔촌2동
강동구,둔촌동,광남캐스빌105동,둔촌1동,강동구,둔촌2동,서울특별시 강동구 둔촌2동
강동구,둔촌동,그랜드1,둔촌1동,송파구,방이1동,서울특별시 송파구 방이1동
강동구,둔촌동,노바,둔촌1동,강동구,둔촌2동,서울특별시 강동구 둔촌2동
강동구,둔촌동,다원애버니아,둔촌1동,강동구,둔촌1동,서울특별시 강동구 둔촌1동
강동구,둔촌동,더샵둔촌포레,둔촌1동,강동구,둔촌2동,서울특별시 강동구 둔촌2동
강동구,둔촌동,더샵파크솔레이유,둔촌1동,강동구,둔촌2동,서울특별시 강동구 둔촌2동
강동구,둔촌동,도원빌,둔촌1동,강동구,둔촌2동,서울특별시 강동구 둔촌2동
강동구,둔촌동,동아,둔촌1동,강동구,둔촌2동,서울특별시 강동구 둔촌2동
강동구,둔촌동,동호리츠빌,둔촌1동,강동구,둔촌2동,서울특별시 강동구 둔촌2동
강동구,둔촌동,둔촌늘푸른,둔촌1동,강동구,둔촌2동,서울특별시 강동구 둔촌2동
강동구,둔촌동,둔촌주공1단지,둔촌1동,강동구,둔촌1동,서울특별시 강동구 둔촌1동
강동구,둔촌동,둔촌주공2단지,둔촌1동,강동구,둔촌1동,서울특별시 강동구 둔촌1동
강동구,둔촌동,둔촌주공3단지,둔촌1동,강동구,둔촌1동,서울특별시 강동구 둔촌1동
강동구,둔촌동,둔촌주공4단지,둔촌1동,강동구,둔촌1동,서울특별시 강동구 둔촌1동
강동구,둔촌동,둔촌푸르지오,둔촌1동,강동구,둔촌2동,서울특별시 강동구 둔촌2동
강동구,둔촌동,둔촌하이츠,둔촌1동,강동구,둔촌2동,서울특별시 강동구 둔촌2동
강동구,둔촌동,둔촌현대수린나아파트,둔촌1동,강동구,둔촌2동,서울특별시 강동구 둔촌2동
강동구,둔촌동,라이프101동(544)102동(544-1),둔촌1동,강동구,둔촌2동,서울특별시 강동구 둔촌2동
강동구,둔촌동,미랜드퀸아파트101동,둔촌1동,강동구,둔촌2동,서울특별시 강동구 둔촌2동
강동구,둔촌동,미랜드퀸아파트102동,둔촌1동,강동구,둔촌2동,서울특별시 강동구 둔촌2동
강동구,둔촌동,상상프리,둔촌1동,강동구,둔촌2동,서울특별시 강동구 둔촌2동
강동구,둔촌동,성원,둔촌1동,강동구,둔촌2동,서울특별시 강동구 둔촌2동
강동구,둔촌동,세양청마루,둔촌1동,강동구,둔촌2동,서울특별시 강동구 둔촌2동
강동구,둔촌동,신동아파밀리에,둔촌1동,강동구,둔촌2동,서울특별시 강동구 둔촌2동
강동구,둔촌동,신성둔촌미소지움1,둔촌1동,강동구,둔촌2동,서울특별시 강동구 둔촌2동
강동구,둔촌동,신성둔촌미소지움2,둔촌1동,강동구,둔촌1동,서울특별시 강동구 둔촌1동
강동구,둔촌동,아인리베,둔촌1동,강동구,둔촌2동,서울특별시 강동구 둔촌2동
강동구,둔촌동,암펠로스타워,둔촌1동,강동구,둔촌2동,서울특별시 강동구 둔촌2동
강동구,둔촌동,올림픽파크포레온,둔촌1동,강동구,둔촌1동,서울특별시 강동구 둔촌1동
강동구,둔촌동,월드메르디앙올림픽파크,둔촌1동,강동구,둔촌2동,서울특별시 강동구 둔촌2동
강동구,둔촌동,율전에버그린,둔촌1동,강동구,둔촌2동,서울특별시 강동구 둔촌2동
강동구,둔촌동,주풍그린빌라트,둔촌1동,강동구,둔촌2동,서울특별시 강동구 둔촌2동
강동구,둔촌동,찬솔,둔촌1동,강동구,둔촌2동,서울특별시 강동구 둔촌2동
강동구,둔촌동,청원파크빌,둔촌1동,강동구,둔촌2동,서울특별시 강동구 둔촌2동
강동구,둔촌동,청호뜨레피움퍼스트아파트,둔촌1동,강동구,둔촌2동,서울특별시 강동구 둔촌2동
강동구,둔촌동,초원동아,둔촌1동,강동구,둔촌2동,서울특별시 강동구 둔촌2동
강동구,둔촌동,케이엔피로얄,둔촌1동,강동구,둔촌2동,서울특별시 강동구 둔촌2동
강동구,둔촌동,태상아트빌,둔촌1동,강동구,둔촌2동,서울특별시 강동구 둔촌2동
강동구,둔촌동,태천해오름,둔촌1동,강동구,둔촌2동,서울특별시 강동구 둔촌2동
강동구,둔촌동,프라자,둔촌1동,강동구,둔촌2동,서울특별시 강동구 둔촌2동
강동구,둔촌동,한솔,둔촌1동,강동구,둔촌2동,서울특별시 강동구 둔촌2동
강동구,둔촌동,한솔솔파크,둔촌1동,강동구,둔촌2동,서울특별시 강동구 둔촌2동
강동구,둔촌동,현대2,둔촌1동,강동구,둔촌2동,서울특별시 강동구 둔촌2동
강동구,둔촌동,현대3,둔촌1동,강동구,둔촌2동,서울특별시 강동구 둔촌2동
강동구,둔촌동,현대4,둔촌1동,강동구,상일제1동,서울특별시 강동구 상일제1동
강동구,명일동,KNP,명일1동,강동구,명일1동,서울특별시 강동구 명일1동
강동구,명일동,고덕삼환아파트,명일1동,강동구,명일2동,서울특별시 강동구 명일2동
강동구,명일동,고덕주공9,명일1동,강동구,명일2동,서울특별시 강동구 명일2동
강동구,명일동,다성씨티(1차),명일1동,강동구,명일1동,서울특별시 강동구 명일1동
강동구,명일동,다성씨티(2),명일1동,강동구,명일1동,서울특별시 강동구 명일1동
강동구,명일동,다성이즈빌(346-10),명일1동,강동구,명일1동,서울특별시 강동구 명일1동
강동구,명일동,다성이즈빌(346-12),명일1동,강동구,명일1동,서울특별시 강동구 명일1동
강동구,명일동,다성이즈빌(명일4차),명일1동,강동구,명일1동,서울특별시 강동구 명일1동
강동구,명일동,동양타워,명일1동,강동구,명일2동,서울특별시 강동구 명일2동
강동구,명일동,동은,명일1동,강동구,명일1동,서울특별시 강동구 명일1동
강동구,명일동,동은그랜드,명일1동,강동구,명일1동,서울특별시 강동구 명일1동
강동구,명일동,래미안솔베뉴,명일1동,강동구,명일1동,서울특별시 강동구 명일1동
강동구,명일동,명일동다성이즈빌아파트,명일1동,강동구,명일1동,서울특별시 강동구 명일1동
강동구,명일동,명일우성,명일1동,강동구,명일2동,서울특별시 강동구 명일2동
강동구,명일동,명일지에스아파트,명일1동,강동구,명일1동,서울특별시 강동구 명일1동
강동구,명일동,명일진로,명일1동,강동구,명일2동,서울특별시 강동구 명일2동
강동구,명일동,삼보힐아파트,명일1동,강동구,명일1동,서울특별시 강동구 명일1동
강동구,명일동,삼익가든,명일1동,강동구,명일1동,서울특별시 강동구 명일1동
강동구,명일동,삼익그린11차,명일1동,강동구,명일2동,서울특별시 강동구 명일2동
강동구,명일동,삼익그린2차,명일1동,강동구,명일1동,서울특별시 강동구 명일1동
강동구,명일동,삼환,명일1동,강동구,명일2동,서울특별시 강동구 명일2동
강동구,명일동,세비앙,명일1동,강동구,천호1동,서울특별시 강동구 천호1동
강동구,명일동,시앤디아파트,명일1동,강동구,천호1동,서울특별시 강동구 천호1동
강동구,명일동,신동아,명일1동,강동구,명일2동,서울특별시 강동구 명일2동
강동구,명일동,에스엠해그린,명일1동,강동구,명일1동,서울특별시 강동구 명일1동
강동구,명일동,우성101동,명일1동,강동구,명일2동,서울특별시 강동구 명일2동
강동구,명일동,우성102동,명일1동,강동구,명일2동,서울특별시 강동구 명일2동
강동구,명일동,우성103동,명일1동,강동구,명일2동,서울특별시 강동구 명일2동
강동구,명일동,중앙,명일1동,강동구,명일1동,서울특별시 강동구 명일1동
강동구,명일동,태천해오름101동,명일1동,강동구,명일1동,서울특별시 강동구 명일1동
강동구,명일동,태천해오름102동A,명일1동,강동구,명일1동,서울특별시 강동구 명일1동
강동구,명일동,태천해오름102동B,명일1동,강동구,명일1동,서울특별시 강동구 명일1동
강동구,명일동,태천해오름103동,명일1동,강동구,명일1동,서울특별시 강동구 명일1동
강동구,명일동,한강훼미리,명일1동,강동구,명일1동,서울특별시 강동구 명일1동
강동구,명일동,한양,명일1동,강동구,명일2동,서울특별시 강동구 명일2동
강동구,명일동,해밀,명일1동,강동구,명일1동,서울특별시 강동구 명일1동
강동구,명일동,현대(고덕),명일1동,강동구,명일1동,서울특별시 강동구 명일1동
강동구,명일동,현대(명일),명일1동,강동구,명일1동,서울특별시 강동구 명일1동
강동구,명일동,형인허브빌,명일1동,강동구,명일1동,서울특별시 강동구 명일1동
강동구,상일동,강동리엔파크14단지,상일제2동,강동구,상일제2동,서울특별시 강동구 상일제2동
강동구,상일동,고덕롯데캐슬베네루체,상일제2동,강동구,상일제1동,서울특별시 강동구 상일제1동
강동구,상일동,고덕리엔파크3단지,상일제2동,강동구,상일제2동,서울특별시 강동구 상일제2동
강동구,상일동,고덕센트럴IPARK,상일제2동,강동구,상일제1동,서울특별시 강동구 상일제1동
강동구,상일동,고덕숲아이파크,상일제2동,강동구,상일제1동,서울특별시 강동구 상일제1동
강동구,상일동,고덕아르테스미소지움,상일제2동,강동구,상일제1동,서울특별시 강동구 상일제1동
강동구,상일동,고덕아르테온,상일제2동,강동구,상일제1동,서울특별시 강동구 상일제1동
강동구,상일동,고덕자이,상일제2동,강동구,상일제1동,서울특별시 강동구 상일제1동
강동구,상일동,동아,상일제2동,강동구,상일제1동,서울특별시 강동구 상일제1동
강동구,상일동,중앙하이츠,상일제2동,강동구,상일제1동,서울특별시 강동구 상일제1동
강동구,성내동,LIGA,성내1동,강동구,성내1동,서울특별시 강동구 성내1동
강동구,성내동,갑지하이린,성내1동,강동구,성내3동,서울특별시 강동구 성내3동
강동구,성내동,강동네스빌,성내1동,강동구,성내3동,서울특별시 강동구 성내3동
강동구,성내동,강동다온채,성내1동,강동구,성내1동,서울특별시 강동구 성내1동
강동구,성내동,건영아모리움,성내1동,강동구,성내3동,서울특별시 강동구 성내3동
강동구,성내동,경보그레이스힐,성내1동,강동구,성내3동,서울특별시 강동구 성내3동
강동구,성내동,광남캐스빌(435-7),성내1동,강동구,성내2동,서울특별시 강동구 성내2동
강동구,성내동,광남캐스빌(443-26),성내1동,강동구,성내2동,서울특별시 강동구 성내2동
강동구,성내동,광남캐스빌(448-5),성내1동,강동구,성내2동,서울특별시 강동구 성내2동
강동구,성내동,광남캐스빌(510-1),성내1동,강동구,성내2동,서울특별시 강동구 성내2동
강동구,성내동,광남캐스빌3,성내1동,강동구,성내1동,서울특별시 강동구 성내1동
강동구,성내동,그란츠리버파크,성내1동,강동구,성내2동,서울특별시 강동구 성내2동
강동구,성내동,금광포란재,성내1동,강동구,성내2동,서울특별시 강동구 성내2동
강동구,성내동,노블네스트,성내1동,강동구,성내1동,서울특별시 강동구 성내1동
강동구,성내동,늘조은,성내1동,강동구,성내3동,서울특별시 강동구 성내3동
강동구,성내동,다성이즈빌,성내1동,강동구,성내1동,서울특별시 강동구 성내1동
강동구,성내동,다성이즈빌아파트,성내1동,강동구,성내3동,서울특별시 강동구 성내3동
강동구,성내동,대은팰리스뷰,성내1동,강동구,성내1동,서울특별시 강동구 성내1동
강동구,성내동,대주그린빌,성내1동,강동구,성내1동,서울특별시 강동구 성내1동
강동구,성내동,동남1,성내1동,강동구,성내1동,서울특별시 강동구 성내1동
강동구,성내동,동남2,성내1동,강동구,성내1동,서울특별시 강동구 성내1동
강동구,성내동,동남드림빌,성내1동,강동구,성내2동,서울특별시 강동구 성내2동
강동구,성내동,동방,성내1동,강동구,성내3동,서울특별시 강동구 성내3동
강동구,성내동,동아1,성내1동,강동구,성내3동,서울특별시 강동구 성내3동
강동구,성내동,동아2,성내1동,강동구,명일2동,서울특별시 강동구 명일2동
강동구,성내동,동원,성내1동,강동구,성내1동,서울특별시 강동구 성내1동
강동구,성내동,동원2,성내1동,강동구,성내1동,서울특별시 강동구 성내1동
강동구,성내동,동일상가,성내1동,강동구,성내3동,서울특별시 강동구 성내3동
강동구,성내동,둔촌역아치스톤(101동),성내1동,강동구,성내3동,서울특별시 강동구 성내3동
강동구,성내동,둔촌역청구,성내1동,강동구,성내3동,서울특별시 강동구 성내3동
강동구,성내동,드림스빌,성내1동,강동구,성내2동,서울특별시 강동구 성내2동
강동구,성내동,라움,성내1동,강동구,성내2동,서울특별시 강동구 성내2동
강동구,성내동,라움포레,성내1동,강동구,성내2동,서울특별시 강동구 성내2동
강동구,성내동,로얄,성내1동,강동구,성내3동,서울특별시 강동구 성내3동
강동구,성내동,메이저,성내1동,강동구,성내3동,서울특별시 강동구 성내3동
강동구,성내동,몽촌토성,성내1동,강동구,성내1동,서울특별시 강동구 성내1동
강동구,성내동,미랜드프레임빌,성내1동,강동구,성내1동,서울특별시 강동구 성내1동
강동구,성내동,백룡도원,성내1동,강동구,성내3동,서울특별시 강동구 성내3동
강동구,성내동,비앤비(101동),성내1동,강동구,성내3동,서울특별시 강동구 성내3동
강동구,성내동,비앤비(102동),성내1동,강동구,성내3동,서울특별시 강동구 성내3동
강동구,성내동,삼성파크타워,성내1동,강동구,성내1동,서울특별시 강동구 성내1동
강동구,성내동,삼진,성내1동,강동구,성내3동,서울특별시 강동구 성내3동
강동구,성내동,새한올림픽,성내1동,강동구,성내1동,서울특별시 강동구 성내1동
강동구,성내동,샤인빌(A동),성내1동,강동구,성내2동,서울특별시 강동구 성내2동
강동구,성내동,샤인빌(B동),성내1동,강동구,성내2동,서울특별시 강동구 성내2동
강동구,성내동,선광,성내1동,강동구,성내1동,서울특별시 강동구 성내1동
강동구,성내동,성내1차e-편한세상,성내1동,강동구,성내2동,서울특별시 강동구 성내2동
강동구,성내동,성내2차e-편한세상,성내1동,강동구,성내2동,서울특별시 강동구 성내2동
강동구,성내동,성내3차e-편한세상,성내1동,강동구,성내2동,서울특별시 강동구 성내2동
강동구,성내동,성내동AURAⅡ,성내1동,강동구,성내3동,서울특별시 강동구 성내3동
강동구,성내동,성내동대성,성내1동,강동구,성내2동,서울특별시 강동구 성내2동
강동구,성내동,성내동삼성아파트,성내1동,강동구,성내1동,서울특별시 강동구 성내1동
강동구,성내동,성내스테이,성내1동,강동구,성내1동,서울특별시 강동구 성내1동
강동구,성내동,성내웰빙시티,성내1동,강동구,성내3동,서울특별시 강동구 성내3동
강동구,성내동,성안마을청구,성내1동,강동구,성내1동,서울특별시 강동구 성내1동
강동구,성내동,성주아트빌,성내1동,강동구,성내2동,서울특별시 강동구 성내2동
강동구,성내동,센츄럴(438-2),성내1동,강동구,성내3동,서울특별시 강동구 성내3동
강동구,성내동,센츄럴(438-6),성내1동,강동구,성내3동,서울특별시 강동구 성내3동
강동구,성내동,스위트빌(435-10),성내1동,강동구,성내3동,서울특별시 강동구 성내3동
강동구,성내동,신성,성내1동,강동구,성내3동,서울특별시 강동구 성내3동
강동구,성내동,신이모닝빌,성내1동,강동구,성내3동,서울특별시 강동구 성내3동
강동구,성내동,신일유토빌(603-0),성내1동,강동구,성내3동,서울특별시 강동구 성내3동
강동구,성내동,신주,성내1동,강동구,성내1동,서울특별시 강동구 성내1동
강동구,성내동,신호빌라트,성내1동,강동구,성내1동,서울특별시 강동구 성내1동
강동구,성내동,씨제이나인,성내1동,강동구,성내2동,서울특별시 강동구 성내2동
강동구,성내동,아미캐슬(434-32),성내1동,강동구,성내1동,서울특별시 강동구 성내1동
강동구,성내동,아이퍼스트빌,성내1동,강동구,성내3동,서울특별시 강동구 성내3동
강동구,성내동,에스아이팰리스센트럴성내,성내1동,강동구,성내1동,서울특별시 강동구 성내1동
강동구,성내동,에스케이허브진,성내1동,강동구,성내2동,서울특별시 강동구 성내2동
강동구,성내동,영진파크빌(437-26),성내1동,강동구,성내3동,서울특별시 강동구 성내3동
강동구,성내동,영풍마드레빌,성내1동,강동구,성내1동,서울특별시 강동구 성내1동
강동구,성내동,오륜아크로빌,성내1동,강동구,성내3동,서울특별시 강동구 성내3동
강동구,성내동,오륜하이츠,성내1동,강동구,성내3동,서울특별시 강동구 성내3동
강동구,성내동,올림픽파크플러스,성내1동,강동구,성내3동,서울특별시 강동구 성내3동
강동구,성내동,올림픽파크한양수자인,성내1동,강동구,성내1동,서울특별시 강동구 성내1동
강동구,성내동,올림픽파크힐,성내1동,강동구,성내3동,서울특별시 강동구 성내3동
강동구,성내동,용명브릿지2차,성내1동,강동구,성내3동,서울특별시 강동구 성내3동
강동구,성내동,우림루미아트,성내1동,강동구,성내3동,서울특별시 강동구 성내3동
강동구,성내동,우성(101동),성내1동,강동구,성내3동,서울특별시 강동구 성내3동
강동구,성내동,우성(102동),성내1동,강동구,성내3동,서울특별시 강동구 성내3동
강동구,성내동,우성(104동),성내1동,강동구,성내3동,서울특별시 강동구 성내3동
강동구,성내동,운암화인빌,성내1동,강동구,성내1동,서울특별시 강동구 성내1동
강동구,성내동,운암화인빌102,성내1동,강동구,성내1동,서울특별시 강동구 성내1동
강동구,성내동,원다빌2,성내1동,강동구,성내2동,서울특별시 강동구 성내2동
강동구,성내동,이안강동,성내1동,강동구,성내2동,서울특별시 강동구 성내2동
강동구,성내동,인택스파크뷰,성내1동,강동구,성내3동,서울특별시 강동구 성내3동
강동구,성내동,일심,성내1동,강동구,성내3동,서울특별시 강동구 성내3동
강동구,성내동,주성AURA1,성내1동,강동구,성내1동,서울특별시 강동구 성내1동
강동구,성내동,중명,성내1동,강동구,성내3동,서울특별시 강동구 성내3동
강동구,성내동,중앙,성내1동,강동구,성내2동,서울특별시 강동구 성내2동
강동구,성내동,중앙하이츠,성내1동,강동구,성내3동,서울특별시 강동구 성내3동
강동구,성내동,집앤사베니아파트,성내1동,강동구,성내1동,서울특별시 강동구 성내1동
강동구,성내동,집앤사비디아파트,성내1동,강동구,성내1동,서울특별시 강동구 성내1동
강동구,성내동,집앤사비카,성내1동,강동구,성내3동,서울특별시 강동구 성내3동
강동구,성내동,집앤사비키아파트,성내1동,강동구,성내1동,서울특별시 강동구 성내1동
강동구,성내동,청구빌라트,성내1동,강동구,성내1동,서울특별시 강동구 성내1동
강동구,성내동,코랜드빌리지,성내1동,강동구,성내1동,서울특별시 강동구 성내1동
강동구,성내동,코오롱(1차),성내1동,강동구,성내2동,서울특별시 강동구 성내2동
강동구,성내동,코오롱2,성내1동,강동구,성내1동,서울특별시 강동구 성내1동
강동구,성내동,타운빌라트,성내1동,강동구,성내1동,서울특별시 강동구 성내1동
강동구,성내동,탑건위너빌,성내1동,강동구,성내1동,서울특별시 강동구 성내1동
강동구,성내동,태천,성내1동,강동구,성내3동,서울특별시 강동구 성내3동
강동구,성내동,태천해오름,성내1동,강동구,성내3동,서울특별시 강동구 성내3동
강동구,성내동,태천해오름(412-1),성내1동,강동구,성내3동,서울특별시 강동구 성내3동
강동구,성내동,태천해오름15차,성내1동,강동구,성내1동,서울특별시 강동구 성내1동
강동구,성내동,파라디아,성내1동,강동구,성내1동,서울특별시 강동구 성내1동
강동구,성내동,파크뷰진도맨션,성내1동,강동구,성내1동,서울특별시 강동구 성내1동
강동구,성내동,파크뷰캐슬,성내1동,강동구,성내1동,서울특별시 강동구 성내1동
강동구,성내동,파크프라자,성내1동,강동구,성내3동,서울특별시 강동구 성내3동
강동구,성내동,포레스(A동),성내1동,강동구,성내2동,서울특별시 강동구 성내2동
강동구,성내동,포레스(B동),성내1동,강동구,성내2동,서울특별시 강동구 성내2동
강동구,성내동,포레스(C동),성내1동,강동구,성내2동,서울특별시 강동구 성내2동
강동구,성내동,하나플러스,성내1동,강동구,성내3동,서울특별시 강동구 성내3동
강동구,성내동,하나플러스ll,성내1동,강동구,성내3동,서울특별시 강동구 성내3동
강동구,성내동,한강훼미리,성내1동,강동구,성내3동,서울특별시 강동구 성내3동
강동구,성내동,한독,성내1동,강동구,성내1동,서울특별시 강동구 성내1동
강동구,성내동,한솔브리즈,성내1동,강동구,성내3동,서울특별시 강동구 성내3동
강동구,성내동,한솔브리즈(199-4),성내1동,강동구,성내3동,서울특별시 강동구 성내3동
강동구,성내동,한솔애리즈,성내1동,강동구,성내3동,서울특별시 강동구 성내3동
강동구,성내동,한솔애리즈(405-5),성내1동,강동구,성내3동,서울특별시 강동구 성내3동
강동구,성내동,한솔애리즈(438-56),성내1동,강동구,성내3동,서울특별시 강동구 성내3동
강동구,성내동,한솔애리즈1,성내1동,강동구,성내3동,서울특별시 강동구 성내3동
강동구,성내동,한솔애리즈202동,성내1동,강동구,성내3동,서울특별시 강동구 성내3동
강동구,성내동,한솔애리즈2차,성내1동,강동구,성내3동,서울특별시 강동구 성내3동
강동구,성내동,한솔애리즈3차,성내1동,강동구,성내3동,서울특별시 강동구 성내3동
강동구,성내동,한솔애리즈501동,성내1동,강동구,성내3동,서울특별시 강동구 성내3동
강동구,성내동,한솔애리즈601동,성내1동,강동구,성내3동,서울특별시 강동구 성내3동
강동구,성내동,한양립스,성내1동,강동구,성내3동,서울특별시 강동구 성내3동
강동구,성내동,한영해시안아파트,성내1동,강동구,성내1동,서울특별시 강동구 성내1동
강동구,성내동,해가든,성내1동,강동구,성내3동,서울특별시 강동구 성내3동
강동구,성내동,해가든(454-1),성내1동,강동구,성내3동,서울특별시 강동구 성내3동
강동구,성내동,현대,성내1동,강동구,성내1동,서울특별시 강동구 성내1동
강동구,성내동,현대상가,성내1동,강동구,성내2동,서울특별시 강동구 성내2동
강동구,성내동,현대제이드,성내1동,강동구,성내1동,서울특별시 강동구 성내1동
강동구,성내동,현대코럴,성내1동,강동구,성내1동,서울특별시 강동구 성내1동
강동구,성내동,현대토파즈,성내1동,강동구,성내1동,서울특별시 강동구 성내1동
강동구,성내동,호암아펙스,성내1동,강동구,성내1동,서울특별시 강동구 성내1동
강동구,성내동,힐데스하임올림픽파크아파트,성내1동,강동구,성내3동,서울특별시 강동구 성내3동
강동구,암사동,경지리버캐슬,암사2동,강동구,암사2동,서울특별시 강동구 암사2동
강동구,암사동,내일쎄닛빌,암사2동,강동구,암사1동,서울특별시 강동구 암사1동
강동구,암사동,다성리버빌,암사2동,강동구,암사3동,서울특별시 강동구 암사3동
강동구,암사동,다성이즈빌,암사2동,강동구,암사1동,서울특별시 강동구 암사1동
강동구,암사동,다성이즈빌Ⅰ,암사2동,강동구,암사1동,서울특별시 강동구 암사1동
강동구,암사동,대명,암사2동,강동구,암사3동,서울특별시 강동구 암사3동
강동구,암사동,대송,암사2동,강동구,암사3동,서울특별시 강동구 암사3동
강동구,암사동,대원,암사2동,강동구,암사1동,서울특별시 강동구 암사1동
강동구,암사동,대은팰리스뷰(101),암사2동,강동구,암사2동,서울특별시 강동구 암사2동
강동구,암사동,대은팰리스뷰(102),암사2동,강동구,암사2동,서울특별시 강동구 암사2동
강동구,암사동,대의아름누리,암사2동,강동구,암사1동,서울특별시 강동구 암사1동
강동구,암사동,동양넥스빌,암사2동,강동구,암사3동,서울특별시 강동구 암사3동
강동구,암사동,동원베네스트,암사2동,강동구,암사1동,서울특별시 강동구 암사1동
강동구,암사동,라움(492-28),암사2동,강동구,암사1동,서울특별시 강동구 암사1동
강동구,암사동,롯데캐슬퍼스트,암사2동,강동구,암사3동,서울특별시 강동구 암사3동
강동구,암사동,리치,암사2동,강동구,암사2동,서울특별시 강동구 암사2동
강동구,암사동,메이저(474-21),암사2동,강동구,암사1동,서울특별시 강동구 암사1동
강동구,암사동,삼성광나루,암사2동,강동구,암사2동,서울특별시 강동구 암사2동
강동구,암사동,삼화그린,암사2동,강동구,암사1동,서울특별시 강동구 암사1동
강동구,암사동,새롬,암사2동,강동구,암사1동,서울특별시 강동구 암사1동
강동구,암사동,선사현대아파트,암사2동,강동구,암사2동,서울특별시 강동구 암사2동
강동구,암사동,신동아빌라트,암사2동,강동구,암사3동,서울특별시 강동구 암사3동
강동구,암사동,아키스,암사2동,강동구,암사1동,서울특별시 강동구 암사1동
강동구,암사동,암사e편한세상,암사2동,강동구,암사1동,서울특별시 강동구 암사1동
강동구,암사동,암사동한솔,암사2동,강동구,암사1동,서울특별시 강동구 암사1동
강동구,암사동,암사라인,암사2동,강동구,암사3동,서울특별시 강동구 암사3동
강동구,암사동,양지벨로스,암사2동,강동구,암사1동,서울특별시 강동구 암사1동
강동구,암사동,에스엠해그린,암사2동,강동구,명일1동,서울특별시 강동구 명일1동
강동구,암사동,영상라이브센스,암사2동,강동구,암사3동,서울특별시 강동구 암사3동
강동구,암사동,영진해가든(2동),암사2동,강동구,암사1동,서울특별시 강동구 암사1동
강동구,암사동,우암쎈스뷰,암사2동,강동구,암사1동,서울특별시 강동구 암사1동
강동구,암사동,정산(101동),암사2동,강동구,암사3동,서울특별시 강동구 암사3동
강동구,암사동,정산(102동),암사2동,강동구,암사3동,서울특별시 강동구 암사3동
강동구,암사동,정산(103동),암사2동,강동구,암사3동,서울특별시 강동구 암사3동
강동구,암사동,중앙하이츠,암사2동,강동구,암사1동,서울특별시 강동구 암사1동
강동구,암사동,풍천,암사2동,강동구,암사1동,서울특별시 강동구 암사1동
강동구,암사동,프라이어팰리스,암사2동,강동구,암사1동,서울특별시 강동구 암사1동
강동구,암사동,한강리치팰리스,암사2동,강동구,암사2동,서울특별시 강동구 암사2동
강동구,암사동,한강포스파크,암사2동,강동구,암사3동,서울특별시 강동구 암사3동
강동구,암사동,한강현대,암사2동,강동구,암사3동,서울특별시 강동구 암사3동
강동구,암사동,한건,암사2동,강동구,암사1동,서울특별시 강동구 암사1동
강동구,암사동,한건브리앙,암사2동,강동구,암사1동,서울특별시 강동구 암사1동
강동구,암사동,한솔솔파크,암사2동,강동구,암사2동,서울특별시 강동구 암사2동
강동구,암사동,한양그린,암사2동,강동구,암사3동,서울특별시 강동구 암사3동
강동구,암사동,현대홈타운,암사2동,강동구,암사3동,서울특별시 강동구 암사3동
강동구,암사동,효정하나플러스,암사2동,강동구,암사1동,서울특별시 강동구 암사1동
강동구,암사동,힐스테이트 강동 리버뷰,암사2동,강동구,암사2동,서울특별시 강동구 암사2동
강동구,천호동,SM이로빌아파트,천호1동,강동구,천호3동,서울특별시 강동구 천호3동
강동구,천호동,강동밀레니얼중흥S-클래스,천호1동,강동구,천호2동,서울특별시 강동구 천호2동
강동구,천호동,강동상떼빌,천호1동,강동구,천호3동,서울특별시 강동구 천호3동
강동구,천호동,강동역두산위브센티움,천호1동,강동구,천호3동,서울특별시 강동구 천호3동
강동구,천호동,강동역신동아파밀리에,천호1동,강동구,천호3동,서울특별시 강동구 천호3동
강동구,천호동,강동이루미아파트,천호1동,강동구,천호1동,서울특별시 강동구 천호1동
강동구,천호동,강동파크빌,천호1동,강동구,천호3동,서울특별시 강동구 천호3동
강동구,천호동,강변그대가갤럭시,천호1동,강동구,천호2동,서울특별시 강동구 천호2동
강동구,천호동,강변그대가리버뷰,천호1동,강동구,천호2동,서울특별시 강동구 천호2동
강동구,천호동,고려아파트(A동),천호1동,강동구,천호1동,서울특별시 강동구 천호1동
강동구,천호동,고려아파트(B동),천호1동,강동구,천호1동,서울특별시 강동구 천호1동
강동구,천호동,고려아파트(C동),천호1동,강동구,천호1동,서울특별시 강동구 천호1동
강동구,천호동,고려아파트(D동),천호1동,강동구,천호1동,서울특별시 강동구 천호1동
강동구,천호동,골드하임(101동),천호1동,강동구,천호3동,서울특별시 강동구 천호3동
강동구,천호동,골드하임(102동),천호1동,강동구,천호3동,서울특별시 강동구 천호3동
강동구,천호동,광남벨라스2차아파트,천호1동,강동구,천호3동,서울특별시 강동구 천호3동
강동구,천호동,광남벨라스2차아파트(53-32),천호1동,강동구,천호3동,서울특별시 강동구 천호3동
강동구,천호동,광남벨라스643V(50-32),천호1동,강동구,천호1동,서울특별시 강동구 천호1동
강동구,천호동,광남벨라스643V(50-7),천호1동,강동구,천호1동,서울특별시 강동구 천호1동
강동구,천호동,광남캐스빌아파트,천호1동,강동구,천호3동,서울특별시 강동구 천호3동
강동구,천호동,그랜드밸리아파트,천호1동,강동구,천호1동,서울특별시 강동구 천호1동
강동구,천호동,금성타운,천호1동,강동구,천호1동,서울특별시 강동구 천호1동
강동구,천호동,금호아파트,천호1동,강동구,천호1동,서울특별시 강동구 천호1동
강동구,천호동,늘푸른아파트,천호1동,강동구,천호3동,서울특별시 강동구 천호3동
강동구,천호동,다성시티아파트,천호1동,강동구,천호3동,서울특별시 강동구 천호3동
강동구,천호동,다성씨티아파트,천호1동,강동구,천호3동,서울특별시 강동구 천호3동
강동구,천호동,다성씨티아파트(340-6),천호1동,강동구,천호3동,서울특별시 강동구 천호3동
강동구,천호동,다성이즈빌(121-32),천호1동,강동구,천호3동,서울특별시 강동구 천호3동
강동구,천호동,다성이즈빌(320),천호1동,강동구,천호3동,서울특별시 강동구 천호3동
강동구,천호동,다성이즈빌(437-22),천호1동,강동구,천호3동,서울특별시 강동구 천호3동
강동구,천호동,다성이즈빌(50-11),천호1동,강동구,천호3동,서울특별시 강동구 천호3동
강동구,천호동,다성이즈빌아파트(55-25),천호1동,강동구,천호3동,서울특별시 강동구 천호3동
강동구,천호동,대명사이버아파트,천호1동,강동구,천호1동,서울특별시 강동구 천호1동
강동구,천호동,대명에버빌아파트,천호1동,강동구,천호3동,서울특별시 강동구 천호3동
강동구,천호동,대우한강베네시티,천호1동,강동구,천호2동,서울특별시 강동구 천호2동
강동구,천호동,동구햇살아파트,천호1동,강동구,천호1동,서울특별시 강동구 천호1동
강동구,천호동,동성아파트,천호1동,강동구,천호1동,서울특별시 강동구 천호1동
강동구,천호동,동아코아아파트,천호1동,강동구,천호2동,서울특별시 강동구 천호2동
강동구,천호동,동아하이빌아파트,천호1동,강동구,천호1동,서울특별시 강동구 천호1동
강동구,천호동,두산위브센티움,천호1동,강동구,천호2동,서울특별시 강동구 천호2동
강동구,천호동,래미안강동팰리스,천호1동,강동구,천호3동,서울특별시 강동구 천호3동
강동구,천호동,로뎀,천호1동,강동구,천호3동,서울특별시 강동구 천호3동
강동구,천호동,리버하임아파트,천호1동,강동구,천호2동,서울특별시 강동구 천호2동
강동구,천호동,미사아름채아파트,천호1동,강동구,천호3동,서울특별시 강동구 천호3동
강동구,천호동,베네캐슬,천호1동,강동구,천호3동,서울특별시 강동구 천호3동
강동구,천호동,베스트빌,천호1동,강동구,천호1동,서울특별시 강동구 천호1동
강동구,천호동,보람아파트,천호1동,강동구,천호2동,서울특별시 강동구 천호2동
강동구,천호동,부강아파트,천호1동,강동구,천호2동,서울특별시 강동구 천호2동
강동구,천호동,브라운스톤암사아파트,천호1동,강동구,천호2동,서울특별시 강동구 천호2동
강동구,천호동,삼익아파트,천호1동,강동구,천호2동,서울특별시 강동구 천호2동
강동구,천호동,새롬트윈스아파트(A동),천호1동,강동구,천호1동,서울특별시 강동구 천호1동
강동구,천호동,새롬트윈스아파트(B동),천호1동,강동구,천호1동,서울특별시 강동구 천호1동
강동구,천호동,성원아파트,천호1동,강동구,천호3동,서울특별시 강동구 천호3동
강동구,천호동,성인아파트,천호1동,강동구,천호1동,서울특별시 강동구 천호1동
강동구,천호동,시티빌아파트,천호1동,강동구,천호2동,서울특별시 강동구 천호2동
강동구,천호동,신동양빛여울아파트,천호1동,강동구,천호1동,서울특별시 강동구 천호1동
강동구,천호동,신주아파트,천호1동,강동구,천호2동,서울특별시 강동구 천호2동
강동구,천호동,신주아파트(101동),천호1동,강동구,천호2동,서울특별시 강동구 천호2동
강동구,천호동,신주아파트(102동),천호1동,강동구,천호2동,서울특별시 강동구 천호2동
강동구,천호동,신주아파트(313),천호1동,강동구,천호2동,서울특별시 강동구 천호2동
강동구,천호동,썬팰리스아파트,천호1동,강동구,천호1동,서울특별시 강동구 천호1동
강동구,천호동,아스하임,천호1동,강동구,천호2동,서울특별시 강동구 천호2동
강동구,천호동,아크로파크,천호1동,강동구,천호1동,서울특별시 강동구 천호1동
강동구,천호동,엘림스퀘어II,천호1동,강동구,천호2동,서울특별시 강동구 천호2동
강동구,천호동,용명브릿지아파트,천호1동,강동구,천호1동,서울특별시 강동구 천호1동
강동구,천호동,우성,천호1동,강동구,천호1동,서울특별시 강동구 천호1동
강동구,천호동,우정아파트,천호1동,강동구,천호1동,서울특별시 강동구 천호1동
강동구,천호동,우정에쉐르(101동),천호1동,강동구,천호3동,서울특별시 강동구 천호3동
강동구,천호동,우정에쉐르(102동),천호1동,강동구,천호3동,서울특별시 강동구 천호3동
강동구,천호동,유원아파트,천호1동,강동구,천호2동,서울특별시 강동구 천호2동
강동구,천호동,율전에버그린아파트,천호1동,강동구,천호3동,서울특별시 강동구 천호3동
강동구,천호동,이연아마빌레(293-8),천호1동,강동구,천호2동,서울특별시 강동구 천호2동
강동구,천호동,제일아파트,천호1동,강동구,천호2동,서울특별시 강동구 천호2동
강동구,천호동,중앙하이츠,천호1동,강동구,천호2동,서울특별시 강동구 천호2동
강동구,천호동,즈믄촌,천호1동,강동구,천호2동,서울특별시 강동구 천호2동
강동구,천호동,지원G델타아파트,천호1동,강동구,천호3동,서울특별시 강동구 천호3동
강동구,천호동,진넥스빌Ⅲ,천호1동,강동구,천호3동,서울특별시 강동구 천호3동
강동구,천호동,집앤사스윗사이드아파트,천호1동,강동구,천호2동,서울특별시 강동구 천호2동
강동구,천호동,창대캐슬,천호1동,강동구,천호3동,서울특별시 강동구 천호3동
강동구,천호동,천호1차우림루미아트,천호1동,강동구,천호1동,서울특별시 강동구 천호1동
강동구,천호동,천호2차우림루미아트,천호1동,강동구,천호1동,서울특별시 강동구 천호1동
강동구,천호동,천호2차이룸아파트,천호1동,강동구,천호3동,서울특별시 강동구 천호3동
강동구,천호동,천호KNP아파트,천호1동,강동구,천호1동,서울특별시 강동구 천호1동
강동구,천호동,천호e-편한세상,천호1동,강동구,천호2동,서울특별시 강동구 천호2동
강동구,천호동,천호네스빌,천호1동,강동구,천호3동,서울특별시 강동구 천호3동
강동구,천호동,천호동1차예전이룸아파트,천호1동,강동구,천호1동,서울특별시 강동구 천호1동
강동구,천호동,천호동삼성아파트,천호1동,강동구,천호3동,서울특별시 강동구 천호3동
강동구,천호동,천호동이연아마빌레아파트,천호1동,강동구,천호2동,서울특별시 강동구 천호2동
강동구,천호동,천호롯데아파트,천호1동,강동구,천호3동,서울특별시 강동구 천호3동
강동구,천호동,천호엘크루,천호1동,강동구,천호2동,서울특별시 강동구 천호2동
강동구,천호동,천호역마에스트로,천호1동,강동구,천호2동,서울특별시 강동구 천호2동
강동구,천호동,천호태영아파트,천호1동,강동구,천호3동,서울특별시 강동구 천호3동
강동구,천호동,코오롱상가아파트,천호1동,강동구,천호3동,서울특별시 강동구 천호3동
강동구,천호동,태천아파트,천호1동,강동구,천호2동,서울특별시 강동구 천호2동
강동구,천호동,태천와이드빌,천호1동,강동구,천호2동,서울특별시 강동구 천호2동
강동구,천호동,태천해오름아파트,천호1동,강동구,천호3동,서울특별시 강동구 천호3동
강동구,천호동,평대미진아파트,천호1동,강동구,천호1동,서울특별시 강동구 천호1동
강동구,천호동,평대보민아파트,천호1동,강동구,천호1동,서울특별시 강동구 천호1동
강동구,천호동,하이브2,천호1동,강동구,천호3동,서울특별시 강동구 천호3동
강동구,천호동,한건브리앙아파트,천호1동,강동구,천호2동,서울특별시 강동구 천호2동
강동구,천호동,한신아파트,천호1동,강동구,천호1동,서울특별시 강동구 천호1동
강동구,천호동,현대아파트,천호1동,강동구,천호3동,서울특별시 강동구 천호3동
강동구,천호동,현대코아아파트,천호1동,강동구,천호3동,서울특별시 강동구 천호3동
강동구,천호동,현대프라자아파트,천호1동,광진구,구의3동,서울특별시 광진구 구의3동
강동구,천호동,현진리버파크,천호1동,강동구,천호2동,서울특별시 강동구 천호2동
강동구,천호동,현진에스페랑스,천호1동,강동구,천호3동,서울특별시 강동구 천호3동
강동구,천호동,형인허브빌,천호1동,강동구,천호1동,서울특별시 강동구 천호1동
강동구,천호동,힐데스하임천호아파트,천호1동,강동구,천호2동,서울특별시 강동구 천호2동
강북구,미아동,경남아너스빌,미아동,강북구,송중동,서울특별시 강북구 송중동
강북구,미아동,경남아너스빌(1356-0),미아동,강북구,송중동,서울특별시 강북구 송중동
강북구,미아동,그린힐빌라트,미아동,강북구,미아동,서울특별시 강북구 미아동
강북구,미아동,꿈의숲롯데캐슬,미아동,강북구,송중동,서울특별시 강북구 송중동
강북구,미아동,꿈의숲한신더휴,미아동,강북구,송중동,서울특별시 강북구 송중동
강북구,미아동,꿈의숲해링턴플레이스,미아동,강북구,송중동,서울특별시 강북구 송중동
강북구,미아동,동아하이빌14차,미아동,강북구,미아동,서울특별시 강북구 미아동
강북구,미아동,두산위브트레지움,미아동,강북구,삼각산동,서울특별시 강북구 삼각산동
강북구,미아동,두예파크빌,미아동,강북구,송중동,서울특별시 강북구 송중동
강북구,미아동,두원프라자,미아동,강북구,송천동,서울특별시 강북구 송천동
강북구,미아동,래미안트리베라1단지,미아동,강북구,삼각산동,서울특별시 강북구 삼각산동
강북구,미아동,미아1차래미안,미아동,강북구,삼양동,서울특별시 강북구 삼양동
강북구,미아동,미아동부센트레빌,미아동,강북구,송천동,서울특별시 강북구 송천동
강북구,미아동,미아신구,미아동,강북구,미아동,서울특별시 강북구 미아동
강북구,미아동,미아에스하임,미아동,강북구,미아동,서울특별시 강북구 미아동
강북구,미아동,미아한일유앤아이,미아동,강북구,송중동,서울특별시 강북구 송중동
강북구,미아동,벽산라이브파크,미아동,강북구,삼양동,서울특별시 강북구 삼양동
강북구,미아동,보람빌라트,미아동,강북구,미아동,서울특별시 강북구 미아동
강북구,미아동,북서울자이폴라리스(1단지),미아동,강북구,삼양동,서울특별시 강북구 삼양동
강북구,미아동,북서울자이폴라리스(2단지),미아동,강북구,삼양동,서울특별시 강북구 삼양동
강북구,미아동,북서울자이폴라리스(3단지),미아동,강북구,삼양동,서울특별시 강북구 삼양동
강북구,미아동,삼각산아이원,미아동,강북구,삼각산동,서울특별시 강북구 삼각산동
강북구,미아동,삼성래미안트리베라2단지,미아동,강북구,삼각산동,서울특별시 강북구 삼각산동
강북구,미아동,성북프라자,미아동,강북구,송천동,서울특별시 강북구 송천동
강북구,미아동,송천센트레빌,미아동,강북구,송천동,서울특별시 강북구 송천동
강북구,미아동,송천센트레빌(임대),미아동,강북구,송천동,서울특별시 강북구 송천동
강북구,미아동,스카이빌(8-87),미아동,강북구,미아동,서울특별시 강북구 미아동
강북구,미아동,신대상,미아동,강북구,송중동,서울특별시 강북구 송중동
강북구,미아동,신일,미아동,강북구,미아동,서울특별시 강북구 미아동
강북구,미아동,신일해피트리,미아동,강북구,미아동,서울특별시 강북구 미아동
강북구,미아동,에스케이북한산시티,미아동,강북구,삼각산동,서울특별시 강북구 삼각산동
강북구,미아동,요진,미아동,강북구,미아동,서울특별시 강북구 미아동
강북구,미아동,월드,미아동,강북구,송중동,서울특별시 강북구 송중동
강북구,미아동,월드빌라(311-10),미아동,강북구,삼양동,서울특별시 강북구 삼양동
강북구,미아동,이너스내안에,미아동,강북구,미아동,서울특별시 강북구 미아동
강북구,미아동,인성,미아동,강북구,미아동,서울특별시 강북구 미아동
강북구,미아동,젬스톤타운,미아동,강북구,송중동,서울특별시 강북구 송중동
강북구,미아동,태솔,미아동,강북구,송중동,서울특별시 강북구 송중동
강북구,미아동,포르투나,미아동,강북구,삼양동,서울특별시 강북구 삼양동
강북구,미아동,푸르지오시티,미아동,강북구,미아동,서울특별시 강북구 미아동
강북구,미아동,한솔드림빌,미아동,강북구,송중동,서울특별시 강북구 송중동
강북구,미아동,한일,미아동,강북구,미아동,서울특별시 강북구 미아동
강북구,미아동,헤리움,미아동,강북구,미아동,서울특별시 강북구 미아동
강북구,미아동,현대(190-2),미아동,강북구,송천동,서울특별시 강북구 송천동
강북구,미아동,현대성우,미아동,강북구,송천동,서울특별시 강북구 송천동
강북구,미아동,현대캐슬,미아동,강북구,인수동,서울특별시 강북구 인수동
강북구,번동,기산그린,번1동,강북구,번3동,서울특별시 강북구 번3동
강북구,번동,꿈의숲수림채,번1동,강북구,번3동,서울특별시 강북구 번3동
강북구,번동,다우(459-63),번1동,강북구,번1동,서울특별시 강북구 번1동
강북구,번동,더조은홈,번1동,강북구,번1동,서울특별시 강북구 번1동
강북구,번동,동문,번1동,강북구,번3동,서울특별시 강북구 번3동
강북구,번동,백운,번1동,강북구,번1동,서울특별시 강북구 번1동
강북구,번동,번동금호어울림,번1동,강북구,번2동,서울특별시 강북구 번2동
강북구,번동,번동솔그린,번1동,강북구,번3동,서울특별시 강북구 번3동
강북구,번동,번동완성주상복합아파트,번1동,강북구,번2동,서울특별시 강북구 번2동
강북구,번동,번동한양아파트,번1동,강북구,번3동,서울특별시 강북구 번3동
강북구,번동,빌드아르떼APT,번1동,강북구,번2동,서울특별시 강북구 번2동
강북구,번동,삼성,번1동,강북구,번1동,서울특별시 강북구 번1동
강북구,번동,센트로힐,번1동,강북구,번1동,서울특별시 강북구 번1동
강북구,번동,수유역두산위브1,번1동,강북구,번1동,서울특별시 강북구 번1동
강북구,번동,수유역두산위브2,번1동,강북구,번1동,서울특별시 강북구 번1동
강북구,번동,스카이캐슬,번1동,강북구,번1동,서울특별시 강북구 번1동
강북구,번동,신원,번1동,강북구,번3동,서울특별시 강북구 번3동
강북구,번동,쌍용,번1동,강북구,번1동,서울특별시 강북구 번1동
강북구,번동,아츠스테이수유점,번1동,강북구,번3동,서울특별시 강북구 번3동
강북구,번동,오동공원현대,번1동,강북구,번2동,서울특별시 강북구 번2동
강북구,번동,장원(101),번1동,강북구,번1동,서울특별시 강북구 번1동
강북구,번동,장원(503),번1동,강북구,번1동,서울특별시 강북구 번1동
강북구,번동,주공1단지,번1동,강북구,번3동,서울특별시 강북구 번3동
강북구,번동,주공4단지,번1동,강북구,번2동,서울특별시 강북구 번2동
강북구,번동,한솔솔파크,번1동,강북구,번3동,서울특별시 강북구 번3동
강북구,번동,한진,번1동,강북구,번3동,서울특별시 강북구 번3동
강북구,번동,해모로아파트,번1동,강북구,번3동,서울특별시 강북구 번3동
강북구,번동,현대(148-494),번1동,강북구,번1동,서울특별시 강북구 번1동
강북구,번동,현대꿈에그린,번1동,강북구,번3동,서울특별시 강북구 번3동
강북구,번동,효성네오인텔리안,번1동,강북구,번1동,서울특별시 강북구 번1동
강북구,번동,훼밀리힐,번1동,강북구,번2동,서울특별시 강북구 번2동
강북구,수유동,FIRSTVIEW,수유1동,강북구,수유2동,서울특별시 강북구 수유2동
강북구,수유동,JKapartment,수유1동,강북구,수유2동,서울특별시 강북구 수유2동
강북구,수유동,경남아너스빌,수유1동,강북구,수유3동,서울특별시 강북구 수유3동
강북구,수유동,경원북한산휴그린,수유1동,강북구,수유2동,서울특별시 강북구 수유2동
강북구,수유동,골드빌,수유1동,강북구,우이동,서울특별시 강북구 우이동
강북구,수유동,궁전,수유1동,강북구,수유2동,서울특별시 강북구 수유2동
강북구,수유동,극동,수유1동,강북구,인수동,서울특별시 강북구 인수동
강북구,수유동,다경하이빌,수유1동,강북구,수유3동,서울특별시 강북구 수유3동
강북구,수유동,대림(수유),수유1동,강북구,수유1동,서울특별시 강북구 수유1동
강북구,수유동,대성월드빌,수유1동,강북구,인수동,서울특별시 강북구 인수동
강북구,수유동,대원쉐르빌(47-13),수유1동,강북구,우이동,서울특별시 강북구 우이동
강북구,수유동,래미안수유,수유1동,강북구,수유2동,서울특별시 강북구 수유2동
강북구,수유동,백두골드,수유1동,강북구,수유2동,서울특별시 강북구 수유2동
강북구,수유동,부강쉐르빌,수유1동,강북구,우이동,서울특별시 강북구 우이동
강북구,수유동,북한산네이처파크,수유1동,강북구,우이동,서울특별시 강북구 우이동
강북구,수유동,북한산스카이뷰아파트,수유1동,강북구,우이동,서울특별시 강북구 우이동
강북구,수유동,삼성빌리지(223-14),수유1동,강북구,수유3동,서울특별시 강북구 수유3동
강북구,수유동,삼성쉐르빌(50-31),수유1동,강북구,우이동,서울특별시 강북구 우이동
강북구,수유동,삼성타운,수유1동,강북구,수유2동,서울특별시 강북구 수유2동
강북구,수유동,성덕,수유1동,강북구,수유1동,서울특별시 강북구 수유1동
강북구,수유동,세영,수유1동,강북구,인수동,서울특별시 강북구 인수동
강북구,수유동,수유다우아트리체,수유1동,강북구,수유2동,서울특별시 강북구 수유2동
강북구,수유동,수유벽산1차,수유1동,강북구,수유2동,서울특별시 강북구 수유2동
강북구,수유동,수유벽산2차,수유1동,강북구,수유2동,서울특별시 강북구 수유2동
강북구,수유동,수유삼호,수유1동,강북구,미아동,서울특별시 강북구 미아동
강북구,수유동,수유시그니티,수유1동,강북구,수유1동,서울특별시 강북구 수유1동
강북구,수유동,수유아름채,수유1동,강북구,인수동,서울특별시 강북구 인수동
강북구,수유동,수유역하이씨티,수유1동,강북구,수유1동,서울특별시 강북구 수유1동
강북구,수유동,수유프리미어엠,수유1동,강북구,수유1동,서울특별시 강북구 수유1동
강북구,수유동,수유현대,수유1동,강북구,수유2동,서울특별시 강북구 수유2동
강북구,수유동,썬힐하우스,수유1동,강북구,수유2동,서울특별시 강북구 수유2동
강북구,수유동,어반레프대원,수유1동,강북구,수유1동,서울특별시 강북구 수유1동
강북구,수유동,영남,수유1동,강북구,수유3동,서울특별시 강북구 수유3동
강북구,수유동,예도팔라티움,수유1동,강북구,수유3동,서울특별시 강북구 수유3동
강북구,수유동,오페라하우스,수유1동,강북구,삼양동,서울특별시 강북구 삼양동
강북구,수유동,우암센스뷰,수유1동,강북구,수유3동,서울특별시 강북구 수유3동
강북구,수유동,은석,수유1동,강북구,수유2동,서울특별시 강북구 수유2동
강북구,수유동,은진,수유1동,강북구,수유3동,서울특별시 강북구 수유3동
강북구,수유동,정원,수유1동,강북구,우이동,서울특별시 강북구 우이동
강북구,수유동,진명,수유1동,강북구,수유3동,서울특별시 강북구 수유3동
강북구,수유동,진안골드밸리,수유1동,강북구,우이동,서울특별시 강북구 우이동
강북구,수유동,청솔,수유1동,강북구,수유2동,서울특별시 강북구 수유2동
강북구,수유동,청솔(269-25),수유1동,강북구,수유2동,서울특별시 강북구 수유2동
강북구,수유동,칸타빌수유팰리스,수유1동,강북구,수유3동,서울특별시 강북구 수유3동
강북구,수유동,크라운빌,수유1동,강북구,수유3동,서울특별시 강북구 수유3동
강북구,수유동,태솔에버빌,수유1동,강북구,수유1동,서울특별시 강북구 수유1동
강북구,수유동,태솔캡슬,수유1동,강북구,수유1동,서울특별시 강북구 수유1동
강북구,수유동,태솔타운,수유1동,강북구,수유1동,서울특별시 강북구 수유1동
강북구,수유동,태솔타워,수유1동,강북구,수유1동,서울특별시 강북구 수유1동
강북구,수유동,파크(가),수유1동,강북구,우이동,서울특별시 강북구 우이동
강북구,수유동,파크(나),수유1동,강북구,우이동,서울특별시 강북구 우이동
강북구,수유동,포엠빌,수유1동,강북구,수유3동,서울특별시 강북구 수유3동
강북구,수유동,풍산쉐르빌A동,수유1동,강북구,수유2동,서울특별시 강북구 수유2동
강북구,수유동,프롬하우징,수유1동,강북구,수유2동,서울특별시 강북구 수유2동
강북구,수유동,한솔힐스빌,수유1동,강북구,송중동,서울특별시 강북구 송중동
강북구,수유동,한원힐트리움수유,수유1동,강북구,수유2동,서울특별시 강북구 수유2동
강북구,수유동,현대맨션(52-27),수유1동,강북구,수유1동,서울특별시 강북구 수유1동
강북구,수유동,형인휴아름,수유1동,강북구,수유3동,서울특별시 강북구 수유3동
강북구,수유동,화계맨숀,수유1동,강북구,수유1동,서울특별시 강북구 수유1동
강북구,수유동,훼밀리,수유1동,강북구,인수동,서울특별시 강북구 인수동
강북구,우이동,다인플레움,우이동,강북구,우이동,서울특별시 강북구 우이동
강북구,우이동,대우,우이동,강북구,우이동,서울특별시 강북구 우이동
강북구,우이동,두온리치벨리,우이동,강북구,우이동,서울특별시 강북구 우이동
강북구,우이동,북한산굿모닝,우이동,강북구,우이동,서울특별시 강북구 우이동
강북구,우이동,북한산노블리스빌,우이동,강북구,우이동,서울특별시 강북구 우이동
강북구,우이동,성원그린(103동),우이동,강북구,우이동,서울특별시 강북구 우이동
강북구,우이동,성원상떼빌,우이동,강북구,우이동,서울특별시 강북구 우이동
강서구,가양동,가양1차보람더하임,가양1동,강서구,가양1동,서울특별시 강서구 가양1동
강서구,가양동,가양2단지(성지),가양1동,강서구,가양1동,서울특별시 강서구 가양1동
강서구,가양동,가양6단지,가양1동,강서구,가양3동,서울특별시 강서구 가양3동
강서구,가양동,가양강나루현대,가양1동,강서구,가양3동,서울특별시 강서구 가양3동
강서구,가양동,가양도시개발9-2단지,가양1동,강서구,가양1동,서울특별시 강서구 가양1동
강서구,가양동,가양우성,가양1동,강서구,가양2동,서울특별시 강서구 가양2동
강서구,가양동,강나루2현대,가양1동,강서구,가양1동,서울특별시 강서구 가양1동
강서구,가양동,강변,가양1동,강서구,가양2동,서울특별시 강서구 가양2동
강서구,가양동,강서한강월드메르디앙,가양1동,강서구,가양1동,서울특별시 강서구 가양1동
강서구,가양동,강서한강자이,가양1동,강서구,가양1동,서울특별시 강서구 가양1동
강서구,가양동,대림경동아파트,가양1동,강서구,가양2동,서울특별시 강서구 가양2동
강서구,가양동,동신대아,가양1동,강서구,가양1동,서울특별시 강서구 가양1동
강서구,가양동,디아이빌101동,가양1동,강서구,가양1동,서울특별시 강서구 가양1동
강서구,가양동,디아이빌102동,가양1동,강서구,가양1동,서울특별시 강서구 가양1동
강서구,가양동,마곡보타닉,가양1동,강서구,가양1동,서울특별시 강서구 가양1동
강서구,가양동,보광드림타운,가양1동,강서구,가양3동,서울특별시 강서구 가양3동
강서구,가양동,빛고을우방,가양1동,강서구,가양3동,서울특별시 강서구 가양3동
강서구,가양동,일신건영휴먼빌,가양1동,강서구,가양1동,서울특별시 강서구 가양1동
강서구,가양동,중앙하이츠,가양1동,강서구,가양2동,서울특별시 강서구 가양2동
강서구,가양동,한강타운,가양1동,강서구,가양1동,서울특별시 강서구 가양1동
강서구,가양동,한림타운,가양1동,강서구,가양1동,서울특별시 강서구 가양1동
강서구,가양동,한보구암마을,가양1동,강서구,가양1동,서울특별시 강서구 가양1동
강서구,가양동,향교,가양1동,강서구,가양1동,서울특별시 강서구 가양1동
강서구,공항동,공항동부센트레빌,공항동,강서구,공항동,서울특별시 강서구 공항동
강서구,공항동,더트루엘마곡HQ,공항동,강서구,공항동,서울특별시 강서구 공항동
강서구,공항동,발쿠치네하우스,공항동,강서구,공항동,서울특별시 강서구 공항동
강서구,공항동,송정제이빌101동,공항동,강서구,공항동,서울특별시 강서구 공항동
강서구,공항동,송정제이빌102동,공항동,강서구,공항동,서울특별시 강서구 공항동
강서구,공항동,스카이,공항동,강서구,공항동,서울특별시 강서구 공항동
강서구,공항동,장미,공항동,강서구,공항동,서울특별시 강서구 공항동
강서구,공항동,청성스카이,공항동,강서구,공항동,서울특별시 강서구 공항동
강서구,공항동,해태,공항동,강서구,공항동,서울특별시 강서구 공항동
강서구,내발산동,A.G.S.드림,우장산동,강서구,발산1동,서울특별시 강서구 발산1동
강서구,내발산동,강서월드메르디앙,우장산동,강서구,우장산동,서울특별시 강서구 우장산동
강서구,내발산동,강성레스트빌아파트,우장산동,강서구,발산1동,서울특별시 강서구 발산1동
강서구,내발산동,광남캐스빌,우장산동,강서구,발산1동,서울특별시 강서구 발산1동
강서구,내발산동,광성금강,우장산동,강서구,발산1동,서울특별시 강서구 발산1동
강서구,내발산동,그린씨티,우장산동,강서구,발산1동,서울특별시 강서구 발산1동
강서구,내발산동,길성그랑프리텔,우장산동,강서구,우장산동,서울특별시 강서구 우장산동
강서구,내발산동,낙원연립재건축조합아파트,우장산동,강서구,발산1동,서울특별시 강서구 발산1동
강서구,내발산동,내발산우신웨스트빌,우장산동,강서구,우장산동,서울특별시 강서구 우장산동
강서구,내발산동,내안에이너스,우장산동,강서구,발산1동,서울특별시 강서구 발산1동
강서구,내발산동,내츄럴1차,우장산동,강서구,발산1동,서울특별시 강서구 발산1동
강서구,내발산동,내츄럴2차,우장산동,강서구,발산1동,서울특별시 강서구 발산1동
강서구,내발산동,내츄럴4차아파트,우장산동,강서구,발산1동,서울특별시 강서구 발산1동
강서구,내발산동,내츄럴아파트3차,우장산동,강서구,발산1동,서울특별시 강서구 발산1동
강서구,내발산동,다울,우장산동,강서구,우장산동,서울특별시 강서구 우장산동
강서구,내발산동,다울아크로빌,우장산동,강서구,발산1동,서울특별시 강서구 발산1동
강서구,내발산동,덕현중앙타워빌,우장산동,강서구,우장산동,서울특별시 강서구 우장산동
강서구,내발산동,롯데1차,우장산동,강서구,우장산동,서울특별시 강서구 우장산동
강서구,내발산동,롯데2,우장산동,강서구,방화2동,서울특별시 강서구 방화2동
강서구,내발산동,마곡수명산파크1단지,우장산동,강서구,발산1동,서울특별시 강서구 발산1동
강서구,내발산동,마곡수명산파크2단지,우장산동,강서구,발산1동,서울특별시 강서구 발산1동
강서구,내발산동,마곡수명산파크3단지,우장산동,강서구,발산1동,서울특별시 강서구 발산1동
강서구,내발산동,마곡수명산파크4단지,우장산동,강서구,발산1동,서울특별시 강서구 발산1동
강서구,내발산동,마곡수명산파크5단지,우장산동,강서구,발산1동,서울특별시 강서구 발산1동
강서구,내발산동,마곡수명산파크6단지,우장산동,강서구,발산1동,서울특별시 강서구 발산1동
강서구,내발산동,마곡수명산파크7단지,우장산동,강서구,발산1동,서울특별시 강서구 발산1동
강서구,내발산동,마곡에이치밸리움,우장산동,강서구,우장산동,서울특별시 강서구 우장산동
강서구,내발산동,명덕,우장산동,강서구,발산1동,서울특별시 강서구 발산1동
강서구,내발산동,명진에버그린,우장산동,강서구,발산1동,서울특별시 강서구 발산1동
강서구,내발산동,문국,우장산동,강서구,발산1동,서울특별시 강서구 발산1동
강서구,내발산동,보람,우장산동,강서구,발산1동,서울특별시 강서구 발산1동
강서구,내발산동,보람하이빌,우장산동,강서구,발산1동,서울특별시 강서구 발산1동
강서구,내발산동,삼대,우장산동,강서구,발산1동,서울특별시 강서구 발산1동
강서구,내발산동,새신아,우장산동,강서구,우장산동,서울특별시 강서구 우장산동
강서구,내발산동,센터스퀘어발산,우장산동,강서구,우장산동,서울특별시 강서구 우장산동
강서구,내발산동,수명산태송팰리채,우장산동,강서구,발산1동,서울특별시 강서구 발산1동
강서구,내발산동,수산오성,우장산동,강서구,발산1동,서울특별시 강서구 발산1동
강서구,내발산동,신세계,우장산동,강서구,우장산동,서울특별시 강서구 우장산동
강서구,내발산동,신세계(697-5),우장산동,강서구,우장산동,서울특별시 강서구 우장산동
강서구,내발산동,신세계3차101동,우장산동,강서구,우장산동,서울특별시 강서구 우장산동
강서구,내발산동,신세계4차,우장산동,강서구,우장산동,서울특별시 강서구 우장산동
강서구,내발산동,신세계5차,우장산동,강서구,우장산동,서울특별시 강서구 우장산동
강서구,내발산동,예스빌,우장산동,강서구,발산1동,서울특별시 강서구 발산1동
강서구,내발산동,우장산동문디이스트,우장산동,강서구,발산1동,서울특별시 강서구 발산1동
강서구,내발산동,우장산신일해피트리,우장산동,강서구,발산1동,서울특별시 강서구 발산1동
강서구,내발산동,우장산월드메르디앙,우장산동,강서구,우장산동,서울특별시 강서구 우장산동
강서구,내발산동,우장산타워빌,우장산동,강서구,우장산동,서울특별시 강서구 우장산동
강서구,내발산동,우장산태승훼미리,우장산동,강서구,우장산동,서울특별시 강서구 우장산동
강서구,내발산동,우장산힐스테이트,우장산동,강서구,우장산동,서울특별시 강서구 우장산동
강서구,내발산동,원다벨라빌,우장산동,강서구,우장산동,서울특별시 강서구 우장산동
강서구,내발산동,원당,우장산동,강서구,우장산동,서울특별시 강서구 우장산동
강서구,내발산동,유니드,우장산동,강서구,발산1동,서울특별시 강서구 발산1동
강서구,내발산동,이너스101동,우장산동,강서구,발산1동,서울특별시 강서구 발산1동
강서구,내발산동,이너스102동,우장산동,강서구,발산1동,서울특별시 강서구 발산1동
강서구,내발산동,제이월드에메랄드,우장산동,강서구,우장산동,서울특별시 강서구 우장산동
강서구,내발산동,쥴리앙,우장산동,강서구,발산1동,서울특별시 강서구 발산1동
강서구,내발산동,진한연립,우장산동,강서구,발산1동,서울특별시 강서구 발산1동
강서구,내발산동,천우네오젠,우장산동,강서구,우장산동,서울특별시 강서구 우장산동
강서구,내발산동,천우네오젠(693),우장산동,강서구,우장산동,서울특별시 강서구 우장산동
강서구,내발산동,천우네오젠5차,우장산동,강서구,발산1동,서울특별시 강서구 발산1동
강서구,내발산동,천우네오젠6차,우장산동,강서구,발산1동,서울특별시 강서구 발산1동
강서구,내발산동,천우네오젠아파트,우장산동,강서구,우장산동,서울특별시 강서구 우장산동
강서구,내발산동,천우명덕,우장산동,강서구,발산1동,서울특별시 강서구 발산1동
강서구,내발산동,천우캐슬,우장산동,강서구,우장산동,서울특별시 강서구 우장산동
강서구,내발산동,청솔101동,우장산동,강서구,발산1동,서울특별시 강서구 발산1동
강서구,내발산동,청솔102동,우장산동,강서구,발산1동,서울특별시 강서구 발산1동
강서구,내발산동,청솔샤르망1001동,우장산동,강서구,우장산동,서울특별시 강서구 우장산동
강서구,내발산동,청솔샤르망1002동,우장산동,강서구,우장산동,서울특별시 강서구 우장산동
강서구,내발산동,청솔샤르망1003동,우장산동,강서구,우장산동,서울특별시 강서구 우장산동
강서구,내발산동,청솔샤르망1004동,우장산동,강서구,우장산동,서울특별시 강서구 우장산동
강서구,내발산동,청솔수(711-6),우장산동,강서구,발산1동,서울특별시 강서구 발산1동
강서구,내발산동,청솔숲속마을101동,우장산동,강서구,우장산동,서울특별시 강서구 우장산동
강서구,내발산동,청솔숲속마을102동,우장산동,강서구,우장산동,서울특별시 강서구 우장산동
강서구,내발산동,청솔파인힐(736-0),우장산동,강서구,발산1동,서울특별시 강서구 발산1동
강서구,내발산동,청솔해오름,우장산동,강서구,우장산동,서울특별시 강서구 우장산동
강서구,내발산동,타워힐101동,우장산동,강서구,우장산동,서울특별시 강서구 우장산동
강서구,내발산동,태승훼미리,우장산동,강서구,발산1동,서울특별시 강서구 발산1동
강서구,내발산동,태승훼미리2,우장산동,강서구,발산1동,서울특별시 강서구 발산1동
강서구,내발산동,태승훼미리3차,우장산동,강서구,발산1동,서울특별시 강서구 발산1동
강서구,내발산동,태승훼미리아파트5차,우장산동,강서구,화곡3동,서울특별시 강서구 화곡3동
강서구,내발산동,태일,우장산동,강서구,발산1동,서울특별시 강서구 발산1동
강서구,내발산동,한서1차,우장산동,강서구,발산1동,서울특별시 강서구 발산1동
강서구,내발산동,한서2차APT,우장산동,강서구,발산1동,서울특별시 강서구 발산1동
강서구,내발산동,한서3차,우장산동,강서구,발산1동,서울특별시 강서구 발산1동
강서구,내발산동,한울앤하우스,우장산동,강서구,발산1동,서울특별시 강서구 발산1동
강서구,내발산동,현대파크,우장산동,강서구,우장산동,서울특별시 강서구 우장산동
강서구,내발산동,홍익,우장산동,강서구,우장산동,서울특별시 강서구 우장산동
강서구,등촌동,가양역두산위브,등촌1동,강서구,등촌1동,서울특별시 강서구 등촌1동
강서구,등촌동,강서,등촌1동,강서구,가양1동,서울특별시 강서구 가양1동
강서구,등촌동,계명위너스,등촌1동,강서구,등촌1동,서울특별시 강서구 등촌1동
강서구,등촌동,나성,등촌1동,강서구,등촌1동,서울특별시 강서구 등촌1동
강서구,등촌동,다울,등촌1동,강서구,등촌1동,서울특별시 강서구 등촌1동
강서구,등촌동,대동황토방,등촌1동,강서구,등촌1동,서울특별시 강서구 등촌1동
강서구,등촌동,대동황토방2,등촌1동,강서구,등촌3동,서울특별시 강서구 등촌3동
강서구,등촌동,대림,등촌1동,강서구,등촌3동,서울특별시 강서구 등촌3동
강서구,등촌동,대림e편한세상,등촌1동,강서구,방화2동,서울특별시 강서구 방화2동
강서구,등촌동,대림아르빌아파트,등촌1동,강서구,등촌1동,서울특별시 강서구 등촌1동
강서구,등촌동,동성,등촌1동,강서구,등촌3동,서울특별시 강서구 등촌3동
강서구,등촌동,두보아파트,등촌1동,강서구,등촌2동,서울특별시 강서구 등촌2동
강서구,등촌동,등마루,등촌1동,강서구,등촌1동,서울특별시 강서구 등촌1동
강서구,등촌동,"등촌1,2단지주공아파트",등촌1동,강서구,등촌3동,서울특별시 강서구 등촌3동
강서구,등촌동,등촌5차보람쉬움,등촌1동,강서구,등촌1동,서울특별시 강서구 등촌1동
강서구,등촌동,등촌6차보람,등촌1동,강서구,등촌1동,서울특별시 강서구 등촌1동
강서구,등촌동,"등촌7,8단지주공아파트",등촌1동,강서구,등촌3동,서울특별시 강서구 등촌3동
강서구,등촌동,등촌동보람쉬움아파트,등촌1동,강서구,등촌1동,서울특별시 강서구 등촌1동
강서구,등촌동,등촌동성원,등촌1동,강서구,등촌3동,서울특별시 강서구 등촌3동
강서구,등촌동,등촌동아이파크,등촌1동,강서구,등촌2동,서울특별시 강서구 등촌2동
강서구,등촌동,등촌동현대2차,등촌1동,강서구,등촌1동,서울특별시 강서구 등촌1동
강서구,등촌동,등촌라인(조합),등촌1동,강서구,등촌1동,서울특별시 강서구 등촌1동
강서구,등촌동,"등촌지와인아파트,비지니스센터",등촌1동,강서구,등촌1동,서울특별시 강서구 등촌1동
강서구,등촌동,등촌퀸즈포디엄삼익,등촌1동,강서구,등촌2동,서울특별시 강서구 등촌2동
강서구,등촌동,등촌파밀리에더클래식101동,등촌1동,강서구,등촌1동,서울특별시 강서구 등촌1동
강서구,등촌동,등촌파밀리에더클래식201동,등촌1동,강서구,등촌1동,서울특별시 강서구 등촌1동
강서구,등촌동,마곡루나플라체,등촌1동,강서구,등촌3동,서울특별시 강서구 등촌3동
강서구,등촌동,보람,등촌1동,강서구,등촌2동,서울특별시 강서구 등촌2동
강서구,등촌동,보람(640),등촌1동,강서구,등촌2동,서울특별시 강서구 등촌2동
강서구,등촌동,보람하이빌,등촌1동,강서구,등촌2동,서울특별시 강서구 등촌2동
강서구,등촌동,부영,등촌1동,강서구,등촌3동,서울특별시 강서구 등촌3동
강서구,등촌동,삼성,등촌1동,강서구,등촌1동,서울특별시 강서구 등촌1동
강서구,등촌동,삼성한사랑1,등촌1동,강서구,등촌3동,서울특별시 강서구 등촌3동
강서구,등촌동,삼우지엔씨,등촌1동,강서구,등촌1동,서울특별시 강서구 등촌1동
강서구,등촌동,삼형.그레이스빌,등촌1동,강서구,등촌2동,서울특별시 강서구 등촌2동
강서구,등촌동,서광등촌마을아파트,등촌1동,강서구,등촌1동,서울특별시 강서구 등촌1동
강서구,등촌동,세심,등촌1동,강서구,등촌1동,서울특별시 강서구 등촌1동
강서구,등촌동,신세계,등촌1동,강서구,등촌2동,서울특별시 강서구 등촌2동
강서구,등촌동,신송타워,등촌1동,강서구,등촌3동,서울특별시 강서구 등촌3동
강서구,등촌동,신원,등촌1동,강서구,등촌1동,서울특별시 강서구 등촌1동
강서구,등촌동,심미에셈빌,등촌1동,강서구,등촌1동,서울특별시 강서구 등촌1동
강서구,등촌동,예지펠리스아파트,등촌1동,강서구,등촌1동,서울특별시 강서구 등촌1동
강서구,등촌동,우당,등촌1동,강서구,등촌1동,서울특별시 강서구 등촌1동
강서구,등촌동,우성,등촌1동,강서구,등촌1동,서울특별시 강서구 등촌1동
강서구,등촌동,월드메르디앙,등촌1동,강서구,가양1동,서울특별시 강서구 가양1동
강서구,등촌동,임광,등촌1동,강서구,등촌2동,서울특별시 강서구 등촌2동
강서구,등촌동,정우아파트,등촌1동,강서구,등촌2동,서울특별시 강서구 등촌2동
강서구,등촌동,정우아파트(570-11),등촌1동,강서구,등촌2동,서울특별시 강서구 등촌2동
강서구,등촌동,제일(코오롱),등촌1동,강서구,등촌1동,서울특별시 강서구 등촌1동
강서구,등촌동,주공10,등촌1동,강서구,등촌3동,서울특별시 강서구 등촌3동
강서구,등촌동,주공3,등촌1동,강서구,등촌3동,서울특별시 강서구 등촌3동
강서구,등촌동,주공5,등촌1동,강서구,등촌3동,서울특별시 강서구 등촌3동
강서구,등촌동,지엠벨리,등촌1동,강서구,등촌1동,서울특별시 강서구 등촌1동
강서구,등촌동,"진로,미주아파트",등촌1동,강서구,등촌3동,서울특별시 강서구 등촌3동
강서구,등촌동,천우네오젠,등촌1동,강서구,등촌2동,서울특별시 강서구 등촌2동
강서구,등촌동,천우네오젠(507-11),등촌1동,강서구,등촌2동,서울특별시 강서구 등촌2동
강서구,등촌동,천우네오젠101동,등촌1동,강서구,등촌2동,서울특별시 강서구 등촌2동
강서구,등촌동,천우네오젠102동,등촌1동,강서구,등촌2동,서울특별시 강서구 등촌2동
강서구,등촌동,청솔펠리체,등촌1동,강서구,등촌1동,서울특별시 강서구 등촌1동
강서구,등촌동,코오롱오투빌2,등촌1동,강서구,등촌1동,서울특별시 강서구 등촌1동
강서구,등촌동,코오롱하늘채,등촌1동,강서구,등촌1동,서울특별시 강서구 등촌1동
강서구,등촌동,태영,등촌1동,강서구,등촌1동,서울특별시 강서구 등촌1동
강서구,등촌동,태진아름,등촌1동,강서구,등촌2동,서울특별시 강서구 등촌2동
강서구,등촌동,풍성애뜨란아파트,등촌1동,강서구,등촌1동,서울특별시 강서구 등촌1동
강서구,등촌동,한사랑2삼성,등촌1동,강서구,등촌1동,서울특별시 강서구 등촌1동
강서구,등촌동,해태골든팰리스,등촌1동,강서구,등촌2동,서울특별시 강서구 등촌2동
강서구,등촌동,현대,등촌1동,강서구,등촌1동,서울특별시 강서구 등촌1동
강서구,마곡동,길훈,마곡동,강서구,방화1동,서울특별시 강서구 방화1동
강서구,마곡동,마곡13단지힐스테이트마스터,마곡동,강서구,공항동,서울특별시 강서구 공항동
강서구,마곡동,마곡경남아너스빌,마곡동,강서구,방화1동,서울특별시 강서구 방화1동
강서구,마곡동,마곡금호어울림,마곡동,강서구,가양1동,서울특별시 강서구 가양1동
강서구,마곡동,마곡나루경남아파트,마곡동,강서구,방화1동,서울특별시 강서구 방화1동
강서구,마곡동,마곡노블리안,마곡동,강서구,방화1동,서울특별시 강서구 방화1동
강서구,마곡동,마곡동후포아파트(14-21),마곡동,강서구,가양1동,서울특별시 강서구 가양1동
강서구,마곡동,마곡보타닉경남아너스빌,마곡동,강서구,방화1동,서울특별시 강서구 방화1동
강서구,마곡동,마곡삼성아파트,마곡동,강서구,방화1동,서울특별시 강서구 방화1동
강서구,마곡동,마곡승윤노블리안아파트,마곡동,강서구,방화1동,서울특별시 강서구 방화1동
강서구,마곡동,마곡엠밸리10단지,마곡동,강서구,공항동,서울특별시 강서구 공항동
강서구,마곡동,마곡엠밸리11단지,마곡동,강서구,공항동,서울특별시 강서구 공항동
강서구,마곡동,마곡엠밸리12단지,마곡동,강서구,공항동,서울특별시 강서구 공항동
강서구,마곡동,마곡엠밸리1단지,마곡동,강서구,방화1동,서울특별시 강서구 방화1동
강서구,마곡동,마곡엠밸리2단지,마곡동,강서구,방화1동,서울특별시 강서구 방화1동
강서구,마곡동,마곡엠밸리3단지,마곡동,강서구,방화1동,서울특별시 강서구 방화1동
강서구,마곡동,마곡엠밸리4단지,마곡동,강서구,가양1동,서울특별시 강서구 가양1동
강서구,마곡동,마곡엠밸리5단지,마곡동,강서구,방화1동,서울특별시 강서구 방화1동
강서구,마곡동,마곡엠밸리6단지,마곡동,강서구,방화1동,서울특별시 강서구 방화1동
강서구,마곡동,마곡엠밸리7단지,마곡동,강서구,방화1동,서울특별시 강서구 방화1동
강서구,마곡동,마곡엠밸리8단지,마곡동,강서구,방화1동,서울특별시 강서구 방화1동
강서구,마곡동,마곡엠밸리9단지,마곡동,강서구,공항동,서울특별시 강서구 공항동
강서구,마곡동,마곡엠벨리(14단지),마곡동,강서구,공항동,서울특별시 강서구 공항동
강서구,마곡동,마곡엠벨리(15단지),마곡동,강서구,공항동,서울특별시 강서구 공항동
강서구,마곡동,마곡우림필유아파트,마곡동,강서구,방화1동,서울특별시 강서구 방화1동
강서구,마곡동,마곡일성트루엘아파트,마곡동,강서구,방화1동,서울특별시 강서구 방화1동
강서구,마곡동,마곡청구아파트,마곡동,강서구,방화1동,서울특별시 강서구 방화1동
강서구,마곡동,마곡태승훼미리아파트,마곡동,강서구,방화1동,서울특별시 강서구 방화1동
강서구,마곡동,마곡푸르지오,마곡동,강서구,가양1동,서울특별시 강서구 가양1동
강서구,마곡동,마곡현대아파트,마곡동,강서구,방화1동,서울특별시 강서구 방화1동
강서구,마곡동,마곡힐스테이트,마곡동,강서구,방화1동,서울특별시 강서구 방화1동
강서구,마곡동,벽산,마곡동,강서구,가양1동,서울특별시 강서구 가양1동
강서구,마곡동,신안,마곡동,강서구,가양1동,서울특별시 강서구 가양1동
강서구,마곡동,양진마니아,마곡동,강서구,방화1동,서울특별시 강서구 방화1동
강서구,마곡동,한림리첸빌101동,마곡동,강서구,방화1동,서울특별시 강서구 방화1동
강서구,마곡동,한림리첸빌102동,마곡동,강서구,방화1동,서울특별시 강서구 방화1동
강서구,마곡동,한솔솔파크,마곡동,강서구,가양1동,서울특별시 강서구 가양1동
강서구,방화동,AirPalace(619-7),방화1동,강서구,방화2동,서울특별시 강서구 방화2동
강서구,방화동,강서센트레빌3차,방화1동,강서구,방화1동,서울특별시 강서구 방화1동
강서구,방화동,강서센트레빌3차(894-0),방화1동,강서구,방화1동,서울특별시 강서구 방화1동
강서구,방화동,개화,방화1동,강서구,방화1동,서울특별시 강서구 방화1동
강서구,방화동,개화산경남아너스빌,방화1동,강서구,방화2동,서울특별시 강서구 방화2동
강서구,방화동,경동팰리스힐,방화1동,강서구,방화2동,서울특별시 강서구 방화2동
강서구,방화동,길성그랑프리텔,방화1동,강서구,방화1동,서울특별시 강서구 방화1동
강서구,방화동,다우하임더프라임아파트,방화1동,강서구,방화1동,서울특별시 강서구 방화1동
강서구,방화동,대림e-편한세상,방화1동,강서구,방화2동,서울특별시 강서구 방화2동
강서구,방화동,동부센트레빌,방화1동,강서구,방화1동,서울특별시 강서구 방화1동
강서구,방화동,동성,방화1동,강서구,방화3동,서울특별시 강서구 방화3동
강서구,방화동,동일스위트리버2차,방화1동,강서구,방화3동,서울특별시 강서구 방화3동
강서구,방화동,마곡드림힐,방화1동,강서구,방화1동,서울특별시 강서구 방화1동
강서구,방화동,마곡서광(치현마을),방화1동,강서구,방화3동,서울특별시 강서구 방화3동
강서구,방화동,마곡센트레빌,방화1동,강서구,방화1동,서울특별시 강서구 방화1동
강서구,방화동,마곡우림1차아파트,방화1동,강서구,방화1동,서울특별시 강서구 방화1동
강서구,방화동,마곡우촌아파트,방화1동,강서구,방화2동,서울특별시 강서구 방화2동
강서구,방화동,마곡중앙하이츠아파트,방화1동,강서구,방화2동,서울특별시 강서구 방화2동
강서구,방화동,방신서광,방화1동,강서구,방화2동,서울특별시 강서구 방화2동
강서구,방화동,방화3차우림필유,방화1동,강서구,방화2동,서울특별시 강서구 방화2동
강서구,방화동,방화3차태승훼미리,방화1동,강서구,방화2동,서울특별시 강서구 방화2동
강서구,방화동,방화4단지,방화1동,강서구,방화3동,서울특별시 강서구 방화3동
강서구,방화동,방화5,방화1동,강서구,방화3동,서울특별시 강서구 방화3동
강서구,방화동,방화그린,방화1동,강서구,방화1동,서울특별시 강서구 방화1동
강서구,방화동,방화동2차태승훼미리,방화1동,강서구,방화2동,서울특별시 강서구 방화2동
강서구,방화동,방화동동부센트레빌(875번지),방화1동,강서구,방화1동,서울특별시 강서구 방화1동
강서구,방화동,방화동진로아파트,방화1동,강서구,방화3동,서울특별시 강서구 방화3동
강서구,방화동,방화메이빌,방화1동,강서구,방화3동,서울특별시 강서구 방화3동
강서구,방화동,보람,방화1동,강서구,방화1동,서울특별시 강서구 방화1동
강서구,방화동,삼도,방화1동,강서구,방화3동,서울특별시 강서구 방화3동
강서구,방화동,삼미,방화1동,강서구,방화2동,서울특별시 강서구 방화2동
강서구,방화동,삼성꽃마을,방화1동,강서구,방화1동,서울특별시 강서구 방화1동
강서구,방화동,삼정코아,방화1동,강서구,방화1동,서울특별시 강서구 방화1동
강서구,방화동,성옥,방화1동,강서구,방화2동,서울특별시 강서구 방화2동
강서구,방화동,신동아,방화1동,강서구,방화1동,서울특별시 강서구 방화1동
강서구,방화동,신라힐,방화1동,강서구,방화2동,서울특별시 강서구 방화2동
강서구,방화동,신마곡벽산블루밍,방화1동,강서구,방화2동,서울특별시 강서구 방화2동
강서구,방화동,신세계아파트,방화1동,강서구,방화2동,서울특별시 강서구 방화2동
강서구,방화동,신안네트빌1단지,방화1동,강서구,방화2동,서울특별시 강서구 방화2동
강서구,방화동,신안네트빌2단지,방화1동,강서구,방화2동,서울특별시 강서구 방화2동
강서구,방화동,원미,방화1동,강서구,방화2동,서울특별시 강서구 방화2동
강서구,방화동,월드메르디앙101동,방화1동,강서구,방화1동,서울특별시 강서구 방화1동
강서구,방화동,"월드메르디앙201동,202동",방화1동,강서구,방화1동,서울특별시 강서구 방화1동
강서구,방화동,장미,방화1동,강서구,방화3동,서울특별시 강서구 방화3동
강서구,방화동,지니스힐,방화1동,강서구,방화2동,서울특별시 강서구 방화2동
강서구,방화동,청성,방화1동,강서구,방화2동,서울특별시 강서구 방화2동
강서구,방화동,청성(877-0),방화1동,강서구,방화2동,서울특별시 강서구 방화2동
강서구,방화동,청솔,방화1동,강서구,방화3동,서울특별시 강서구 방화3동
강서구,방화동,치현마을동일스위트리버,방화1동,강서구,방화3동,서울특별시 강서구 방화3동
강서구,방화동,태승훼미리4차,방화1동,강서구,방화2동,서울특별시 강서구 방화2동
강서구,방화동,태청,방화1동,강서구,방화3동,서울특별시 강서구 방화3동
강서구,방화동,통일(479-3),방화1동,강서구,방화1동,서울특별시 강서구 방화1동
강서구,방화동,통일101동(597-38),방화1동,강서구,방화1동,서울특별시 강서구 방화1동
강서구,방화동,통일102동(597-24),방화1동,강서구,방화1동,서울특별시 강서구 방화1동
강서구,방화동,한미(286-1),방화1동,강서구,방화1동,서울특별시 강서구 방화1동
강서구,방화동,한숲마을대림,방화1동,강서구,방화3동,서울특별시 강서구 방화3동
강서구,방화동,한오,방화1동,강서구,방화2동,서울특별시 강서구 방화2동
강서구,방화동,한진로즈힐,방화1동,강서구,방화1동,서울특별시 강서구 방화1동
강서구,방화동,현대,방화1동,강서구,방화2동,서울특별시 강서구 방화2동
강서구,방화동,형제,방화1동,강서구,방화2동,서울특별시 강서구 방화2동
강서구,방화동,홍익아파트,방화1동,강서구,방화1동,서울특별시 강서구 방화1동
강서구,염창동,DH팰리스,염창동,강서구,화곡3동,서울특별시 강서구 화곡3동
강서구,염창동,e편한세상염창,염창동,강서구,염창동,서울특별시 강서구 염창동
강서구,염창동,강변월드메르디앙,염창동,강서구,염창동,서울특별시 강서구 염창동
강서구,염창동,강변코아루,염창동,강서구,염창동,서울특별시 강서구 염창동
강서구,염창동,강변한솔솔파크,염창동,강서구,염창동,서울특별시 강서구 염창동
강서구,염창동,강변힐스테이트,염창동,강서구,염창동,서울특별시 강서구 염창동
강서구,염창동,강서쌍용예가,염창동,강서구,염창동,서울특별시 강서구 염창동
강서구,염창동,관음삼성,염창동,강서구,염창동,서울특별시 강서구 염창동
강서구,염창동,극동,염창동,강서구,염창동,서울특별시 강서구 염창동
강서구,염창동,극동상록수,염창동,강서구,염창동,서울특별시 강서구 염창동
강서구,염창동,금호타운,염창동,강서구,염창동,서울특별시 강서구 염창동
강서구,염창동,길훈,염창동,강서구,염창동,서울특별시 강서구 염창동
강서구,염창동,노블레스2(267-4),염창동,강서구,염창동,서울특별시 강서구 염창동
강서구,염창동,노블레스아파트,염창동,강서구,염창동,서울특별시 강서구 염창동
강서구,염창동,대림,염창동,강서구,염창동,서울특별시 강서구 염창동
강서구,염창동,동아,염창동,강서구,염창동,서울특별시 강서구 염창동
강서구,염창동,동아3,염창동,강서구,염창동,서울특별시 강서구 염창동
강서구,염창동,등촌제이스카이,염창동,강서구,염창동,서울특별시 강서구 염창동
강서구,염창동,롯데캐슬,염창동,강서구,염창동,서울특별시 강서구 염창동
강서구,염창동,루나클래식2,염창동,강서구,염창동,서울특별시 강서구 염창동
강서구,염창동,리버펠리스1동,염창동,강서구,염창동,서울특별시 강서구 염창동
강서구,염창동,리버펠리스2동,염창동,강서구,염창동,서울특별시 강서구 염창동
강서구,염창동,리버펠리스3동,염창동,강서구,염창동,서울특별시 강서구 염창동
강서구,염창동,리버펠리스4동,염창동,강서구,염창동,서울특별시 강서구 염창동
강서구,염창동,무학,염창동,강서구,염창동,서울특별시 강서구 염창동
강서구,염창동,밝은햇살,염창동,강서구,염창동,서울특별시 강서구 염창동
강서구,염창동,벽산늘푸른,염창동,강서구,염창동,서울특별시 강서구 염창동
강서구,염창동,보람더하임105동,염창동,강서구,염창동,서울특별시 강서구 염창동
강서구,염창동,삼성하나로,염창동,강서구,염창동,서울특별시 강서구 염창동
강서구,염창동,삼성한마음,염창동,강서구,염창동,서울특별시 강서구 염창동
강서구,염창동,삼성한아름,염창동,강서구,염창동,서울특별시 강서구 염창동
강서구,염창동,삼정그린코아,염창동,강서구,염창동,서울특별시 강서구 염창동
강서구,염창동,삼천리,염창동,강서구,염창동,서울특별시 강서구 염창동
강서구,염창동,삼현팰리채,염창동,강서구,염창동,서울특별시 강서구 염창동
강서구,염창동,성원,염창동,강서구,염창동,서울특별시 강서구 염창동
강서구,염창동,세왕네트빌,염창동,강서구,염창동,서울특별시 강서구 염창동
강서구,염창동,송촌,염창동,강서구,염창동,서울특별시 강서구 염창동
강서구,염창동,신동아,염창동,강서구,염창동,서울특별시 강서구 염창동
강서구,염창동,아르체움등촌,염창동,강서구,염창동,서울특별시 강서구 염창동
강서구,염창동,엠그린,염창동,강서구,염창동,서울특별시 강서구 염창동
강서구,염창동,여명,염창동,강서구,염창동,서울특별시 강서구 염창동
강서구,염창동,염창1차보람더하임,염창동,강서구,염창동,서울특별시 강서구 염창동
강서구,염창동,염창1차한화꿈에그린,염창동,강서구,염창동,서울특별시 강서구 염창동
강서구,염창동,염창2차보람,염창동,강서구,염창동,서울특별시 강서구 염창동
강서구,염창동,염창2차한화꿈에그린,염창동,강서구,염창동,서울특별시 강서구 염창동
강서구,염창동,염창3우성,염창동,강서구,염창동,서울특별시 강서구 염창동
강서구,염창동,염창3차보람,염창동,강서구,염창동,서울특별시 강서구 염창동
강서구,염창동,염창동예성그린캐슬,염창동,강서구,염창동,서울특별시 강서구 염창동
강서구,염창동,염창동한강우성,염창동,강서구,염창동,서울특별시 강서구 염창동
강서구,염창동,염창힐스테이트,염창동,강서구,염창동,서울특별시 강서구 염창동
강서구,염창동,우성2,염창동,강서구,발산1동,서울특별시 강서구 발산1동
강서구,염창동,월드메르디앙,염창동,강서구,염창동,서울특별시 강서구 염창동
강서구,염창동,이너스5차동진,염창동,강서구,염창동,서울특별시 강서구 염창동
강서구,염창동,이너스내안에,염창동,강서구,염창동,서울특별시 강서구 염창동
강서구,염창동,이너스내안에201동,염창동,강서구,염창동,서울특별시 강서구 염창동
강서구,염창동,이너스양화6차,염창동,강서구,염창동,서울특별시 강서구 염창동
강서구,염창동,일신건영휴먼빌,염창동,강서구,염창동,서울특별시 강서구 염창동
강서구,염창동,주상복합태진가람,염창동,강서구,염창동,서울특별시 강서구 염창동
강서구,염창동,지오빌,염창동,강서구,염창동,서울특별시 강서구 염창동
강서구,염창동,태영,염창동,강서구,염창동,서울특별시 강서구 염창동
강서구,염창동,태진드림피아,염창동,강서구,염창동,서울특별시 강서구 염창동
강서구,염창동,태진한솔,염창동,강서구,염창동,서울특별시 강서구 염창동
강서구,염창동,한강동아,염창동,강서구,염창동,서울특별시 강서구 염창동
강서구,염창동,한울밸리움,염창동,강서구,염창동,서울특별시 강서구 염창동
강서구,염창동,현대1,염창동,강서구,염창동,서울특별시 강서구 염창동
강서구,염창동,현대2,염창동,강서구,염창동,서울특별시 강서구 염창동
강서구,염창동,현대3,염창동,강서구,염창동,서울특별시 강서구 염창동
강서구,염창동,현대아이파크,염창동,강서구,염창동,서울특별시 강서구 염창동
강서구,화곡동,AndPra레지던스,화곡본동,강서구,화곡2동,서울특별시 강서구 화곡2동
강서구,화곡동,GMValley,화곡본동,강서구,화곡1동,서울특별시 강서구 화곡1동
강서구,화곡동,NS파크APT,화곡본동,강서구,화곡본동,서울특별시 강서구 화곡본동
강서구,화곡동,SPACE(920-5),화곡본동,강서구,화곡4동,서울특별시 강서구 화곡4동
강서구,화곡동,가화(424-59)나동,화곡본동,강서구,화곡본동,서울특별시 강서구 화곡본동
강서구,화곡동,강동,화곡본동,강서구,화곡본동,서울특별시 강서구 화곡본동
강서구,화곡동,강서그랜드아이파크주상복합,화곡본동,강서구,화곡6동,서울특별시 강서구 화곡6동
강서구,화곡동,강서뉴,화곡본동,강서구,화곡1동,서울특별시 강서구 화곡1동
강서구,화곡동,강서뉴타워,화곡본동,강서구,화곡1동,서울특별시 강서구 화곡1동
강서구,화곡동,강서동도센트리움,화곡본동,강서구,화곡6동,서울특별시 강서구 화곡6동
강서구,화곡동,강서아이파크,화곡본동,강서구,화곡6동,서울특별시 강서구 화곡6동
강서구,화곡동,강서크라운팰리스,화곡본동,강서구,화곡6동,서울특별시 강서구 화곡6동
강서구,화곡동,강서타워,화곡본동,강서구,화곡1동,서울특별시 강서구 화곡1동
강서구,화곡동,강서힐스테이트,화곡본동,강서구,우장산동,서울특별시 강서구 우장산동
강서구,화곡동,거성훼미리(29-68),화곡본동,강서구,화곡본동,서울특별시 강서구 화곡본동
강서구,화곡동,경동엠파이어스테이트,화곡본동,강서구,화곡6동,서울특별시 강서구 화곡6동
강서구,화곡동,계명(1075-31),화곡본동,강서구,화곡본동,서울특별시 강서구 화곡본동
강서구,화곡동,계명(350-33),화곡본동,강서구,화곡본동,서울특별시 강서구 화곡본동
강서구,화곡동,계명(350-34),화곡본동,강서구,화곡본동,서울특별시 강서구 화곡본동
강서구,화곡동,계명(849-7),화곡본동,강서구,화곡본동,서울특별시 강서구 화곡본동
강서구,화곡동,계명가동,화곡본동,강서구,화곡본동,서울특별시 강서구 화곡본동
강서구,화곡동,계명가동(343-65),화곡본동,강서구,화곡본동,서울특별시 강서구 화곡본동
강서구,화곡동,계명나동(56-29),화곡본동,강서구,화곡1동,서울특별시 강서구 화곡1동
강서구,화곡동,계명아파트나동,화곡본동,강서구,화곡1동,서울특별시 강서구 화곡1동
강서구,화곡동,계명아파트다동,화곡본동,강서구,화곡1동,서울특별시 강서구 화곡1동
강서구,화곡동,곰달래,화곡본동,강서구,화곡8동,서울특별시 강서구 화곡8동
강서구,화곡동,광영다모은정아파트,화곡본동,강서구,화곡3동,서울특별시 강서구 화곡3동
강서구,화곡동,굿이모션(1103-3),화곡본동,강서구,화곡6동,서울특별시 강서구 화곡6동
강서구,화곡동,궁전(912-1)B동,화곡본동,강서구,화곡1동,서울특별시 강서구 화곡1동
강서구,화곡동,궁전A동,화곡본동,강서구,화곡1동,서울특별시 강서구 화곡1동
강서구,화곡동,그라비스,화곡본동,강서구,화곡4동,서울특별시 강서구 화곡4동
강서구,화곡동,그랜드아이파크,화곡본동,강서구,화곡6동,서울특별시 강서구 화곡6동
강서구,화곡동,그레이스(786-10),화곡본동,강서구,우장산동,서울특별시 강서구 우장산동
강서구,화곡동,근상프리즘,화곡본동,강서구,화곡본동,서울특별시 강서구 화곡본동
강서구,화곡동,근상프리즘(342-35),화곡본동,강서구,화곡본동,서울특별시 강서구 화곡본동
강서구,화곡동,근상프리즘(955-9),화곡본동,강서구,화곡본동,서울특별시 강서구 화곡본동
강서구,화곡동,근상프리즘(957-1),화곡본동,강서구,화곡본동,서울특별시 강서구 화곡본동
강서구,화곡동,금호,화곡본동,강서구,화곡6동,서울특별시 강서구 화곡6동
강서구,화곡동,길성그랑프리텔,화곡본동,강서구,화곡6동,서울특별시 강서구 화곡6동
강서구,화곡동,까치산(101동),화곡본동,강서구,화곡8동,서울특별시 강서구 화곡8동
강서구,화곡동,까치산(102동),화곡본동,강서구,화곡8동,서울특별시 강서구 화곡8동
강서구,화곡동,꿈동산(355-22),화곡본동,강서구,화곡1동,서울특별시 강서구 화곡1동
강서구,화곡동,남경리버빌(343-48),화곡본동,강서구,화곡본동,서울특별시 강서구 화곡본동
강서구,화곡동,남경에버빌(343-47),화곡본동,강서구,화곡8동,서울특별시 강서구 화곡8동
강서구,화곡동,남광쉐르빌(923-10),화곡본동,강서구,화곡1동,서울특별시 강서구 화곡1동
강서구,화곡동,남광아파트,화곡본동,강서구,화곡1동,서울특별시 강서구 화곡1동
강서구,화곡동,남광아파트(1131-11),화곡본동,강서구,화곡1동,서울특별시 강서구 화곡1동
강서구,화곡동,남촌,화곡본동,강서구,화곡3동,서울특별시 강서구 화곡3동
강서구,화곡동,뉴파인,화곡본동,강서구,화곡1동,서울특별시 강서구 화곡1동
강서구,화곡동,다담센트빌,화곡본동,강서구,화곡1동,서울특별시 강서구 화곡1동
강서구,화곡동,다울,화곡본동,강서구,우장산동,서울특별시 강서구 우장산동
강서구,화곡동,대림e편한세상,화곡본동,강서구,방화2동,서울특별시 강서구 방화2동
강서구,화곡동,"대성1,2호(379-57,가동)",화곡본동,강서구,화곡8동,서울특별시 강서구 화곡8동
강서구,화곡동,"대성3,4호(379-58,나동)",화곡본동,강서구,화곡8동,서울특별시 강서구 화곡8동
강서구,화곡동,대우그린,화곡본동,강서구,화곡1동,서울특별시 강서구 화곡1동
강서구,화곡동,대종,화곡본동,강서구,화곡1동,서울특별시 강서구 화곡1동
강서구,화곡동,대진,화곡본동,강서구,화곡2동,서울특별시 강서구 화곡2동
강서구,화곡동,대한아파트,화곡본동,강서구,화곡1동,서울특별시 강서구 화곡1동
강서구,화곡동,대호스카이빌,화곡본동,강서구,화곡2동,서울특별시 강서구 화곡2동
강서구,화곡동,덕현타워,화곡본동,강서구,우장산동,서울특별시 강서구 우장산동
강서구,화곡동,도양라비앙아파트,화곡본동,강서구,화곡1동,서울특별시 강서구 화곡1동
강서구,화곡동,"동서1,2호(381-11)",화곡본동,강서구,화곡1동,서울특별시 강서구 화곡1동
강서구,화곡동,동서3호(381-22),화곡본동,강서구,화곡1동,서울특별시 강서구 화곡1동
강서구,화곡동,동양,화곡본동,강서구,화곡1동,서울특별시 강서구 화곡1동
강서구,화곡동,동양하우징(899-4),화곡본동,강서구,화곡3동,서울특별시 강서구 화곡3동
강서구,화곡동,동우(24-134),화곡본동,강서구,화곡3동,서울특별시 강서구 화곡3동
강서구,화곡동,동진빌라(56-100),화곡본동,강서구,화곡본동,서울특별시 강서구 화곡본동
강서구,화곡동,동훈타마르(921-18),화곡본동,강서구,화곡1동,서울특별시 강서구 화곡1동
강서구,화곡동,드림시드아파트,화곡본동,강서구,화곡1동,서울특별시 강서구 화곡1동
강서구,화곡동,드림시드아파트1차,화곡본동,강서구,화곡1동,서울특별시 강서구 화곡1동
강서구,화곡동,디아인스,화곡본동,강서구,화곡1동,서울특별시 강서구 화곡1동
강서구,화곡동,로얄홈타운(102동),화곡본동,강서구,화곡1동,서울특별시 강서구 화곡1동
강서구,화곡동,로얄홈타운(103동),화곡본동,강서구,화곡1동,서울특별시 강서구 화곡1동
강서구,화곡동,로얄홈타운(928-23)101동,화곡본동,강서구,화곡1동,서울특별시 강서구 화곡1동
강서구,화곡동,로즈힐(1101-3),화곡본동,강서구,우장산동,서울특별시 강서구 우장산동
강서구,화곡동,루체비스타,화곡본동,강서구,화곡8동,서울특별시 강서구 화곡8동
강서구,화곡동,리치아파트,화곡본동,강서구,화곡1동,서울특별시 강서구 화곡1동
강서구,화곡동,메종드로제,화곡본동,강서구,화곡1동,서울특별시 강서구 화곡1동
강서구,화곡동,명주캐슬(61-9),화곡본동,강서구,화곡본동,서울특별시 강서구 화곡본동
강서구,화곡동,명지해드는터,화곡본동,강서구,화곡4동,서울특별시 강서구 화곡4동
강서구,화곡동,무궁화,화곡본동,강서구,화곡1동,서울특별시 강서구 화곡1동
강서구,화곡동,미성아파트(연립),화곡본동,강서구,화곡8동,서울특별시 강서구 화곡8동
강서구,화곡동,미주,화곡본동,강서구,화곡4동,서울특별시 강서구 화곡4동
강서구,화곡동,벨라팰리스,화곡본동,강서구,화곡1동,서울특별시 강서구 화곡1동
강서구,화곡동,보람,화곡본동,강서구,화곡6동,서울특별시 강서구 화곡6동
강서구,화곡동,부영,화곡본동,강서구,화곡본동,서울특별시 강서구 화곡본동
강서구,화곡동,블루힐,화곡본동,강서구,화곡1동,서울특별시 강서구 화곡1동
강서구,화곡동,산내들,화곡본동,강서구,화곡2동,서울특별시 강서구 화곡2동
강서구,화곡동,살렘,화곡본동,강서구,화곡본동,서울특별시 강서구 화곡본동
강서구,화곡동,삼도,화곡본동,강서구,화곡1동,서울특별시 강서구 화곡1동
강서구,화곡동,삼백,화곡본동,강서구,화곡1동,서울특별시 강서구 화곡1동
강서구,화곡동,삼성,화곡본동,강서구,화곡8동,서울특별시 강서구 화곡8동
강서구,화곡동,삼성다빈치(917-14),화곡본동,강서구,화곡1동,서울특별시 강서구 화곡1동
강서구,화곡동,삼성홈타운,화곡본동,강서구,화곡본동,서울특별시 강서구 화곡본동
강서구,화곡동,삼우아파트,화곡본동,강서구,화곡1동,서울특별시 강서구 화곡1동
강서구,화곡동,삼호그린(346-19),화곡본동,강서구,화곡8동,서울특별시 강서구 화곡8동
강서구,화곡동,상진지오벨리,화곡본동,강서구,화곡4동,서울특별시 강서구 화곡4동
강서구,화곡동,서광프리메라,화곡본동,강서구,화곡6동,서울특별시 강서구 화곡6동
강서구,화곡동,서림골드,화곡본동,강서구,우장산동,서울특별시 강서구 우장산동
강서구,화곡동,서부인터빌아파트,화곡본동,강서구,화곡1동,서울특별시 강서구 화곡1동
강서구,화곡동,성광,화곡본동,강서구,화곡1동,서울특별시 강서구 화곡1동
강서구,화곡동,성광(343-38),화곡본동,강서구,화곡1동,서울특별시 강서구 화곡1동
강서구,화곡동,성삼하이츠,화곡본동,강서구,화곡4동,서울특별시 강서구 화곡4동
강서구,화곡동,성재,화곡본동,강서구,화곡1동,서울특별시 강서구 화곡1동
강서구,화곡동,성재센트리움,화곡본동,강서구,화곡1동,서울특별시 강서구 화곡1동
강서구,화곡동,성재센트리움아파트,화곡본동,강서구,화곡1동,서울특별시 강서구 화곡1동
강서구,화곡동,성재센트리움아파트(343-35),화곡본동,강서구,화곡1동,서울특별시 강서구 화곡1동
강서구,화곡동,세교예지안2차,화곡본동,강서구,화곡1동,서울특별시 강서구 화곡1동
강서구,화곡동,세교예지안5차,화곡본동,강서구,화곡1동,서울특별시 강서구 화곡1동
강서구,화곡동,세교예지안6차,화곡본동,강서구,화곡1동,서울특별시 강서구 화곡1동
강서구,화곡동,세림,화곡본동,강서구,화곡1동,서울특별시 강서구 화곡1동
강서구,화곡동,세림아파트,화곡본동,강서구,화곡1동,서울특별시 강서구 화곡1동
강서구,화곡동,세양(453-4),화곡본동,강서구,화곡2동,서울특별시 강서구 화곡2동
강서구,화곡동,세양(453-5),화곡본동,강서구,화곡2동,서울특별시 강서구 화곡2동
강서구,화곡동,세한(410-150),화곡본동,강서구,화곡1동,서울특별시 강서구 화곡1동
강서구,화곡동,센트럴파크아파트,화곡본동,강서구,화곡1동,서울특별시 강서구 화곡1동
강서구,화곡동,송이,화곡본동,강서구,화곡6동,서울특별시 강서구 화곡6동
강서구,화곡동,수산동우,화곡본동,강서구,화곡3동,서울특별시 강서구 화곡3동
강서구,화곡동,수정,화곡본동,강서구,화곡2동,서울특별시 강서구 화곡2동
강서구,화곡동,스위트드림아파트,화곡본동,강서구,화곡3동,서울특별시 강서구 화곡3동
강서구,화곡동,스카이(924-10),화곡본동,강서구,화곡1동,서울특별시 강서구 화곡1동
강서구,화곡동,승윤노블리안,화곡본동,강서구,화곡1동,서울특별시 강서구 화곡1동
강서구,화곡동,신도금잔디,화곡본동,강서구,화곡2동,서울특별시 강서구 화곡2동
강서구,화곡동,신보,화곡본동,강서구,화곡본동,서울특별시 강서구 화곡본동
강서구,화곡동,신세계2차,화곡본동,강서구,화곡3동,서울특별시 강서구 화곡3동
강서구,화곡동,신영,화곡본동,강서구,화곡1동,서울특별시 강서구 화곡1동
강서구,화곡동,신원1차(24-124),화곡본동,강서구,화곡8동,서울특별시 강서구 화곡8동
강서구,화곡동,신원2차(24-130),화곡본동,강서구,화곡8동,서울특별시 강서구 화곡8동
강서구,화곡동,신원센스빌,화곡본동,강서구,화곡8동,서울특별시 강서구 화곡8동
강서구,화곡동,신일골드빌,화곡본동,강서구,화곡3동,서울특별시 강서구 화곡3동
강서구,화곡동,신한빌라트(105-362),화곡본동,강서구,화곡본동,서울특별시 강서구 화곡본동
강서구,화곡동,아녜스타워4,화곡본동,강서구,화곡1동,서울특별시 강서구 화곡1동
강서구,화곡동,양용아네스,화곡본동,강서구,화곡4동,서울특별시 강서구 화곡4동
강서구,화곡동,양지샤인아파트,화곡본동,강서구,화곡1동,서울특별시 강서구 화곡1동
강서구,화곡동,에스엠케이아파트,화곡본동,강서구,화곡1동,서울특별시 강서구 화곡1동
강서구,화곡동,에스타워,화곡본동,강서구,화곡1동,서울특별시 강서구 화곡1동
강서구,화곡동,에이원,화곡본동,강서구,화곡8동,서울특별시 강서구 화곡8동
강서구,화곡동,에이원A동,화곡본동,강서구,화곡8동,서울특별시 강서구 화곡8동
강서구,화곡동,에이원B둥,화곡본동,강서구,화곡8동,서울특별시 강서구 화곡8동
강서구,화곡동,예지보금자리,화곡본동,강서구,화곡4동,서울특별시 강서구 화곡4동
강서구,화곡동,오경아파트,화곡본동,강서구,화곡8동,서울특별시 강서구 화곡8동
강서구,화곡동,오복뜨란체,화곡본동,강서구,화곡3동,서울특별시 강서구 화곡3동
강서구,화곡동,오케이A,화곡본동,강서구,화곡본동,서울특별시 강서구 화곡본동
강서구,화곡동,오케이B,화곡본동,강서구,화곡본동,서울특별시 강서구 화곡본동
강서구,화곡동,오화(24-175),화곡본동,강서구,화곡1동,서울특별시 강서구 화곡1동
강서구,화곡동,올림푸스,화곡본동,강서구,화곡본동,서울특별시 강서구 화곡본동
강서구,화곡동,요산페어뷰,화곡본동,강서구,화곡1동,서울특별시 강서구 화곡1동
강서구,화곡동,우공아파트,화곡본동,강서구,화곡1동,서울특별시 강서구 화곡1동
강서구,화곡동,우공팰리스,화곡본동,강서구,화곡1동,서울특별시 강서구 화곡1동
강서구,화곡동,우공팰리스101동,화곡본동,강서구,화곡1동,서울특별시 강서구 화곡1동
강서구,화곡동,우공팰리스102동,화곡본동,강서구,화곡1동,서울특별시 강서구 화곡1동
강서구,화곡동,우림루미아트아파트,화곡본동,강서구,방화2동,서울특별시 강서구 방화2동
강서구,화곡동,우성,화곡본동,강서구,화곡1동,서울특별시 강서구 화곡1동
강서구,화곡동,우성(343-39),화곡본동,강서구,화곡1동,서울특별시 강서구 화곡1동
강서구,화곡동,우성(343-75),화곡본동,강서구,화곡1동,서울특별시 강서구 화곡1동
강서구,화곡동,우성(353-27),화곡본동,강서구,화곡1동,서울특별시 강서구 화곡1동
강서구,화곡동,우성(410-56),화곡본동,강서구,화곡1동,서울특별시 강서구 화곡1동
강서구,화곡동,우성트윈캐슬A동,화곡본동,강서구,화곡8동,서울특별시 강서구 화곡8동
강서구,화곡동,우영,화곡본동,강서구,화곡4동,서울특별시 강서구 화곡4동
강서구,화곡동,우장산롯데,화곡본동,강서구,화곡6동,서울특별시 강서구 화곡6동
강서구,화곡동,우장산롯데캐슬,화곡본동,강서구,화곡6동,서울특별시 강서구 화곡6동
강서구,화곡동,우장산숲아이파크,화곡본동,강서구,우장산동,서울특별시 강서구 우장산동
강서구,화곡동,"우장산아이파크,이편한세상",화곡본동,강서구,우장산동,서울특별시 강서구 우장산동
강서구,화곡동,우장산에스케이뷰,화곡본동,강서구,우장산동,서울특별시 강서구 우장산동
강서구,화곡동,우장산청솔(992-10),화곡본동,강서구,화곡6동,서울특별시 강서구 화곡6동
강서구,화곡동,우장산청솔(992-11),화곡본동,강서구,화곡6동,서울특별시 강서구 화곡6동
강서구,화곡동,우장산한화꿈에그린,화곡본동,강서구,화곡6동,서울특별시 강서구 화곡6동
강서구,화곡동,우장산휴먼빌,화곡본동,강서구,우장산동,서울특별시 강서구 우장산동
강서구,화곡동,우진,화곡본동,강서구,화곡1동,서울특별시 강서구 화곡1동
강서구,화곡동,원흥타운,화곡본동,강서구,화곡1동,서울특별시 강서구 화곡1동
강서구,화곡동,웰라이빌,화곡본동,강서구,화곡1동,서울특별시 강서구 화곡1동
강서구,화곡동,위하우스아파트,화곡본동,강서구,화곡1동,서울특별시 강서구 화곡1동
강서구,화곡동,유림노르웨이숲(919-1),화곡본동,강서구,화곡1동,서울특별시 강서구 화곡1동
강서구,화곡동,유원펠리체(924-17),화곡본동,강서구,화곡1동,서울특별시 강서구 화곡1동
강서구,화곡동,윤탁아트리움,화곡본동,강서구,우장산동,서울특별시 강서구 우장산동
강서구,화곡동,율창(885-1),화곡본동,강서구,화곡2동,서울특별시 강서구 화곡2동
강서구,화곡동,은창,화곡본동,강서구,화곡2동,서울특별시 강서구 화곡2동
강서구,화곡동,은하,화곡본동,강서구,화곡1동,서울특별시 강서구 화곡1동
강서구,화곡동,은하(400-60),화곡본동,강서구,화곡1동,서울특별시 강서구 화곡1동
강서구,화곡동,은하센트리움,화곡본동,강서구,화곡8동,서울특별시 강서구 화곡8동
강서구,화곡동,은하수,화곡본동,강서구,화곡8동,서울특별시 강서구 화곡8동
강서구,화곡동,일광,화곡본동,강서구,화곡1동,서울특별시 강서구 화곡1동
강서구,화곡동,일광2차,화곡본동,강서구,화곡1동,서울특별시 강서구 화곡1동
강서구,화곡동,일성스카이빌,화곡본동,강서구,화곡1동,서울특별시 강서구 화곡1동
강서구,화곡동,일현세일,화곡본동,강서구,화곡1동,서울특별시 강서구 화곡1동
강서구,화곡동,임탑-A,화곡본동,강서구,화곡1동,서울특별시 강서구 화곡1동
강서구,화곡동,임탑-B,화곡본동,강서구,화곡1동,서울특별시 강서구 화곡1동
강서구,화곡동,정원,화곡본동,강서구,화곡1동,서울특별시 강서구 화곡1동
강서구,화곡동,제이월드,화곡본동,강서구,화곡8동,서울특별시 강서구 화곡8동
강서구,화곡동,제일에비앙,화곡본동,강서구,화곡1동,서울특별시 강서구 화곡1동
강서구,화곡동,주얼리,화곡본동,강서구,화곡1동,서울특별시 강서구 화곡1동
강서구,화곡동,중앙(931-9),화곡본동,강서구,화곡1동,서울특별시 강서구 화곡1동
강서구,화곡동,중앙화곡하이츠,화곡본동,강서구,화곡1동,서울특별시 강서구 화곡1동
강서구,화곡동,지석,화곡본동,강서구,화곡1동,서울특별시 강서구 화곡1동
강서구,화곡동,진민그린상가(367-30),화곡본동,강서구,화곡8동,서울특별시 강서구 화곡8동
강서구,화곡동,진성101동,화곡본동,강서구,화곡2동,서울특별시 강서구 화곡2동
강서구,화곡동,진성아파트102동,화곡본동,강서구,화곡6동,서울특별시 강서구 화곡6동
강서구,화곡동,진흥,화곡본동,강서구,화곡4동,서울특별시 강서구 화곡4동
강서구,화곡동,찬누리,화곡본동,강서구,화곡1동,서울특별시 강서구 화곡1동
강서구,화곡동,창대,화곡본동,강서구,화곡1동,서울특별시 강서구 화곡1동
강서구,화곡동,천우(401-2),화곡본동,강서구,화곡8동,서울특별시 강서구 화곡8동
강서구,화곡동,천우(401-25),화곡본동,강서구,화곡8동,서울특별시 강서구 화곡8동
강서구,화곡동,천우(916-7),화곡본동,강서구,화곡8동,서울특별시 강서구 화곡8동
강서구,화곡동,천우네오젠(790-3),화곡본동,강서구,화곡8동,서울특별시 강서구 화곡8동
강서구,화곡동,천우네오젠9차,화곡본동,강서구,화곡1동,서울특별시 강서구 화곡1동
강서구,화곡동,천우중앙,화곡본동,강서구,화곡1동,서울특별시 강서구 화곡1동
강서구,화곡동,청솔,화곡본동,강서구,화곡6동,서울특별시 강서구 화곡6동
강서구,화곡동,청송평화,화곡본동,강서구,화곡본동,서울특별시 강서구 화곡본동
강서구,화곡동,청우,화곡본동,강서구,화곡4동,서울특별시 강서구 화곡4동
강서구,화곡동,청우(391-2),화곡본동,강서구,화곡4동,서울특별시 강서구 화곡4동
강서구,화곡동,초록,화곡본동,강서구,화곡3동,서울특별시 강서구 화곡3동
강서구,화곡동,크로스캐슬,화곡본동,강서구,화곡1동,서울특별시 강서구 화곡1동
강서구,화곡동,타워빌,화곡본동,강서구,화곡3동,서울특별시 강서구 화곡3동
강서구,화곡동,탑건진선미,화곡본동,강서구,화곡8동,서울특별시 강서구 화곡8동
강서구,화곡동,탑건화곡동진선미,화곡본동,강서구,화곡4동,서울특별시 강서구 화곡4동
강서구,화곡동,태경(347-13),화곡본동,강서구,화곡1동,서울특별시 강서구 화곡1동
강서구,화곡동,태경(381-7),화곡본동,강서구,화곡1동,서울특별시 강서구 화곡1동
강서구,화곡동,태성비리치,화곡본동,강서구,화곡4동,서울특별시 강서구 화곡4동
강서구,화곡동,태승,화곡본동,강서구,화곡8동,서울특별시 강서구 화곡8동
강서구,화곡동,태승훼밀리,화곡본동,강서구,발산1동,서울특별시 강서구 발산1동
강서구,화곡동,태영,화곡본동,강서구,화곡1동,서울특별시 강서구 화곡1동
강서구,화곡동,태영(379-56),화곡본동,강서구,화곡1동,서울특별시 강서구 화곡1동
강서구,화곡동,태영그린(917-16),화곡본동,강서구,화곡1동,서울특별시 강서구 화곡1동
강서구,화곡동,태영방송인,화곡본동,강서구,화곡4동,서울특별시 강서구 화곡4동
강서구,화곡동,태창네스트힐,화곡본동,강서구,화곡8동,서울특별시 강서구 화곡8동
강서구,화곡동,태흥그랑뷰,화곡본동,강서구,화곡8동,서울특별시 강서구 화곡8동
강서구,화곡동,토석아네스아파트,화곡본동,강서구,화곡본동,서울특별시 강서구 화곡본동
강서구,화곡동,투원씨A동,화곡본동,강서구,화곡본동,서울특별시 강서구 화곡본동
강서구,화곡동,투원씨B동,화곡본동,강서구,화곡본동,서울특별시 강서구 화곡본동
강서구,화곡동,트리움팰리스,화곡본동,강서구,우장산동,서울특별시 강서구 우장산동
강서구,화곡동,트윈캐슬B동(56-11),화곡본동,강서구,화곡8동,서울특별시 강서구 화곡8동
강서구,화곡동,팔라이스아파트먼트(915-8),화곡본동,강서구,화곡1동,서울특별시 강서구 화곡1동
강서구,화곡동,팔라이스타워,화곡본동,강서구,화곡1동,서울특별시 강서구 화곡1동
강서구,화곡동,푸른숲,화곡본동,강서구,화곡2동,서울특별시 강서구 화곡2동
강서구,화곡동,푸른숲2차(474-18),화곡본동,강서구,화곡4동,서울특별시 강서구 화곡4동
강서구,화곡동,풍원팰리스,화곡본동,강서구,화곡1동,서울특별시 강서구 화곡1동
강서구,화곡동,프라임주택,화곡본동,강서구,화곡1동,서울특별시 강서구 화곡1동
강서구,화곡동,프라임팰리스(1024-23),화곡본동,강서구,화곡3동,서울특별시 강서구 화곡3동
강서구,화곡동,프라임하우스(342-44),화곡본동,강서구,화곡8동,서울특별시 강서구 화곡8동
강서구,화곡동,프라임하우스(916-5),화곡본동,강서구,화곡8동,서울특별시 강서구 화곡8동
강서구,화곡동,프라임하우스(916-9),화곡본동,강서구,화곡8동,서울특별시 강서구 화곡8동
강서구,화곡동,프라임하우스(925-17),화곡본동,강서구,화곡8동,서울특별시 강서구 화곡8동
강서구,화곡동,한경빌(938-26),화곡본동,강서구,화곡8동,서울특별시 강서구 화곡8동
강서구,화곡동,한백E타운아파트,화곡본동,강서구,화곡본동,서울특별시 강서구 화곡본동
강서구,화곡동,한백e,화곡본동,강서구,화곡8동,서울특별시 강서구 화곡8동
강서구,화곡동,한백e타운(46-219),화곡본동,강서구,화곡본동,서울특별시 강서구 화곡본동
강서구,화곡동,한백아파트,화곡본동,강서구,화곡1동,서울특별시 강서구 화곡1동
강서구,화곡동,한솔,화곡본동,강서구,화곡본동,서울특별시 강서구 화곡본동
강서구,화곡동,한솔(61-116),화곡본동,강서구,화곡본동,서울특별시 강서구 화곡본동
강서구,화곡동,한솔스위트벨리,화곡본동,강서구,화곡본동,서울특별시 강서구 화곡본동
강서구,화곡동,한신베네스트아파트,화곡본동,강서구,화곡1동,서울특별시 강서구 화곡1동
강서구,화곡동,한양아이클래스,화곡본동,강서구,화곡1동,서울특별시 강서구 화곡1동
강서구,화곡동,한울아파트,화곡본동,강서구,화곡1동,서울특별시 강서구 화곡1동
강서구,화곡동,한울에이치밸리움A동,화곡본동,강서구,화곡3동,서울특별시 강서구 화곡3동
강서구,화곡동,한울에이치밸리움B동,화곡본동,강서구,화곡3동,서울특별시 강서구 화곡3동
강서구,화곡동,해태드림타운,화곡본동,강서구,화곡1동,서울특별시 강서구 화곡1동
강서구,화곡동,현대그린,화곡본동,강서구,화곡6동,서울특별시 강서구 화곡6동
강서구,화곡동,현대홈타운(923-2),화곡본동,강서구,화곡본동,서울특별시 강서구 화곡본동
강서구,화곡동,혜성오피아파트,화곡본동,강서구,화곡1동,서울특별시 강서구 화곡1동
강서구,화곡동,호성그린아트빌,화곡본동,강서구,화곡8동,서울특별시 강서구 화곡8동
강서구,화곡동,호용그린피아,화곡본동,강서구,우장산동,서울특별시 강서구 우장산동
강서구,화곡동,화곡1차보람더하임,화곡본동,강서구,화곡8동,서울특별시 강서구 화곡8동
강서구,화곡동,화곡3차보람,화곡본동,강서구,화곡4동,서울특별시 강서구 화곡4동
강서구,화곡동,화곡6차보람쉬움,화곡본동,강서구,화곡6동,서울특별시 강서구 화곡6동
강서구,화곡동,화곡대진,화곡본동,강서구,화곡2동,서울특별시 강서구 화곡2동
강서구,화곡동,화곡더리브스카이,화곡본동,강서구,화곡1동,서울특별시 강서구 화곡1동
강서구,화곡동,화곡동복지,화곡본동,강서구,화곡8동,서울특별시 강서구 화곡8동
강서구,화곡동,화곡동복지다동,화곡본동,강서구,화곡1동,서울특별시 강서구 화곡1동
강서구,화곡동,화곡동성재,화곡본동,강서구,화곡1동,서울특별시 강서구 화곡1동
강서구,화곡동,화곡보람,화곡본동,강서구,화곡6동,서울특별시 강서구 화곡6동
강서구,화곡동,화곡삼익,화곡본동,강서구,화곡8동,서울특별시 강서구 화곡8동
강서구,화곡동,화곡예다움,화곡본동,강서구,화곡4동,서울특별시 강서구 화곡4동
강서구,화곡동,화곡푸르지오,화곡본동,강서구,화곡3동,서울특별시 강서구 화곡3동
강서구,화곡동,화곡한강,화곡본동,강서구,우장산동,서울특별시 강서구 우장산동
강서구,화곡동,화성파크빌,화곡본동,강서구,화곡8동,서울특별시 강서구 화곡8동
강서구,화곡동,황제팰리체(And Pra space),화곡본동,강서구,화곡8동,서울특별시 강서구 화곡8동
강서구,화곡동,효성A(923-17),화곡본동,강서구,화곡8동,서울특별시 강서구 화곡8동
강서구,화곡동,효성B(923-18),화곡본동,강서구,화곡8동,서울특별시 강서구 화곡8동
강서구,화곡동,희훈리치파크,화곡본동,강서구,화곡3동,서울특별시 강서구 화곡3동
관악구,남현동,VIP(602-284),남현동,관악구,남현동,서울특별시 관악구 남현동
관악구,남현동,e산이랑,남현동,관악구,남현동,서울특별시 관악구 남현동
관악구,남현동,관악산대창센시티,남현동,관악구,남현동,서울특별시 관악구 남현동
관악구,남현동,관악산대창센시티2차,남현동,관악구,남현동,서울특별시 관악구 남현동
관악구,남현동,관악산센텀,남현동,관악구,남현동,서울특별시 관악구 남현동
관악구,남현동,기아하이츠빌,남현동,관악구,남현동,서울특별시 관악구 남현동
관악구,남현동,남현동한일유앤아이,남현동,관악구,남현동,서울특별시 관악구 남현동
관악구,남현동,남현현대아이빌라,남현동,관악구,남현동,서울특별시 관악구 남현동
관악구,남현동,네스코뮤즈빌,남현동,관악구,남현동,서울특별시 관악구 남현동
관악구,남현동,네스코수피아,남현동,관악구,남현동,서울특별시 관악구 남현동
관악구,남현동,네스코수피아아파트,남현동,관악구,남현동,서울특별시 관악구 남현동
관악구,남현동,노블스톤,남현동,관악구,남현동,서울특별시 관악구 남현동
관악구,남현동,뉴타운1동(A동),남현동,관악구,남현동,서울특별시 관악구 남현동
관악구,남현동,뉴타운B동,남현동,관악구,남현동,서울특별시 관악구 남현동
관악구,남현동,다청림라인씨티,남현동,관악구,남현동,서울특별시 관악구 남현동
관악구,남현동,동송하이클래스,남현동,관악구,남현동,서울특별시 관악구 남현동
관악구,남현동,동송하이클래스(1071-3),남현동,관악구,남현동,서울특별시 관악구 남현동
관악구,남현동,라움아파트,남현동,관악구,남현동,서울특별시 관악구 남현동
관악구,남현동,로미아트빌,남현동,관악구,남현동,서울특별시 관악구 남현동
관악구,남현동,르메이르강남타운1,남현동,관악구,남현동,서울특별시 관악구 남현동
관악구,남현동,문영마운틴,남현동,관악구,남현동,서울특별시 관악구 남현동
관악구,남현동,별장,남현동,관악구,남현동,서울특별시 관악구 남현동
관악구,남현동,삼성홈타운,남현동,관악구,남현동,서울특별시 관악구 남현동
관악구,남현동,삼원하이츠11차,남현동,관악구,남현동,서울특별시 관악구 남현동
관악구,남현동,성원나이스,남현동,관악구,남현동,서울특별시 관악구 남현동
관악구,남현동,세종하이츠,남현동,관악구,남현동,서울특별시 관악구 남현동
관악구,남현동,솔본,남현동,관악구,남현동,서울특별시 관악구 남현동
관악구,남현동,송림퍼스트빌,남현동,관악구,남현동,서울특별시 관악구 남현동
관악구,남현동,쎈트앤빌,남현동,관악구,남현동,서울특별시 관악구 남현동
관악구,남현동,쎈트앤빌2,남현동,관악구,남현동,서울특별시 관악구 남현동
관악구,남현동,양지네스코빌,남현동,관악구,남현동,서울특별시 관악구 남현동
관악구,남현동,양지빌라트,남현동,관악구,신사동,서울특별시 관악구 신사동
관악구,남현동,예성2차그린캐슬,남현동,관악구,남현동,서울특별시 관악구 남현동
관악구,남현동,예성그랑펠리체,남현동,관악구,남현동,서울특별시 관악구 남현동
관악구,남현동,예성그린캐슬1차,남현동,관악구,남현동,서울특별시 관악구 남현동
관악구,남현동,예성그린캐슬III,남현동,관악구,남현동,서울특별시 관악구 남현동
관악구,남현동,예촌A,남현동,관악구,남현동,서울특별시 관악구 남현동
관악구,남현동,예촌BC,남현동,관악구,남현동,서울특별시 관악구 남현동
관악구,남현동,예촌그린,남현동,관악구,남현동,서울특별시 관악구 남현동
관악구,남현동,예촌하이츠빌,남현동,관악구,남현동,서울특별시 관악구 남현동
관악구,남현동,우림루미아트,남현동,관악구,남현동,서울특별시 관악구 남현동
관악구,남현동,우평,남현동,관악구,남현동,서울특별시 관악구 남현동
관악구,남현동,진영씨티파크APT,남현동,관악구,남현동,서울특별시 관악구 남현동
관악구,남현동,카사빌,남현동,관악구,남현동,서울특별시 관악구 남현동
관악구,남현동,팔라시오,남현동,관악구,남현동,서울특별시 관악구 남현동
관악구,남현동,풍산캐슬,남현동,관악구,남현동,서울특별시 관악구 남현동
관악구,남현동,플라워스위트101동102동,남현동,관악구,남현동,서울특별시 관악구 남현동
관악구,남현동,하이파크,남현동,관악구,남현동,서울특별시 관악구 남현동
관악구,남현동,한백다솜,남현동,관악구,남현동,서울특별시 관악구 남현동
관악구,남현동,한솔아크로,남현동,관악구,남현동,서울특별시 관악구 남현동
관악구,남현동,한일유앤아이2차,남현동,관악구,남현동,서울특별시 관악구 남현동
관악구,남현동,현대빌라트,남현동,관악구,성현동,서울특별시 관악구 성현동
관악구,남현동,현대이즈빌,남현동,관악구,남현동,서울특별시 관악구 남현동
관악구,남현동,흥화브라운빌,남현동,관악구,남현동,서울특별시 관악구 남현동
관악구,봉천동,(685-103),낙성대동,관악구,낙성대동,서울특별시 관악구 낙성대동
관악구,봉천동,e편한세상서울대입구1단지,낙성대동,관악구,청룡동,서울특별시 관악구 청룡동
관악구,봉천동,e편한세상서울대입구2단지,낙성대동,관악구,청룡동,서울특별시 관악구 청룡동
관악구,봉천동,e편한세상서울대입구2차,낙성대동,관악구,청룡동,서울특별시 관악구 청룡동
관악구,봉천동,갑을,낙성대동,관악구,청룡동,서울특별시 관악구 청룡동
관악구,봉천동,건영6,낙성대동,관악구,청룡동,서울특별시 관악구 청룡동
관악구,봉천동,경원로얄시티,낙성대동,관악구,행운동,서울특별시 관악구 행운동
관악구,봉천동,경원시티,낙성대동,관악구,행운동,서울특별시 관악구 행운동
관악구,봉천동,관악교수,낙성대동,관악구,낙성대동,서울특별시 관악구 낙성대동
관악구,봉천동,관악동부센트레빌,낙성대동,관악구,성현동,서울특별시 관악구 성현동
관악구,봉천동,관악드림(동아),낙성대동,관악구,은천동,서울특별시 관악구 은천동
관악구,봉천동,관악드림(삼성),낙성대동,관악구,은천동,서울특별시 관악구 은천동
관악구,봉천동,관악미래가,낙성대동,관악구,행운동,서울특별시 관악구 행운동
관악구,봉천동,관악월드메르디앙,낙성대동,관악구,행운동,서울특별시 관악구 행운동
관악구,봉천동,관악위버폴리스,낙성대동,관악구,중앙동,서울특별시 관악구 중앙동
관악구,봉천동,관악유앤아이,낙성대동,관악구,성현동,서울특별시 관악구 성현동
관악구,봉천동,관악중앙하이츠포레,낙성대동,관악구,청룡동,서울특별시 관악구 청룡동
관악구,봉천동,관악청광플러스원,낙성대동,관악구,은천동,서울특별시 관악구 은천동
관악구,봉천동,관악캐스빌,낙성대동,관악구,행운동,서울특별시 관악구 행운동
관악구,봉천동,관악캠퍼스타워,낙성대동,관악구,청룡동,서울특별시 관악구 청룡동
관악구,봉천동,관악태우미소가,낙성대동,관악구,행운동,서울특별시 관악구 행운동
관악구,봉천동,관악파크푸르지오,낙성대동,관악구,행운동,서울특별시 관악구 행운동
관악구,봉천동,관악푸르지오,낙성대동,관악구,청림동,서울특별시 관악구 청림동
관악구,봉천동,그린,낙성대동,관악구,은천동,서울특별시 관악구 은천동
관악구,봉천동,금강아미움(101동),낙성대동,관악구,청룡동,서울특별시 관악구 청룡동
관악구,봉천동,금강아미움(102동),낙성대동,관악구,청룡동,서울특별시 관악구 청룡동
관악구,봉천동,금강아미움(103동),낙성대동,관악구,청룡동,서울특별시 관악구 청룡동
관악구,봉천동,금강아미움(104동),낙성대동,관악구,청룡동,서울특별시 관악구 청룡동
관악구,봉천동,금강아미움(105동),낙성대동,관악구,청룡동,서울특별시 관악구 청룡동
관악구,봉천동,금강아미움(106동),낙성대동,관악구,청룡동,서울특별시 관악구 청룡동
관악구,봉천동,길성,낙성대동,관악구,행운동,서울특별시 관악구 행운동
관악구,봉천동,낙성대늘푸른,낙성대동,관악구,행운동,서울특별시 관악구 행운동
관악구,봉천동,낙성대늘푸른2차,낙성대동,관악구,행운동,서울특별시 관악구 행운동
관악구,봉천동,낙성대에메랄드,낙성대동,관악구,행운동,서울특별시 관악구 행운동
관악구,봉천동,낙성대현대(296),낙성대동,관악구,행운동,서울특별시 관악구 행운동
관악구,봉천동,낙성대현대아파트,낙성대동,관악구,인헌동,서울특별시 관악구 인헌동
관악구,봉천동,낙성대현대홈타운,낙성대동,관악구,행운동,서울특별시 관악구 행운동
관악구,봉천동,노블레스,낙성대동,관악구,보라매동,서울특별시 관악구 보라매동
관악구,봉천동,뉴그린아파트,낙성대동,관악구,낙성대동,서울특별시 관악구 낙성대동
관악구,봉천동,뉴파크플러스(1608-27),낙성대동,관악구,낙성대동,서울특별시 관악구 낙성대동
관악구,봉천동,늘푸른,낙성대동,관악구,보라매동,서울특별시 관악구 보라매동
관악구,봉천동,늘푸른3차,낙성대동,관악구,행운동,서울특별시 관악구 행운동
관악구,봉천동,늘푸른5차,낙성대동,관악구,행운동,서울특별시 관악구 행운동
관악구,봉천동,닷컴힐즈,낙성대동,관악구,인헌동,서울특별시 관악구 인헌동
관악구,봉천동,닷컴힐즈(1653-3),낙성대동,관악구,인헌동,서울특별시 관악구 인헌동
관악구,봉천동,대경,낙성대동,관악구,보라매동,서울특별시 관악구 보라매동
관악구,봉천동,대동황실,낙성대동,관악구,중앙동,서울특별시 관악구 중앙동
관악구,봉천동,대안그린,낙성대동,관악구,은천동,서울특별시 관악구 은천동
관악구,봉천동,대영,낙성대동,관악구,행운동,서울특별시 관악구 행운동
관악구,봉천동,대우디오슈페리움1단지,낙성대동,관악구,낙성대동,서울특별시 관악구 낙성대동
관악구,봉천동,대우디오슈페리움2단지,낙성대동,관악구,낙성대동,서울특별시 관악구 낙성대동
관악구,봉천동,대원,낙성대동,관악구,청룡동,서울특별시 관악구 청룡동
관악구,봉천동,대원(1536-20),낙성대동,관악구,청룡동,서울특별시 관악구 청룡동
관악구,봉천동,더갤러리테라스,낙성대동,관악구,행운동,서울특별시 관악구 행운동
관악구,봉천동,더블유에스타워,낙성대동,관악구,중앙동,서울특별시 관악구 중앙동
관악구,봉천동,도영힐,낙성대동,관악구,은천동,서울특별시 관악구 은천동
관악구,봉천동,동아타운,낙성대동,관악구,낙성대동,서울특별시 관악구 낙성대동
관악구,봉천동,동아타운21,낙성대동,관악구,성현동,서울특별시 관악구 성현동
관악구,봉천동,동원낙성대,낙성대동,관악구,인헌동,서울특별시 관악구 인헌동
관악구,봉천동,두산,낙성대동,관악구,은천동,서울특별시 관악구 은천동
관악구,봉천동,로마아트빌,낙성대동,관악구,은천동,서울특별시 관악구 은천동
관악구,봉천동,로얄클래스,낙성대동,관악구,청룡동,서울특별시 관악구 청룡동
관악구,봉천동,로얄훼미리,낙성대동,관악구,행운동,서울특별시 관악구 행운동
관악구,봉천동,마에스트로캠퍼스타운,낙성대동,관악구,중앙동,서울특별시 관악구 중앙동
관악구,봉천동,무학,낙성대동,관악구,청룡동,서울특별시 관악구 청룡동
관악구,봉천동,미래,낙성대동,관악구,인헌동,서울특별시 관악구 인헌동
관악구,봉천동,미소가,낙성대동,관악구,행운동,서울특별시 관악구 행운동
관악구,봉천동,반석블레스빌,낙성대동,관악구,낙성대동,서울특별시 관악구 낙성대동
관악구,봉천동,반석푸른숲,낙성대동,관악구,인헌동,서울특별시 관악구 인헌동
관악구,봉천동,벽산블루밍,낙성대동,관악구,은천동,서울특별시 관악구 은천동
관악구,봉천동,벽산블루밍3차,낙성대동,관악구,은천동,서울특별시 관악구 은천동
관악구,봉천동,벽산타운II,낙성대동,관악구,성현동,서울특별시 관악구 성현동
관악구,봉천동,보라매롯데캐슬,낙성대동,관악구,보라매동,서울특별시 관악구 보라매동
관악구,봉천동,보라매삼성,낙성대동,관악구,보라매동,서울특별시 관악구 보라매동
관악구,봉천동,보라매우성,낙성대동,관악구,행운동,서울특별시 관악구 행운동
관악구,봉천동,보람(685-100),낙성대동,관악구,보라매동,서울특별시 관악구 보라매동
관악구,봉천동,보람하이빌,낙성대동,관악구,행운동,서울특별시 관악구 행운동
관악구,봉천동,복권,낙성대동,관악구,은천동,서울특별시 관악구 은천동
관악구,봉천동,봉천동,낙성대동,관악구,청룡동,서울특별시 관악구 청룡동
관악구,봉천동,봉천동아,낙성대동,관악구,성현동,서울특별시 관악구 성현동
관악구,봉천동,봉천두솔,낙성대동,관악구,청룡동,서울특별시 관악구 청룡동
관악구,봉천동,봉천우성,낙성대동,관악구,행운동,서울특별시 관악구 행운동
관악구,봉천동,부미아띠랑스힐,낙성대동,관악구,낙성대동,서울특별시 관악구 낙성대동
관악구,봉천동,브라운스톤관악,낙성대동,관악구,성현동,서울특별시 관악구 성현동
관악구,봉천동,쁘띠그린힐,낙성대동,관악구,은천동,서울특별시 관악구 은천동
관악구,봉천동,삼성,낙성대동,관악구,청룡동,서울특별시 관악구 청룡동
관악구,봉천동,삼성아트빌(1690-163),낙성대동,관악구,인헌동,서울특별시 관악구 인헌동
관악구,봉천동,삼정,낙성대동,관악구,낙성대동,서울특별시 관악구 낙성대동
관악구,봉천동,새진(1619-27),낙성대동,관악구,인헌동,서울특별시 관악구 인헌동
관악구,봉천동,새진(1653-10),낙성대동,관악구,인헌동,서울특별시 관악구 인헌동
관악구,봉천동,새진(645-0),낙성대동,관악구,인헌동,서울특별시 관악구 인헌동
관악구,봉천동,새진3차,낙성대동,관악구,낙성대동,서울특별시 관악구 낙성대동
관악구,봉천동,새진4차,낙성대동,관악구,중앙동,서울특별시 관악구 중앙동
관악구,봉천동,새진5차,낙성대동,관악구,중앙동,서울특별시 관악구 중앙동
관악구,봉천동,새진6차,낙성대동,관악구,중앙동,서울특별시 관악구 중앙동
관악구,봉천동,새진7차,낙성대동,관악구,중앙동,서울특별시 관악구 중앙동
관악구,봉천동,새진8차,낙성대동,관악구,중앙동,서울특별시 관악구 중앙동
관악구,봉천동,생모리츠타운,낙성대동,관악구,청룡동,서울특별시 관악구 청룡동
관악구,봉천동,서울대역마에스트로,낙성대동,관악구,청룡동,서울특별시 관악구 청룡동
관악구,봉천동,서울대역해담채,낙성대동,관악구,청룡동,서울특별시 관악구 청룡동
관악구,봉천동,서울대입구삼성,낙성대동,관악구,청룡동,서울특별시 관악구 청룡동
관악구,봉천동,서울대입구아이원(1560-61),낙성대동,관악구,청룡동,서울특별시 관악구 청룡동
관악구,봉천동,서울대입구아이원(1560-62),낙성대동,관악구,청룡동,서울특별시 관악구 청룡동
관악구,봉천동,서울대입구한양아이클래스,낙성대동,관악구,청룡동,서울특별시 관악구 청룡동
관악구,봉천동,서희스타힐스,낙성대동,관악구,청림동,서울특별시 관악구 청림동
관악구,봉천동,선경,낙성대동,관악구,인헌동,서울특별시 관악구 인헌동
관악구,봉천동,신봉,낙성대동,관악구,중앙동,서울특별시 관악구 중앙동
관악구,봉천동,신부,낙성대동,관악구,중앙동,서울특별시 관악구 중앙동
관악구,봉천동,신부파스카빌,낙성대동,관악구,성현동,서울특별시 관악구 성현동
관악구,봉천동,신성새실마을101동,낙성대동,관악구,낙성대동,서울특별시 관악구 낙성대동
관악구,봉천동,신성새실마을102동,낙성대동,관악구,낙성대동,서울특별시 관악구 낙성대동
관악구,봉천동,신성새실마을103동,낙성대동,관악구,낙성대동,서울특별시 관악구 낙성대동
관악구,봉천동,신양,낙성대동,관악구,보라매동,서울특별시 관악구 보라매동
관악구,봉천동,신원메트로빌,낙성대동,관악구,중앙동,서울특별시 관악구 중앙동
관악구,봉천동,아이펠리스,낙성대동,관악구,인헌동,서울특별시 관악구 인헌동
관악구,봉천동,에메랄드101동,낙성대동,관악구,중앙동,서울특별시 관악구 중앙동
관악구,봉천동,에메랄드102동,낙성대동,관악구,중앙동,서울특별시 관악구 중앙동
관악구,봉천동,에메랄드103동,낙성대동,관악구,중앙동,서울특별시 관악구 중앙동
관악구,봉천동,에메랄드104동,낙성대동,관악구,중앙동,서울특별시 관악구 중앙동
관악구,봉천동,에메랄드105동,낙성대동,관악구,중앙동,서울특별시 관악구 중앙동
관악구,봉천동,에이스인헌,낙성대동,관악구,인헌동,서울특별시 관악구 인헌동
관악구,봉천동,위너스이즈,낙성대동,관악구,낙성대동,서울특별시 관악구 낙성대동
관악구,봉천동,은선,낙성대동,관악구,중앙동,서울특별시 관악구 중앙동
관악구,봉천동,은선파인빌,낙성대동,관악구,중앙동,서울특별시 관악구 중앙동
관악구,봉천동,은천1,낙성대동,관악구,인헌동,서울특별시 관악구 인헌동
관악구,봉천동,은천2단지아파트,낙성대동,관악구,인헌동,서울특별시 관악구 인헌동
관악구,봉천동,은천누리에뜰,낙성대동,관악구,은천동,서울특별시 관악구 은천동
관악구,봉천동,인헌,낙성대동,관악구,인헌동,서울특별시 관악구 인헌동
관악구,봉천동,일동행복세상,낙성대동,관악구,중앙동,서울특별시 관악구 중앙동
관악구,봉천동,일두(1021),낙성대동,관악구,성현동,서울특별시 관악구 성현동
관악구,봉천동,장미(917-1),낙성대동,관악구,행운동,서울특별시 관악구 행운동
관악구,봉천동,제창그로힐,낙성대동,관악구,행운동,서울특별시 관악구 행운동
관악구,봉천동,카후나빌,낙성대동,관악구,중앙동,서울특별시 관악구 중앙동
관악구,봉천동,캐릭터그린빌,낙성대동,관악구,보라매동,서울특별시 관악구 보라매동
관악구,봉천동,코스모블루,낙성대동,관악구,청룡동,서울특별시 관악구 청룡동
관악구,봉천동,코스코수,낙성대동,관악구,낙성대동,서울특별시 관악구 낙성대동
관악구,봉천동,탑,낙성대동,관악구,낙성대동,서울특별시 관악구 낙성대동
관악구,봉천동,태승,낙성대동,관악구,행운동,서울특별시 관악구 행운동
관악구,봉천동,푸르빌2차,낙성대동,관악구,낙성대동,서울특별시 관악구 낙성대동
관악구,봉천동,푸르빌3차,낙성대동,관악구,낙성대동,서울특별시 관악구 낙성대동
관악구,봉천동,프라비다1,낙성대동,관악구,청룡동,서울특별시 관악구 청룡동
관악구,봉천동,프라비다2,낙성대동,관악구,청룡동,서울특별시 관악구 청룡동
관악구,봉천동,프라비다M,낙성대동,관악구,중앙동,서울특별시 관악구 중앙동
관악구,봉천동,하이캐슬,낙성대동,관악구,낙성대동,서울특별시 관악구 낙성대동
관악구,봉천동,하이캐슬101동,낙성대동,관악구,낙성대동,서울특별시 관악구 낙성대동
관악구,봉천동,하이캐슬102동,낙성대동,관악구,낙성대동,서울특별시 관악구 낙성대동
관악구,봉천동,해바라기,낙성대동,관악구,보라매동,서울특별시 관악구 보라매동
관악구,봉천동,해태보라매타워,낙성대동,관악구,보라매동,서울특별시 관악구 보라매동
관악구,봉천동,현대(관악),낙성대동,관악구,은천동,서울특별시 관악구 은천동
관악구,봉천동,휴먼아파트A,낙성대동,관악구,인헌동,서울특별시 관악구 인헌동
관악구,봉천동,휴먼아파트B,낙성대동,관악구,인헌동,서울특별시 관악구 인헌동
관악구,신림동,CLOUDAPT,신림동,관악구,신림동,서울특별시 관악구 신림동
관악구,신림동,GS파크뷰,신림동,관악구,서림동,서울특별시 관악구 서림동
관악구,신림동,G밸리마인드,신림동,관악구,조원동,서울특별시 관악구 조원동
관악구,신림동,LIG5차,신림동,관악구,대학동,서울특별시 관악구 대학동
관악구,신림동,LIG대학마을(건영아파트3차),신림동,관악구,신림동,서울특별시 관악구 신림동
관악구,신림동,강남,신림동,관악구,조원동,서울특별시 관악구 조원동
관악구,신림동,건영1,신림동,관악구,대학동,서울특별시 관악구 대학동
관악구,신림동,건영2,신림동,관악구,대학동,서울특별시 관악구 대학동
관악구,신림동,건영4,신림동,관악구,대학동,서울특별시 관악구 대학동
관악구,신림동,고흥,신림동,관악구,미성동,서울특별시 관악구 미성동
관악구,신림동,관악,신림동,관악구,신원동,서울특별시 관악구 신원동
관악구,신림동,관악산휴먼시아1단지,신림동,관악구,난향동,서울특별시 관악구 난향동
관악구,신림동,관악산휴먼시아2단지,신림동,관악구,난향동,서울특별시 관악구 난향동
관악구,신림동,국제산장,신림동,관악구,삼성동,서울특별시 관악구 삼성동
관악구,신림동,그대家,신림동,관악구,신림동,서울특별시 관악구 신림동
관악구,신림동,금호(1차),신림동,관악구,대학동,서울특별시 관악구 대학동
관악구,신림동,금호2,신림동,관악구,신림동,서울특별시 관악구 신림동
관악구,신림동,뉴서울,신림동,관악구,미성동,서울특별시 관악구 미성동
관악구,신림동,늘푸른,신림동,관악구,대학동,서울특별시 관악구 대학동
관악구,신림동,늘푸른(569-5),신림동,관악구,대학동,서울특별시 관악구 대학동
관악구,신림동,동마,신림동,관악구,삼성동,서울특별시 관악구 삼성동
관악구,신림동,동문,신림동,관악구,서림동,서울특별시 관악구 서림동
관악구,신림동,동부,신림동,관악구,신원동,서울특별시 관악구 신원동
관악구,신림동,동훈CDI,신림동,관악구,조원동,서울특별시 관악구 조원동
관악구,신림동,두영,신림동,관악구,미성동,서울특별시 관악구 미성동
관악구,신림동,라이프,신림동,관악구,미성동,서울특별시 관악구 미성동
관악구,신림동,라이프미성,신림동,관악구,미성동,서울특별시 관악구 미성동
관악구,신림동,래디앙아파트,신림동,관악구,대학동,서울특별시 관악구 대학동
관악구,신림동,로마,신림동,관악구,서원동,서울특별시 관악구 서원동
관악구,신림동,미래,신림동,관악구,조원동,서울특별시 관악구 조원동
관악구,신림동,미래한건(1563-78),신림동,관악구,미성동,서울특별시 관악구 미성동
관악구,신림동,바라본,신림동,관악구,서림동,서울특별시 관악구 서림동
관악구,신림동,벨라루체아파트,신림동,관악구,미성동,서울특별시 관악구 미성동
관악구,신림동,벽산블루밍,신림동,관악구,삼성동,서울특별시 관악구 삼성동
관악구,신림동,보라매갑을,신림동,관악구,신림동,서울특별시 관악구 신림동
관악구,신림동,보라매스카이아파트(1739),신림동,관악구,신림동,서울특별시 관악구 신림동
관악구,신림동,보라매해담채,신림동,관악구,신사동,서울특별시 관악구 신사동
관악구,신림동,산장그린,신림동,관악구,신원동,서울특별시 관악구 신원동
관악구,신림동,삼성,신림동,관악구,신림동,서울특별시 관악구 신림동
관악구,신림동,삼성산주공(주공3단지),신림동,관악구,삼성동,서울특별시 관악구 삼성동
관악구,신림동,삼성아트빌(715-32),신림동,관악구,난곡동,서울특별시 관악구 난곡동
관악구,신림동,삼성홈타운,신림동,관악구,서원동,서울특별시 관악구 서원동
관악구,신림동,상목에버빌A,신림동,관악구,대학동,서울특별시 관악구 대학동
관악구,신림동,상목에버빌B,신림동,관악구,대학동,서울특별시 관악구 대학동
관악구,신림동,서울중앙,신림동,관악구,대학동,서울특별시 관악구 대학동
관악구,신림동,서초,신림동,관악구,대학동,서울특별시 관악구 대학동
관악구,신림동,서초그린,신림동,관악구,대학동,서울특별시 관악구 대학동
관악구,신림동,성우,신림동,관악구,신림동,서울특별시 관악구 신림동
관악구,신림동,성지하우스,신림동,관악구,난곡동,서울특별시 관악구 난곡동
관악구,신림동,신동아,신림동,관악구,대학동,서울특별시 관악구 대학동
관악구,신림동,신림2차푸르지오,신림동,관악구,난향동,서울특별시 관악구 난향동
관악구,신림동,신림2차현대,신림동,관악구,조원동,서울특별시 관악구 조원동
관악구,신림동,신림더루나,신림동,관악구,신림동,서울특별시 관악구 신림동
관악구,신림동,신림동부센트레빌,신림동,관악구,미성동,서울특별시 관악구 미성동
관악구,신림동,신림동신도브래뉴,신림동,관악구,조원동,서울특별시 관악구 조원동
관악구,신림동,신림동쌍용아파트,신림동,관악구,미성동,서울특별시 관악구 미성동
관악구,신림동,신림동이모르젠,신림동,관악구,조원동,서울특별시 관악구 조원동
관악구,신림동,신림스카이아파트,신림동,관악구,서림동,서울특별시 관악구 서림동
관악구,신림동,신림큐브,신림동,관악구,신림동,서울특별시 관악구 신림동
관악구,신림동,신림푸르지오,신림동,관악구,미성동,서울특별시 관악구 미성동
관악구,신림동,신림현대,신림동,관악구,서림동,서울특별시 관악구 서림동
관악구,신림동,신안,신림동,관악구,서원동,서울특별시 관악구 서원동
관악구,신림동,신화아트벨리1차,신림동,관악구,신림동,서울특별시 관악구 신림동
관악구,신림동,신화아트벨리2차,신림동,관악구,신림동,서울특별시 관악구 신림동
관악구,신림동,아데나,신림동,관악구,신림동,서울특별시 관악구 신림동
관악구,신림동,앰팰리스아파트,신림동,관악구,서림동,서울특별시 관악구 서림동
관악구,신림동,에셀비전21,신림동,관악구,신원동,서울특별시 관악구 신원동
관악구,신림동,우민조원,신림동,관악구,조원동,서울특별시 관악구 조원동
관악구,신림동,우방,신림동,관악구,신사동,서울특별시 관악구 신사동
관악구,신림동,우정하이비전,신림동,관악구,삼성동,서울특별시 관악구 삼성동
관악구,신림동,우정하이비전2,신림동,관악구,삼성동,서울특별시 관악구 삼성동
관악구,신림동,월드,신림동,관악구,난곡동,서울특별시 관악구 난곡동
관악구,신림동,웰피아,신림동,관악구,신림동,서울특별시 관악구 신림동
관악구,신림동,위드비엠3,신림동,관악구,조원동,서울특별시 관악구 조원동
관악구,신림동,윤정,신림동,관악구,조원동,서울특별시 관악구 조원동
관악구,신림동,정성드리움,신림동,관악구,신사동,서울특별시 관악구 신사동
관악구,신림동,제창그로힐,신림동,관악구,조원동,서울특별시 관악구 조원동
관악구,신림동,주공1,신림동,관악구,삼성동,서울특별시 관악구 삼성동
관악구,신림동,중앙힐101동,신림동,관악구,미성동,서울특별시 관악구 미성동
관악구,신림동,지붕위애,신림동,관악구,신림동,서울특별시 관악구 신림동
관악구,신림동,청광,신림동,관악구,대학동,서울특별시 관악구 대학동
관악구,신림동,청암두산위브센티움,신림동,관악구,서원동,서울특별시 관악구 서원동
관악구,신림동,청화,신림동,관악구,삼성동,서울특별시 관악구 삼성동
관악구,신림동,초원,신림동,관악구,미성동,서울특별시 관악구 미성동
관악구,신림동,코스모그린,신림동,관악구,신림동,서울특별시 관악구 신림동
관악구,신림동,태성,신림동,관악구,신원동,서울특별시 관악구 신원동
관악구,신림동,태양,신림동,관악구,신림동,서울특별시 관악구 신림동
관악구,신림동,태영,신림동,관악구,조원동,서울특별시 관악구 조원동
관악구,신림동,태흥,신림동,관악구,삼성동,서울특별시 관악구 삼성동
관악구,신림동,파로스프라자,신림동,관악구,난향동,서울특별시 관악구 난향동
관악구,신림동,푸리마타운,신림동,관악구,서원동,서울특별시 관악구 서원동
관악구,신림동,프라비다트라움,신림동,관악구,신림동,서울특별시 관악구 신림동
관악구,신림동,한라타운아파트,신림동,관악구,미성동,서울특별시 관악구 미성동
관악구,신림동,한양,신림동,관악구,미성동,서울특별시 관악구 미성동
관악구,신림동,현대,신림동,관악구,난향동,서울특별시 관악구 난향동
관악구,신림동,호등자이젠아파트(1665-9),신림동,관악구,조원동,서울특별시 관악구 조원동
관악구,신림동,효림다온,신림동,관악구,서원동,서울특별시 관악구 서원동
관악구,신림동,흥원,신림동,관악구,미성동,서울특별시 관악구 미성동
관악구,신림동,힐스테이트뉴포레,신림동,관악구,조원동,서울특별시 관악구 조원동
광진구,광장동,광나루현대,광장동,광진구,광장동,서울특별시 광진구 광장동
광진구,광장동,광장11현대홈타운,광장동,광진구,광장동,서울특별시 광진구 광장동
광진구,광장동,광장동현대Ⅰ빌라트,광장동,광진구,광장동,서울특별시 광진구 광장동
광진구,광장동,광장르엣지29,광장동,광진구,광장동,서울특별시 광진구 광장동
광진구,광장동,광장자이,광장동,광진구,광장동,서울특별시 광진구 광장동
광진구,광장동,광장현대9단지,광장동,광진구,광장동,서울특별시 광진구 광장동
광진구,광장동,광장힐스테이트,광장동,광진구,광장동,서울특별시 광진구 광장동
광진구,광장동,극동1,광장동,광진구,광장동,서울특별시 광진구 광장동
광진구,광장동,극동2,광장동,광진구,광장동,서울특별시 광진구 광장동
광진구,광장동,금호베스트빌,광장동,광진구,광장동,서울특별시 광진구 광장동
광진구,광장동,동북아스위트힐(리버리치빌),광장동,광진구,광장동,서울특별시 광진구 광장동
광진구,광장동,동북아스위트힐아파트,광장동,광진구,광장동,서울특별시 광진구 광장동
광진구,광장동,삼성광장1,광장동,광진구,광장동,서울특별시 광진구 광장동
광진구,광장동,삼성광장2,광장동,광진구,광장동,서울특별시 광진구 광장동
광진구,광장동,상록타워아파트,광장동,광진구,광장동,서울특별시 광진구 광장동
광진구,광장동,신동아파밀리에,광장동,광진구,광장동,서울특별시 광진구 광장동
광진구,광장동,연세리버빌6차,광장동,광진구,광장동,서울특별시 광진구 광장동
광진구,광장동,워커힐,광장동,광진구,광장동,서울특별시 광진구 광장동
광진구,광장동,워커힐 팰리스,광장동,광진구,광장동,서울특별시 광진구 광장동
광진구,광장동,워커힐리버빌,광장동,광진구,광장동,서울특별시 광진구 광장동
광진구,광장동,워커힐푸르지오,광장동,광진구,광장동,서울특별시 광진구 광장동
광진구,광장동,워커힐현대빌,광장동,광진구,광장동,서울특별시 광진구 광장동
광진구,광장동,유진스웰,광장동,광진구,광장동,서울특별시 광진구 광장동
광진구,광장동,청구,광장동,광진구,광장동,서울특별시 광진구 광장동
광진구,광장동,한강현대아파트,광장동,광진구,광장동,서울특별시 광진구 광장동
광진구,광장동,현대3,광장동,광진구,광장동,서울특별시 광진구 광장동
광진구,광장동,현대5,광장동,광진구,광장동,서울특별시 광진구 광장동
광진구,광장동,"현대8(801동,802동)",광장동,광진구,광장동,서울특별시 광진구 광장동
광진구,광장동,현대8(803동),광장동,광진구,광장동,서울특별시 광진구 광장동
광진구,광장동,현대리버빌,광장동,광진구,광장동,서울특별시 광진구 광장동
광진구,광장동,현대파크빌,광장동,광진구,광장동,서울특별시 광진구 광장동
광진구,광장동,현대홈타운12차,광장동,광진구,광장동,서울특별시 광진구 광장동
광진구,광장동,흥화빌라트,광장동,광진구,광장동,서울특별시 광진구 광장동
광진구,구의동,AZ0213,구의1동,광진구,구의1동,서울특별시 광진구 구의1동
광진구,구의동,e편한세상광진그랜드파크,구의1동,광진구,화양동,서울특별시 광진구 화양동
광진구,구의동,강변아파트,구의1동,광진구,구의3동,서울특별시 광진구 구의3동
광진구,구의동,강변에스케이뷰,구의1동,광진구,구의3동,서울특별시 광진구 구의3동
광진구,구의동,강변현대하이엘,구의1동,광진구,구의3동,서울특별시 광진구 구의3동
광진구,구의동,강변힐하우스,구의1동,광진구,구의3동,서울특별시 광진구 구의3동
광진구,구의동,광남캐스빌,구의1동,광진구,구의3동,서울특별시 광진구 구의3동
광진구,구의동,광남캐스빌(198-4),구의1동,광진구,구의3동,서울특별시 광진구 구의3동
광진구,구의동,광진파크프라이빗,구의1동,광진구,구의3동,서울특별시 광진구 구의3동
광진구,구의동,광진파크하우스,구의1동,광진구,구의2동,서울특별시 광진구 구의2동
광진구,구의동,광진해모로리버뷰,구의1동,광진구,구의3동,서울특별시 광진구 구의3동
광진구,구의동,구의강변우성아파트,구의1동,광진구,구의3동,서울특별시 광진구 구의3동
광진구,구의동,구의동현진에버빌,구의1동,광진구,구의3동,서울특별시 광진구 구의3동
광진구,구의동,구의자이르네,구의1동,광진구,구의2동,서울특별시 광진구 구의2동
광진구,구의동,구의청정,구의1동,광진구,구의1동,서울특별시 광진구 구의1동
광진구,구의동,구의현대2단지,구의1동,광진구,구의3동,서울특별시 광진구 구의3동
광진구,구의동,구의현대6단지,구의1동,광진구,구의3동,서울특별시 광진구 구의3동
광진구,구의동,구의현대7단지현대홈타운,구의1동,광진구,구의2동,서울특별시 광진구 구의2동
광진구,구의동,그레이스홈타운(101동),구의1동,광진구,구의3동,서울특별시 광진구 구의3동
광진구,구의동,그레이스홈타운(102동),구의1동,광진구,구의3동,서울특별시 광진구 구의3동
광진구,구의동,나크빌라트,구의1동,광진구,구의3동,서울특별시 광진구 구의3동
광진구,구의동,대성빌라트(552-6),구의1동,광진구,구의2동,서울특별시 광진구 구의2동
광진구,구의동,대영(1동),구의1동,광진구,구의1동,서울특별시 광진구 구의1동
광진구,구의동,데쟈뷰아파트,구의1동,광진구,구의2동,서울특별시 광진구 구의2동
광진구,구의동,도성,구의1동,광진구,구의1동,서울특별시 광진구 구의1동
광진구,구의동,동우아파트,구의1동,광진구,구의2동,서울특별시 광진구 구의2동
광진구,구의동,래미안파크스위트,구의1동,광진구,구의2동,서울특별시 광진구 구의2동
광진구,구의동,명성,구의1동,광진구,구의3동,서울특별시 광진구 구의3동
광진구,구의동,삼성로얄,구의1동,광진구,구의2동,서울특별시 광진구 구의2동
광진구,구의동,삼성로얄아파트,구의1동,광진구,구의2동,서울특별시 광진구 구의2동
광진구,구의동,삼성쉐르빌,구의1동,광진구,구의3동,서울특별시 광진구 구의3동
광진구,구의동,새한,구의1동,광진구,구의1동,서울특별시 광진구 구의1동
광진구,구의동,선화아파트,구의1동,광진구,구의2동,서울특별시 광진구 구의2동
광진구,구의동,성동강변파크빌101(강변타워),구의1동,광진구,구의2동,서울특별시 광진구 구의2동
광진구,구의동,성원쌍떼빌,구의1동,광진구,구의2동,서울특별시 광진구 구의2동
광진구,구의동,세림리오빌,구의1동,광진구,구의3동,서울특별시 광진구 구의3동
광진구,구의동,세양,구의1동,광진구,구의3동,서울특별시 광진구 구의3동
광진구,구의동,솔렌시아,구의1동,광진구,구의1동,서울특별시 광진구 구의1동
광진구,구의동,솔렌시아2,구의1동,광진구,구의1동,서울특별시 광진구 구의1동
광진구,구의동,스타파크,구의1동,광진구,구의2동,서울특별시 광진구 구의2동
광진구,구의동,스타파크아파트,구의1동,광진구,구의2동,서울특별시 광진구 구의2동
광진구,구의동,신덕하이빌,구의1동,광진구,구의3동,서울특별시 광진구 구의3동
광진구,구의동,신원빌라트,구의1동,광진구,구의3동,서울특별시 광진구 구의3동
광진구,구의동,아차산인앤인W클래스101동,구의1동,광진구,구의2동,서울특별시 광진구 구의2동
광진구,구의동,아차산인앤인W클래스102동,구의1동,광진구,구의2동,서울특별시 광진구 구의2동
광진구,구의동,아차산포레안,구의1동,광진구,구의2동,서울특별시 광진구 구의2동
광진구,구의동,아차산한라아파트,구의1동,광진구,구의2동,서울특별시 광진구 구의2동
광진구,구의동,아크로리버,구의1동,광진구,구의3동,서울특별시 광진구 구의3동
광진구,구의동,옥산그린타워,구의1동,광진구,구의3동,서울특별시 광진구 구의3동
광진구,구의동,우남위시빌,구의1동,광진구,구의3동,서울특별시 광진구 구의3동
광진구,구의동,우신,구의1동,광진구,구의3동,서울특별시 광진구 구의3동
광진구,구의동,욱현(208-1),구의1동,광진구,구의3동,서울특별시 광진구 구의3동
광진구,구의동,욱현아파트,구의1동,광진구,구의3동,서울특별시 광진구 구의3동
광진구,구의동,은진아파트5차,구의1동,광진구,구의2동,서울특별시 광진구 구의2동
광진구,구의동,주성힐스톤,구의1동,광진구,구의3동,서울특별시 광진구 구의3동
광진구,구의동,청목파크빌,구의1동,광진구,구의2동,서울특별시 광진구 구의2동
광진구,구의동,파르네빌,구의1동,광진구,구의3동,서울특별시 광진구 구의3동
광진구,구의동,파크타운,구의1동,광진구,구의2동,서울특별시 광진구 구의2동
광진구,구의동,퓨전빌,구의1동,광진구,구의2동,서울특별시 광진구 구의2동
광진구,구의동,하늘애,구의1동,광진구,구의3동,서울특별시 광진구 구의3동
광진구,구의동,한솔아파트,구의1동,광진구,구의2동,서울특별시 광진구 구의2동
광진구,구의동,한영해시안아파트,구의1동,광진구,구의2동,서울특별시 광진구 구의2동
광진구,구의동,해성아파트,구의1동,광진구,구의2동,서울특별시 광진구 구의2동
광진구,구의동,현대13차폴라트리움,구의1동,광진구,구의3동,서울특별시 광진구 구의3동
광진구,구의동,현대팰리스,구의1동,광진구,구의1동,서울특별시 광진구 구의1동
광진구,구의동,현대프라임,구의1동,광진구,구의3동,서울특별시 광진구 구의3동
광진구,군자동,광진We’vePark,군자동,광진구,군자동,서울특별시 광진구 군자동
광진구,군자동,광진동양파라곤1단지,군자동,광진구,군자동,서울특별시 광진구 군자동
광진구,군자동,광진동양파라곤2단지,군자동,광진구,군자동,서울특별시 광진구 군자동
광진구,군자동,서원힐탑,군자동,광진구,군자동,서울특별시 광진구 군자동
광진구,군자동,에피소드1,군자동,광진구,군자동,서울특별시 광진구 군자동
광진구,군자동,일성파크,군자동,광진구,군자동,서울특별시 광진구 군자동
광진구,군자동,호동,군자동,광진구,군자동,서울특별시 광진구 군자동
광진구,능동,(246-11),능동,광진구,능동,서울특별시 광진구 능동
광진구,능동,그린,능동,광진구,능동,서울특별시 광진구 능동
광진구,자양동,경남,자양1동,광진구,자양2동,서울특별시 광진구 자양2동
광진구,자양동,경남아너스빌,자양1동,광진구,자양2동,서울특별시 광진구 자양2동
광진구,자양동,광진트라팰리스,자양1동,광진구,자양3동,서울특별시 광진구 자양3동
광진구,자양동,광진하나플러스,자양1동,광진구,자양2동,서울특별시 광진구 자양2동
광진구,자양동,광진하우스토리한강,자양1동,광진구,자양2동,서울특별시 광진구 자양2동
광진구,자양동,구의현대하이엘,자양1동,광진구,자양1동,서울특별시 광진구 자양1동
광진구,자양동,구의현대홈시티,자양1동,광진구,자양1동,서울특별시 광진구 자양1동
광진구,자양동,그랜드아파트,자양1동,광진구,자양2동,서울특별시 광진구 자양2동
광진구,자양동,그린,자양1동,광진구,자양3동,서울특별시 광진구 자양3동
광진구,자양동,금강KCC,자양1동,광진구,자양3동,서울특별시 광진구 자양3동
광진구,자양동,금성,자양1동,광진구,자양3동,서울특별시 광진구 자양3동
광진구,자양동,기산빌라트,자양1동,광진구,자양2동,서울특별시 광진구 자양2동
광진구,자양동,대동,자양1동,광진구,자양4동,서울특별시 광진구 자양4동
광진구,자양동,대보아파트(798-3),자양1동,광진구,자양1동,서울특별시 광진구 자양1동
광진구,자양동,대보아파트(798-4),자양1동,광진구,자양1동,서울특별시 광진구 자양1동
광진구,자양동,대원리버빌,자양1동,광진구,자양3동,서울특별시 광진구 자양3동
광진구,자양동,대원캐슬빌,자양1동,광진구,자양1동,서울특별시 광진구 자양1동
광진구,자양동,대종리버빌,자양1동,광진구,자양3동,서울특별시 광진구 자양3동
광진구,자양동,더샵스타시티,자양1동,광진구,자양3동,서울특별시 광진구 자양3동
광진구,자양동,래미안프리미어팰리스,자양1동,광진구,자양1동,서울특별시 광진구 자양1동
광진구,자양동,로얄동아,자양1동,광진구,자양2동,서울특별시 광진구 자양2동
광진구,자양동,롯데캐슬리버파크시그니쳐,자양1동,광진구,자양4동,서울특별시 광진구 자양4동
광진구,자양동,명성,자양1동,광진구,자양4동,서울특별시 광진구 자양4동
광진구,자양동,삼성홈타운,자양1동,광진구,자양1동,서울특별시 광진구 자양1동
광진구,자양동,스카이빌1차,자양1동,광진구,자양3동,서울특별시 광진구 자양3동
광진구,자양동,스카이빌2차,자양1동,광진구,자양3동,서울특별시 광진구 자양3동
광진구,자양동,신호빌라트,자양1동,광진구,자양2동,서울특별시 광진구 자양2동
광진구,자양동,와이엠프라젠스파,자양1동,광진구,자양2동,서울특별시 광진구 자양2동
광진구,자양동,우방리버파크,자양1동,광진구,자양3동,서울특별시 광진구 자양3동
광진구,자양동,우성1,자양1동,광진구,자양3동,서울특별시 광진구 자양3동
광진구,자양동,우성2,자양1동,광진구,자양3동,서울특별시 광진구 자양3동
광진구,자양동,우성3,자양1동,광진구,자양3동,서울특별시 광진구 자양3동
광진구,자양동,우성4,자양1동,광진구,자양3동,서울특별시 광진구 자양3동
광진구,자양동,우성5,자양1동,송파구,잠실7동,서울특별시 송파구 잠실7동
광진구,자양동,우성6,자양1동,송파구,잠실7동,서울특별시 송파구 잠실7동
광진구,자양동,유림,자양1동,광진구,자양2동,서울특별시 광진구 자양2동
광진구,자양동,이스트폴,자양1동,광진구,자양2동,서울특별시 광진구 자양2동
광진구,자양동,이튼타워리버1차,자양1동,광진구,자양3동,서울특별시 광진구 자양3동
광진구,자양동,이튼타워리버2차,자양1동,광진구,자양3동,서울특별시 광진구 자양3동
광진구,자양동,이튼타워리버3차,자양1동,광진구,자양3동,서울특별시 광진구 자양3동
광진구,자양동,이튼타워리버5차,자양1동,광진구,자양3동,서울특별시 광진구 자양3동
광진구,자양동,자양,자양1동,광진구,자양3동,서울특별시 광진구 자양3동
광진구,자양동,자양10차현대홈타운,자양1동,광진구,자양3동,서울특별시 광진구 자양3동
광진구,자양동,자양2현대,자양1동,광진구,자양3동,서울특별시 광진구 자양3동
광진구,자양동,자양7차현대홈타운,자양1동,광진구,자양3동,서울특별시 광진구 자양3동
광진구,자양동,자양8차현대홈타운,자양1동,광진구,자양3동,서울특별시 광진구 자양3동
광진구,자양동,자양9차현대홈타운,자양1동,광진구,자양3동,서울특별시 광진구 자양3동
광진구,자양동,자양강변I-Park,자양1동,광진구,자양3동,서울특별시 광진구 자양3동
광진구,자양동,자양동명진센트라임,자양1동,광진구,자양1동,서울특별시 광진구 자양1동
광진구,자양동,자양동삼성,자양1동,광진구,자양3동,서울특별시 광진구 자양3동
광진구,자양동,자양동현대,자양1동,광진구,자양2동,서울특별시 광진구 자양2동
광진구,자양동,자양삼성,자양1동,광진구,자양3동,서울특별시 광진구 자양3동
광진구,자양동,자양우성7,자양1동,광진구,자양3동,서울특별시 광진구 자양3동
광진구,자양동,자양하늘채베르,자양1동,광진구,자양1동,서울특별시 광진구 자양1동
광진구,자양동,자양현대5,자양1동,광진구,광장동,서울특별시 광진구 광장동
광진구,자양동,자양현대6,자양1동,광진구,자양3동,서울특별시 광진구 자양3동
광진구,자양동,자양호반써밋,자양1동,광진구,자양4동,서울특별시 광진구 자양4동
광진구,자양동,자양훼밀리,자양1동,광진구,자양2동,서울특별시 광진구 자양2동
광진구,자양동,자양힐101동,자양1동,광진구,화양동,서울특별시 광진구 화양동
광진구,자양동,진넥스빌,자양1동,광진구,자양3동,서울특별시 광진구 자양3동
광진구,자양동,청정(A),자양1동,광진구,자양4동,서울특별시 광진구 자양4동
광진구,자양동,청정(B),자양1동,광진구,자양4동,서울특별시 광진구 자양4동
광진구,자양동,태원강변,자양1동,광진구,자양3동,서울특별시 광진구 자양3동
광진구,자양동,태천해오름주상복합,자양1동,광진구,자양1동,서울특별시 광진구 자양1동
광진구,자양동,테라팰리스건대2차,자양1동,광진구,자양1동,서울특별시 광진구 자양1동
광진구,자양동,파라다이스리버빌,자양1동,광진구,자양2동,서울특별시 광진구 자양2동
광진구,자양동,한강극동,자양1동,광진구,자양4동,서울특별시 광진구 자양4동
광진구,자양동,한강로얄,자양1동,광진구,자양3동,서울특별시 광진구 자양3동
광진구,자양동,한강성원,자양1동,광진구,자양4동,서울특별시 광진구 자양4동
광진구,자양동,한강아남,자양1동,광진구,자양4동,서울특별시 광진구 자양4동
광진구,자양동,한강우성,자양1동,광진구,자양4동,서울특별시 광진구 자양4동
광진구,자양동,한강이레,자양1동,광진구,자양2동,서울특별시 광진구 자양2동
광진구,자양동,한강현대,자양1동,광진구,자양4동,서울특별시 광진구 자양4동
광진구,자양동,한라아파트,자양1동,광진구,자양3동,서울특별시 광진구 자양3동
광진구,자양동,한솔리베르,자양1동,광진구,자양2동,서울특별시 광진구 자양2동
광진구,자양동,한양,자양1동,광진구,자양2동,서울특별시 광진구 자양2동
광진구,자양동,한영해시안,자양1동,광진구,자양4동,서울특별시 광진구 자양4동
광진구,자양동,한화꿈에그린,자양1동,광진구,자양4동,서울특별시 광진구 자양4동
광진구,자양동,현대3,자양1동,광진구,광장동,서울특별시 광진구 광장동
광진구,자양동,현대강변,자양1동,광진구,자양2동,서울특별시 광진구 자양2동
광진구,자양동,현대빌라트(643-23),자양1동,광진구,자양2동,서울특별시 광진구 자양2동
광진구,중곡동,광남캐스빌3차,중곡1동,광진구,중곡1동,서울특별시 광진구 중곡1동
광진구,중곡동,그랑,중곡1동,광진구,중곡2동,서울특별시 광진구 중곡2동
광진구,중곡동,그린트리,중곡1동,광진구,중곡2동,서울특별시 광진구 중곡2동
광진구,중곡동,대광그린,중곡1동,광진구,중곡2동,서울특별시 광진구 중곡2동
광진구,중곡동,대영(68-6),중곡1동,광진구,중곡2동,서울특별시 광진구 중곡2동
광진구,중곡동,대영1동,중곡1동,광진구,중곡2동,서울특별시 광진구 중곡2동
광진구,중곡동,대영2동,중곡1동,광진구,중곡2동,서울특별시 광진구 중곡2동
광진구,중곡동,두리,중곡1동,광진구,중곡2동,서울특별시 광진구 중곡2동
광진구,중곡동,랜드,중곡1동,광진구,중곡2동,서울특별시 광진구 중곡2동
광진구,중곡동,백악관타워,중곡1동,광진구,중곡4동,서울특별시 광진구 중곡4동
광진구,중곡동,삼민,중곡1동,광진구,중곡2동,서울특별시 광진구 중곡2동
광진구,중곡동,삼보글로벌101동,중곡1동,광진구,중곡1동,서울특별시 광진구 중곡1동
광진구,중곡동,삼보글로벌102동,중곡1동,광진구,중곡1동,서울특별시 광진구 중곡1동
광진구,중곡동,삼보드림,중곡1동,광진구,중곡4동,서울특별시 광진구 중곡4동
광진구,중곡동,삼성로얄,중곡1동,광진구,중곡4동,서울특별시 광진구 중곡4동
광진구,중곡동,삼성로얄2,중곡1동,광진구,중곡4동,서울특별시 광진구 중곡4동
광진구,중곡동,삼성로얄3,중곡1동,광진구,중곡4동,서울특별시 광진구 중곡4동
광진구,중곡동,삼성베스트빌(31차),중곡1동,광진구,중곡4동,서울특별시 광진구 중곡4동
광진구,중곡동,성원,중곡1동,광진구,중곡3동,서울특별시 광진구 중곡3동
광진구,중곡동,신성그랜드타워,중곡1동,광진구,중곡1동,서울특별시 광진구 중곡1동
광진구,중곡동,에스케이,중곡1동,광진구,중곡4동,서울특별시 광진구 중곡4동
광진구,중곡동,에이탑,중곡1동,광진구,중곡3동,서울특별시 광진구 중곡3동
광진구,중곡동,엘림퍼스트중곡동,중곡1동,광진구,중곡3동,서울특별시 광진구 중곡3동
광진구,중곡동,예다움,중곡1동,광진구,중곡4동,서울특별시 광진구 중곡4동
광진구,중곡동,욱현,중곡1동,광진구,중곡2동,서울특별시 광진구 중곡2동
광진구,중곡동,욱현하이브Ⅲ,중곡1동,광진구,중곡2동,서울특별시 광진구 중곡2동
광진구,중곡동,웰빙,중곡1동,광진구,중곡2동,서울특별시 광진구 중곡2동
광진구,중곡동,주성AURA,중곡1동,광진구,중곡2동,서울특별시 광진구 중곡2동
광진구,중곡동,중곡1단지,중곡1동,광진구,중곡2동,서울특별시 광진구 중곡2동
광진구,중곡동,중곡2단지,중곡1동,광진구,중곡1동,서울특별시 광진구 중곡1동
광진구,중곡동,중곡동광덕,중곡1동,광진구,중곡3동,서울특별시 광진구 중곡3동
광진구,중곡동,진흥아르미,중곡1동,광진구,중곡1동,서울특별시 광진구 중곡1동
광진구,중곡동,테라팰리스중곡1,중곡1동,광진구,중곡1동,서울특별시 광진구 중곡1동
광진구,중곡동,한영해시안아파트,중곡1동,광진구,중곡1동,서울특별시 광진구 중곡1동
광진구,중곡동,호동,중곡1동,광진구,중곡1동,서울특별시 광진구 중곡1동
광진구,화양동,(20-3),화양동,광진구,화양동,서울특별시 광진구 화양동
광진구,화양동,광진스위트엠아파트,화양동,광진구,화양동,서울특별시 광진구 화양동
광진구,화양동,광진청년생활,화양동,광진구,화양동,서울특별시 광진구 화양동
광진구,화양동,광진코지웰,화양동,광진구,화양동,서울특별시 광진구 화양동
광진구,화양동,더메종건대,화양동,광진구,화양동,서울특별시 광진구 화양동
광진구,화양동,브라운스톤,화양동,광진구,화양동,서울특별시 광진구 화양동
광진구,화양동,신원리브웰화양동주상복합,화양동,광진구,화양동,서울특별시 광진구 화양동
광진구,화양동,씨즈건대힐스,화양동,광진구,화양동,서울특별시 광진구 화양동
광진구,화양동,아스하임,화양동,광진구,화양동,서울특별시 광진구 화양동
광진구,화양동,아스하임(111-102),화양동,광진구,화양동,서울특별시 광진구 화양동
광진구,화양동,위너스힐(111-89),화양동,광진구,화양동,서울특별시 광진구 화양동
광진구,화양동,캠퍼스프라자,화양동,광진구,화양동,서울특별시 광진구 화양동
광진구,화양동,테라팰리스건대1차,화양동,광진구,화양동,서울특별시 광진구 화양동
광진구,화양동,화양동동도센트리움캠퍼스파크,화양동,광진구,화양동,서울특별시 광진구 화양동
광진구,화양동,화양타워,화양동,광진구,화양동,서울특별시 광진구 화양동
광진구,화양동,화양현대,화양동,광진구,화양동,서울특별시 광진구 화양동
구로구,가리봉동,미래하이츠,가리봉동,구로구,가리봉동,서울특별시 구로구 가리봉동
구로구,가리봉동,효성,가리봉동,구로구,가리봉동,서울특별시 구로구 가리봉동
구로구,개봉동,LIPe-푸른아파트,개봉2동,구로구,개봉2동,서울특별시 구로구 개봉2동
구로구,개봉동,개봉동상우,개봉2동,구로구,개봉2동,서울특별시 구로구 개봉2동
구로구,개봉동,개봉동현대아이파크,개봉2동,구로구,개봉2동,서울특별시 구로구 개봉2동
구로구,개봉동,개봉푸르지오,개봉2동,구로구,개봉1동,서울특별시 구로구 개봉1동
구로구,개봉동,거성,개봉2동,구로구,개봉1동,서울특별시 구로구 개봉1동
구로구,개봉동,거성푸르뫼,개봉2동,구로구,개봉1동,서울특별시 구로구 개봉1동
구로구,개봉동,거성푸르뫼2,개봉2동,구로구,개봉2동,서울특별시 구로구 개봉2동
구로구,개봉동,건양,개봉2동,구로구,개봉2동,서울특별시 구로구 개봉2동
구로구,개봉동,건양(346-33),개봉2동,구로구,개봉2동,서울특별시 구로구 개봉2동
구로구,개봉동,건영,개봉2동,구로구,개봉1동,서울특별시 구로구 개봉1동
구로구,개봉동,고운아파트,개봉2동,구로구,개봉1동,서울특별시 구로구 개봉1동
구로구,개봉동,길훈,개봉2동,구로구,오류2동,서울특별시 구로구 오류2동
구로구,개봉동,대상,개봉2동,구로구,개봉3동,서울특별시 구로구 개봉3동
구로구,개봉동,동도센트리움(70-12),개봉2동,구로구,오류1동,서울특별시 구로구 오류1동
구로구,개봉동,동서아파트(313-32),개봉2동,구로구,개봉1동,서울특별시 구로구 개봉1동
구로구,개봉동,동인,개봉2동,구로구,개봉2동,서울특별시 구로구 개봉2동
구로구,개봉동,두산,개봉2동,구로구,개봉2동,서울특별시 구로구 개봉2동
구로구,개봉동,레오,개봉2동,구로구,개봉2동,서울특별시 구로구 개봉2동
구로구,개봉동,림괄,개봉2동,구로구,개봉2동,서울특별시 구로구 개봉2동
구로구,개봉동,비젼,개봉2동,구로구,개봉2동,서울특별시 구로구 개봉2동
구로구,개봉동,삼호,개봉2동,구로구,개봉2동,서울특별시 구로구 개봉2동
구로구,개봉동,삼환,개봉2동,구로구,개봉2동,서울특별시 구로구 개봉2동
구로구,개봉동,상우,개봉2동,구로구,개봉2동,서울특별시 구로구 개봉2동
구로구,개봉동,세이지움개봉,개봉2동,구로구,개봉2동,서울특별시 구로구 개봉2동
구로구,개봉동,수영힐(나동),개봉2동,구로구,개봉1동,서울특별시 구로구 개봉1동
구로구,개봉동,신개봉삼환,개봉2동,구로구,개봉1동,서울특별시 구로구 개봉1동
구로구,개봉동,신세기,개봉2동,구로구,개봉2동,서울특별시 구로구 개봉2동
구로구,개봉동,신양지(가동),개봉2동,구로구,개봉2동,서울특별시 구로구 개봉2동
구로구,개봉동,신양지(나동),개봉2동,구로구,개봉2동,서울특별시 구로구 개봉2동
구로구,개봉동,영화,개봉2동,구로구,개봉1동,서울특별시 구로구 개봉1동
구로구,개봉동,영화아이닉스,개봉2동,구로구,개봉3동,서울특별시 구로구 개봉3동
구로구,개봉동,왕궁,개봉2동,구로구,개봉3동,서울특별시 구로구 개봉3동
구로구,개봉동,우성,개봉2동,구로구,개봉1동,서울특별시 구로구 개봉1동
구로구,개봉동,율포그레이스빌,개봉2동,구로구,개봉2동,서울특별시 구로구 개봉2동
구로구,개봉동,제일아파트,개봉2동,구로구,개봉2동,서울특별시 구로구 개봉2동
구로구,개봉동,중앙힐,개봉2동,구로구,개봉2동,서울특별시 구로구 개봉2동
구로구,개봉동,진로,개봉2동,구로구,개봉2동,서울특별시 구로구 개봉2동
구로구,개봉동,창동,개봉2동,구로구,개봉1동,서울특별시 구로구 개봉1동
구로구,개봉동,천신하이츠,개봉2동,구로구,개봉2동,서울특별시 구로구 개봉2동
구로구,개봉동,청실,개봉2동,구로구,개봉1동,서울특별시 구로구 개봉1동
구로구,개봉동,태경하이빌,개봉2동,구로구,개봉3동,서울특별시 구로구 개봉3동
구로구,개봉동,한마을,개봉2동,구로구,개봉1동,서울특별시 구로구 개봉1동
구로구,개봉동,한양아이클래스구로,개봉2동,구로구,개봉1동,서울특별시 구로구 개봉1동
구로구,개봉동,한진,개봉2동,구로구,개봉3동,서울특별시 구로구 개봉3동
구로구,개봉동,현대,개봉2동,구로구,개봉2동,서울특별시 구로구 개봉2동
구로구,개봉동,현대홈타운,개봉2동,구로구,개봉2동,서울특별시 구로구 개봉2동
구로구,개봉동,호반써밋개봉,개봉2동,구로구,개봉1동,서울특별시 구로구 개봉1동
구로구,개봉동,화신,개봉2동,구로구,개봉1동,서울특별시 구로구 개봉1동
구로구,고척동,개봉청구,고척1동,구로구,고척2동,서울특별시 구로구 고척2동
구로구,고척동,경남1,고척1동,구로구,구로4동,서울특별시 구로구 구로4동
구로구,고척동,경남2,고척1동,구로구,고척1동,서울특별시 구로구 고척1동
구로구,고척동,고척LIG리가1차,고척1동,구로구,고척2동,서울특별시 구로구 고척2동
구로구,고척동,고척LIG리가2차,고척1동,구로구,고척1동,서울특별시 구로구 고척1동
구로구,고척동,고척월드메르디앙,고척1동,구로구,고척1동,서울특별시 구로구 고척1동
구로구,고척동,고척파크푸르지오,고척1동,구로구,고척2동,서울특별시 구로구 고척2동
구로구,고척동,그랜드,고척1동,구로구,고척2동,서울특별시 구로구 고척2동
구로구,고척동,대우,고척1동,구로구,고척2동,서울특별시 구로구 고척2동
구로구,고척동,더헤리츠,고척1동,구로구,고척1동,서울특별시 구로구 고척1동
구로구,고척동,동아한신,고척1동,구로구,고척1동,서울특별시 구로구 고척1동
구로구,고척동,마젤란,고척1동,구로구,고척1동,서울특별시 구로구 고척1동
구로구,고척동,벽산,고척1동,구로구,고척1동,서울특별시 구로구 고척1동
구로구,고척동,벽산베스트블루밍,고척1동,구로구,고척2동,서울특별시 구로구 고척2동
구로구,고척동,산업인,고척1동,구로구,고척1동,서울특별시 구로구 고척1동
구로구,고척동,삼명,고척1동,구로구,고척1동,서울특별시 구로구 고척1동
구로구,고척동,삼익(1단지),고척1동,구로구,고척2동,서울특별시 구로구 고척2동
구로구,고척동,삼익(2단지),고척1동,구로구,고척2동,서울특별시 구로구 고척2동
구로구,고척동,삼환로즈빌,고척1동,구로구,고척1동,서울특별시 구로구 고척1동
구로구,고척동,서울가든,고척1동,구로구,고척1동,서울특별시 구로구 고척1동
구로구,고척동,성원,고척1동,구로구,고척1동,서울특별시 구로구 고척1동
구로구,고척동,센츄리,고척1동,구로구,고척1동,서울특별시 구로구 고척1동
구로구,고척동,신원프라자,고척1동,구로구,고척1동,서울특별시 구로구 고척1동
구로구,고척동,양우,고척1동,구로구,고척2동,서울특별시 구로구 고척2동
구로구,고척동,예인,고척1동,구로구,고척2동,서울특별시 구로구 고척2동
구로구,고척동,예주유니츠,고척1동,구로구,고척2동,서울특별시 구로구 고척2동
구로구,고척동,"우성,현대아파트",고척1동,구로구,고척1동,서울특별시 구로구 고척1동
구로구,고척동,우성꿈동산,고척1동,구로구,고척1동,서울특별시 구로구 고척1동
구로구,고척동,진성,고척1동,구로구,고척2동,서울특별시 구로구 고척2동
구로구,고척동,진성그린아파트,고척1동,구로구,고척2동,서울특별시 구로구 고척2동
구로구,고척동,청구,고척1동,구로구,고척1동,서울특별시 구로구 고척1동
구로구,고척동,청솔우성,고척1동,구로구,고척2동,서울특별시 구로구 고척2동
구로구,고척동,하이리빙,고척1동,구로구,고척2동,서울특별시 구로구 고척2동
구로구,고척동,한성,고척1동,구로구,고척2동,서울특별시 구로구 고척2동
구로구,고척동,한일유앤아이,고척1동,구로구,고척2동,서울특별시 구로구 고척2동
구로구,고척동,한효,고척1동,구로구,고척1동,서울특별시 구로구 고척1동
구로구,고척동,해피그린(171-21),고척1동,구로구,고척2동,서울특별시 구로구 고척2동
구로구,고척동,해피그린(171-24),고척1동,구로구,고척2동,서울특별시 구로구 고척2동
구로구,고척동,해피그린(171-31),고척1동,구로구,고척2동,서울특별시 구로구 고척2동
구로구,구로동,(716-17),구로1동,구로구,구로5동,서울특별시 구로구 구로5동
구로구,구로동,(716-22)우진빌라C,구로1동,구로구,구로2동,서울특별시 구로구 구로2동
구로구,구로동,(716-25)우진빌라1차A,구로1동,구로구,구로2동,서울특별시 구로구 구로2동
구로구,구로동,(717-10),구로1동,구로구,구로5동,서울특별시 구로구 구로5동
구로구,구로동,(717-15)경원주택5동,구로1동,구로구,구로4동,서울특별시 구로구 구로4동
구로구,구로동,(717-20)한성,구로1동,구로구,구로2동,서울특별시 구로구 구로2동
구로구,구로동,(717-21)경원주택2동,구로1동,구로구,구로4동,서울특별시 구로구 구로4동
구로구,구로동,(717-22)함양주택,구로1동,구로구,구로2동,서울특별시 구로구 구로2동
구로구,구로동,(717-23)함양주택,구로1동,구로구,구로2동,서울특별시 구로구 구로2동
구로구,구로동,(717-5)미래빌라,구로1동,구로구,고척1동,서울특별시 구로구 고척1동
구로구,구로동,(718-10)옥천빌라,구로1동,구로구,구로2동,서울특별시 구로구 구로2동
구로구,구로동,(718-11)경원주택6동,구로1동,구로구,구로4동,서울특별시 구로구 구로4동
구로구,구로동,(718-12)부국주택,구로1동,구로구,구로2동,서울특별시 구로구 구로2동
구로구,구로동,(718-17)문화아트빌라,구로1동,구로구,구로2동,서울특별시 구로구 구로2동
구로구,구로동,(718-18)삼성빌라트,구로1동,구로구,구로2동,서울특별시 구로구 구로2동
구로구,구로동,(718-22),구로1동,구로구,구로5동,서울특별시 구로구 구로5동
구로구,구로동,(718-24)경원주택,구로1동,구로구,구로4동,서울특별시 구로구 구로4동
구로구,구로동,(718-28),구로1동,구로구,구로5동,서울특별시 구로구 구로5동
구로구,구로동,(718-29)청원아트빌라,구로1동,구로구,구로2동,서울특별시 구로구 구로2동
구로구,구로동,(739-19),구로1동,구로구,구로5동,서울특별시 구로구 구로5동
구로구,구로동,(739-29),구로1동,구로구,구로5동,서울특별시 구로구 구로5동
구로구,구로동,(739-43),구로1동,구로구,구로5동,서울특별시 구로구 구로5동
구로구,구로동,(740-11),구로1동,구로구,구로5동,서울특별시 구로구 구로5동
구로구,구로동,(740-21),구로1동,구로구,구로5동,서울특별시 구로구 구로5동
구로구,구로동,(740-23),구로1동,구로구,구로5동,서울특별시 구로구 구로5동
구로구,구로동,(740-24),구로1동,구로구,구로5동,서울특별시 구로구 구로5동
구로구,구로동,(740-33),구로1동,구로구,구로5동,서울특별시 구로구 구로5동
구로구,구로동,(740-42),구로1동,구로구,구로5동,서울특별시 구로구 구로5동
구로구,구로동,(740-56),구로1동,구로구,구로5동,서울특별시 구로구 구로5동
구로구,구로동,(740-7),구로1동,구로구,구로5동,서울특별시 구로구 구로5동
구로구,구로동,(741-7),구로1동,구로구,구로5동,서울특별시 구로구 구로5동
구로구,구로동,(742-57),구로1동,구로구,구로5동,서울특별시 구로구 구로5동
구로구,구로동,(742-58),구로1동,구로구,구로5동,서울특별시 구로구 구로5동
구로구,구로동,(742-64),구로1동,구로구,구로5동,서울특별시 구로구 구로5동
구로구,구로동,(742-66),구로1동,구로구,구로5동,서울특별시 구로구 구로5동
구로구,구로동,(742-68),구로1동,구로구,구로5동,서울특별시 구로구 구로5동
구로구,구로동,(743-10),구로1동,구로구,구로5동,서울특별시 구로구 구로5동
구로구,구로동,(743-18),구로1동,구로구,구로5동,서울특별시 구로구 구로5동
구로구,구로동,(743-19),구로1동,구로구,구로5동,서울특별시 구로구 구로5동
구로구,구로동,(743-26),구로1동,구로구,구로5동,서울특별시 구로구 구로5동
구로구,구로동,(743-27),구로1동,구로구,구로5동,서울특별시 구로구 구로5동
구로구,구로동,(743-31),구로1동,구로구,구로5동,서울특별시 구로구 구로5동
구로구,구로동,(743-32),구로1동,구로구,구로5동,서울특별시 구로구 구로5동
구로구,구로동,(743-33),구로1동,구로구,구로5동,서울특별시 구로구 구로5동
구로구,구로동,(743-35),구로1동,구로구,구로5동,서울특별시 구로구 구로5동
구로구,구로동,(743-37),구로1동,구로구,구로5동,서울특별시 구로구 구로5동
구로구,구로동,(743-39),구로1동,구로구,구로5동,서울특별시 구로구 구로5동
구로구,구로동,(743-5),구로1동,구로구,구로5동,서울특별시 구로구 구로5동
구로구,구로동,(743-52),구로1동,구로구,구로5동,서울특별시 구로구 구로5동
구로구,구로동,(743-55),구로1동,구로구,구로5동,서울특별시 구로구 구로5동
구로구,구로동,(743-6),구로1동,구로구,구로5동,서울특별시 구로구 구로5동
구로구,구로동,(743-60),구로1동,구로구,구로5동,서울특별시 구로구 구로5동
구로구,구로동,(743-72),구로1동,구로구,구로5동,서울특별시 구로구 구로5동
구로구,구로동,(743-8),구로1동,구로구,구로5동,서울특별시 구로구 구로5동
구로구,구로동,(744-13),구로1동,구로구,구로5동,서울특별시 구로구 구로5동
구로구,구로동,(744-14),구로1동,구로구,구로5동,서울특별시 구로구 구로5동
구로구,구로동,(744-15),구로1동,구로구,구로5동,서울특별시 구로구 구로5동
구로구,구로동,(744-16),구로1동,구로구,구로5동,서울특별시 구로구 구로5동
구로구,구로동,(744-18),구로1동,구로구,구로5동,서울특별시 구로구 구로5동
구로구,구로동,(744-19),구로1동,구로구,구로5동,서울특별시 구로구 구로5동
구로구,구로동,(744-21),구로1동,구로구,구로5동,서울특별시 구로구 구로5동
구로구,구로동,(744-23),구로1동,구로구,구로5동,서울특별시 구로구 구로5동
구로구,구로동,(744-3),구로1동,구로구,구로5동,서울특별시 구로구 구로5동
구로구,구로동,(744-45),구로1동,구로구,구로5동,서울특별시 구로구 구로5동
구로구,구로동,(744-5),구로1동,구로구,구로5동,서울특별시 구로구 구로5동
구로구,구로동,(745-14),구로1동,구로구,구로5동,서울특별시 구로구 구로5동
구로구,구로동,(745-15),구로1동,구로구,구로5동,서울특별시 구로구 구로5동
구로구,구로동,(745-38),구로1동,구로구,구로5동,서울특별시 구로구 구로5동
구로구,구로동,(745-40),구로1동,구로구,구로5동,서울특별시 구로구 구로5동
구로구,구로동,(745-43),구로1동,구로구,구로5동,서울특별시 구로구 구로5동
구로구,구로동,(745-57),구로1동,구로구,구로5동,서울특별시 구로구 구로5동
구로구,구로동,(745-60),구로1동,구로구,구로5동,서울특별시 구로구 구로5동
구로구,구로동,(746-14),구로1동,구로구,구로5동,서울특별시 구로구 구로5동
구로구,구로동,(746-17),구로1동,구로구,구로5동,서울특별시 구로구 구로5동
구로구,구로동,(746-3),구로1동,구로구,구로5동,서울특별시 구로구 구로5동
구로구,구로동,(747-10),구로1동,구로구,구로5동,서울특별시 구로구 구로5동
구로구,구로동,(747-19),구로1동,구로구,구로5동,서울특별시 구로구 구로5동
구로구,구로동,(747-26),구로1동,구로구,구로5동,서울특별시 구로구 구로5동
구로구,구로동,(747-33),구로1동,구로구,구로5동,서울특별시 구로구 구로5동
구로구,구로동,(747-34),구로1동,구로구,구로5동,서울특별시 구로구 구로5동
구로구,구로동,(747-35),구로1동,구로구,구로5동,서울특별시 구로구 구로5동
구로구,구로동,(747-51),구로1동,구로구,구로5동,서울특별시 구로구 구로5동
구로구,구로동,(747-52),구로1동,구로구,구로5동,서울특별시 구로구 구로5동
구로구,구로동,(747-53),구로1동,구로구,구로5동,서울특별시 구로구 구로5동
구로구,구로동,(748-20),구로1동,구로구,구로5동,서울특별시 구로구 구로5동
구로구,구로동,(748-32),구로1동,구로구,구로5동,서울특별시 구로구 구로5동
구로구,구로동,(748-48),구로1동,구로구,구로5동,서울특별시 구로구 구로5동
구로구,구로동,(748-5),구로1동,구로구,구로5동,서울특별시 구로구 구로5동
구로구,구로동,(748-51),구로1동,구로구,구로5동,서울특별시 구로구 구로5동
구로구,구로동,(749-1),구로1동,구로구,구로5동,서울특별시 구로구 구로5동
구로구,구로동,(749-21),구로1동,구로구,구로5동,서울특별시 구로구 구로5동
구로구,구로동,(749-29),구로1동,구로구,구로5동,서울특별시 구로구 구로5동
구로구,구로동,(749-30),구로1동,구로구,구로5동,서울특별시 구로구 구로5동
구로구,구로동,(749-39),구로1동,구로구,구로5동,서울특별시 구로구 구로5동
구로구,구로동,(749-4),구로1동,구로구,구로5동,서울특별시 구로구 구로5동
구로구,구로동,(749-44),구로1동,구로구,구로5동,서울특별시 구로구 구로5동
구로구,구로동,(749-46),구로1동,구로구,구로5동,서울특별시 구로구 구로5동
구로구,구로동,(749-48),구로1동,구로구,구로5동,서울특별시 구로구 구로5동
구로구,구로동,(749-49),구로1동,구로구,구로5동,서울특별시 구로구 구로5동
구로구,구로동,(749-5),구로1동,구로구,구로5동,서울특별시 구로구 구로5동
구로구,구로동,(749-57),구로1동,구로구,구로5동,서울특별시 구로구 구로5동
구로구,구로동,(749-8),구로1동,구로구,구로5동,서울특별시 구로구 구로5동
구로구,구로동,(749-96),구로1동,구로구,구로5동,서울특별시 구로구 구로5동
구로구,구로동,(749-99),구로1동,구로구,구로5동,서울특별시 구로구 구로5동
구로구,구로동,(750-13),구로1동,구로구,구로5동,서울특별시 구로구 구로5동
구로구,구로동,(750-15),구로1동,구로구,구로5동,서울특별시 구로구 구로5동
구로구,구로동,(750-6),구로1동,구로구,구로5동,서울특별시 구로구 구로5동
구로구,구로동,(750-7),구로1동,구로구,구로5동,서울특별시 구로구 구로5동
구로구,구로동,(750-8),구로1동,구로구,구로5동,서울특별시 구로구 구로5동
구로구,구로동,(751-3),구로1동,구로구,구로5동,서울특별시 구로구 구로5동
구로구,구로동,(751-37),구로1동,구로구,구로5동,서울특별시 구로구 구로5동
구로구,구로동,(751-4),구로1동,구로구,구로5동,서울특별시 구로구 구로5동
구로구,구로동,(751-5),구로1동,구로구,구로5동,서울특별시 구로구 구로5동
구로구,구로동,(752-10),구로1동,구로구,구로5동,서울특별시 구로구 구로5동
구로구,구로동,(752-13),구로1동,구로구,구로5동,서울특별시 구로구 구로5동
구로구,구로동,(752-15),구로1동,구로구,구로5동,서울특별시 구로구 구로5동
구로구,구로동,(752-17),구로1동,구로구,구로5동,서울특별시 구로구 구로5동
구로구,구로동,(752-19),구로1동,구로구,구로5동,서울특별시 구로구 구로5동
구로구,구로동,(752-37),구로1동,구로구,구로5동,서울특별시 구로구 구로5동
구로구,구로동,(752-45),구로1동,구로구,구로5동,서울특별시 구로구 구로5동
구로구,구로동,(752-6),구로1동,구로구,구로5동,서울특별시 구로구 구로5동
구로구,구로동,(768-2),구로1동,구로구,구로5동,서울특별시 구로구 구로5동
구로구,구로동,(770-16),구로1동,구로구,구로5동,서울특별시 구로구 구로5동
구로구,구로동,(770-29),구로1동,구로구,구로5동,서울특별시 구로구 구로5동
구로구,구로동,(770-4),구로1동,구로구,구로5동,서울특별시 구로구 구로5동
구로구,구로동,(770-40),구로1동,구로구,구로5동,서울특별시 구로구 구로5동
구로구,구로동,(770-50),구로1동,구로구,구로5동,서울특별시 구로구 구로5동
구로구,구로동,(770-52),구로1동,구로구,구로5동,서울특별시 구로구 구로5동
구로구,구로동,(770-54),구로1동,구로구,구로5동,서울특별시 구로구 구로5동
구로구,구로동,(770-56),구로1동,구로구,구로5동,서울특별시 구로구 구로5동
구로구,구로동,(770-59),구로1동,구로구,구로5동,서울특별시 구로구 구로5동
구로구,구로동,(770-8),구로1동,구로구,구로5동,서울특별시 구로구 구로5동
구로구,구로동,(771-2),구로1동,구로구,구로5동,서울특별시 구로구 구로5동
구로구,구로동,(771-28),구로1동,구로구,구로5동,서울특별시 구로구 구로5동
구로구,구로동,(771-30),구로1동,구로구,구로5동,서울특별시 구로구 구로5동
구로구,구로동,(777-3)두암호은리버빌,구로1동,구로구,구로2동,서울특별시 구로구 구로2동
구로구,구로동,(779-13),구로1동,구로구,구로5동,서울특별시 구로구 구로5동
구로구,구로동,(779-2),구로1동,구로구,구로5동,서울특별시 구로구 구로5동
구로구,구로동,(779-26),구로1동,구로구,구로5동,서울특별시 구로구 구로5동
구로구,구로동,(779-3),구로1동,구로구,구로5동,서울특별시 구로구 구로5동
구로구,구로동,(780-31),구로1동,구로구,구로5동,서울특별시 구로구 구로5동
구로구,구로동,(780-41),구로1동,구로구,구로5동,서울특별시 구로구 구로5동
구로구,구로동,(780-48),구로1동,구로구,구로5동,서울특별시 구로구 구로5동
구로구,구로동,(780-50),구로1동,구로구,구로5동,서울특별시 구로구 구로5동
구로구,구로동,(780-58),구로1동,구로구,구로5동,서울특별시 구로구 구로5동
구로구,구로동,(780-60),구로1동,구로구,구로5동,서울특별시 구로구 구로5동
구로구,구로동,(780-62),구로1동,구로구,구로5동,서울특별시 구로구 구로5동
구로구,구로동,(780-67)우정빌라,구로1동,구로구,구로2동,서울특별시 구로구 구로2동
구로구,구로동,(780-72)삼익빌라,구로1동,구로구,개봉3동,서울특별시 구로구 개봉3동
구로구,구로동,(780-86),구로1동,구로구,구로5동,서울특별시 구로구 구로5동
구로구,구로동,(781-12),구로1동,구로구,구로5동,서울특별시 구로구 구로5동
구로구,구로동,(781-26),구로1동,구로구,구로5동,서울특별시 구로구 구로5동
구로구,구로동,(781-6),구로1동,구로구,구로5동,서울특별시 구로구 구로5동
구로구,구로동,(791-16),구로1동,구로구,구로5동,서울특별시 구로구 구로5동
구로구,구로동,(791-2)태영빌라,구로1동,구로구,구로4동,서울특별시 구로구 구로4동
구로구,구로동,(791-21)태영빌라,구로1동,구로구,구로4동,서울특별시 구로구 구로4동
구로구,구로동,(791-4),구로1동,구로구,구로5동,서울특별시 구로구 구로5동
구로구,구로동,(791-62),구로1동,구로구,구로5동,서울특별시 구로구 구로5동
구로구,구로동,(792-102),구로1동,구로구,구로5동,서울특별시 구로구 구로5동
구로구,구로동,(792-103),구로1동,구로구,구로5동,서울특별시 구로구 구로5동
구로구,구로동,(792-17),구로1동,구로구,구로5동,서울특별시 구로구 구로5동
구로구,구로동,(792-2),구로1동,구로구,구로5동,서울특별시 구로구 구로5동
구로구,구로동,(792-54),구로1동,구로구,구로5동,서울특별시 구로구 구로5동
구로구,구로동,(792-6),구로1동,구로구,구로5동,서울특별시 구로구 구로5동
구로구,구로동,(792-78),구로1동,구로구,구로5동,서울특별시 구로구 구로5동
구로구,구로동,(792-86),구로1동,구로구,구로5동,서울특별시 구로구 구로5동
구로구,구로동,(792-9),구로1동,구로구,구로5동,서울특별시 구로구 구로5동
구로구,구로동,(792-98),구로1동,구로구,구로5동,서울특별시 구로구 구로5동
구로구,구로동,(793-13),구로1동,구로구,구로5동,서울특별시 구로구 구로5동
구로구,구로동,(793-16),구로1동,구로구,구로5동,서울특별시 구로구 구로5동
구로구,구로동,(793-24),구로1동,구로구,구로5동,서울특별시 구로구 구로5동
구로구,구로동,(793-44),구로1동,구로구,구로5동,서울특별시 구로구 구로5동
구로구,구로동,(793-46),구로1동,구로구,구로5동,서울특별시 구로구 구로5동
구로구,구로동,(793-54),구로1동,구로구,구로5동,서울특별시 구로구 구로5동
구로구,구로동,(794-12),구로1동,구로구,구로5동,서울특별시 구로구 구로5동
구로구,구로동,(794-13),구로1동,구로구,구로5동,서울특별시 구로구 구로5동
구로구,구로동,(794-17),구로1동,구로구,구로5동,서울특별시 구로구 구로5동
구로구,구로동,(794-22),구로1동,구로구,구로5동,서울특별시 구로구 구로5동
구로구,구로동,(796-11),구로1동,구로구,구로5동,서울특별시 구로구 구로5동
구로구,구로동,(796-12),구로1동,구로구,구로5동,서울특별시 구로구 구로5동
구로구,구로동,(796-13),구로1동,구로구,구로5동,서울특별시 구로구 구로5동
구로구,구로동,(796-14),구로1동,구로구,구로5동,서울특별시 구로구 구로5동
구로구,구로동,(796-16),구로1동,구로구,구로5동,서울특별시 구로구 구로5동
구로구,구로동,(796-25),구로1동,구로구,구로5동,서울특별시 구로구 구로5동
구로구,구로동,(796-26),구로1동,구로구,구로5동,서울특별시 구로구 구로5동
구로구,구로동,(796-39)중앙빌라,구로1동,구로구,구로2동,서울특별시 구로구 구로2동
구로구,구로동,(796-51),구로1동,구로구,구로5동,서울특별시 구로구 구로5동
구로구,구로동,(796-65)삼성주택,구로1동,구로구,구로4동,서울특별시 구로구 구로4동
구로구,구로동,(797-15),구로1동,구로구,구로5동,서울특별시 구로구 구로5동
구로구,구로동,(797-19),구로1동,구로구,구로5동,서울특별시 구로구 구로5동
구로구,구로동,(797-22),구로1동,구로구,구로5동,서울특별시 구로구 구로5동
구로구,구로동,(797-25),구로1동,구로구,구로5동,서울특별시 구로구 구로5동
구로구,구로동,(797-26),구로1동,구로구,구로5동,서울특별시 구로구 구로5동
구로구,구로동,(797-37),구로1동,구로구,구로5동,서울특별시 구로구 구로5동
구로구,구로동,(797-38),구로1동,구로구,구로5동,서울특별시 구로구 구로5동
구로구,구로동,(797-43),구로1동,구로구,구로5동,서울특별시 구로구 구로5동
구로구,구로동,(797-5),구로1동,구로구,구로5동,서울특별시 구로구 구로5동
구로구,구로동,(797-57),구로1동,구로구,구로5동,서울특별시 구로구 구로5동
구로구,구로동,(798-18)봉일주택,구로1동,구로구,구로2동,서울특별시 구로구 구로2동
구로구,구로동,(798-21),구로1동,구로구,구로5동,서울특별시 구로구 구로5동
구로구,구로동,(798-22),구로1동,구로구,구로5동,서울특별시 구로구 구로5동
구로구,구로동,(798-24),구로1동,구로구,구로5동,서울특별시 구로구 구로5동
구로구,구로동,(798-27),구로1동,구로구,구로5동,서울특별시 구로구 구로5동
구로구,구로동,(798-55),구로1동,구로구,구로5동,서울특별시 구로구 구로5동
구로구,구로동,(799-11),구로1동,구로구,구로5동,서울특별시 구로구 구로5동
구로구,구로동,(800-29),구로1동,구로구,구로5동,서울특별시 구로구 구로5동
구로구,구로동,(803-13)구로아트빌라8,구로1동,구로구,구로2동,서울특별시 구로구 구로2동
구로구,구로동,(803-29),구로1동,구로구,구로5동,서울특별시 구로구 구로5동
구로구,구로동,(805-16),구로1동,구로구,구로5동,서울특별시 구로구 구로5동
구로구,구로동,(806-14),구로1동,구로구,구로5동,서울특별시 구로구 구로5동
구로구,구로동,(806-15),구로1동,구로구,구로5동,서울특별시 구로구 구로5동
구로구,구로동,(806-41)가람빌라,구로1동,구로구,구로2동,서울특별시 구로구 구로2동
구로구,구로동,(806-46)돌담,구로1동,구로구,구로4동,서울특별시 구로구 구로4동
구로구,구로동,(806-63)태영빌라,구로1동,구로구,구로4동,서울특별시 구로구 구로4동
구로구,구로동,(807-1),구로1동,구로구,구로5동,서울특별시 구로구 구로5동
구로구,구로동,(807-16),구로1동,구로구,구로5동,서울특별시 구로구 구로5동
구로구,구로동,(807-21),구로1동,구로구,구로5동,서울특별시 구로구 구로5동
구로구,구로동,(807-23),구로1동,구로구,구로5동,서울특별시 구로구 구로5동
구로구,구로동,(807-26),구로1동,구로구,구로5동,서울특별시 구로구 구로5동
구로구,구로동,(807-29),구로1동,구로구,구로5동,서울특별시 구로구 구로5동
구로구,구로동,(807-30),구로1동,구로구,구로5동,서울특별시 구로구 구로5동
구로구,구로동,(807-37),구로1동,구로구,구로5동,서울특별시 구로구 구로5동
구로구,구로동,800-19,구로1동,구로구,구로2동,서울특별시 구로구 구로2동
구로구,구로동,800-22,구로1동,구로구,구로2동,서울특별시 구로구 구로2동
구로구,구로동,800-27,구로1동,구로구,구로2동,서울특별시 구로구 구로2동
구로구,구로동,800-30,구로1동,구로구,구로2동,서울특별시 구로구 구로2동
구로구,구로동,801-14,구로1동,구로구,구로2동,서울특별시 구로구 구로2동
구로구,구로동,801-9,구로1동,구로구,구로2동,서울특별시 구로구 구로2동
구로구,구로동,M센트럴뷰,구로1동,구로구,구로2동,서울특별시 구로구 구로2동
구로구,구로동,SR친오애,구로1동,구로구,구로4동,서울특별시 구로구 구로4동
구로구,구로동,경성B,구로1동,영등포구,대림3동,서울특별시 영등포구 대림3동
구로구,구로동,경성빌라,구로1동,구로구,구로2동,서울특별시 구로구 구로2동
구로구,구로동,경성아파트,구로1동,구로구,구로3동,서울특별시 구로구 구로3동
구로구,구로동,계영주택(738-27),구로1동,구로구,구로4동,서울특별시 구로구 구로4동
구로구,구로동,계영주택(746-49),구로1동,구로구,구로4동,서울특별시 구로구 구로4동
구로구,구로동,골드마인(가동),구로1동,구로구,구로3동,서울특별시 구로구 구로3동
구로구,구로동,골드마인(나동),구로1동,구로구,구로3동,서울특별시 구로구 구로3동
구로구,구로동,구로궁전빌리지(771-42),구로1동,구로구,구로2동,서울특별시 구로구 구로2동
구로구,구로동,구로두산,구로1동,구로구,구로4동,서울특별시 구로구 구로4동
구로구,구로동,구로두산위브,구로1동,구로구,구로3동,서울특별시 구로구 구로3동
구로구,구로동,구로아트빌라3동,구로1동,구로구,구로4동,서울특별시 구로구 구로4동
구로구,구로동,구로아트빌라4동(806-33),구로1동,구로구,구로4동,서울특별시 구로구 구로4동
구로구,구로동,구로아트빌라5동(806-29),구로1동,구로구,구로4동,서울특별시 구로구 구로4동
구로구,구로동,구로아트빌라9,구로1동,구로구,구로2동,서울특별시 구로구 구로2동
구로구,구로동,구로에스케이뷰,구로1동,구로구,구로5동,서울특별시 구로구 구로5동
구로구,구로동,구로오네뜨시티,구로1동,구로구,구로5동,서울특별시 구로구 구로5동
구로구,구로동,구로지웰,구로1동,구로구,구로2동,서울특별시 구로구 구로2동
구로구,구로동,구로현대,구로1동,구로구,구로3동,서울특별시 구로구 구로3동
구로구,구로동,구일우성,구로1동,구로구,구로1동,서울특별시 구로구 구로1동
구로구,구로동,궁전아트빌라,구로1동,구로구,구로4동,서울특별시 구로구 구로4동
구로구,구로동,그린플러스구로해담채2,구로1동,구로구,구로5동,서울특별시 구로구 구로5동
구로구,구로동,극동,구로1동,구로구,구로4동,서울특별시 구로구 구로4동
구로구,구로동,근상프리즘,구로1동,구로구,구로1동,서울특별시 구로구 구로1동
구로구,구로동,금호,구로1동,구로구,구로5동,서울특별시 구로구 구로5동
구로구,구로동,낙원빌라,구로1동,구로구,구로3동,서울특별시 구로구 구로3동
구로구,구로동,남촌홈타운(730-2),구로1동,구로구,구로2동,서울특별시 구로구 구로2동
구로구,구로동,뉴홍현솔레디움,구로1동,구로구,구로2동,서울특별시 구로구 구로2동
구로구,구로동,늘푸른주상복합,구로1동,구로구,구로5동,서울특별시 구로구 구로5동
구로구,구로동,다솜금호,구로1동,구로구,구로5동,서울특별시 구로구 구로5동
구로구,구로동,다울숲,구로1동,구로구,구로2동,서울특별시 구로구 구로2동
구로구,구로동,다원그린빌,구로1동,구로구,구로1동,서울특별시 구로구 구로1동
구로구,구로동,대길B,구로1동,구로구,구로2동,서울특별시 구로구 구로2동
구로구,구로동,대림빌라,구로1동,구로구,구로4동,서울특별시 구로구 구로4동
구로구,구로동,대림아르빌,구로1동,구로구,구로3동,서울특별시 구로구 구로3동
구로구,구로동,대림역경남아너스빌,구로1동,구로구,구로4동,서울특별시 구로구 구로4동
구로구,구로동,대림역대성스카이렉스,구로1동,구로구,구로5동,서울특별시 구로구 구로5동
구로구,구로동,대림역와이즈플레이스,구로1동,구로구,구로4동,서울특별시 구로구 구로4동
구로구,구로동,대림역포스큐,구로1동,구로구,구로5동,서울특별시 구로구 구로5동
구로구,구로동,대림오페라타워,구로1동,구로구,구로4동,서울특별시 구로구 구로4동
구로구,구로동,대림우성2,구로1동,구로구,구로4동,서울특별시 구로구 구로4동
구로구,구로동,대산빌라,구로1동,구로구,구로4동,서울특별시 구로구 구로4동
구로구,구로동,대성,구로1동,구로구,구로5동,서울특별시 구로구 구로5동
구로구,구로동,대성아파트(749-11),구로1동,구로구,구로5동,서울특별시 구로구 구로5동
구로구,구로동,대승빌라,구로1동,구로구,구로4동,서울특별시 구로구 구로4동
구로구,구로동,대신빌라,구로1동,구로구,구로3동,서울특별시 구로구 구로3동
구로구,구로동,대영빌라,구로1동,구로구,개봉1동,서울특별시 구로구 개봉1동
구로구,구로동,덕영드림,구로1동,구로구,구로5동,서울특별시 구로구 구로5동
구로구,구로동,도림두산베어스타워,구로1동,구로구,구로5동,서울특별시 구로구 구로5동
구로구,구로동,동도아르떼빌,구로1동,구로구,구로5동,서울특별시 구로구 구로5동
구로구,구로동,동산빌라,구로1동,구로구,구로3동,서울특별시 구로구 구로3동
구로구,구로동,동산빌라1동,구로1동,구로구,구로3동,서울특별시 구로구 구로3동
구로구,구로동,동원(796-61),구로1동,구로구,구로3동,서울특별시 구로구 구로3동
구로구,구로동,동화,구로1동,구로구,구로4동,서울특별시 구로구 구로4동
구로구,구로동,럭키,구로1동,구로구,구로4동,서울특별시 구로구 구로4동
구로구,구로동,로제리움2차,구로1동,구로구,구로4동,서울특별시 구로구 구로4동
구로구,구로동,마인드에코프라움,구로1동,구로구,구로4동,서울특별시 구로구 구로4동
구로구,구로동,명성빌라3차,구로1동,구로구,구로2동,서울특별시 구로구 구로2동
구로구,구로동,모란빌라,구로1동,구로구,신도림동,서울특별시 구로구 신도림동
구로구,구로동,미도빌라A동,구로1동,구로구,구로2동,서울특별시 구로구 구로2동
구로구,구로동,미도빌라B동,구로1동,구로구,구로3동,서울특별시 구로구 구로3동
구로구,구로동,미래타워,구로1동,구로구,구로3동,서울특별시 구로구 구로3동
구로구,구로동,미성빌라트,구로1동,구로구,구로2동,서울특별시 구로구 구로2동
구로구,구로동,백록빌라,구로1동,구로구,구로2동,서울특별시 구로구 구로2동
구로구,구로동,번영빌라,구로1동,구로구,구로4동,서울특별시 구로구 구로4동
구로구,구로동,보광,구로1동,구로구,구로2동,서울특별시 구로구 구로2동
구로구,구로동,보람쉬움,구로1동,구로구,구로3동,서울특별시 구로구 구로3동
구로구,구로동,보성,구로1동,구로구,구로3동,서울특별시 구로구 구로3동
구로구,구로동,봉일(797-8),구로1동,구로구,구로2동,서울특별시 구로구 구로2동
구로구,구로동,비즈트위트그린,구로1동,구로구,구로4동,서울특별시 구로구 구로4동
구로구,구로동,비즈트위트레드,구로1동,구로구,구로5동,서울특별시 구로구 구로5동
구로구,구로동,비즈트위트레인보우,구로1동,구로구,구로5동,서울특별시 구로구 구로5동
구로구,구로동,비즈트위트블루,구로1동,구로구,구로5동,서울특별시 구로구 구로5동
구로구,구로동,비즈트위트오렌지,구로1동,구로구,구로5동,서울특별시 구로구 구로5동
구로구,구로동,삼성래미안,구로1동,구로구,구로3동,서울특별시 구로구 구로3동
구로구,구로동,삼성아트빌라,구로1동,구로구,구로3동,서울특별시 구로구 구로3동
구로구,구로동,삼주빌라,구로1동,구로구,구로3동,서울특별시 구로구 구로3동
구로구,구로동,삼호빌라,구로1동,영등포구,대림3동,서울특별시 영등포구 대림3동
구로구,구로동,새솔금호,구로1동,구로구,구로5동,서울특별시 구로구 구로5동
구로구,구로동,서원빌라,구로1동,구로구,고척2동,서울특별시 구로구 고척2동
구로구,구로동,선진빌라,구로1동,구로구,구로4동,서울특별시 구로구 구로4동
구로구,구로동,성락,구로1동,구로구,구로3동,서울특별시 구로구 구로3동
구로구,구로동,성산E동,구로1동,구로구,구로2동,서울특별시 구로구 구로2동
구로구,구로동,성삼하이츠,구로1동,구로구,구로4동,서울특별시 구로구 구로4동
구로구,구로동,성호메이플라워멤버스빌,구로1동,구로구,구로5동,서울특별시 구로구 구로5동
구로구,구로동,세명,구로1동,구로구,구로2동,서울특별시 구로구 구로2동
구로구,구로동,송림빌라,구로1동,구로구,고척2동,서울특별시 구로구 고척2동
구로구,구로동,송림주택,구로1동,구로구,고척2동,서울특별시 구로구 고척2동
구로구,구로동,순영웰라이빌1차,구로1동,구로구,구로5동,서울특별시 구로구 구로5동
구로구,구로동,순영웰라이빌2차,구로1동,구로구,구로4동,서울특별시 구로구 구로4동
구로구,구로동,승윤노블리안,구로1동,구로구,구로1동,서울특별시 구로구 구로1동
구로구,구로동,신구로자이,구로1동,구로구,구로5동,서울특별시 구로구 구로5동
구로구,구로동,신도림LG자이,구로1동,구로구,구로5동,서울특별시 구로구 구로5동
구로구,구로동,신도림로제리움,구로1동,구로구,구로5동,서울특별시 구로구 구로5동
구로구,구로동,신도림롯데아파트,구로1동,구로구,구로5동,서울특별시 구로구 구로5동
구로구,구로동,신도림태영타운,구로1동,구로구,구로5동,서울특별시 구로구 구로5동
구로구,구로동,신도림현대,구로1동,구로구,구로5동,서울특별시 구로구 구로5동
구로구,구로동,신성미소지움,구로1동,구로구,구로3동,서울특별시 구로구 구로3동
구로구,구로동,신안타워,구로1동,구로구,구로5동,서울특별시 구로구 구로5동
구로구,구로동,쌍용플래티넘노블,구로1동,구로구,구로5동,서울특별시 구로구 구로5동
구로구,구로동,아스타빌,구로1동,구로구,구로5동,서울특별시 구로구 구로5동
구로구,구로동,안정빌라,구로1동,구로구,구로4동,서울특별시 구로구 구로4동
구로구,구로동,에덴,구로1동,구로구,구로3동,서울특별시 구로구 구로3동
구로구,구로동,에덴빌라,구로1동,구로구,개봉2동,서울특별시 구로구 개봉2동
구로구,구로동,영광빌라,구로1동,구로구,구로4동,서울특별시 구로구 구로4동
구로구,구로동,영화참마음,구로1동,구로구,구로1동,서울특별시 구로구 구로1동
구로구,구로동,예원아파트,구로1동,구로구,구로5동,서울특별시 구로구 구로5동
구로구,구로동,우리유앤미,구로1동,구로구,구로2동,서울특별시 구로구 구로2동
구로구,구로동,우민늘푸른,구로1동,구로구,구로3동,서울특별시 구로구 구로3동
구로구,구로동,우방,구로1동,구로구,구로1동,서울특별시 구로구 구로1동
구로구,구로동,우성(1058),구로1동,구로구,구로1동,서울특별시 구로구 구로1동
구로구,구로동,우성(23),구로1동,구로구,구로1동,서울특별시 구로구 구로1동
구로구,구로동,우성에비뉴,구로1동,구로구,구로3동,서울특별시 구로구 구로3동
구로구,구로동,우원그린빌,구로1동,구로구,구로5동,서울특별시 구로구 구로5동
구로구,구로동,우진,구로1동,구로구,구로4동,서울특별시 구로구 구로4동
구로구,구로동,우진체리쉬,구로1동,구로구,구로4동,서울특별시 구로구 구로4동
구로구,구로동,월드,구로1동,구로구,구로2동,서울특별시 구로구 구로2동
구로구,구로동,유진빌라,구로1동,구로구,개봉3동,서울특별시 구로구 개봉3동
구로구,구로동,은진빌라,구로1동,구로구,구로4동,서울특별시 구로구 구로4동
구로구,구로동,은진빌라(748-24),구로1동,구로구,구로4동,서울특별시 구로구 구로4동
구로구,구로동,이화우성,구로1동,구로구,구로3동,서울특별시 구로구 구로3동
구로구,구로동,일동행복세상,구로1동,구로구,구로2동,서울특별시 구로구 구로2동
구로구,구로동,일신건영,구로1동,구로구,구로5동,서울특별시 구로구 구로5동
구로구,구로동,일심빌리지,구로1동,구로구,구로2동,서울특별시 구로구 구로2동
구로구,구로동,장미빌라,구로1동,구로구,개봉3동,서울특별시 구로구 개봉3동
구로구,구로동,장수(796-60),구로1동,구로구,구로2동,서울특별시 구로구 구로2동
구로구,구로동,재선주택,구로1동,구로구,구로2동,서울특별시 구로구 구로2동
구로구,구로동,정창빌라,구로1동,구로구,구로4동,서울특별시 구로구 구로4동
구로구,구로동,제일,구로1동,구로구,구로5동,서울특별시 구로구 구로5동
구로구,구로동,제일(805-14),구로1동,구로구,구로5동,서울특별시 구로구 구로5동
구로구,구로동,조성빌라,구로1동,구로구,구로2동,서울특별시 구로구 구로2동
구로구,구로동,종인아네스트,구로1동,구로구,구로5동,서울특별시 구로구 구로5동
구로구,구로동,주공1,구로1동,구로구,구로2동,서울특별시 구로구 구로2동
구로구,구로동,주공2,구로1동,구로구,구로2동,서울특별시 구로구 구로2동
구로구,구로동,중앙하이츠,구로1동,구로구,구로1동,서울특별시 구로구 구로1동
구로구,구로동,중앙하이츠(1269),구로1동,구로구,구로1동,서울특별시 구로구 구로1동
구로구,구로동,청송빌라,구로1동,구로구,구로3동,서울특별시 구로구 구로3동
구로구,구로동,청우아트빌라,구로1동,구로구,구로4동,서울특별시 구로구 구로4동
구로구,구로동,청우아트빌라3차,구로1동,구로구,구로4동,서울특별시 구로구 구로4동
구로구,구로동,청우아트빌리지(738-39),구로1동,구로구,구로4동,서울특별시 구로구 구로4동
구로구,구로동,초롱타운,구로1동,구로구,구로2동,서울특별시 구로구 구로2동
구로구,구로동,케어빌(98-8),구로1동,구로구,구로4동,서울특별시 구로구 구로4동
구로구,구로동,코원,구로1동,구로구,구로4동,서울특별시 구로구 구로4동
구로구,구로동,태양,구로1동,구로구,구로2동,서울특별시 구로구 구로2동
구로구,구로동,태영빌라,구로1동,구로구,구로4동,서울특별시 구로구 구로4동
구로구,구로동,태영빌라2,구로1동,구로구,구로2동,서울특별시 구로구 구로2동
구로구,구로동,파인마루오피스텔,구로1동,구로구,구로4동,서울특별시 구로구 구로4동
구로구,구로동,평화빌라,구로1동,구로구,구로4동,서울특별시 구로구 구로4동
구로구,구로동,풍안주택,구로1동,구로구,구로2동,서울특별시 구로구 구로2동
구로구,구로동,하나세인스톤1차,구로1동,구로구,구로5동,서울특별시 구로구 구로5동
구로구,구로동,하나세인스톤2차,구로1동,구로구,구로4동,서울특별시 구로구 구로4동
구로구,구로동,하나세인스톤3차,구로1동,구로구,구로5동,서울특별시 구로구 구로5동
구로구,구로동,한국현대,구로1동,구로구,구로1동,서울특별시 구로구 구로1동
구로구,구로동,한마음(796-72),구로1동,구로구,구로4동,서울특별시 구로구 구로4동
구로구,구로동,한스타워,구로1동,구로구,구로5동,서울특별시 구로구 구로5동
구로구,구로동,한신,구로1동,구로구,구로3동,서울특별시 구로구 구로3동
구로구,구로동,한신(792-29),구로1동,구로구,구로3동,서울특별시 구로구 구로3동
구로구,구로동,한신빌라,구로1동,구로구,구로3동,서울특별시 구로구 구로3동
구로구,구로동,한신주택,구로1동,구로구,구로3동,서울특별시 구로구 구로3동
구로구,구로동,한신휴플러스(1280-0),구로1동,구로구,구로3동,서울특별시 구로구 구로3동
구로구,구로동,한신휴플러스(1280-1),구로1동,구로구,구로3동,서울특별시 구로구 구로3동
구로구,구로동,한양하이츠,구로1동,구로구,구로3동,서울특별시 구로구 구로3동
구로구,구로동,한일유앤아이,구로1동,구로구,구로1동,서울특별시 구로구 구로1동
구로구,구로동,한일퍼스트빌(415-37),구로1동,구로구,구로2동,서울특별시 구로구 구로2동
구로구,구로동,해담채3,구로1동,구로구,구로5동,서울특별시 구로구 구로5동
구로구,구로동,행복주택,구로1동,구로구,구로2동,서울특별시 구로구 구로2동
구로구,구로동,현대,구로1동,구로구,구로1동,서울특별시 구로구 구로1동
구로구,구로동,현대로얄,구로1동,구로구,구로1동,서울특별시 구로구 구로1동
구로구,구로동,현대상선,구로1동,구로구,구로1동,서울특별시 구로구 구로1동
구로구,구로동,현대연예인,구로1동,구로구,구로1동,서울특별시 구로구 구로1동
구로구,구로동,현대의보아파트,구로1동,구로구,구로1동,서울특별시 구로구 구로1동
구로구,구로동,현대파크빌,구로1동,구로구,구로5동,서울특별시 구로구 구로5동
구로구,구로동,현암B동,구로1동,구로구,구로2동,서울특별시 구로구 구로2동
구로구,구로동,황산(780-55),구로1동,구로구,구로3동,서울특별시 구로구 구로3동
구로구,구로동,효성,구로1동,구로구,구로5동,서울특별시 구로구 구로5동
구로구,구로동,희훈타워빌,구로1동,구로구,구로5동,서울특별시 구로구 구로5동
구로구,궁동,강남그린,수궁동,구로구,수궁동,서울특별시 구로구 수궁동
구로구,궁동,궁동에스하임,수궁동,구로구,수궁동,서울특별시 구로구 수궁동
구로구,궁동,뉴파인,수궁동,구로구,수궁동,서울특별시 구로구 수궁동
구로구,궁동,다청림(101동),수궁동,구로구,수궁동,서울특별시 구로구 수궁동
구로구,궁동,다청림(102동),수궁동,구로구,수궁동,서울특별시 구로구 수궁동
구로구,궁동,다청림(103동),수궁동,구로구,수궁동,서울특별시 구로구 수궁동
구로구,궁동,다청림(104동),수궁동,구로구,수궁동,서울특별시 구로구 수궁동
구로구,궁동,다청림(106동),수궁동,구로구,수궁동,서울특별시 구로구 수궁동
구로구,궁동,다청림(107동),수궁동,구로구,수궁동,서울특별시 구로구 수궁동
구로구,궁동,다청림101동(143-1),수궁동,구로구,수궁동,서울특별시 구로구 수궁동
구로구,궁동,다청림102동(143-0),수궁동,구로구,수궁동,서울특별시 구로구 수궁동
구로구,궁동,대명그린(아),수궁동,구로구,수궁동,서울특별시 구로구 수궁동
구로구,궁동,대명하이빌(103동),수궁동,구로구,수궁동,서울특별시 구로구 수궁동
구로구,궁동,대명하이빌101동,수궁동,구로구,수궁동,서울특별시 구로구 수궁동
구로구,궁동,대명하이빌102동,수궁동,구로구,수궁동,서울특별시 구로구 수궁동
구로구,궁동,선우쉐르빌,수궁동,구로구,수궁동,서울특별시 구로구 수궁동
구로구,궁동,수정,수궁동,구로구,수궁동,서울특별시 구로구 수궁동
구로구,궁동,우남푸르미아,수궁동,구로구,수궁동,서울특별시 구로구 수궁동
구로구,궁동,호수1차A동,수궁동,구로구,수궁동,서울특별시 구로구 수궁동
구로구,궁동,호수2차B동,수궁동,구로구,수궁동,서울특별시 구로구 수궁동
구로구,신도림동,SKVIEW,신도림동,구로구,신도림동,서울특별시 구로구 신도림동
구로구,신도림동,대림1,신도림동,구로구,신도림동,서울특별시 구로구 신도림동
구로구,신도림동,대림2,신도림동,구로구,신도림동,서울특별시 구로구 신도림동
구로구,신도림동,대림3,신도림동,구로구,구로4동,서울특별시 구로구 구로4동
구로구,신도림동,대림e-편한세상4,신도림동,구로구,신도림동,서울특별시 구로구 신도림동
구로구,신도림동,대림e-편한세상5,신도림동,구로구,신도림동,서울특별시 구로구 신도림동
구로구,신도림동,대림e-편한세상6,신도림동,구로구,신도림동,서울특별시 구로구 신도림동
구로구,신도림동,대림e-편한세상7,신도림동,구로구,신도림동,서울특별시 구로구 신도림동
구로구,신도림동,동아1,신도림동,구로구,신도림동,서울특별시 구로구 신도림동
구로구,신도림동,동아2,신도림동,구로구,신도림동,서울특별시 구로구 신도림동
구로구,신도림동,동아3,신도림동,구로구,신도림동,서울특별시 구로구 신도림동
구로구,신도림동,디큐브시티,신도림동,구로구,신도림동,서울특별시 구로구 신도림동
구로구,신도림동,미성,신도림동,구로구,신도림동,서울특별시 구로구 신도림동
구로구,신도림동,신도림 아르디에,신도림동,구로구,신도림동,서울특별시 구로구 신도림동
구로구,신도림동,신도림2차푸르지오,신도림동,구로구,신도림동,서울특별시 구로구 신도림동
구로구,신도림동,신도림3차푸르지오,신도림동,구로구,신도림동,서울특별시 구로구 신도림동
구로구,신도림동,신도림팰러티움,신도림동,구로구,신도림동,서울특별시 구로구 신도림동
구로구,신도림동,신성은하수,신도림동,구로구,신도림동,서울특별시 구로구 신도림동
구로구,신도림동,우성1,신도림동,구로구,신도림동,서울특별시 구로구 신도림동
구로구,신도림동,우성2,신도림동,구로구,구로5동,서울특별시 구로구 구로5동
구로구,신도림동,우성3,신도림동,구로구,신도림동,서울특별시 구로구 신도림동
구로구,신도림동,우성5,신도림동,영등포구,신길3동,서울특별시 영등포구 신길3동
구로구,신도림동,현대홈타운아파트,신도림동,구로구,개봉2동,서울특별시 구로구 개봉2동
구로구,오류동,경남아너스빌,오류1동,구로구,오류2동,서울특별시 구로구 오류2동
구로구,오류동,계림웨스트벨리,오류1동,구로구,오류2동,서울특별시 구로구 오류2동
구로구,오류동,골든팰리스,오류1동,구로구,오류1동,서울특별시 구로구 오류1동
구로구,오류동,금강,오류1동,구로구,오류2동,서울특별시 구로구 오류2동
구로구,오류동,금강(343),오류1동,구로구,오류2동,서울특별시 구로구 오류2동
구로구,오류동,길훈,오류1동,구로구,오류2동,서울특별시 구로구 오류2동
구로구,오류동,다청림,오류1동,구로구,오류2동,서울특별시 구로구 오류2동
구로구,오류동,다청림(356),오류1동,구로구,오류2동,서울특별시 구로구 오류2동
구로구,오류동,대산,오류1동,구로구,오류2동,서울특별시 구로구 오류2동
구로구,오류동,더메디치,오류1동,구로구,오류2동,서울특별시 구로구 오류2동
구로구,오류동,동보,오류1동,구로구,오류2동,서울특별시 구로구 오류2동
구로구,오류동,동부(101동~103동),오류1동,구로구,오류1동,서울특별시 구로구 오류1동
구로구,오류동,동부(105동~106동),오류1동,구로구,오류1동,서울특별시 구로구 오류1동
구로구,오류동,동부골든,오류1동,구로구,오류1동,서울특별시 구로구 오류1동
구로구,오류동,동선,오류1동,구로구,오류1동,서울특별시 구로구 오류1동
구로구,오류동,라인,오류1동,구로구,오류1동,서울특별시 구로구 오류1동
구로구,오류동,루체비스타,오류1동,구로구,오류1동,서울특별시 구로구 오류1동
구로구,오류동,목화수목원102동,오류1동,구로구,오류2동,서울특별시 구로구 오류2동
구로구,오류동,목화수목원아파트101동,오류1동,구로구,오류2동,서울특별시 구로구 오류2동
구로구,오류동,미진주택A동,오류1동,구로구,오류2동,서울특별시 구로구 오류2동
구로구,오류동,미진주택B동,오류1동,구로구,오류2동,서울특별시 구로구 오류2동
구로구,오류동,비에이치수반애수목원아파트,오류1동,구로구,오류2동,서울특별시 구로구 오류2동
구로구,오류동,삼천리,오류1동,구로구,오류1동,서울특별시 구로구 오류1동
구로구,오류동,서해그랑블,오류1동,구로구,오류2동,서울특별시 구로구 오류2동
구로구,오류동,시티월드,오류1동,구로구,오류1동,서울특별시 구로구 오류1동
구로구,오류동,썬앤빌,오류1동,구로구,오류1동,서울특별시 구로구 오류1동
구로구,오류동,양지쉐르빌아파트,오류1동,구로구,오류2동,서울특별시 구로구 오류2동
구로구,오류동,영풍마드레빌,오류1동,구로구,오류2동,서울특별시 구로구 오류2동
구로구,오류동,오류그린,오류1동,구로구,오류2동,서울특별시 구로구 오류2동
구로구,오류동,오류동금호어울림,오류1동,구로구,오류1동,서울특별시 구로구 오류1동
구로구,오류동,오류동삼전솔하임,오류1동,구로구,오류1동,서울특별시 구로구 오류1동
구로구,오류동,오류동역솔리스타,오류1동,구로구,오류1동,서울특별시 구로구 오류1동
구로구,오류동,오류동푸르지오,오류1동,구로구,오류2동,서울특별시 구로구 오류2동
구로구,오류동,오류동휘버스,오류1동,구로구,오류1동,서울특별시 구로구 오류1동
구로구,오류동,우림필유,오류1동,구로구,오류2동,서울특별시 구로구 오류2동
구로구,오류동,우창굿모닝,오류1동,구로구,오류2동,서울특별시 구로구 오류2동
구로구,오류동,유한수목원,오류1동,구로구,오류2동,서울특별시 구로구 오류2동
구로구,오류동,은하수수목원,오류1동,구로구,오류2동,서울특별시 구로구 오류2동
구로구,오류동,은하수수목원2차(101동),오류1동,구로구,오류2동,서울특별시 구로구 오류2동
구로구,오류동,은하수수목원2차(102동),오류1동,구로구,오류2동,서울특별시 구로구 오류2동
구로구,오류동,이좋은집,오류1동,구로구,오류1동,서울특별시 구로구 오류1동
구로구,오류동,천왕역모아엘가트레뷰,오류1동,구로구,오류2동,서울특별시 구로구 오류2동
구로구,오류동,포스시티,오류1동,구로구,오류1동,서울특별시 구로구 오류1동
구로구,오류동,한가람,오류1동,구로구,오류1동,서울특별시 구로구 오류1동
구로구,오류동,한백고은,오류1동,구로구,오류1동,서울특별시 구로구 오류1동
구로구,오류동,한백힐,오류1동,구로구,오류1동,서울특별시 구로구 오류1동
구로구,오류동,한신플러스타운,오류1동,구로구,오류1동,서울특별시 구로구 오류1동
구로구,온수동,다청림시티,수궁동,구로구,수궁동,서울특별시 구로구 수궁동
구로구,온수동,두양그린A동,수궁동,구로구,수궁동,서울특별시 구로구 수궁동
구로구,온수동,두양그린B동,수궁동,구로구,수궁동,서울특별시 구로구 수궁동
구로구,온수동,리치안풍산,수궁동,구로구,수궁동,서울특별시 구로구 수궁동
구로구,온수동,아이에스빌리브,수궁동,구로구,수궁동,서울특별시 구로구 수궁동
구로구,온수동,온수동,수궁동,구로구,수궁동,서울특별시 구로구 수궁동
구로구,온수동,온수힐스테이트,수궁동,구로구,수궁동,서울특별시 구로구 수궁동
구로구,천왕동,천왕연지타운1단지,오류2동,구로구,오류2동,서울특별시 구로구 오류2동
구로구,천왕동,천왕연지타운2단지,오류2동,구로구,오류2동,서울특별시 구로구 오류2동
구로구,천왕동,천왕이펜하우스1단지,오류2동,구로구,오류2동,서울특별시 구로구 오류2동
구로구,천왕동,천왕이펜하우스2단지,오류2동,구로구,오류2동,서울특별시 구로구 오류2동
구로구,천왕동,천왕이펜하우스3단지,오류2동,구로구,오류2동,서울특별시 구로구 오류2동
구로구,천왕동,천왕이펜하우스4단지,오류2동,구로구,오류2동,서울특별시 구로구 오류2동
구로구,천왕동,천왕이펜하우스5단지,오류2동,구로구,오류2동,서울특별시 구로구 오류2동
구로구,천왕동,천왕이펜하우스6단지,오류2동,구로구,오류2동,서울특별시 구로구 오류2동
구로구,항동,동보수목원,항동,구로구,항동,서울특별시 구로구 항동
구로구,항동,동보수목원(16-18),항동,구로구,항동,서울특별시 구로구 항동
구로구,항동,동보수목원(16-36),항동,구로구,항동,서울특별시 구로구 항동
구로구,항동,우남퍼스트빌더센트럴,항동,구로구,항동,서울특별시 구로구 항동
구로구,항동,유한오크팰리스,항동,구로구,항동,서울특별시 구로구 항동
구로구,항동,하버라인2단지,항동,구로구,항동,서울특별시 구로구 항동
구로구,항동,하버라인3단지,항동,구로구,항동,서울특별시 구로구 항동
구로구,항동,하버라인4단지,항동,구로구,항동,서울특별시 구로구 항동
구로구,항동,한양수자인에듀힐즈,항동,구로구,항동,서울특별시 구로구 항동
구로구,항동,항동제일풍경채포레스트,항동,구로구,항동,서울특별시 구로구 항동
구로구,항동,항동중흥에스클래스베르데카운티,항동,구로구,항동,서울특별시 구로구 항동
구로구,항동,현대홈타운스위트,항동,구로구,항동,서울특별시 구로구 항동
금천구,가산동,G밸리페트라힐스,가산동,금천구,가산동,서울특별시 금천구 가산동
금천구,가산동,가산양우내안에애플,가산동,금천구,가산동,서울특별시 금천구 가산동
금천구,가산동,가산지웰에스테이트,가산동,금천구,가산동,서울특별시 금천구 가산동
금천구,가산동,가산지웰에스테이트2차,가산동,금천구,가산동,서울특별시 금천구 가산동
금천구,가산동,가산피어니빌,가산동,금천구,가산동,서울특별시 금천구 가산동
금천구,가산동,덕산,가산동,금천구,가산동,서울특별시 금천구 가산동
금천구,가산동,두산,가산동,금천구,가산동,서울특별시 금천구 가산동
금천구,가산동,드림캐슬,가산동,금천구,가산동,서울특별시 금천구 가산동
금천구,가산동,드림캐슬2차,가산동,금천구,가산동,서울특별시 금천구 가산동
금천구,가산동,드림케슬3차,가산동,금천구,가산동,서울특별시 금천구 가산동
금천구,가산동,백운한비치,가산동,금천구,가산동,서울특별시 금천구 가산동
금천구,가산동,백운한비치(가),가산동,금천구,가산동,서울특별시 금천구 가산동
금천구,가산동,백운한비치(나),가산동,금천구,가산동,서울특별시 금천구 가산동
금천구,가산동,비즈트위트바이올렛5차,가산동,금천구,가산동,서울특별시 금천구 가산동
금천구,가산동,삼익,가산동,금천구,가산동,서울특별시 금천구 가산동
금천구,가산동,온누리,가산동,금천구,가산동,서울특별시 금천구 가산동
금천구,가산동,원평5차,가산동,금천구,가산동,서울특별시 금천구 가산동
금천구,가산동,주상복합두산,가산동,금천구,가산동,서울특별시 금천구 가산동
금천구,가산동,하이펠리스,가산동,금천구,가산동,서울특별시 금천구 가산동
금천구,가산동,해찬행복드림,가산동,금천구,가산동,서울특별시 금천구 가산동
금천구,독산동,e편한세상독산더타워,독산1동,금천구,독산1동,서울특별시 금천구 독산1동
금천구,독산동,각산,독산1동,금천구,독산1동,서울특별시 금천구 독산1동
금천구,독산동,계룡아파트,독산1동,금천구,독산1동,서울특별시 금천구 독산1동
금천구,독산동,금천롯데캐슬골드파크1차,독산1동,금천구,독산1동,서울특별시 금천구 독산1동
금천구,독산동,금천롯데캐슬골드파크2차201동202동,독산1동,금천구,독산1동,서울특별시 금천구 독산1동
금천구,독산동,금천롯데캐슬골드파크3차,독산1동,금천구,독산1동,서울특별시 금천구 독산1동
금천구,독산동,금천현대,독산1동,금천구,독산1동,서울특별시 금천구 독산1동
금천구,독산동,대광아파트,독산1동,금천구,독산3동,서울특별시 금천구 독산3동
금천구,독산동,대덕트윈빌,독산1동,금천구,독산4동,서울특별시 금천구 독산4동
금천구,독산동,독산동아아파트,독산1동,금천구,독산4동,서울특별시 금천구 독산4동
금천구,독산동,독산동중앙하이츠빌,독산1동,금천구,독산1동,서울특별시 금천구 독산1동
금천구,독산동,독산동한양수자인,독산1동,금천구,독산3동,서울특별시 금천구 독산3동
금천구,독산동,독산솔리힐아파트,독산1동,금천구,독산3동,서울특별시 금천구 독산3동
금천구,독산동,독산오르페움타워,독산1동,금천구,독산3동,서울특별시 금천구 독산3동
금천구,독산동,독산주공14단지,독산1동,금천구,독산1동,서울특별시 금천구 독산1동
금천구,독산동,독산현대,독산1동,금천구,독산1동,서울특별시 금천구 독산1동
금천구,독산동,동심,독산1동,금천구,독산3동,서울특별시 금천구 독산3동
금천구,독산동,동양드림아파트,독산1동,금천구,독산2동,서울특별시 금천구 독산2동
금천구,독산동,동은4차,독산1동,금천구,독산1동,서울특별시 금천구 독산1동
금천구,독산동,동은5차,독산1동,금천구,독산4동,서울특별시 금천구 독산4동
금천구,독산동,동은6차,독산1동,금천구,독산4동,서울특별시 금천구 독산4동
금천구,독산동,동은노보빌(887-1),독산1동,금천구,독산3동,서울특별시 금천구 독산3동
금천구,독산동,동은노보빌(887-2),독산1동,금천구,독산3동,서울특별시 금천구 독산3동
금천구,독산동,라이프,독산1동,금천구,독산1동,서울특별시 금천구 독산1동
금천구,독산동,리버스타운,독산1동,금천구,독산1동,서울특별시 금천구 독산1동
금천구,독산동,리치힐(1052-5),독산1동,금천구,독산3동,서울특별시 금천구 독산3동
금천구,독산동,리치힐(976-37),독산1동,금천구,독산3동,서울특별시 금천구 독산3동
금천구,독산동,리치힐(976-6),독산1동,금천구,독산3동,서울특별시 금천구 독산3동
금천구,독산동,리치힐101동(993-25),독산1동,금천구,독산3동,서울특별시 금천구 독산3동
금천구,독산동,리치힐102동(993-36),독산1동,금천구,독산3동,서울특별시 금천구 독산3동
금천구,독산동,리치힐103동(992-0),독산1동,금천구,독산3동,서울특별시 금천구 독산3동
금천구,독산동,리치힐104동(992-43),독산1동,금천구,독산3동,서울특별시 금천구 독산3동
금천구,독산동,명도힐스티지,독산1동,금천구,독산3동,서울특별시 금천구 독산3동
금천구,독산동,목화101,독산1동,금천구,독산3동,서울특별시 금천구 독산3동
금천구,독산동,목화102,독산1동,금천구,독산4동,서울특별시 금천구 독산4동
금천구,독산동,목화103,독산1동,금천구,독산4동,서울특별시 금천구 독산4동
금천구,독산동,문성,독산1동,금천구,독산3동,서울특별시 금천구 독산3동
금천구,독산동,백운,독산1동,금천구,독산2동,서울특별시 금천구 독산2동
금천구,독산동,삼성로얄,독산1동,금천구,독산3동,서울특별시 금천구 독산3동
금천구,독산동,삼익,독산1동,금천구,독산3동,서울특별시 금천구 독산3동
금천구,독산동,삼환아파트,독산1동,금천구,독산1동,서울특별시 금천구 독산1동
금천구,독산동,상진지오벨리A,독산1동,금천구,독산4동,서울특별시 금천구 독산4동
금천구,독산동,상진지오벨리B,독산1동,금천구,독산4동,서울특별시 금천구 독산4동
금천구,독산동,서초파레스,독산1동,금천구,독산4동,서울특별시 금천구 독산4동
금천구,독산동,설악솔내음,독산1동,금천구,독산3동,서울특별시 금천구 독산3동
금천구,독산동,성웅,독산1동,금천구,독산3동,서울특별시 금천구 독산3동
금천구,독산동,세심아파트,독산1동,금천구,독산4동,서울특별시 금천구 독산4동
금천구,독산동,세진(1037-31),독산1동,금천구,독산2동,서울특별시 금천구 독산2동
금천구,독산동,세진웰빙101,독산1동,금천구,독산4동,서울특별시 금천구 독산4동
금천구,독산동,세진웰빙102,독산1동,금천구,독산3동,서울특별시 금천구 독산3동
금천구,독산동,신도브래뉴,독산1동,금천구,독산3동,서울특별시 금천구 독산3동
금천구,독산동,아셈그린힐,독산1동,금천구,독산4동,서울특별시 금천구 독산4동
금천구,독산동,아이유하임,독산1동,금천구,독산1동,서울특별시 금천구 독산1동
금천구,독산동,아이유하임(1159),독산1동,금천구,독산1동,서울특별시 금천구 독산1동
금천구,독산동,예전이룸(965-1),독산1동,금천구,독산3동,서울특별시 금천구 독산3동
금천구,독산동,은탑로얄클라스,독산1동,금천구,독산4동,서울특별시 금천구 독산4동
금천구,독산동,을미월드힐,독산1동,금천구,독산4동,서울특별시 금천구 독산4동
금천구,독산동,이랜드해가든,독산1동,금천구,독산1동,서울특별시 금천구 독산1동
금천구,독산동,장미아파트A동,독산1동,금천구,독산3동,서울특별시 금천구 독산3동
금천구,독산동,장미아파트B동,독산1동,금천구,독산3동,서울특별시 금천구 독산3동
금천구,독산동,정심아파트,독산1동,금천구,독산4동,서울특별시 금천구 독산4동
금천구,독산동,중앙아파트,독산1동,금천구,독산1동,서울특별시 금천구 독산1동
금천구,독산동,진도1차,독산1동,금천구,독산1동,서울특별시 금천구 독산1동
금천구,독산동,진도2차,독산1동,금천구,독산1동,서울특별시 금천구 독산1동
금천구,독산동,진도3차아파트,독산1동,금천구,독산1동,서울특별시 금천구 독산1동
금천구,독산동,청광플러스원,독산1동,금천구,독산1동,서울특별시 금천구 독산1동
금천구,독산동,청호센트레빌,독산1동,금천구,독산3동,서울특별시 금천구 독산3동
금천구,독산동,태영아파트,독산1동,금천구,독산1동,서울특별시 금천구 독산1동
금천구,독산동,푸른터,독산1동,금천구,독산3동,서울특별시 금천구 독산3동
금천구,독산동,한솔아트빌라,독산1동,금천구,독산4동,서울특별시 금천구 독산4동
금천구,독산동,한신아파트,독산1동,금천구,독산1동,서울특별시 금천구 독산1동
금천구,독산동,한아(987-11),독산1동,금천구,독산1동,서울특별시 금천구 독산1동
금천구,독산동,한아(987-21),독산1동,금천구,독산1동,서울특별시 금천구 독산1동
금천구,독산동,한아(987-22),독산1동,금천구,독산1동,서울특별시 금천구 독산1동
금천구,독산동,한아101(994-33),독산1동,금천구,독산1동,서울특별시 금천구 독산1동
금천구,독산동,한아102(994-73),독산1동,금천구,독산1동,서울특별시 금천구 독산1동
금천구,독산동,한아마인드,독산1동,금천구,독산1동,서울특별시 금천구 독산1동
금천구,독산동,한아프라임102동,독산1동,금천구,독산1동,서울특별시 금천구 독산1동
금천구,독산동,해찬아파트,독산1동,금천구,독산4동,서울특별시 금천구 독산4동
금천구,독산동,호정타워,독산1동,금천구,독산2동,서울특별시 금천구 독산2동
금천구,독산동,힐탑,독산1동,금천구,독산3동,서울특별시 금천구 독산3동
금천구,독산동,힐탑아파트3차(894-3),독산1동,금천구,독산3동,서울특별시 금천구 독산3동
금천구,독산동,힐탑아파트4차(894-5),독산1동,금천구,독산3동,서울특별시 금천구 독산3동
금천구,시흥동,SM엘루이,시흥1동,금천구,시흥1동,서울특별시 금천구 시흥1동
금천구,시흥동,거상센스빌(956-6),시흥1동,금천구,시흥3동,서울특별시 금천구 시흥3동
금천구,시흥동,거상센스빌(960-5),시흥1동,금천구,시흥3동,서울특별시 금천구 시흥3동
금천구,시흥동,거상장미,시흥1동,금천구,시흥3동,서울특별시 금천구 시흥3동
금천구,시흥동,거상홈타운701동,시흥1동,금천구,시흥3동,서울특별시 금천구 시흥3동
금천구,시흥동,거상홈타운801동,시흥1동,금천구,시흥3동,서울특별시 금천구 시흥3동
금천구,시흥동,건우한마음,시흥1동,금천구,시흥5동,서울특별시 금천구 시흥5동
금천구,시흥동,경남아파트,시흥1동,금천구,시흥4동,서울특별시 금천구 시흥4동
금천구,시흥동,관악산벽산타운5,시흥1동,금천구,시흥2동,서울특별시 금천구 시흥2동
금천구,시흥동,관악산신도브래뉴,시흥1동,금천구,시흥5동,서울특별시 금천구 시흥5동
금천구,시흥동,금강,시흥1동,금천구,시흥4동,서울특별시 금천구 시흥4동
금천구,시흥동,금광,시흥1동,금천구,시흥5동,서울특별시 금천구 시흥5동
금천구,시흥동,금천,시흥1동,금천구,시흥1동,서울특별시 금천구 시흥1동
금천구,시흥동,금천리메인시티,시흥1동,금천구,시흥1동,서울특별시 금천구 시흥1동
금천구,시흥동,낙원,시흥1동,금천구,시흥3동,서울특별시 금천구 시흥3동
금천구,시흥동,남서울건영2,시흥1동,금천구,시흥1동,서울특별시 금천구 시흥1동
금천구,시흥동,남서울건영아파트,시흥1동,금천구,시흥1동,서울특별시 금천구 시흥1동
금천구,시흥동,남서울힐스테이트,시흥1동,금천구,시흥1동,서울특별시 금천구 시흥1동
금천구,시흥동,대도훼미리,시흥1동,금천구,시흥1동,서울특별시 금천구 시흥1동
금천구,시흥동,더유엘아파트,시흥1동,금천구,시흥3동,서울특별시 금천구 시흥3동
금천구,시흥동,럭키남서울아파트,시흥1동,금천구,시흥1동,서울특별시 금천구 시흥1동
금천구,시흥동,루체클래식,시흥1동,금천구,시흥3동,서울특별시 금천구 시흥3동
금천구,시흥동,메르시대신아파트,시흥1동,금천구,시흥3동,서울특별시 금천구 시흥3동
금천구,시흥동,무지개,시흥1동,금천구,시흥1동,서울특별시 금천구 시흥1동
금천구,시흥동,백운,시흥1동,금천구,시흥5동,서울특별시 금천구 시흥5동
금천구,시흥동,백운스위트빌,시흥1동,금천구,시흥3동,서울특별시 금천구 시흥3동
금천구,시흥동,백운플러스타워,시흥1동,금천구,시흥1동,서울특별시 금천구 시흥1동
금천구,시흥동,백운한비치,시흥1동,금천구,시흥5동,서울특별시 금천구 시흥5동
금천구,시흥동,백운한비치5,시흥1동,금천구,시흥5동,서울특별시 금천구 시흥5동
금천구,시흥동,백운한비치Ⅱ,시흥1동,금천구,시흥5동,서울특별시 금천구 시흥5동
금천구,시흥동,백조,시흥1동,금천구,시흥4동,서울특별시 금천구 시흥4동
금천구,시흥동,벽산,시흥1동,금천구,시흥2동,서울특별시 금천구 시흥2동
금천구,시흥동,벽산3,시흥1동,금천구,시흥2동,서울특별시 금천구 시흥2동
금천구,시흥동,보르미아파트(948-9),시흥1동,금천구,시흥3동,서울특별시 금천구 시흥3동
금천구,시흥동,산호시티빌,시흥1동,금천구,시흥1동,서울특별시 금천구 시흥1동
금천구,시흥동,삼익,시흥1동,금천구,시흥4동,서울특별시 금천구 시흥4동
금천구,시흥동,삼일,시흥1동,금천구,시흥3동,서울특별시 금천구 시흥3동
금천구,시흥동,성지,시흥1동,금천구,시흥1동,서울특별시 금천구 시흥1동
금천구,시흥동,세종,시흥1동,금천구,시흥4동,서울특별시 금천구 시흥4동
금천구,시흥동,쉼터빌리지,시흥1동,금천구,시흥3동,서울특별시 금천구 시흥3동
금천구,시흥동,스카이,시흥1동,금천구,시흥5동,서울특별시 금천구 시흥5동
금천구,시흥동,시흥(817-29),시흥1동,금천구,시흥1동,서울특별시 금천구 시흥1동
금천구,시흥동,시흥동월드메르디앙,시흥1동,금천구,시흥4동,서울특별시 금천구 시흥4동
금천구,시흥동,시흥목련,시흥1동,금천구,시흥1동,서울특별시 금천구 시흥1동
금천구,시흥동,시흥베르빌,시흥1동,금천구,시흥1동,서울특별시 금천구 시흥1동
금천구,시흥동,신동힐탑,시흥1동,금천구,시흥1동,서울특별시 금천구 시흥1동
금천구,시흥동,신세계,시흥1동,금천구,독산2동,서울특별시 금천구 독산2동
금천구,시흥동,신화아파트(200-4),시흥1동,금천구,시흥5동,서울특별시 금천구 시흥5동
금천구,시흥동,애시안아파트,시흥1동,금천구,시흥2동,서울특별시 금천구 시흥2동
금천구,시흥동,에벤에셀프라자,시흥1동,금천구,시흥5동,서울특별시 금천구 시흥5동
금천구,시흥동,영광아파트,시흥1동,금천구,시흥1동,서울특별시 금천구 시흥1동
금천구,시흥동,예일,시흥1동,금천구,시흥5동,서울특별시 금천구 시흥5동
금천구,시흥동,오성로얄,시흥1동,금천구,시흥4동,서울특별시 금천구 시흥4동
금천구,시흥동,와이즈플레이스,시흥1동,금천구,시흥1동,서울특별시 금천구 시흥1동
금천구,시흥동,우림메르디앙,시흥1동,금천구,시흥1동,서울특별시 금천구 시흥1동
금천구,시흥동,우방,시흥1동,금천구,시흥2동,서울특별시 금천구 시흥2동
금천구,시흥동,우성,시흥1동,금천구,시흥3동,서울특별시 금천구 시흥3동
금천구,시흥동,웨스트밸리,시흥1동,금천구,시흥1동,서울특별시 금천구 시흥1동
금천구,시흥동,유승셀르빌,시흥1동,금천구,시흥4동,서울특별시 금천구 시흥4동
금천구,시흥동,청우그린,시흥1동,금천구,시흥1동,서울특별시 금천구 시흥1동
금천구,시흥동,칠성(3),시흥1동,금천구,시흥3동,서울특별시 금천구 시흥3동
금천구,시흥동,칠성(977-2),시흥1동,금천구,시흥3동,서울특별시 금천구 시흥3동
금천구,시흥동,탑스빌,시흥1동,금천구,시흥2동,서울특별시 금천구 시흥2동
금천구,시흥동,하나어울림,시흥1동,관악구,난향동,서울특별시 관악구 난향동
금천구,시흥동,한빛,시흥1동,금천구,시흥4동,서울특별시 금천구 시흥4동
금천구,시흥동,한빛로얄,시흥1동,금천구,시흥4동,서울특별시 금천구 시흥4동
금천구,시흥동,한빛무궁화101동,시흥1동,금천구,시흥4동,서울특별시 금천구 시흥4동
금천구,시흥동,현대(209),시흥1동,금천구,시흥1동,서울특별시 금천구 시흥1동
금천구,시흥동,현대(220-2),시흥1동,금천구,시흥1동,서울특별시 금천구 시흥1동
금천구,시흥동,힐캐슬,시흥1동,금천구,시흥3동,서울특별시 금천구 시흥3동
노원구,공릉동,67디벨리움,공릉2동,노원구,공릉1동,서울특별시 노원구 공릉1동
노원구,공릉동,건영아파트,공릉2동,노원구,공릉1동,서울특별시 노원구 공릉1동
노원구,공릉동,건영장미아파트,공릉2동,노원구,공릉2동,서울특별시 노원구 공릉2동
노원구,공릉동,공릉2신도브래뉴아파트,공릉2동,노원구,공릉1동,서울특별시 노원구 공릉1동
노원구,공릉동,공릉동한보에센시티아파트,공릉2동,노원구,공릉2동,서울특별시 노원구 공릉2동
노원구,공릉동,공릉우성아파트,공릉2동,노원구,공릉1동,서울특별시 노원구 공릉1동
노원구,공릉동,공릉해링턴플레이스,공릉2동,노원구,공릉2동,서울특별시 노원구 공릉2동
노원구,공릉동,광덕파크빌아파트,공릉2동,노원구,공릉1동,서울특별시 노원구 공릉1동
노원구,공릉동,길성그랑프리텔아파트,공릉2동,노원구,공릉1동,서울특별시 노원구 공릉1동
노원구,공릉동,남광미르빌,공릉2동,노원구,공릉1동,서울특별시 노원구 공릉1동
노원구,공릉동,남광아파트,공릉2동,노원구,공릉1동,서울특별시 노원구 공릉1동
노원구,공릉동,남청파인힐,공릉2동,노원구,공릉1동,서울특별시 노원구 공릉1동
노원구,공릉동,노원프레미어스엠코,공릉2동,노원구,공릉1동,서울특별시 노원구 공릉1동
노원구,공릉동,녹주아파트,공릉2동,노원구,공릉1동,서울특별시 노원구 공릉1동
노원구,공릉동,대동아파트,공릉2동,노원구,공릉1동,서울특별시 노원구 공릉1동
노원구,공릉동,대동아파트2,공릉2동,노원구,공릉1동,서울특별시 노원구 공릉1동
노원구,공릉동,대명아파트,공릉2동,성북구,장위3동,서울특별시 성북구 장위3동
노원구,공릉동,대아2차아파트,공릉2동,노원구,공릉1동,서울특별시 노원구 공릉1동
노원구,공릉동,대아아파트1차,공릉2동,노원구,공릉1동,서울특별시 노원구 공릉1동
노원구,공릉동,대주파크빌아파트,공릉2동,노원구,공릉1동,서울특별시 노원구 공릉1동
노원구,공릉동,동부아파트,공릉2동,노원구,공릉2동,서울특별시 노원구 공릉2동
노원구,공릉동,동신아파트,공릉2동,노원구,공릉2동,서울특별시 노원구 공릉2동
노원구,공릉동,동아하이빌아파트101동,공릉2동,노원구,공릉1동,서울특별시 노원구 공릉1동
노원구,공릉동,동아하이빌아파트102동,공릉2동,노원구,공릉1동,서울특별시 노원구 공릉1동
노원구,공릉동,두산힐스빌아파트,공릉2동,노원구,공릉2동,서울특별시 노원구 공릉2동
노원구,공릉동,라메즈아파트,공릉2동,노원구,공릉1동,서울특별시 노원구 공릉1동
노원구,공릉동,미라쉘,공릉2동,노원구,공릉1동,서울특별시 노원구 공릉1동
노원구,공릉동,백영아파트,공릉2동,노원구,공릉1동,서울특별시 노원구 공릉1동
노원구,공릉동,보람노블레스아파트,공릉2동,노원구,공릉1동,서울특별시 노원구 공릉1동
노원구,공릉동,비선아파트,공릉2동,노원구,공릉2동,서울특별시 노원구 공릉2동
노원구,공릉동,비콘아파트,공릉2동,노원구,공릉2동,서울특별시 노원구 공릉2동
노원구,공릉동,삼익2차아파트,공릉2동,노원구,공릉2동,서울특별시 노원구 공릉2동
노원구,공릉동,삼익4단지아파트,공릉2동,노원구,공릉1동,서울특별시 노원구 공릉1동
노원구,공릉동,삼익아파트,공릉2동,노원구,공릉1동,서울특별시 노원구 공릉1동
노원구,공릉동,삼익포레스트아파트,공릉2동,노원구,공릉2동,서울특별시 노원구 공릉2동
노원구,공릉동,새울센스빌아파트,공릉2동,노원구,공릉1동,서울특별시 노원구 공릉1동
노원구,공릉동,서경하누리아파트,공릉2동,노원구,공릉1동,서울특별시 노원구 공릉1동
노원구,공릉동,서로퍼스트빌,공릉2동,노원구,공릉2동,서울특별시 노원구 공릉2동
노원구,공릉동,서일이츠뷰,공릉2동,노원구,공릉1동,서울특별시 노원구 공릉1동
노원구,공릉동,서진프라자아파트,공릉2동,노원구,공릉1동,서울특별시 노원구 공릉1동
노원구,공릉동,세영아파트,공릉2동,노원구,공릉1동,서울특별시 노원구 공릉1동
노원구,공릉동,시영2단지(라이프)아파트,공릉2동,노원구,공릉1동,서울특별시 노원구 공릉1동
노원구,공릉동,시영3차(라이프)아파트,공릉2동,노원구,중계2·3동,서울특별시 노원구 중계2·3동
노원구,공릉동,신대림아파트,공릉2동,노원구,공릉1동,서울특별시 노원구 공릉1동
노원구,공릉동,신도1차아파트,공릉2동,노원구,공릉1동,서울특별시 노원구 공릉1동
노원구,공릉동,신명아파트,공릉2동,노원구,공릉1동,서울특별시 노원구 공릉1동
노원구,공릉동,신성미소지움아파트,공릉2동,노원구,공릉2동,서울특별시 노원구 공릉2동
노원구,공릉동,신원아파트,공릉2동,노원구,공릉1동,서울특별시 노원구 공릉1동
노원구,공릉동,신한양아파트,공릉2동,노원구,공릉1동,서울특별시 노원구 공릉1동
노원구,공릉동,씨엠아파트,공릉2동,노원구,공릉1동,서울특별시 노원구 공릉1동
노원구,공릉동,엘림타운,공릉2동,노원구,공릉1동,서울특별시 노원구 공릉1동
노원구,공릉동,우국리더스빌,공릉2동,노원구,공릉1동,서울특별시 노원구 공릉1동
노원구,공릉동,우방아파트,공릉2동,노원구,공릉2동,서울특별시 노원구 공릉2동
노원구,공릉동,우성2차아파트101동,공릉2동,노원구,공릉1동,서울특별시 노원구 공릉1동
노원구,공릉동,우성2차아파트102동,공릉2동,노원구,공릉1동,서울특별시 노원구 공릉1동
노원구,공릉동,임성아파트,공릉2동,노원구,공릉1동,서울특별시 노원구 공릉1동
노원구,공릉동,주완위즈빌,공릉2동,노원구,공릉2동,서울특별시 노원구 공릉2동
노원구,공릉동,주완위즈빌2,공릉2동,노원구,공릉1동,서울특별시 노원구 공릉1동
노원구,공릉동,진명비베레,공릉2동,노원구,공릉1동,서울특별시 노원구 공릉1동
노원구,공릉동,진주브라운,공릉2동,노원구,공릉1동,서울특별시 노원구 공릉1동
노원구,공릉동,참다움아파트,공릉2동,노원구,공릉1동,서울특별시 노원구 공릉1동
노원구,공릉동,청구빌아파트,공릉2동,노원구,공릉1동,서울특별시 노원구 공릉1동
노원구,공릉동,청솔브레싱B동,공릉2동,노원구,공릉1동,서울특별시 노원구 공릉1동
노원구,공릉동,청솔브레씽A동,공릉2동,노원구,공릉1동,서울특별시 노원구 공릉1동
노원구,공릉동,청솔아파트8,공릉2동,노원구,공릉2동,서울특별시 노원구 공릉2동
노원구,공릉동,청솔아파트9,공릉2동,노원구,공릉2동,서울특별시 노원구 공릉2동
노원구,공릉동,청수대아파트,공릉2동,노원구,공릉2동,서울특별시 노원구 공릉2동
노원구,공릉동,청우씨티아파트,공릉2동,노원구,공릉1동,서울특별시 노원구 공릉1동
노원구,공릉동,탑스빌아파트,공릉2동,노원구,공릉1동,서울특별시 노원구 공릉1동
노원구,공릉동,탑스빌아파트(101동),공릉2동,노원구,공릉1동,서울특별시 노원구 공릉1동
노원구,공릉동,탑스빌아파트(102동),공릉2동,노원구,공릉1동,서울특별시 노원구 공릉1동
노원구,공릉동,태강아파트(아이파크),공릉2동,노원구,공릉2동,서울특별시 노원구 공릉2동
노원구,공릉동,태릉우성아파트,공릉2동,노원구,공릉2동,서울특별시 노원구 공릉2동
노원구,공릉동,태릉입구역이니티움,공릉2동,노원구,공릉1동,서울특별시 노원구 공릉1동
노원구,공릉동,태릉해링턴플레이스,공릉2동,노원구,공릉2동,서울특별시 노원구 공릉2동
노원구,공릉동,태승훼미리아파트,공릉2동,노원구,공릉2동,서울특별시 노원구 공릉2동
노원구,공릉동,테라파크뷰,공릉2동,노원구,공릉1동,서울특별시 노원구 공릉1동
노원구,공릉동,풍림아파트A,공릉2동,노원구,공릉1동,서울특별시 노원구 공릉1동
노원구,공릉동,풍림아파트B,공릉2동,노원구,공릉1동,서울특별시 노원구 공릉1동
노원구,공릉동,플라체76,공릉2동,노원구,공릉1동,서울특별시 노원구 공릉1동
노원구,공릉동,하나플러스,공릉2동,노원구,공릉1동,서울특별시 노원구 공릉1동
노원구,공릉동,하늘공원(101동),공릉2동,노원구,공릉2동,서울특별시 노원구 공릉2동
노원구,공릉동,하늘공원아파트(102동),공릉2동,노원구,공릉2동,서울특별시 노원구 공릉2동
노원구,공릉동,하늘공원아파트(103동),공릉2동,노원구,공릉2동,서울특별시 노원구 공릉2동
노원구,공릉동,한일휴니스빌,공릉2동,노원구,공릉1동,서울특별시 노원구 공릉1동
노원구,공릉동,한진아파트,공릉2동,노원구,공릉2동,서울특별시 노원구 공릉2동
노원구,공릉동,현대(고려)아파트,공릉2동,노원구,공릉1동,서울특별시 노원구 공릉1동
노원구,공릉동,현대성우아파트,공릉2동,노원구,공릉2동,서울특별시 노원구 공릉2동
노원구,공릉동,화랑대디오베이션,공릉2동,노원구,공릉2동,서울특별시 노원구 공릉2동
노원구,공릉동,화랑타운아파트,공릉2동,노원구,공릉2동,서울특별시 노원구 공릉2동
노원구,공릉동,화랑해링턴플레이스아파트,공릉2동,노원구,공릉2동,서울특별시 노원구 공릉2동
노원구,공릉동,효성아파트,공릉2동,노원구,공릉2동,서울특별시 노원구 공릉2동
노원구,상계동,D.S아파트,상계1동,노원구,상계1동,서울특별시 노원구 상계1동
노원구,상계동,건영,상계1동,노원구,상계3·4동,서울특별시 노원구 상계3·4동
노원구,상계동,극동늘푸른,상계1동,노원구,상계1동,서울특별시 노원구 상계1동
노원구,상계동,금호타운,상계1동,노원구,상계5동,서울특별시 노원구 상계5동
노원구,상계동,노원IPARK,상계1동,노원구,상계5동,서울특별시 노원구 상계5동
노원구,상계동,노원롯데캐슬시그니처,상계1동,노원구,상계3·4동,서울특별시 노원구 상계3·4동
노원구,상계동,노원센트럴푸르지오,상계1동,노원구,상계3·4동,서울특별시 노원구 상계3·4동
노원구,상계동,노원우성,상계1동,노원구,상계2동,서울특별시 노원구 상계2동
노원구,상계동,노원현대,상계1동,노원구,상계2동,서울특별시 노원구 상계2동
노원구,상계동,대동황토방,상계1동,노원구,상계2동,서울특별시 노원구 상계2동
노원구,상계동,대동황토빌라트,상계1동,노원구,상계10동,서울특별시 노원구 상계10동
노원구,상계동,대림,상계1동,노원구,상계10동,서울특별시 노원구 상계10동
노원구,상계동,대망드림힐1,상계1동,노원구,상계10동,서울특별시 노원구 상계10동
노원구,상계동,대창센시티,상계1동,노원구,상계1동,서울특별시 노원구 상계1동
노원구,상계동,동아불암,상계1동,노원구,상계3·4동,서울특별시 노원구 상계3·4동
노원구,상계동,동양엔파트,상계1동,노원구,상계2동,서울특별시 노원구 상계2동
노원구,상계동,동일씨티빌,상계1동,노원구,상계1동,서울특별시 노원구 상계1동
노원구,상계동,두산,상계1동,노원구,상계1동,서울특별시 노원구 상계1동
노원구,상계동,문수해오름,상계1동,노원구,상계2동,서울특별시 노원구 상계2동
노원구,상계동,미도,상계1동,노원구,상계6·7동,서울특별시 노원구 상계6·7동
노원구,상계동,미라보(성림),상계1동,노원구,상계3·4동,서울특별시 노원구 상계3·4동
노원구,상계동,벽산,상계1동,노원구,상계5동,서울특별시 노원구 상계5동
노원구,상계동,보람2단지,상계1동,노원구,상계9동,서울특별시 노원구 상계9동
노원구,상계동,보람그린102동,상계1동,노원구,상계1동,서울특별시 노원구 상계1동
노원구,상계동,보람아파트,상계1동,노원구,상계9동,서울특별시 노원구 상계9동
노원구,상계동,보미,상계1동,노원구,상계6·7동,서울특별시 노원구 상계6·7동
노원구,상계동,북부현대,상계1동,노원구,상계1동,서울특별시 노원구 상계1동
노원구,상계동,불암신기101동,상계1동,노원구,상계3·4동,서울특별시 노원구 상계3·4동
노원구,상계동,불암현대,상계1동,노원구,상계3·4동,서울특별시 노원구 상계3·4동
노원구,상계동,비콘드림힐2,상계1동,노원구,상계10동,서울특별시 노원구 상계10동
노원구,상계동,비콘드림힐3,상계1동,노원구,상계10동,서울특별시 노원구 상계10동
노원구,상계동,삼성,상계1동,노원구,상계1동,서울특별시 노원구 상계1동
노원구,상계동,상계1차중앙하이츠,상계1동,노원구,상계2동,서울특별시 노원구 상계2동
노원구,상계동,상계1차현대아파트,상계1동,노원구,상계1동,서울특별시 노원구 상계1동
노원구,상계동,상계2차중앙하이츠,상계1동,노원구,상계2동,서울특별시 노원구 상계2동
노원구,상계동,상계대림,상계1동,노원구,상계3·4동,서울특별시 노원구 상계3·4동
노원구,상계동,상계대림e편한세상,상계1동,노원구,상계1동,서울특별시 노원구 상계1동
노원구,상계동,상계불암대림,상계1동,노원구,상계3·4동,서울특별시 노원구 상계3·4동
노원구,상계동,상계신동아,상계1동,노원구,상계5동,서울특별시 노원구 상계5동
노원구,상계동,상계우방유쉘,상계1동,노원구,상계10동,서울특별시 노원구 상계10동
노원구,상계동,상계주공1(고층),상계1동,노원구,상계6·7동,서울특별시 노원구 상계6·7동
노원구,상계동,상계주공1(저층),상계1동,노원구,상계6·7동,서울특별시 노원구 상계6·7동
노원구,상계동,상계주공10(고층),상계1동,노원구,상계8동,서울특별시 노원구 상계8동
노원구,상계동,상계주공10(저층),상계1동,노원구,상계8동,서울특별시 노원구 상계8동
노원구,상계동,상계주공11(고층),상계1동,노원구,상계8동,서울특별시 노원구 상계8동
노원구,상계동,상계주공12(고층),상계1동,노원구,상계9동,서울특별시 노원구 상계9동
노원구,상계동,상계주공13(고층),상계1동,노원구,상계9동,서울특별시 노원구 상계9동
노원구,상계동,상계주공14(고층),상계1동,노원구,상계9동,서울특별시 노원구 상계9동
노원구,상계동,상계주공14(저층),상계1동,노원구,상계9동,서울특별시 노원구 상계9동
노원구,상계동,상계주공16(고층),상계1동,노원구,상계8동,서울특별시 노원구 상계8동
노원구,상계동,상계주공2(고층),상계1동,노원구,상계6·7동,서울특별시 노원구 상계6·7동
노원구,상계동,상계주공2(저층),상계1동,노원구,상계6·7동,서울특별시 노원구 상계6·7동
노원구,상계동,상계주공3(고층),상계1동,노원구,상계6·7동,서울특별시 노원구 상계6·7동
노원구,상계동,상계주공3(저층),상계1동,노원구,상계6·7동,서울특별시 노원구 상계6·7동
노원구,상계동,상계주공4(고층),상계1동,노원구,상계6·7동,서울특별시 노원구 상계6·7동
노원구,상계동,상계주공5(저층),상계1동,노원구,상계6·7동,서울특별시 노원구 상계6·7동
노원구,상계동,상계주공6(고층),상계1동,노원구,상계6·7동,서울특별시 노원구 상계6·7동
노원구,상계동,상계주공7(고층),상계1동,노원구,상계10동,서울특별시 노원구 상계10동
노원구,상계동,상계주공9(고층),상계1동,노원구,상계10동,서울특별시 노원구 상계10동
노원구,상계동,상계현대3차,상계1동,노원구,상계1동,서울특별시 노원구 상계1동
노원구,상계동,상록수1단지,상계1동,노원구,상계1동,서울특별시 노원구 상계1동
노원구,상계동,상록수2단지,상계1동,노원구,상계1동,서울특별시 노원구 상계1동
노원구,상계동,성원상떼빌,상계1동,노원구,상계10동,서울특별시 노원구 상계10동
노원구,상계동,센트럴,상계1동,노원구,상계3·4동,서울특별시 노원구 상계3·4동
노원구,상계동,센트럴타워,상계1동,노원구,상계10동,서울특별시 노원구 상계10동
노원구,상계동,소담빌,상계1동,노원구,상계2동,서울특별시 노원구 상계2동
노원구,상계동,송이월드A동,상계1동,노원구,상계1동,서울특별시 노원구 상계1동
노원구,상계동,송이월드B동,상계1동,노원구,상계1동,서울특별시 노원구 상계1동
노원구,상계동,수락리버시티3단지,상계1동,노원구,상계1동,서울특별시 노원구 상계1동
노원구,상계동,수락리버시티4단지,상계1동,노원구,상계1동,서울특별시 노원구 상계1동
노원구,상계동,수락산늘푸른,상계1동,노원구,상계1동,서울특별시 노원구 상계1동
노원구,상계동,수락산벨리체,상계1동,노원구,상계1동,서울특별시 노원구 상계1동
노원구,상계동,수락파크,상계1동,노원구,상계1동,서울특별시 노원구 상계1동
노원구,상계동,수락파크빌,상계1동,노원구,상계1동,서울특별시 노원구 상계1동
노원구,상계동,수락한신,상계1동,노원구,상계1동,서울특별시 노원구 상계1동
노원구,상계동,수락현대,상계1동,노원구,상계1동,서울특별시 노원구 상계1동
노원구,상계동,신이모닝빌,상계1동,노원구,상계2동,서울특별시 노원구 상계2동
노원구,상계동,양우,상계1동,노원구,상계2동,서울특별시 노원구 상계2동
노원구,상계동,우림루미아트1,상계1동,노원구,상계1동,서울특별시 노원구 상계1동
노원구,상계동,우림루미아트201동,상계1동,노원구,상계1동,서울특별시 노원구 상계1동
노원구,상계동,은빛1단지,상계1동,노원구,상계1동,서울특별시 노원구 상계1동
노원구,상계동,은빛2단지,상계1동,노원구,상계1동,서울특별시 노원구 상계1동
노원구,상계동,임광,상계1동,노원구,상계10동,서울특별시 노원구 상계10동
노원구,상계동,중계센트럴파크,상계1동,노원구,상계6·7동,서울특별시 노원구 상계6·7동
노원구,상계동,중앙하이츠(5지역),상계1동,노원구,상계2동,서울특별시 노원구 상계2동
노원구,상계동,청솔,상계1동,노원구,상계2동,서울특별시 노원구 상계2동
노원구,상계동,청암1단지,상계1동,노원구,상계3·4동,서울특별시 노원구 상계3·4동
노원구,상계동,청암2단지,상계1동,노원구,상계3·4동,서울특별시 노원구 상계3·4동
노원구,상계동,충효파크타운,상계1동,노원구,상계2동,서울특별시 노원구 상계2동
노원구,상계동,코오롱,상계1동,노원구,상계2동,서울특별시 노원구 상계2동
노원구,상계동,코지한주,상계1동,노원구,상계3·4동,서울특별시 노원구 상계3·4동
노원구,상계동,포레나노원,상계1동,노원구,상계10동,서울특별시 노원구 상계10동
노원구,상계동,한신1차,상계1동,노원구,상계5동,서울특별시 노원구 상계5동
노원구,상계동,한신2차,상계1동,노원구,상계5동,서울특별시 노원구 상계5동
노원구,상계동,한신3차,상계1동,노원구,상계5동,서울특별시 노원구 상계5동
노원구,상계동,한신4차,상계1동,노원구,상계10동,서울특별시 노원구 상계10동
노원구,상계동,한양,상계1동,노원구,상계6·7동,서울특별시 노원구 상계6·7동
노원구,상계동,한일유앤아이,상계1동,노원구,상계2동,서울특별시 노원구 상계2동
노원구,상계동,한창늘푸른,상계1동,노원구,상계1동,서울특별시 노원구 상계1동
노원구,상계동,현대2차,상계1동,노원구,상계1동,서울특별시 노원구 상계1동
노원구,상계동,현대4차,상계1동,노원구,상계1동,서울특별시 노원구 상계1동
노원구,상계동,현대하이츠,상계1동,노원구,상계3·4동,서울특별시 노원구 상계3·4동
노원구,상계동,희락,상계1동,노원구,상계1동,서울특별시 노원구 상계1동
노원구,월계동,건양노블레스빌,월계1동,노원구,월계1동,서울특별시 노원구 월계1동
노원구,월계동,광운대역현대프라힐스,월계1동,노원구,월계1동,서울특별시 노원구 월계1동
노원구,월계동,극동,월계1동,노원구,월계2동,서울특별시 노원구 월계2동
노원구,월계동,꿈의숲SKVIEW,월계1동,노원구,월계1동,서울특별시 노원구 월계1동
노원구,월계동,녹천역두산위브아파트,월계1동,노원구,월계2동,서울특별시 노원구 월계2동
노원구,월계동,대동,월계1동,노원구,월계1동,서울특별시 노원구 월계1동
노원구,월계동,대우,월계1동,노원구,월계2동,서울특별시 노원구 월계2동
노원구,월계동,동신,월계1동,노원구,월계1동,서울특별시 노원구 월계1동
노원구,월계동,동원베네스트,월계1동,노원구,월계2동,서울특별시 노원구 월계2동
노원구,월계동,롯데캐슬루나,월계1동,노원구,월계2동,서울특별시 노원구 월계2동
노원구,월계동,미륭,월계1동,노원구,월계3동,서울특별시 노원구 월계3동
노원구,월계동,미성,월계1동,노원구,월계3동,서울특별시 노원구 월계3동
노원구,월계동,사슴3,월계1동,노원구,월계3동,서울특별시 노원구 월계3동
노원구,월계동,삼능스페이스향,월계1동,노원구,월계1동,서울특별시 노원구 월계1동
노원구,월계동,삼창,월계1동,노원구,월계1동,서울특별시 노원구 월계1동
노원구,월계동,삼호3,월계1동,노원구,월계3동,서울특별시 노원구 월계3동
노원구,월계동,삼호4,월계1동,노원구,월계3동,서울특별시 노원구 월계3동
노원구,월계동,서광,월계1동,노원구,월계3동,서울특별시 노원구 월계3동
노원구,월계동,성북맨션,월계1동,노원구,월계1동,서울특별시 노원구 월계1동
노원구,월계동,성북역신도브래뉴,월계1동,노원구,월계1동,서울특별시 노원구 월계1동
노원구,월계동,성원(사슴4),월계1동,노원구,월계3동,서울특별시 노원구 월계3동
노원구,월계동,세양청마루,월계1동,노원구,월계1동,서울특별시 노원구 월계1동
노원구,월계동,송암,월계1동,노원구,월계1동,서울특별시 노원구 월계1동
노원구,월계동,우남(저층),월계1동,노원구,월계3동,서울특별시 노원구 월계3동
노원구,월계동,우남그랜드,월계1동,노원구,월계3동,서울특별시 노원구 월계3동
노원구,월계동,우남푸르미아,월계1동,노원구,월계2동,서울특별시 노원구 월계2동
노원구,월계동,월계로즈빌(387),월계1동,노원구,월계1동,서울특별시 노원구 월계1동
노원구,월계동,월계센트럴아이파크,월계1동,노원구,월계2동,서울특별시 노원구 월계2동
노원구,월계동,월계역신도브래뉴,월계1동,노원구,월계1동,서울특별시 노원구 월계1동
노원구,월계동,월계흥화브라운빌,월계1동,노원구,월계2동,서울특별시 노원구 월계2동
노원구,월계동,유원,월계1동,노원구,월계2동,서울특별시 노원구 월계2동
노원구,월계동,장은하이빌,월계1동,노원구,월계1동,서울특별시 노원구 월계1동
노원구,월계동,주공2,월계1동,노원구,월계2동,서울특별시 노원구 월계2동
노원구,월계동,청백3,월계1동,노원구,월계2동,서울특별시 노원구 월계2동
노원구,월계동,청백4,월계1동,노원구,월계2동,서울특별시 노원구 월계2동
노원구,월계동,초안1,월계1동,노원구,월계2동,서울특별시 노원구 월계2동
노원구,월계동,초안2,월계1동,노원구,월계2동,서울특별시 노원구 월계2동
노원구,월계동,초안산쌍용스윗닷홈,월계1동,노원구,월계2동,서울특별시 노원구 월계2동
노원구,월계동,풍림아이원,월계1동,노원구,월계3동,서울특별시 노원구 월계3동
노원구,월계동,한일1,월계1동,노원구,월계1동,서울특별시 노원구 월계1동
노원구,월계동,한일2,월계1동,노원구,월계1동,서울특별시 노원구 월계1동
노원구,월계동,한진한화그랑빌,월계1동,노원구,월계3동,서울특별시 노원구 월계3동
노원구,월계동,현대,월계1동,노원구,월계1동,서울특별시 노원구 월계1동
노원구,월계동,현대(289-5),월계1동,노원구,월계1동,서울특별시 노원구 월계1동
노원구,중계동,LIG건영,중계본동,노원구,공릉1동,서울특별시 노원구 공릉1동
노원구,중계동,건영2,중계본동,노원구,하계2동,서울특별시 노원구 하계2동
노원구,중계동,건영3,중계본동,노원구,중계1동,서울특별시 노원구 중계1동
노원구,중계동,경남,중계본동,노원구,중계2·3동,서울특별시 노원구 중계2·3동
노원구,중계동,경남아너스빌,중계본동,노원구,중계4동,서울특별시 노원구 중계4동
노원구,중계동,극동의푸른별1차,중계본동,노원구,중계본동,서울특별시 노원구 중계본동
노원구,중계동,금호타운(583),중계본동,노원구,중계본동,서울특별시 노원구 중계본동
노원구,중계동,대림벽산(363),중계본동,노원구,중계본동,서울특별시 노원구 중계본동
노원구,중계동,대호,중계본동,노원구,중계4동,서울특별시 노원구 중계4동
노원구,중계동,동도센트리움(601),중계본동,노원구,중계4동,서울특별시 노원구 중계4동
노원구,중계동,동진,중계본동,노원구,중계본동,서울특별시 노원구 중계본동
노원구,중계동,동진신안,중계본동,노원구,중계본동,서울특별시 노원구 중계본동
노원구,중계동,라이프,중계본동,노원구,중계본동,서울특별시 노원구 중계본동
노원구,중계동,롯데(505),중계본동,노원구,중계1동,서울특별시 노원구 중계1동
노원구,중계동,롯데우성,중계본동,노원구,중계1동,서울특별시 노원구 중계1동
노원구,중계동,부강쉘브르,중계본동,노원구,중계본동,서울특별시 노원구 중계본동
노원구,중계동,비콘드림힐(602),중계본동,노원구,중계4동,서울특별시 노원구 중계4동
노원구,중계동,삼성,중계본동,노원구,중계본동,서울특별시 노원구 중계본동
노원구,중계동,삼창타워주상프라자,중계본동,노원구,중계4동,서울특별시 노원구 중계4동
노원구,중계동,상아,중계본동,노원구,중계2·3동,서울특별시 노원구 중계2·3동
노원구,중계동,성원1,중계본동,노원구,중계1동,서울특별시 노원구 중계1동
노원구,중계동,성원2,중계본동,노원구,중계1동,서울특별시 노원구 중계1동
노원구,중계동,신동아(366),중계본동,노원구,중계본동,서울특별시 노원구 중계본동
노원구,중계동,신안,중계본동,노원구,중계본동,서울특별시 노원구 중계본동
노원구,중계동,신일,중계본동,노원구,중계4동,서울특별시 노원구 중계4동
노원구,중계동,양지마을(대림)1,중계본동,노원구,중계1동,서울특별시 노원구 중계1동
노원구,중계동,양지마을(대림)2,중계본동,노원구,중계1동,서울특별시 노원구 중계1동
노원구,중계동,염광,중계본동,노원구,중계4동,서울특별시 노원구 중계4동
노원구,중계동,이연아마빌레,중계본동,노원구,중계본동,서울특별시 노원구 중계본동
노원구,중계동,정진아트리움,중계본동,노원구,중계4동,서울특별시 노원구 중계4동
노원구,중계동,주공10,중계본동,노원구,중계1동,서울특별시 노원구 중계1동
노원구,중계동,주공2,중계본동,노원구,중계4동,서울특별시 노원구 중계4동
노원구,중계동,주공4,중계본동,노원구,중계4동,서울특별시 노원구 중계4동
노원구,중계동,주공5,중계본동,노원구,중계1동,서울특별시 노원구 중계1동
노원구,중계동,주공6,중계본동,노원구,중계본동,서울특별시 노원구 중계본동
노원구,중계동,주공7,중계본동,노원구,중계본동,서울특별시 노원구 중계본동
노원구,중계동,주공8,중계본동,노원구,중계1동,서울특별시 노원구 중계1동
노원구,중계동,중계3벽산,중계본동,노원구,하계2동,서울특별시 노원구 하계2동
노원구,중계동,중계3우성,중계본동,노원구,중계1동,서울특별시 노원구 중계1동
노원구,중계동,중계그린1단지,중계본동,노원구,중계2·3동,서울특별시 노원구 중계2·3동
노원구,중계동,중계무지개,중계본동,노원구,중계2·3동,서울특별시 노원구 중계2·3동
노원구,중계동,중계스타클래스,중계본동,노원구,중계1동,서울특별시 노원구 중계1동
노원구,중계동,중계현대2,중계본동,노원구,중계본동,서울특별시 노원구 중계본동
노원구,중계동,중앙하이츠,중계본동,노원구,중계4동,서울특별시 노원구 중계4동
노원구,중계동,중앙하이츠아쿠아,중계본동,노원구,중계2·3동,서울특별시 노원구 중계2·3동
노원구,중계동,진로유통조합대림,중계본동,노원구,중계본동,서울특별시 노원구 중계본동
노원구,중계동,청구(366),중계본동,노원구,중계1동,서울특별시 노원구 중계1동
노원구,중계동,청구3,중계본동,노원구,중계1동,서울특별시 노원구 중계1동
노원구,중계동,청암3단지(582),중계본동,노원구,중계4동,서울특별시 노원구 중계4동
노원구,중계동,코지아뜨리에101,중계본동,노원구,중계1동,서울특별시 노원구 중계1동
노원구,중계동,한신월드,중계본동,노원구,중계본동,서울특별시 노원구 중계본동
노원구,중계동,한화꿈에그린,중계본동,노원구,중계본동,서울특별시 노원구 중계본동
노원구,중계동,한화꿈에그린TheFIRST,중계본동,노원구,중계4동,서울특별시 노원구 중계4동
노원구,중계동,현대(3차),중계본동,노원구,중계4동,서울특별시 노원구 중계4동
노원구,중계동,현대(6차),중계본동,노원구,중계4동,서울특별시 노원구 중계4동
노원구,중계동,현대1(4차),중계본동,노원구,중계본동,서울특별시 노원구 중계본동
노원구,중계동,현대2(4차),중계본동,노원구,중계본동,서울특별시 노원구 중계본동
노원구,중계동,현대그린,중계본동,노원구,중계본동,서울특별시 노원구 중계본동
노원구,중계동,화인상가,중계본동,노원구,중계본동,서울특별시 노원구 중계본동
노원구,하계동,건영,하계1동,노원구,하계2동,서울특별시 노원구 하계2동
노원구,하계동,극동,하계1동,노원구,하계2동,서울특별시 노원구 하계2동
노원구,하계동,미성,하계1동,노원구,하계1동,서울특별시 노원구 하계1동
노원구,하계동,벽산,하계1동,노원구,하계2동,서울특별시 노원구 하계2동
노원구,하계동,삼익선경,하계1동,노원구,하계1동,서울특별시 노원구 하계1동
노원구,하계동,아주,하계1동,노원구,하계1동,서울특별시 노원구 하계1동
노원구,하계동,우방,하계1동,노원구,하계1동,서울특별시 노원구 하계1동
노원구,하계동,우성,하계1동,노원구,하계2동,서울특별시 노원구 하계2동
노원구,하계동,장미(시영6),하계1동,노원구,하계2동,서울특별시 노원구 하계2동
노원구,하계동,청구,하계1동,노원구,하계2동,서울특별시 노원구 하계2동
노원구,하계동,청구3,하계1동,노원구,중계1동,서울특별시 노원구 중계1동
노원구,하계동,청솔(시영7),하계1동,노원구,하계1동,서울특별시 노원구 하계1동
노원구,하계동,하계1청구,하계1동,노원구,하계1동,서울특별시 노원구 하계1동
노원구,하계동,하계2현대,하계1동,노원구,하계1동,서울특별시 노원구 하계1동
노원구,하계동,학여울청구,하계1동,노원구,하계2동,서울특별시 노원구 하계2동
노원구,하계동,한신1,하계1동,노원구,하계1동,서울특별시 노원구 하계1동
노원구,하계동,한신2,하계1동,노원구,하계1동,서울특별시 노원구 하계1동
노원구,하계동,한신동성,하계1동,노원구,하계1동,서울특별시 노원구 하계1동
노원구,하계동,현대,하계1동,노원구,하계2동,서울특별시 노원구 하계2동
도봉구,도봉동,극동,도봉1동,도봉구,도봉2동,서울특별시 도봉구 도봉2동
도봉구,도봉동,도봉산리베니움,도봉1동,도봉구,도봉1동,서울특별시 도봉구 도봉1동
도봉구,도봉동,도봉파크빌2,도봉1동,도봉구,도봉2동,서울특별시 도봉구 도봉2동
도봉구,도봉동,도봉파크빌3,도봉1동,도봉구,도봉2동,서울특별시 도봉구 도봉2동
도봉구,도봉동,동아에코빌,도봉1동,도봉구,도봉2동,서울특별시 도봉구 도봉2동
도봉구,도봉동,래미안도봉,도봉1동,도봉구,도봉2동,서울특별시 도봉구 도봉2동
도봉구,도봉동,럭키,도봉1동,도봉구,도봉1동,서울특별시 도봉구 도봉1동
도봉구,도봉동,삼안리치,도봉1동,도봉구,도봉1동,서울특별시 도봉구 도봉1동
도봉구,도봉동,삼환도봉,도봉1동,도봉구,도봉2동,서울특별시 도봉구 도봉2동
도봉구,도봉동,서광,도봉1동,도봉구,도봉2동,서울특별시 도봉구 도봉2동
도봉구,도봉동,서울가든,도봉1동,도봉구,도봉1동,서울특별시 도봉구 도봉1동
도봉구,도봉동,서원,도봉1동,도봉구,도봉1동,서울특별시 도봉구 도봉1동
도봉구,도봉동,신도봉,도봉1동,도봉구,도봉1동,서울특별시 도봉구 도봉1동
도봉구,도봉동,양우내안애,도봉1동,도봉구,도봉2동,서울특별시 도봉구 도봉2동
도봉구,도봉동,우영,도봉1동,도봉구,도봉1동,서울특별시 도봉구 도봉1동
도봉구,도봉동,유원도봉,도봉1동,도봉구,도봉2동,서울특별시 도봉구 도봉2동
도봉구,도봉동,중흥에스-클래스,도봉1동,도봉구,도봉1동,서울특별시 도봉구 도봉1동
도봉구,도봉동,한신,도봉1동,도봉구,도봉2동,서울특별시 도봉구 도봉2동
도봉구,도봉동,한양수자인,도봉1동,도봉구,도봉2동,서울특별시 도봉구 도봉2동
도봉구,도봉동,현대성우,도봉1동,도봉구,도봉2동,서울특별시 도봉구 도봉2동
도봉구,방학동,거성학마을아파트,방학1동,도봉구,방학1동,서울특별시 도봉구 방학1동
도봉구,방학동,극동아파트,방학1동,도봉구,방학3동,서울특별시 도봉구 방학3동
도봉구,방학동,금광포란재아파트,방학1동,도봉구,방학1동,서울특별시 도봉구 방학1동
도봉구,방학동,대상타운현대아파트,방학1동,도봉구,방학1동,서울특별시 도봉구 방학1동
도봉구,방학동,대원그린아파트,방학1동,도봉구,방학3동,서울특별시 도봉구 방학3동
도봉구,방학동,동부센트레빌아파트,방학1동,도봉구,방학1동,서울특별시 도봉구 방학1동
도봉구,방학동,동양크레오아파트,방학1동,도봉구,방학3동,서울특별시 도봉구 방학3동
도봉구,방학동,동일아파트,방학1동,도봉구,방학2동,서울특별시 도봉구 방학2동
도봉구,방학동,방학동삼성래미안1,방학1동,도봉구,방학1동,서울특별시 도봉구 방학1동
도봉구,방학동,방학동삼성래미안2,방학1동,도봉구,방학1동,서울특별시 도봉구 방학1동
도봉구,방학동,방학지음재힐스,방학1동,도봉구,방학1동,서울특별시 도봉구 방학1동
도봉구,방학동,벽산아파트1,방학1동,도봉구,방학3동,서울특별시 도봉구 방학3동
도봉구,방학동,벽산아파트2,방학1동,도봉구,방학3동,서울특별시 도봉구 방학3동
도봉구,방학동,부영팰리스,방학1동,도봉구,방학1동,서울특별시 도봉구 방학1동
도봉구,방학동,부흥아파트,방학1동,도봉구,방학2동,서울특별시 도봉구 방학2동
도봉구,방학동,북한산청호아파트,방학1동,도봉구,방학1동,서울특별시 도봉구 방학1동
도봉구,방학동,북한산팰리스아파트,방학1동,도봉구,방학3동,서울특별시 도봉구 방학3동
도봉구,방학동,브라운스톤방학아파트,방학1동,도봉구,방학1동,서울특별시 도봉구 방학1동
도봉구,방학동,삼익세라믹아파트,방학1동,도봉구,방학3동,서울특별시 도봉구 방학3동
도봉구,방학동,선덕빌라트아파트,방학1동,도봉구,방학3동,서울특별시 도봉구 방학3동
도봉구,방학동,성원105동,방학1동,도봉구,방학3동,서울특별시 도봉구 방학3동
도봉구,방학동,성원아파트,방학1동,도봉구,방학1동,서울특별시 도봉구 방학1동
도봉구,방학동,성진파크뷰아파트,방학1동,도봉구,방학1동,서울특별시 도봉구 방학1동
도봉구,방학동,송학휴스테이,방학1동,도봉구,방학2동,서울특별시 도봉구 방학2동
도봉구,방학동,신동아아파트1,방학1동,도봉구,방학3동,서울특별시 도봉구 방학3동
도봉구,방학동,신동아아파트2,방학1동,도봉구,방학3동,서울특별시 도봉구 방학3동
도봉구,방학동,신동아아파트3,방학1동,도봉구,방학3동,서울특별시 도봉구 방학3동
도봉구,방학동,신동아아파트4,방학1동,도봉구,방학3동,서울특별시 도봉구 방학3동
도봉구,방학동,신동아아파트5,방학1동,도봉구,방학3동,서울특별시 도봉구 방학3동
도봉구,방학동,신동아타워아파트,방학1동,도봉구,방학3동,서울특별시 도봉구 방학3동
도봉구,방학동,신주아파트(A동),방학1동,도봉구,방학1동,서울특별시 도봉구 방학1동
도봉구,방학동,신주아파트B,방학1동,도봉구,방학1동,서울특별시 도봉구 방학1동
도봉구,방학동,우성아파트1,방학1동,도봉구,방학3동,서울특별시 도봉구 방학3동
도봉구,방학동,우성아파트2,방학1동,도봉구,방학3동,서울특별시 도봉구 방학3동
도봉구,방학동,우암쎈스뷰아파트,방학1동,도봉구,방학1동,서울특별시 도봉구 방학1동
도봉구,방학동,이에스에이아파트1,방학1동,도봉구,방학1동,서울특별시 도봉구 방학1동
도봉구,방학동,이에스에이아파트2,방학1동,도봉구,방학3동,서울특별시 도봉구 방학3동
도봉구,방학동,이에스에이아파트3,방학1동,도봉구,방학1동,서울특별시 도봉구 방학1동
도봉구,방학동,청구아파트,방학1동,도봉구,방학3동,서울특별시 도봉구 방학3동
도봉구,방학동,청화아파트,방학1동,도봉구,방학3동,서울특별시 도봉구 방학3동
도봉구,방학동,태솔에버빌(712-5),방학1동,도봉구,방학2동,서울특별시 도봉구 방학2동
도봉구,방학동,태솔에버빌아파트,방학1동,도봉구,방학1동,서울특별시 도봉구 방학1동
도봉구,방학동,태양아파트(612-2),방학1동,도봉구,방학2동,서울특별시 도봉구 방학2동
도봉구,방학동,태양아파트(612-34),방학1동,도봉구,방학2동,서울특별시 도봉구 방학2동
도봉구,방학동,퍼스티안,방학1동,도봉구,방학1동,서울특별시 도봉구 방학1동
도봉구,방학동,한원힐트리움아레나,방학1동,도봉구,방학1동,서울특별시 도봉구 방학1동
도봉구,방학동,한화성원아파트,방학1동,도봉구,방학3동,서울특별시 도봉구 방학3동
도봉구,방학동,효성하이타운아파트,방학1동,도봉구,방학3동,서울특별시 도봉구 방학3동
도봉구,쌍문동,e편한세상,쌍문1동,도봉구,쌍문1동,서울특별시 도봉구 쌍문1동
도봉구,쌍문동,경남,쌍문1동,도봉구,쌍문2동,서울특별시 도봉구 쌍문2동
도봉구,쌍문동,그린스테이트,쌍문1동,도봉구,쌍문4동,서울특별시 도봉구 쌍문4동
도봉구,쌍문동,그린힐스아파트,쌍문1동,도봉구,쌍문2동,서울특별시 도봉구 쌍문2동
도봉구,쌍문동,극동아파트,쌍문1동,도봉구,쌍문1동,서울특별시 도봉구 쌍문1동
도봉구,쌍문동,금강,쌍문1동,도봉구,쌍문2동,서울특별시 도봉구 쌍문2동
도봉구,쌍문동,금호1,쌍문1동,도봉구,쌍문4동,서울특별시 도봉구 쌍문4동
도봉구,쌍문동,금호2,쌍문1동,도봉구,쌍문4동,서울특별시 도봉구 쌍문4동
도봉구,쌍문동,기용,쌍문1동,도봉구,쌍문2동,서울특별시 도봉구 쌍문2동
도봉구,쌍문동,대우파크빌,쌍문1동,도봉구,쌍문4동,서울특별시 도봉구 쌍문4동
도봉구,쌍문동,대우파크힐(쌍문동이안),쌍문1동,도봉구,쌍문4동,서울특별시 도봉구 쌍문4동
도봉구,쌍문동,대웅,쌍문1동,도봉구,쌍문2동,서울특별시 도봉구 쌍문2동
도봉구,쌍문동,도봉금강아미움파크타운,쌍문1동,도봉구,쌍문2동,서울특별시 도봉구 쌍문2동
도봉구,쌍문동,동순미,쌍문1동,도봉구,쌍문4동,서울특별시 도봉구 쌍문4동
도봉구,쌍문동,동익미라벨,쌍문1동,도봉구,쌍문1동,서울특별시 도봉구 쌍문1동
도봉구,쌍문동,동일씨티빌,쌍문1동,도봉구,쌍문1동,서울특별시 도봉구 쌍문1동
도봉구,쌍문동,로얄,쌍문1동,도봉구,쌍문1동,서울특별시 도봉구 쌍문1동
도봉구,쌍문동,미라보,쌍문1동,도봉구,쌍문4동,서울특별시 도봉구 쌍문4동
도봉구,쌍문동,백조,쌍문1동,도봉구,쌍문3동,서울특별시 도봉구 쌍문3동
도봉구,쌍문동,벽산송화프라자,쌍문1동,도봉구,쌍문2동,서울특별시 도봉구 쌍문2동
도봉구,쌍문동,북한산월드메르디앙,쌍문1동,도봉구,쌍문1동,서울특별시 도봉구 쌍문1동
도봉구,쌍문동,북한산코오롱하늘채,쌍문1동,도봉구,쌍문1동,서울특별시 도봉구 쌍문1동
도봉구,쌍문동,브라운스톤쌍문,쌍문1동,도봉구,쌍문3동,서울특별시 도봉구 쌍문3동
도봉구,쌍문동,삼보,쌍문1동,도봉구,쌍문3동,서울특별시 도봉구 쌍문3동
도봉구,쌍문동,삼익세라믹,쌍문1동,도봉구,쌍문2동,서울특별시 도봉구 쌍문2동
도봉구,쌍문동,새울(139-37),쌍문1동,도봉구,쌍문3동,서울특별시 도봉구 쌍문3동
도봉구,쌍문동,선우,쌍문1동,도봉구,쌍문1동,서울특별시 도봉구 쌍문1동
도봉구,쌍문동,성원,쌍문1동,도봉구,쌍문4동,서울특별시 도봉구 쌍문4동
도봉구,쌍문동,성원팰리스,쌍문1동,도봉구,쌍문3동,서울특별시 도봉구 쌍문3동
도봉구,쌍문동,성원하이츠(B동),쌍문1동,도봉구,쌍문3동,서울특별시 도봉구 쌍문3동
도봉구,쌍문동,성원하이츠(C동),쌍문1동,도봉구,쌍문3동,서울특별시 도봉구 쌍문3동
도봉구,쌍문동,성원하이츠A동,쌍문1동,도봉구,쌍문3동,서울특별시 도봉구 쌍문3동
도봉구,쌍문동,솔밭노블리안,쌍문1동,도봉구,쌍문1동,서울특별시 도봉구 쌍문1동
도봉구,쌍문동,스마트빌,쌍문1동,도봉구,쌍문3동,서울특별시 도봉구 쌍문3동
도봉구,쌍문동,시그마팰리스,쌍문1동,도봉구,쌍문2동,서울특별시 도봉구 쌍문2동
도봉구,쌍문동,시티프라디움,쌍문1동,도봉구,쌍문3동,서울특별시 도봉구 쌍문3동
도봉구,쌍문동,신건영주택A,쌍문1동,도봉구,쌍문3동,서울특별시 도봉구 쌍문3동
도봉구,쌍문동,신동아,쌍문1동,도봉구,쌍문3동,서울특별시 도봉구 쌍문3동
도봉구,쌍문동,신라샤르망,쌍문1동,도봉구,쌍문2동,서울특별시 도봉구 쌍문2동
도봉구,쌍문동,신성,쌍문1동,도봉구,쌍문2동,서울특별시 도봉구 쌍문2동
도봉구,쌍문동,신성오크힐,쌍문1동,도봉구,쌍문2동,서울특별시 도봉구 쌍문2동
도봉구,쌍문동,신원2,쌍문1동,강북구,미아동,서울특별시 강북구 미아동
도봉구,쌍문동,신원에벤에셀,쌍문1동,도봉구,쌍문4동,서울특별시 도봉구 쌍문4동
도봉구,쌍문동,신일라이프,쌍문1동,도봉구,쌍문1동,서울특별시 도봉구 쌍문1동
도봉구,쌍문동,신일라이프(B동),쌍문1동,도봉구,쌍문1동,서울특별시 도봉구 쌍문1동
도봉구,쌍문동,쌍문금용,쌍문1동,도봉구,쌍문3동,서울특별시 도봉구 쌍문3동
도봉구,쌍문동,쌍문동LG트윈빌1,쌍문1동,도봉구,쌍문2동,서울특별시 도봉구 쌍문2동
도봉구,쌍문동,쌍문동LG트윈빌2,쌍문1동,도봉구,쌍문2동,서울특별시 도봉구 쌍문2동
도봉구,쌍문동,쌍문동삼성래미안,쌍문1동,도봉구,쌍문3동,서울특별시 도봉구 쌍문3동
도봉구,쌍문동,쌍문리버뷰,쌍문1동,도봉구,쌍문3동,서울특별시 도봉구 쌍문3동
도봉구,쌍문동,에덴,쌍문1동,도봉구,쌍문2동,서울특별시 도봉구 쌍문2동
도봉구,쌍문동,염광,쌍문1동,도봉구,쌍문1동,서울특별시 도봉구 쌍문1동
도봉구,쌍문동,영진,쌍문1동,도봉구,쌍문3동,서울특별시 도봉구 쌍문3동
도봉구,쌍문동,영진팰리스,쌍문1동,도봉구,쌍문3동,서울특별시 도봉구 쌍문3동
도봉구,쌍문동,원산,쌍문1동,도봉구,쌍문3동,서울특별시 도봉구 쌍문3동
도봉구,쌍문동,월드,쌍문1동,도봉구,쌍문1동,서울특별시 도봉구 쌍문1동
도봉구,쌍문동,젬스톤타운,쌍문1동,도봉구,쌍문2동,서울특별시 도봉구 쌍문2동
도봉구,쌍문동,청구,쌍문1동,도봉구,쌍문2동,서울특별시 도봉구 쌍문2동
도봉구,쌍문동,청화,쌍문1동,도봉구,쌍문1동,서울특별시 도봉구 쌍문1동
도봉구,쌍문동,파라다이스빌,쌍문1동,도봉구,쌍문4동,서울특별시 도봉구 쌍문4동
도봉구,쌍문동,풀내음아파트,쌍문1동,도봉구,쌍문2동,서울특별시 도봉구 쌍문2동
도봉구,쌍문동,피스플하우스,쌍문1동,도봉구,쌍문2동,서울특별시 도봉구 쌍문2동
도봉구,쌍문동,하루방,쌍문1동,도봉구,쌍문3동,서울특별시 도봉구 쌍문3동
도봉구,쌍문동,한성쉐르빌,쌍문1동,도봉구,쌍문4동,서울특별시 도봉구 쌍문4동
도봉구,쌍문동,한솔캐스빌,쌍문1동,도봉구,쌍문3동,서울특별시 도봉구 쌍문3동
도봉구,쌍문동,한양1,쌍문1동,도봉구,쌍문3동,서울특별시 도봉구 쌍문3동
도봉구,쌍문동,한양2,쌍문1동,도봉구,쌍문4동,서울특별시 도봉구 쌍문4동
도봉구,쌍문동,한양5,쌍문1동,도봉구,쌍문3동,서울특별시 도봉구 쌍문3동
도봉구,쌍문동,한양6,쌍문1동,도봉구,쌍문4동,서울특별시 도봉구 쌍문4동
도봉구,쌍문동,한양7,쌍문1동,도봉구,쌍문3동,서울특별시 도봉구 쌍문3동
도봉구,쌍문동,한영,쌍문1동,도봉구,쌍문2동,서울특별시 도봉구 쌍문2동
도봉구,쌍문동,현대1,쌍문1동,도봉구,쌍문4동,서울특별시 도봉구 쌍문4동
도봉구,쌍문동,현대2,쌍문1동,도봉구,쌍문1동,서울특별시 도봉구 쌍문1동
도봉구,쌍문동,현대3,쌍문1동,도봉구,창2동,서울특별시 도봉구 창2동
도봉구,창동,DK포시즌,창1동,도봉구,창2동,서울특별시 도봉구 창2동
도봉구,창동,LIG건영캐스빌,창1동,도봉구,창2동,서울특별시 도봉구 창2동
도봉구,창동,금강101,창1동,도봉구,창2동,서울특별시 도봉구 창2동
도봉구,창동,금강102,창1동,도봉구,창2동,서울특별시 도봉구 창2동
도봉구,창동,금성파크A동,창1동,도봉구,창1동,서울특별시 도봉구 창1동
도봉구,창동,금성파크B동,창1동,도봉구,창1동,서울특별시 도봉구 창1동
도봉구,창동,금용,창1동,도봉구,창2동,서울특별시 도봉구 창2동
도봉구,창동,금호어울림,창1동,도봉구,창5동,서울특별시 도봉구 창5동
도봉구,창동,대동,창1동,도봉구,창5동,서울특별시 도봉구 창5동
도봉구,창동,대림e-편한세상,창1동,노원구,상계1동,서울특별시 노원구 상계1동
도봉구,창동,대우,창1동,도봉구,창2동,서울특별시 도봉구 창2동
도봉구,창동,대우그린,창1동,도봉구,창1동,서울특별시 도봉구 창1동
도봉구,창동,동도센트리움,창1동,도봉구,창4동,서울특별시 도봉구 창4동
도봉구,창동,동아,창1동,도봉구,창4동,서울특별시 도봉구 창4동
도봉구,창동,동아그린,창1동,도봉구,창5동,서울특별시 도봉구 창5동
도봉구,창동,동아청솔,창1동,도봉구,창4동,서울특별시 도봉구 창4동
도봉구,창동,리치,창1동,도봉구,창1동,서울특별시 도봉구 창1동
도봉구,창동,미소애,창1동,도봉구,창5동,서울특별시 도봉구 창5동
도봉구,창동,보람아파트,창1동,노원구,상계9동,서울특별시 노원구 상계9동
도봉구,창동,북한산아이파크5차,창1동,도봉구,창5동,서울특별시 도봉구 창5동
도봉구,창동,북한산한신휴플러스,창1동,도봉구,창5동,서울특별시 도봉구 창5동
도봉구,창동,삼성래미안,창1동,도봉구,창1동,서울특별시 도봉구 창1동
도봉구,창동,삼성브래뉴,창1동,도봉구,창3동,서울특별시 도봉구 창3동
도봉구,창동,상아1차아파트,창1동,도봉구,창5동,서울특별시 도봉구 창5동
도봉구,창동,상아2차아파트,창1동,도봉구,창5동,서울특별시 도봉구 창5동
도봉구,창동,새로움아파트,창1동,도봉구,창5동,서울특별시 도봉구 창5동
도봉구,창동,새울(715-25),창1동,도봉구,창2동,서울특별시 도봉구 창2동
도봉구,창동,새울아파트,창1동,도봉구,창2동,서울특별시 도봉구 창2동
도봉구,창동,서울가든,창1동,도봉구,창1동,서울특별시 도봉구 창1동
도봉구,창동,성원상떼빌,창1동,강북구,우이동,서울특별시 강북구 우이동
도봉구,창동,세명,창1동,도봉구,창2동,서울특별시 도봉구 창2동
도봉구,창동,세인트라디움,창1동,도봉구,창2동,서울특별시 도봉구 창2동
도봉구,창동,수산트리플,창1동,도봉구,창2동,서울특별시 도봉구 창2동
도봉구,창동,스마트트라움,창1동,도봉구,창1동,서울특별시 도봉구 창1동
도봉구,창동,신창,창1동,도봉구,창2동,서울특별시 도봉구 창2동
도봉구,창동,신창빌라트,창1동,도봉구,창3동,서울특별시 도봉구 창3동
도봉구,창동,쌍용,창1동,도봉구,창4동,서울특별시 도봉구 창4동
도봉구,창동,엘리시아,창1동,도봉구,창3동,서울특별시 도봉구 창3동
도봉구,창동,영창하모니A,창1동,도봉구,창2동,서울특별시 도봉구 창2동
도봉구,창동,원산아파트33차,창1동,도봉구,창5동,서울특별시 도봉구 창5동
도봉구,창동,월가타워,창1동,도봉구,창4동,서울특별시 도봉구 창4동
도봉구,창동,"은성드림존101동,102동",창1동,도봉구,창2동,서울특별시 도봉구 창2동
도봉구,창동,주공17단지,창1동,도봉구,창4동,서울특별시 도봉구 창4동
도봉구,창동,주공19단지(창동리버타운),창1동,도봉구,창4동,서울특별시 도봉구 창4동
도봉구,창동,중흥에스클래스,창1동,도봉구,창1동,서울특별시 도봉구 창1동
도봉구,창동,창동2차현대,창1동,도봉구,창4동,서울특별시 도봉구 창4동
도봉구,창동,창동3차현대,창1동,도봉구,창4동,서울특별시 도봉구 창4동
도봉구,창동,창동그린아파트,창1동,도봉구,창5동,서울특별시 도봉구 창5동
도봉구,창동,창동신도브래뉴1차,창1동,도봉구,창5동,서울특별시 도봉구 창5동
도봉구,창동,창동역블루핀1동,창1동,도봉구,창4동,서울특별시 도봉구 창4동
도봉구,창동,창동역블루핀2동,창1동,도봉구,창4동,서울특별시 도봉구 창4동
도봉구,창동,창동주공18단지,창1동,도봉구,창4동,서울특별시 도봉구 창4동
도봉구,창동,창동주공1단지,창1동,도봉구,창5동,서울특별시 도봉구 창5동
도봉구,창동,창동주공2단지,창1동,도봉구,창5동,서울특별시 도봉구 창5동
도봉구,창동,창동주공3단지(해등마을),창1동,도봉구,창1동,서울특별시 도봉구 창1동
도봉구,창동,창동주공4단지,창1동,도봉구,창1동,서울특별시 도봉구 창1동
도봉구,창동,창동한승미메이드,창1동,도봉구,창3동,서울특별시 도봉구 창3동
도봉구,창동,창동한신휴플러스(621-69),창1동,도봉구,창2동,서울특별시 도봉구 창2동
도봉구,창동,창동현대4차,창1동,도봉구,창4동,서울특별시 도봉구 창4동
도봉구,창동,창동현대타운,창1동,도봉구,창1동,서울특별시 도봉구 창1동
도봉구,창동,청하아파트B동,창1동,도봉구,창2동,서울특별시 도봉구 창2동
도봉구,창동,초안산신도브래뉴,창1동,도봉구,창3동,서울특별시 도봉구 창3동
도봉구,창동,태영데시앙,창1동,도봉구,창2동,서울특별시 도봉구 창2동
도봉구,창동,파크힐,창1동,도봉구,창3동,서울특별시 도봉구 창3동
도봉구,창동,퍼스트뷰아파트,창1동,도봉구,창2동,서울특별시 도봉구 창2동
도봉구,창동,하우니티,창1동,도봉구,창1동,서울특별시 도봉구 창1동
도봉구,창동,한솔,창1동,도봉구,창4동,서울특별시 도봉구 창4동
도봉구,창동,한신APT,창1동,도봉구,창3동,서울특별시 도봉구 창3동
도봉구,창동,한일아파트,창1동,도봉구,창2동,서울특별시 도봉구 창2동
도봉구,창동,현대조합,창1동,도봉구,창5동,서울특별시 도봉구 창5동
도봉구,창동,현진아파트,창1동,도봉구,창5동,서울특별시 도봉구 창5동
도봉구,창동,황지,창1동,도봉구,창1동,서울특별시 도봉구 창1동
동대문구,답십리동,답십리대우,답십리2동,동대문구,답십리1동,서울특별시 동대문구 답십리1동
동대문구,답십리동,답십리엘림퍼스트,답십리2동,동대문구,답십리1동,서울특별시 동대문구 답십리1동
동대문구,답십리동,답십리청솔우성,답십리2동,동대문구,답십리2동,서울특별시 동대문구 답십리2동
동대문구,답십리동,답십리파크자이,답십리2동,동대문구,답십리2동,서울특별시 동대문구 답십리2동
동대문구,답십리동,답십리한화,답십리2동,동대문구,답십리1동,서울특별시 동대문구 답십리1동
동대문구,답십리동,대림,답십리2동,동대문구,답십리2동,서울특별시 동대문구 답십리2동
동대문구,답십리동,동답한신,답십리2동,동대문구,답십리2동,서울특별시 동대문구 답십리2동
동대문구,답십리동,동서울한양,답십리2동,동대문구,답십리2동,서울특별시 동대문구 답십리2동
동대문구,답십리동,동아,답십리2동,동대문구,답십리2동,서울특별시 동대문구 답십리2동
동대문구,답십리동,두산,답십리2동,동대문구,답십리2동,서울특별시 동대문구 답십리2동
동대문구,답십리동,두산위브,답십리2동,동대문구,답십리2동,서울특별시 동대문구 답십리2동
동대문구,답십리동,래미안미드카운티,답십리2동,동대문구,답십리1동,서울특별시 동대문구 답십리1동
동대문구,답십리동,래미안엘파인아파트,답십리2동,동대문구,답십리2동,서울특별시 동대문구 답십리2동
동대문구,답십리동,래미안위브,답십리2동,동대문구,답십리1동,서울특별시 동대문구 답십리1동
동대문구,답십리동,보광타워,답십리2동,동대문구,답십리1동,서울특별시 동대문구 답십리1동
동대문구,답십리동,삼희,답십리2동,동대문구,답십리1동,서울특별시 동대문구 답십리1동
동대문구,답십리동,세양청마루,답십리2동,동대문구,답십리2동,서울특별시 동대문구 답십리2동
동대문구,답십리동,센시티16,답십리2동,동대문구,답십리1동,서울특별시 동대문구 답십리1동
동대문구,답십리동,신답경남,답십리2동,동대문구,답십리1동,서울특별시 동대문구 답십리1동
동대문구,답십리동,신답극동,답십리2동,동대문구,답십리1동,서울특별시 동대문구 답십리1동
동대문구,답십리동,엘림스퀘어3,답십리2동,동대문구,답십리1동,서울특별시 동대문구 답십리1동
동대문구,답십리동,우성그린,답십리2동,동대문구,답십리2동,서울특별시 동대문구 답십리2동
동대문구,답십리동,우창프라자,답십리2동,동대문구,답십리1동,서울특별시 동대문구 답십리1동
동대문구,답십리동,이편한세상답십리아르테포레,답십리2동,동대문구,답십리2동,서울특별시 동대문구 답십리2동
동대문구,답십리동,청계벽산메가트리움,답십리2동,동대문구,답십리1동,서울특별시 동대문구 답십리1동
동대문구,답십리동,청계와이즈노벨리아,답십리2동,동대문구,답십리1동,서울특별시 동대문구 답십리1동
동대문구,답십리동,청계지웰에스테이트,답십리2동,동대문구,답십리1동,서울특별시 동대문구 답십리1동
동대문구,답십리동,청계푸르지오시티,답십리2동,동대문구,답십리1동,서울특별시 동대문구 답십리1동
동대문구,답십리동,청계한신휴플러스,답십리2동,동대문구,답십리1동,서울특별시 동대문구 답십리1동
동대문구,답십리동,청솔2차우성,답십리2동,동대문구,답십리2동,서울특별시 동대문구 답십리2동
동대문구,답십리동,클래식타워,답십리2동,동대문구,답십리1동,서울특별시 동대문구 답십리1동
동대문구,답십리동,한신휴플러스그린파크,답십리2동,동대문구,답십리1동,서울특별시 동대문구 답십리1동
동대문구,답십리동,한원힐트리움아파트,답십리2동,동대문구,답십리1동,서울특별시 동대문구 답십리1동
동대문구,답십리동,한일노벨리아,답십리2동,동대문구,답십리1동,서울특별시 동대문구 답십리1동
동대문구,답십리동,현대썬앤빌청계,답십리2동,동대문구,답십리1동,서울특별시 동대문구 답십리1동
동대문구,답십리동,힐스테이트청계,답십리2동,동대문구,답십리1동,서울특별시 동대문구 답십리1동
동대문구,신설동,더나인,용신동,동대문구,용신동,서울특별시 동대문구 용신동
동대문구,신설동,신설동역자이르네,용신동,동대문구,용신동,서울특별시 동대문구 용신동
동대문구,신설동,신설에스하임,용신동,동대문구,용신동,서울특별시 동대문구 용신동
동대문구,신설동,주함해븐아파트,용신동,동대문구,용신동,서울특별시 동대문구 용신동
동대문구,신설동,청계천대성스카이렉스1,용신동,동대문구,용신동,서울특별시 동대문구 용신동
동대문구,신설동,포레스트힐시티,용신동,동대문구,용신동,서울특별시 동대문구 용신동
동대문구,용두동,LOFT129,용신동,동대문구,회기동,서울특별시 동대문구 회기동
동대문구,용두동,가우디캐슬,용신동,동대문구,용신동,서울특별시 동대문구 용신동
동대문구,용두동,동대문베네스트,용신동,동대문구,용신동,서울특별시 동대문구 용신동
동대문구,용두동,동대문푸르지오시티(도시형생활주택),용신동,동대문구,용신동,서울특별시 동대문구 용신동
동대문구,용두동,두산베어스타워,용신동,동대문구,용신동,서울특별시 동대문구 용신동
동대문구,용두동,래미안 허브리츠,용신동,동대문구,용신동,서울특별시 동대문구 용신동
동대문구,용두동,래미안엘리니티,용신동,동대문구,용신동,서울특별시 동대문구 용신동
동대문구,용두동,롯데캐슬피렌체,용신동,동대문구,용신동,서울특별시 동대문구 용신동
동대문구,용두동,리채,용신동,동대문구,용신동,서울특별시 동대문구 용신동
동대문구,용두동,서안팰리스,용신동,동대문구,용신동,서울특별시 동대문구 용신동
동대문구,용두동,신동아,용신동,동대문구,용신동,서울특별시 동대문구 용신동
동대문구,용두동,신설동역대우아이빌1,용신동,동대문구,용신동,서울특별시 동대문구 용신동
동대문구,용두동,용두두산위브,용신동,동대문구,용신동,서울특별시 동대문구 용신동
동대문구,용두동,용두롯데캐슬리치,용신동,동대문구,용신동,서울특별시 동대문구 용신동
동대문구,용두동,용두아파트,용신동,동대문구,용신동,서울특별시 동대문구 용신동
동대문구,용두동,이편한세상청계센트럴포레,용신동,동대문구,용신동,서울특별시 동대문구 용신동
동대문구,용두동,청계천대성스카이렉스2,용신동,동대문구,용신동,서울특별시 동대문구 용신동
동대문구,용두동,청계한양아이클래스,용신동,동대문구,용신동,서울특별시 동대문구 용신동
동대문구,용두동,청량리역한양수자인그라시엘,용신동,동대문구,용신동,서울특별시 동대문구 용신동
동대문구,용두동,청량리역해링턴플레이스,용신동,동대문구,용신동,서울특별시 동대문구 용신동
동대문구,용두동,청재제일타운,용신동,동대문구,용신동,서울특별시 동대문구 용신동
동대문구,용두동,한양아이클래스,용신동,동대문구,용신동,서울특별시 동대문구 용신동
동대문구,이문동,대림e-편한세상,이문1동,동대문구,이문2동,서울특별시 동대문구 이문2동
동대문구,이문동,대성유니드아파트,이문1동,동대문구,이문2동,서울특별시 동대문구 이문2동
동대문구,이문동,대우,이문1동,동대문구,이문2동,서울특별시 동대문구 이문2동
동대문구,이문동,래미안라그란데,이문1동,동대문구,이문1동,서울특별시 동대문구 이문1동
동대문구,이문동,래미안이문2차,이문1동,동대문구,이문1동,서울특별시 동대문구 이문1동
동대문구,이문동,민족통일MJ캠퍼스외대2차,이문1동,동대문구,이문1동,서울특별시 동대문구 이문1동
동대문구,이문동,민족통일MJ캠퍼스외대3차,이문1동,동대문구,이문1동,서울특별시 동대문구 이문1동
동대문구,이문동,삼보스위트홈,이문1동,동대문구,이문1동,서울특별시 동대문구 이문1동
동대문구,이문동,삼익,이문1동,동대문구,이문1동,서울특별시 동대문구 이문1동
동대문구,이문동,세진빌딩,이문1동,동대문구,이문1동,서울특별시 동대문구 이문1동
동대문구,이문동,신이문금호어울림,이문1동,동대문구,이문2동,서울특별시 동대문구 이문2동
동대문구,이문동,쌍용,이문1동,동대문구,이문2동,서울특별시 동대문구 이문2동
동대문구,이문동,이문2차푸르지오,이문1동,동대문구,이문2동,서울특별시 동대문구 이문2동
동대문구,이문동,이문동웰츠타워,이문1동,동대문구,이문1동,서울특별시 동대문구 이문1동
동대문구,이문동,이문삼성래미안아파트,이문1동,동대문구,이문1동,서울특별시 동대문구 이문1동
동대문구,이문동,이문스카이뷰,이문1동,동대문구,이문1동,서울특별시 동대문구 이문1동
동대문구,이문동,주성아우라,이문1동,동대문구,이문2동,서울특별시 동대문구 이문2동
동대문구,이문동,중앙하이츠빌,이문1동,동대문구,이문1동,서울특별시 동대문구 이문1동
동대문구,이문동,투니온,이문1동,동대문구,이문2동,서울특별시 동대문구 이문2동
동대문구,이문동,현대,이문1동,동대문구,이문2동,서울특별시 동대문구 이문2동
동대문구,장안동,(아이엔에스새터),장안1동,동대문구,장안2동,서울특별시 동대문구 장안2동
동대문구,장안동,(해오름),장안1동,동대문구,장안2동,서울특별시 동대문구 장안2동
동대문구,장안동,JS아파트,장안1동,동대문구,장안1동,서울특별시 동대문구 장안1동
동대문구,장안동,NS파크타운,장안1동,동대문구,장안2동,서울특별시 동대문구 장안2동
동대문구,장안동,SM이로빌(350-11),장안1동,동대문구,장안1동,서울특별시 동대문구 장안1동
동대문구,장안동,SM이로빌3차(358-18),장안1동,동대문구,장안1동,서울특별시 동대문구 장안1동
동대문구,장안동,SM이로빌4차A동(455-5),장안1동,동대문구,장안1동,서울특별시 동대문구 장안1동
동대문구,장안동,SM이로빌4차B동(455-4),장안1동,동대문구,장안1동,서울특별시 동대문구 장안1동
동대문구,장안동,SM이로빌5차,장안1동,동대문구,장안2동,서울특별시 동대문구 장안2동
동대문구,장안동,SM해그린(362-7),장안1동,동대문구,장안2동,서울특별시 동대문구 장안2동
동대문구,장안동,U-포그니,장안1동,동대문구,장안2동,서울특별시 동대문구 장안2동
동대문구,장안동,U포그니2차,장안1동,동대문구,장안1동,서울특별시 동대문구 장안1동
동대문구,장안동,가야써니빌(373-7),장안1동,동대문구,장안1동,서울특별시 동대문구 장안1동
동대문구,장안동,가우디캐슬,장안1동,동대문구,장안1동,서울특별시 동대문구 장안1동
동대문구,장안동,가우디트윈캐슬1,장안1동,동대문구,장안2동,서울특별시 동대문구 장안2동
동대문구,장안동,가우디트윈캐슬2,장안1동,동대문구,장안1동,서울특별시 동대문구 장안1동
동대문구,장안동,경남하이빌,장안1동,동대문구,장안2동,서울특별시 동대문구 장안2동
동대문구,장안동,공감대(378-3),장안1동,동대문구,장안2동,서울특별시 동대문구 장안2동
동대문구,장안동,공감대(380-1),장안1동,동대문구,장안2동,서울특별시 동대문구 장안2동
동대문구,장안동,공감대(440-12),장안1동,동대문구,장안2동,서울특별시 동대문구 장안2동
동대문구,장안동,공감대2차(375-7),장안1동,동대문구,장안2동,서울특별시 동대문구 장안2동
동대문구,장안동,공감대5차(334-5),장안1동,동대문구,장안1동,서울특별시 동대문구 장안1동
동대문구,장안동,공감대6차(384-1),장안1동,동대문구,장안1동,서울특별시 동대문구 장안1동
동대문구,장안동,광남캐스빌,장안1동,동대문구,장안2동,서울특별시 동대문구 장안2동
동대문구,장안동,글로벌팰리스,장안1동,동대문구,장안1동,서울특별시 동대문구 장안1동
동대문구,장안동,금강아미움,장안1동,동대문구,장안1동,서울특별시 동대문구 장안1동
동대문구,장안동,금성아파트,장안1동,동대문구,장안2동,서울특별시 동대문구 장안2동
동대문구,장안동,금호(444-9),장안1동,동대문구,장안1동,서울특별시 동대문구 장안1동
동대문구,장안동,네오빌,장안1동,동대문구,장안2동,서울특별시 동대문구 장안2동
동대문구,장안동,다우하임,장안1동,동대문구,장안2동,서울특별시 동대문구 장안2동
동대문구,장안동,대명이룸아파트(565-0),장안1동,동대문구,장안1동,서울특별시 동대문구 장안1동
동대문구,장안동,대성장안애캐슬,장안1동,동대문구,장안2동,서울특별시 동대문구 장안2동
동대문구,장안동,대성하이빌(A동),장안1동,동대문구,장안1동,서울특별시 동대문구 장안1동
동대문구,장안동,대성하이빌(B동),장안1동,동대문구,장안1동,서울특별시 동대문구 장안1동
동대문구,장안동,동대문더퍼스트데시앙,장안1동,동대문구,장안2동,서울특별시 동대문구 장안2동
동대문구,장안동,동재(A동),장안1동,동대문구,장안1동,서울특별시 동대문구 장안1동
동대문구,장안동,동재(B동),장안1동,동대문구,장안1동,서울특별시 동대문구 장안1동
동대문구,장안동,래미안장안,장안1동,동대문구,장안2동,서울특별시 동대문구 장안2동
동대문구,장안동,래미안장안2차,장안1동,동대문구,장안2동,서울특별시 동대문구 장안2동
동대문구,장안동,르메이에르1차(344-1),장안1동,동대문구,장안2동,서울특별시 동대문구 장안2동
동대문구,장안동,르메이에르7차(313-8),장안1동,동대문구,장안2동,서울특별시 동대문구 장안2동
동대문구,장안동,르메이에르장안타운3차,장안1동,동대문구,장안2동,서울특별시 동대문구 장안2동
동대문구,장안동,르메이에르장안타운6차,장안1동,동대문구,장안2동,서울특별시 동대문구 장안2동
동대문구,장안동,르메이에르장안타운II(342-11),장안1동,동대문구,장안2동,서울특별시 동대문구 장안2동
동대문구,장안동,르미에르장안타운5차,장안1동,동대문구,장안2동,서울특별시 동대문구 장안2동
동대문구,장안동,리치,장안1동,동대문구,장안2동,서울특별시 동대문구 장안2동
동대문구,장안동,방원예뜨랑,장안1동,동대문구,장안2동,서울특별시 동대문구 장안2동
동대문구,장안동,베스트빌(417-10),장안1동,동대문구,장안1동,서울특별시 동대문구 장안1동
동대문구,장안동,브이티스타일,장안1동,동대문구,장안2동,서울특별시 동대문구 장안2동
동대문구,장안동,비젼(437-2),장안1동,동대문구,장안1동,서울특별시 동대문구 장안1동
동대문구,장안동,비젼아파트101동,장안1동,동대문구,장안1동,서울특별시 동대문구 장안1동
동대문구,장안동,비젼아파트102동,장안1동,동대문구,장안1동,서울특별시 동대문구 장안1동
동대문구,장안동,비젼아파트103동,장안1동,동대문구,장안1동,서울특별시 동대문구 장안1동
동대문구,장안동,삼성그린,장안1동,동대문구,장안2동,서울특별시 동대문구 장안2동
동대문구,장안동,삼현팰리체,장안1동,동대문구,장안1동,서울특별시 동대문구 장안1동
동대문구,장안동,상록파라브,장안1동,동대문구,장안1동,서울특별시 동대문구 장안1동
동대문구,장안동,상록파라브2차,장안1동,동대문구,장안1동,서울특별시 동대문구 장안1동
동대문구,장안동,상록파라브3차,장안1동,동대문구,장안1동,서울특별시 동대문구 장안1동
동대문구,장안동,상록파라브아파트105동,장안1동,동대문구,장안1동,서울특별시 동대문구 장안1동
동대문구,장안동,새한그린빌(306-10),장안1동,동대문구,장안2동,서울특별시 동대문구 장안2동
동대문구,장안동,서광아침의빛,장안1동,동대문구,장안1동,서울특별시 동대문구 장안1동
동대문구,장안동,서희스타힐스,장안1동,동대문구,장안2동,서울특별시 동대문구 장안2동
동대문구,장안동,선경이노블,장안1동,동대문구,장안2동,서울특별시 동대문구 장안2동
동대문구,장안동,선일크라시아,장안1동,동대문구,장안2동,서울특별시 동대문구 장안2동
동대문구,장안동,성림(390-5),장안1동,동대문구,장안1동,서울특별시 동대문구 장안1동
동대문구,장안동,스마트트라움,장안1동,동대문구,장안2동,서울특별시 동대문구 장안2동
동대문구,장안동,스타파크아파트,장안1동,동대문구,장안1동,서울특별시 동대문구 장안1동
동대문구,장안동,시온,장안1동,동대문구,장안2동,서울특별시 동대문구 장안2동
동대문구,장안동,신부파스카(313-7),장안1동,동대문구,장안1동,서울특별시 동대문구 장안1동
동대문구,장안동,신부파스카(319-2),장안1동,동대문구,장안1동,서울특별시 동대문구 장안1동
동대문구,장안동,신부파스카(319-3),장안1동,동대문구,장안1동,서울특별시 동대문구 장안1동
동대문구,장안동,신부파스카(563),장안1동,동대문구,장안1동,서울특별시 동대문구 장안1동
동대문구,장안동,신일해피트리2차(567),장안1동,동대문구,장안1동,서울특별시 동대문구 장안1동
동대문구,장안동,신일해피트리3차(568),장안1동,동대문구,장안1동,서울특별시 동대문구 장안1동
동대문구,장안동,신일해피트리아파트101동,장안1동,동대문구,장안1동,서울특별시 동대문구 장안1동
동대문구,장안동,아르떼하임,장안1동,동대문구,장안1동,서울특별시 동대문구 장안1동
동대문구,장안동,아인리베(310-14),장안1동,동대문구,장안2동,서울특별시 동대문구 장안2동
동대문구,장안동,양우내안애애플,장안1동,동대문구,장안1동,서울특별시 동대문구 장안1동
동대문구,장안동,양지쉐르빌아파트(415-1),장안1동,동대문구,장안1동,서울특별시 동대문구 장안1동
동대문구,장안동,에메랄드(351-5),장안1동,동대문구,장안1동,서울특별시 동대문구 장안1동
동대문구,장안동,에스아이팰리스장안센텀,장안1동,동대문구,장안1동,서울특별시 동대문구 장안1동
동대문구,장안동,엘림하우스2차,장안1동,동대문구,장안1동,서울특별시 동대문구 장안1동
동대문구,장안동,우성2차아파트(334-6),장안1동,동대문구,장안1동,서울특별시 동대문구 장안1동
동대문구,장안동,우성3차(562),장안1동,동대문구,장안1동,서울특별시 동대문구 장안1동
동대문구,장안동,우성5차에비뉴,장안1동,동대문구,장안1동,서울특별시 동대문구 장안1동
동대문구,장안동,우정B(344-6),장안1동,동대문구,장안2동,서울특별시 동대문구 장안2동
동대문구,장안동,월튼파크뷰(342-21),장안1동,동대문구,장안2동,서울특별시 동대문구 장안2동
동대문구,장안동,월튼파크뷰2차,장안1동,동대문구,장안2동,서울특별시 동대문구 장안2동
동대문구,장안동,유엔팰리스(131-1),장안1동,동대문구,장안2동,서울특별시 동대문구 장안2동
동대문구,장안동,은하수드림빌,장안1동,동대문구,장안2동,서울특별시 동대문구 장안2동
동대문구,장안동,은하수드림필,장안1동,동대문구,장안1동,서울특별시 동대문구 장안1동
동대문구,장안동,이한센토빌(410-13),장안1동,동대문구,장안2동,서울특별시 동대문구 장안2동
동대문구,장안동,일성트루엘,장안1동,동대문구,장안1동,서울특별시 동대문구 장안1동
동대문구,장안동,장안SM드림빌(360-2),장안1동,동대문구,장안1동,서울특별시 동대문구 장안1동
동대문구,장안동,장안뉴시티,장안1동,동대문구,장안1동,서울특별시 동대문구 장안1동
동대문구,장안동,장안동공감대(375-11),장안1동,동대문구,장안1동,서울특별시 동대문구 장안1동
동대문구,장안동,장안동우성4차,장안1동,동대문구,장안1동,서울특별시 동대문구 장안1동
동대문구,장안동,장안동파크뷰,장안1동,동대문구,장안2동,서울특별시 동대문구 장안2동
동대문구,장안동,장안동하트리움,장안1동,동대문구,장안1동,서울특별시 동대문구 장안1동
동대문구,장안동,장안삼성쉐르빌,장안1동,동대문구,장안1동,서울특별시 동대문구 장안1동
동대문구,장안동,장안예원(418-4),장안1동,동대문구,장안1동,서울특별시 동대문구 장안1동
동대문구,장안동,장안위더스빌,장안1동,동대문구,장안1동,서울특별시 동대문구 장안1동
동대문구,장안동,장안트윈B동,장안1동,동대문구,장안2동,서울특별시 동대문구 장안2동
동대문구,장안동,장안평월드메르디앙2차,장안1동,동대문구,장안1동,서울특별시 동대문구 장안1동
동대문구,장안동,장안푸르미에,장안1동,동대문구,장안1동,서울특별시 동대문구 장안1동
동대문구,장안동,장안현대,장안1동,동대문구,장안1동,서울특별시 동대문구 장안1동
동대문구,장안동,장안현대홈타운(336),장안1동,동대문구,장안1동,서울특별시 동대문구 장안1동
동대문구,장안동,장안힐스테이트,장안1동,동대문구,장안2동,서울특별시 동대문구 장안2동
동대문구,장안동,장한평월드메르디앙,장안1동,동대문구,장안1동,서울특별시 동대문구 장안1동
동대문구,장안동,정암(363-11),장안1동,동대문구,장안1동,서울특별시 동대문구 장안1동
동대문구,장안동,정은101동(332-2),장안1동,동대문구,장안2동,서울특별시 동대문구 장안2동
동대문구,장안동,정은스카이빌101동,장안1동,동대문구,장안2동,서울특별시 동대문구 장안2동
동대문구,장안동,정은스카이빌201동,장안1동,동대문구,장안2동,서울특별시 동대문구 장안2동
동대문구,장안동,제이드파크(382-2),장안1동,동대문구,장안1동,서울특별시 동대문구 장안1동
동대문구,장안동,제이슨(360-7),장안1동,동대문구,장안1동,서울특별시 동대문구 장안1동
동대문구,장안동,젬스톤힐즈,장안1동,동대문구,장안2동,서울특별시 동대문구 장안2동
동대문구,장안동,천강(332-6),장안1동,동대문구,장안2동,서울특별시 동대문구 장안2동
동대문구,장안동,청명에버아트1차,장안1동,동대문구,장안1동,서울특별시 동대문구 장안1동
동대문구,장안동,청명에버아트2차,장안1동,동대문구,장안1동,서울특별시 동대문구 장안1동
동대문구,장안동,청명에버아트3차,장안1동,동대문구,장안1동,서울특별시 동대문구 장안1동
동대문구,장안동,청솔브레싱(A동)(400-1),장안1동,동대문구,장안1동,서울특별시 동대문구 장안1동
동대문구,장안동,청솔브레싱(B동)(400-9),장안1동,동대문구,장안1동,서울특별시 동대문구 장안1동
동대문구,장안동,청솔아파트(A동),장안1동,동대문구,장안1동,서울특별시 동대문구 장안1동
동대문구,장안동,청솔아파트(B동),장안1동,동대문구,장안1동,서울특별시 동대문구 장안1동
동대문구,장안동,청원파크빌,장안1동,동대문구,장안1동,서울특별시 동대문구 장안1동
동대문구,장안동,코지언레지던스,장안1동,동대문구,장안2동,서울특별시 동대문구 장안2동
동대문구,장안동,태솔아파트1차,장안1동,동대문구,장안1동,서울특별시 동대문구 장안1동
동대문구,장안동,태솔아파트2차,장안1동,동대문구,장안2동,서울특별시 동대문구 장안2동
동대문구,장안동,태솔아파트3차,장안1동,동대문구,장안2동,서울특별시 동대문구 장안2동
동대문구,장안동,태솔아파트4차,장안1동,동대문구,장안2동,서울특별시 동대문구 장안2동
동대문구,장안동,태솔아파트5차,장안1동,동대문구,장안1동,서울특별시 동대문구 장안1동
동대문구,장안동,태솔에버빌,장안1동,동대문구,장안2동,서울특별시 동대문구 장안2동
동대문구,장안동,태솔에버빌2차,장안1동,동대문구,장안1동,서울특별시 동대문구 장안1동
동대문구,장안동,태솔에버빌3차,장안1동,동대문구,장안1동,서울특별시 동대문구 장안1동
동대문구,장안동,태솔타운(1차),장안1동,동대문구,장안2동,서울특별시 동대문구 장안2동
동대문구,장안동,태솔타운2차,장안1동,동대문구,장안2동,서울특별시 동대문구 장안2동
동대문구,장안동,태솔타운3차,장안1동,동대문구,장안2동,서울특별시 동대문구 장안2동
동대문구,장안동,태솔타워,장안1동,동대문구,장안2동,서울특별시 동대문구 장안2동
동대문구,장안동,푸른마을(284-3),장안1동,동대문구,장안2동,서울특별시 동대문구 장안2동
동대문구,장안동,프라하임장안1,장안1동,동대문구,장안1동,서울특별시 동대문구 장안1동
동대문구,장안동,한강훼미리주상복합아파트,장안1동,동대문구,장안1동,서울특별시 동대문구 장안1동
동대문구,장안동,한신아파트,장안1동,동대문구,장안2동,서울특별시 동대문구 장안2동
동대문구,장안동,한일(424-1),장안1동,동대문구,장안1동,서울특별시 동대문구 장안1동
동대문구,장안동,현대리노빌101동,장안1동,동대문구,장안1동,서울특별시 동대문구 장안1동
동대문구,장안동,현대리노빌102동,장안1동,동대문구,장안1동,서울특별시 동대문구 장안1동
동대문구,장안동,현대썬앤빌601,장안1동,동대문구,장안1동,서울특별시 동대문구 장안1동
동대문구,장안동,현대홈타운2차,장안1동,동대문구,장안2동,서울특별시 동대문구 장안2동
동대문구,장안동,현대홈타운3차,장안1동,동대문구,장안2동,서울특별시 동대문구 장안2동
동대문구,장안동,형인허브빌(450-4),장안1동,동대문구,장안1동,서울특별시 동대문구 장안1동
동대문구,장안동,형인허브빌101동(417-3),장안1동,동대문구,장안1동,서울특별시 동대문구 장안1동
동대문구,장안동,형인허브빌102동(417-11),장안1동,동대문구,장안1동,서울특별시 동대문구 장안1동
동대문구,장안동,형인허브빌2차(566),장안1동,동대문구,장안2동,서울특별시 동대문구 장안2동
동대문구,장안동,형인허브빌아파트301동,장안1동,동대문구,장안1동,서울특별시 동대문구 장안1동
동대문구,장안동,형인휴아름101동,장안1동,동대문구,장안2동,서울특별시 동대문구 장안2동
동대문구,장안동,홍해오크펠리스3차,장안1동,동대문구,장안2동,서울특별시 동대문구 장안2동
동대문구,장안동,화성(311-6),장안1동,동대문구,장안1동,서울특별시 동대문구 장안1동
동대문구,장안동,화성(401-1),장안1동,동대문구,장안1동,서울특별시 동대문구 장안1동
동대문구,장안동,흥해오크팰리스(440-5),장안1동,동대문구,장안1동,서울특별시 동대문구 장안1동
동대문구,장안동,흥해오크팰리스(576-0),장안1동,동대문구,장안1동,서울특별시 동대문구 장안1동
동대문구,전농동,다스하우스,전농1동,동대문구,전농1동,서울특별시 동대문구 전농1동
동대문구,전농동,동대문롯데캐슬노블레스,전농1동,동대문구,전농1동,서울특별시 동대문구 전농1동
동대문구,전농동,동아,전농1동,동대문구,전농1동,서울특별시 동대문구 전농1동
동대문구,전농동,래미안아름숲,전농1동,동대문구,전농2동,서울특별시 동대문구 전농2동
동대문구,전농동,래미안크레시티,전농1동,동대문구,전농1동,서울특별시 동대문구 전농1동
동대문구,전농동,리베르떼,전농1동,동대문구,전농1동,서울특별시 동대문구 전농1동
동대문구,전농동,봄봄하이츠,전농1동,동대문구,전농1동,서울특별시 동대문구 전농1동
동대문구,전농동,샤인파크,전농1동,동대문구,전농1동,서울특별시 동대문구 전농1동
동대문구,전농동,세화,전농1동,동대문구,전농1동,서울특별시 동대문구 전농1동
동대문구,전농동,오크밸리,전농1동,동대문구,전농1동,서울특별시 동대문구 전농1동
동대문구,전농동,전농SK,전농1동,동대문구,전농2동,서울특별시 동대문구 전농2동
동대문구,전농동,전농동삼성래미안,전농1동,동대문구,전농2동,서울특별시 동대문구 전농2동
동대문구,전농동,전농동신성미소지움,전농1동,동대문구,전농1동,서울특별시 동대문구 전농1동
동대문구,전농동,전농동하우스토리,전농1동,동대문구,전농2동,서울특별시 동대문구 전농2동
동대문구,전농동,전농우성,전농1동,동대문구,전농2동,서울특별시 동대문구 전농2동
동대문구,전농동,청량리역롯데캐슬 SKY-L65,전농1동,동대문구,전농1동,서울특별시 동대문구 전농1동
동대문구,제기동,건영스타밸리,제기동,동대문구,제기동,서울특별시 동대문구 제기동
동대문구,제기동,경동미주,제기동,동대문구,제기동,서울특별시 동대문구 제기동
동대문구,제기동,공성,제기동,동대문구,제기동,서울특별시 동대문구 제기동
동대문구,제기동,동성네스트빌,제기동,동대문구,제기동,서울특별시 동대문구 제기동
동대문구,제기동,동성네스트빌(1158-17),제기동,동대문구,제기동,서울특별시 동대문구 제기동
동대문구,제기동,동성네스트빌2,제기동,동대문구,휘경2동,서울특별시 동대문구 휘경2동
동대문구,제기동,리스트안암,제기동,동대문구,제기동,서울특별시 동대문구 제기동
동대문구,제기동,명경아트빌,제기동,동대문구,제기동,서울특별시 동대문구 제기동
동대문구,제기동,안암골벽산,제기동,동대문구,제기동,서울특별시 동대문구 제기동
동대문구,제기동,어반넥서스,제기동,동대문구,제기동,서울특별시 동대문구 제기동
동대문구,제기동,어진재,제기동,동대문구,제기동,서울특별시 동대문구 제기동
동대문구,제기동,이수브라운스톤,제기동,동대문구,제기동,서울특별시 동대문구 제기동
동대문구,제기동,청우,제기동,동대문구,제기동,서울특별시 동대문구 제기동
동대문구,제기동,한신아파트,제기동,동대문구,제기동,서울특별시 동대문구 제기동
동대문구,제기동,현대,제기동,동대문구,제기동,서울특별시 동대문구 제기동
동대문구,제기동,홍파,제기동,동대문구,제기동,서울특별시 동대문구 제기동
동대문구,제기동,효성트럼프,제기동,동대문구,제기동,서울특별시 동대문구 제기동
동대문구,청량리동,광남캐스빌,청량리동,동대문구,청량리동,서울특별시 동대문구 청량리동
동대문구,청량리동,미주,청량리동,동대문구,청량리동,서울특별시 동대문구 청량리동
동대문구,청량리동,샹그레빌아파트,청량리동,동대문구,청량리동,서울특별시 동대문구 청량리동
동대문구,청량리동,청량리신주,청량리동,동대문구,청량리동,서울특별시 동대문구 청량리동
동대문구,청량리동,한신,청량리동,동대문구,청량리동,서울특별시 동대문구 청량리동
동대문구,청량리동,현대,청량리동,동대문구,청량리동,서울특별시 동대문구 청량리동
동대문구,청량리동,현대코아,청량리동,동대문구,청량리동,서울특별시 동대문구 청량리동
동대문구,청량리동,홍릉동부,청량리동,동대문구,청량리동,서울특별시 동대문구 청량리동
동대문구,회기동,동일스카이시티2차,회기동,동대문구,회기동,서울특별시 동대문구 회기동
동대문구,회기동,동일스카이시티3차,회기동,동대문구,회기동,서울특별시 동대문구 회기동
동대문구,회기동,동일스카이씨티,회기동,동대문구,회기동,서울특별시 동대문구 회기동
동대문구,회기동,민족통일MJ캠퍼스경희대,회기동,동대문구,회기동,서울특별시 동대문구 회기동
동대문구,회기동,민족통일MJ캠퍼스경희대2차,회기동,동대문구,회기동,서울특별시 동대문구 회기동
동대문구,회기동,베라체캠퍼스,회기동,동대문구,회기동,서울특별시 동대문구 회기동
동대문구,회기동,신현대,회기동,동대문구,회기동,서울특별시 동대문구 회기동
동대문구,회기동,회기아파트(347-7),회기동,동대문구,회기동,서울특별시 동대문구 회기동
동대문구,회기동,회기힐스테이트,회기동,동대문구,회기동,서울특별시 동대문구 회기동
동대문구,휘경동,동성,휘경1동,동대문구,휘경2동,서울특별시 동대문구 휘경2동
동대문구,휘경동,동양1차,휘경1동,동대문구,휘경1동,서울특별시 동대문구 휘경1동
동대문구,휘경동,동양2차,휘경1동,동대문구,휘경1동,서울특별시 동대문구 휘경1동
동대문구,휘경동,동일스위트리버,휘경1동,동대문구,휘경2동,서울특별시 동대문구 휘경2동
동대문구,휘경동,롯데,휘경1동,동대문구,휘경1동,서울특별시 동대문구 휘경1동
동대문구,휘경동,롯데낙천대,휘경1동,동대문구,휘경1동,서울특별시 동대문구 휘경1동
동대문구,휘경동,브라운스톤휘경,휘경1동,동대문구,휘경2동,서울특별시 동대문구 휘경2동
동대문구,휘경동,서울가든,휘경1동,동대문구,휘경2동,서울특별시 동대문구 휘경2동
동대문구,휘경동,월드아파트,휘경1동,동대문구,휘경1동,서울특별시 동대문구 휘경1동
동대문구,휘경동,이문휘경지웰에스테이트,휘경1동,동대문구,휘경1동,서울특별시 동대문구 휘경1동
동대문구,휘경동,주공1,휘경1동,동대문구,휘경2동,서울특별시 동대문구 휘경2동
동대문구,휘경동,주공2,휘경1동,동대문구,휘경2동,서울특별시 동대문구 휘경2동
동대문구,휘경동,캠퍼스드림오피스텔,휘경1동,동대문구,휘경1동,서울특별시 동대문구 휘경1동
동대문구,휘경동,현대,휘경1동,동대문구,휘경2동,서울특별시 동대문구 휘경2동
동대문구,휘경동,효자워너빌,휘경1동,동대문구,휘경1동,서울특별시 동대문구 휘경1동
동대문구,휘경동,휘경,휘경1동,동대문구,휘경1동,서울특별시 동대문구 휘경1동
동대문구,휘경동,휘경SK뷰,휘경1동,동대문구,휘경1동,서울특별시 동대문구 휘경1동
동대문구,휘경동,휘경동일하이빌,휘경1동,동대문구,휘경2동,서울특별시 동대문구 휘경2동
동대문구,휘경동,휘경미소지움,휘경1동,동대문구,휘경1동,서울특별시 동대문구 휘경1동
동대문구,휘경동,휘경베스트빌현대,휘경1동,동대문구,휘경2동,서울특별시 동대문구 휘경2동
동대문구,휘경동,휘경센트레빌,휘경1동,동대문구,휘경2동,서울특별시 동대문구 휘경2동
동대문구,휘경동,휘경제이스카이아파트,휘경1동,동대문구,휘경1동,서울특별시 동대문구 휘경1동
동대문구,휘경동,휘경해모로프레스티지,휘경1동,동대문구,휘경1동,서울특별시 동대문구 휘경1동
동작구,노량진동,건영(103동-106동),노량진2동,동작구,노량진1동,서울특별시 동작구 노량진1동
동작구,노량진동,노량진맨션,노량진2동,동작구,노량진2동,서울특별시 동작구 노량진2동
동작구,노량진동,메가스터디타워,노량진2동,동작구,노량진1동,서울특별시 동작구 노량진1동
동작구,노량진동,벧엘ForZoom,노량진2동,동작구,상도2동,서울특별시 동작구 상도2동
동작구,노량진동,삼익,노량진2동,동작구,노량진1동,서울특별시 동작구 노량진1동
동작구,노량진동,신동아리버파크,노량진2동,동작구,노량진1동,서울특별시 동작구 노량진1동
동작구,노량진동,실크,노량진2동,영등포구,여의동,서울특별시 영등포구 여의동
동작구,노량진동,쌍용예가,노량진2동,동작구,노량진1동,서울특별시 동작구 노량진1동
동작구,노량진동,우성,노량진2동,동작구,노량진2동,서울특별시 동작구 노량진2동
동작구,노량진동,은성,노량진2동,동작구,노량진2동,서울특별시 동작구 노량진2동
동작구,노량진동,정호샤인빌,노량진2동,동작구,노량진2동,서울특별시 동작구 노량진2동
동작구,노량진동,형인한강,노량진2동,동작구,노량진1동,서울특별시 동작구 노량진1동
동작구,대방동,(99-1),대방동,동작구,대방동,서울특별시 동작구 대방동
동작구,대방동,경남아너스빌,대방동,동작구,대방동,서울특별시 동작구 대방동
동작구,대방동,골든노블레스,대방동,동작구,대방동,서울특별시 동작구 대방동
동작구,대방동,그린힐,대방동,동작구,상도4동,서울특별시 동작구 상도4동
동작구,대방동,다운페라,대방동,동작구,대방동,서울특별시 동작구 대방동
동작구,대방동,다울,대방동,동작구,대방동,서울특별시 동작구 대방동
동작구,대방동,대림아파트,대방동,동작구,대방동,서울특별시 동작구 대방동
동작구,대방동,대방(375-22),대방동,동작구,대방동,서울특별시 동작구 대방동
동작구,대방동,대방1차e-편한세상,대방동,동작구,대방동,서울특별시 동작구 대방동
동작구,대방동,대방2차e-편한세상,대방동,동작구,대방동,서울특별시 동작구 대방동
동작구,대방동,대방동현대,대방동,동작구,대방동,서울특별시 동작구 대방동
동작구,대방동,대방홈타운,대방동,동작구,대방동,서울특별시 동작구 대방동
동작구,대방동,드림빌라트,대방동,동작구,대방동,서울특별시 동작구 대방동
동작구,대방동,디어파크(파크빌리지),대방동,동작구,대방동,서울특별시 동작구 대방동
동작구,대방동,리치빌203,대방동,동작구,대방동,서울특별시 동작구 대방동
동작구,대방동,보라매센트럴타운,대방동,동작구,대방동,서울특별시 동작구 대방동
동작구,대방동,보라매코오롱하늘채,대방동,동작구,대방동,서울특별시 동작구 대방동
동작구,대방동,비전,대방동,동작구,신대방2동,서울특별시 동작구 신대방2동
동작구,대방동,삼인,대방동,동작구,대방동,서울특별시 동작구 대방동
동작구,대방동,성원,대방동,동작구,대방동,서울특별시 동작구 대방동
동작구,대방동,신건드림원,대방동,동작구,대방동,서울특별시 동작구 대방동
동작구,대방동,신대방타워,대방동,동작구,대방동,서울특별시 동작구 대방동
동작구,대방동,신일해피트리,대방동,동작구,대방동,서울특별시 동작구 대방동
동작구,대방동,신한토탈,대방동,동작구,대방동,서울특별시 동작구 대방동
동작구,대방동,신호리치빌,대방동,동작구,대방동,서울특별시 동작구 대방동
동작구,대방동,아데나339,대방동,동작구,대방동,서울특별시 동작구 대방동
동작구,대방동,우정,대방동,동작구,대방동,서울특별시 동작구 대방동
동작구,대방동,주공2,대방동,동작구,대방동,서울특별시 동작구 대방동
동작구,대방동,진성마블로스,대방동,동작구,대방동,서울특별시 동작구 대방동
동작구,대방동,푸른숲,대방동,동작구,대방동,서울특별시 동작구 대방동
동작구,대방동,하나마을,대방동,동작구,대방동,서울특별시 동작구 대방동
동작구,대방동,한국개나리,대방동,동작구,대방동,서울특별시 동작구 대방동
동작구,대방동,현대홈타운2,대방동,동작구,대방동,서울특별시 동작구 대방동
동작구,동작동,금강KCC,사당2동,동작구,사당2동,서울특별시 동작구 사당2동
동작구,동작동,이수교KCC스위첸,사당2동,동작구,사당2동,서울특별시 동작구 사당2동
동작구,동작동,이수교신동아아파트,사당2동,동작구,사당2동,서울특별시 동작구 사당2동
동작구,동작동,이수스위첸포레힐즈,사당2동,동작구,사당2동,서울특별시 동작구 사당2동
동작구,동작동,이수힐스테이트,사당2동,동작구,사당2동,서울특별시 동작구 사당2동
동작구,본동,경동윈츠리버,노량진1동,동작구,노량진1동,서울특별시 동작구 노량진1동
동작구,본동,극동강변,노량진1동,동작구,노량진1동,서울특별시 동작구 노량진1동
동작구,본동,래미안트윈파크,노량진1동,동작구,노량진1동,서울특별시 동작구 노량진1동
동작구,본동,삼성래미안,노량진1동,동작구,노량진1동,서울특별시 동작구 노량진1동
동작구,본동,신동아,노량진1동,동작구,노량진1동,서울특별시 동작구 노량진1동
동작구,본동,유원강변,노량진1동,동작구,노량진1동,서울특별시 동작구 노량진1동
동작구,본동,한강쌍용,노량진1동,동작구,노량진1동,서울특별시 동작구 노량진1동
동작구,본동,한신휴플러스,노량진1동,동작구,노량진1동,서울특별시 동작구 노량진1동
동작구,사당동,갑을명가,사당1동,동작구,사당5동,서울특별시 동작구 사당5동
동작구,사당동,강남드리움2차,사당1동,동작구,사당3동,서울특별시 동작구 사당3동
동작구,사당동,경남아너스빌(대아3),사당1동,동작구,사당3동,서울특별시 동작구 사당3동
동작구,사당동,경남아너스빌1차,사당1동,동작구,사당3동,서울특별시 동작구 사당3동
동작구,사당동,경남아너스빌2차,사당1동,동작구,사당3동,서울특별시 동작구 사당3동
동작구,사당동,공감지음포레뷰아파트,사당1동,동작구,사당5동,서울특별시 동작구 사당5동
동작구,사당동,관악푸르지오102동,사당1동,관악구,청림동,서울특별시 관악구 청림동
동작구,사당동,극동(105),사당1동,동작구,사당2동,서울특별시 동작구 사당2동
동작구,사당동,까치산,사당1동,동작구,사당5동,서울특별시 동작구 사당5동
동작구,사당동,남성골든빌A동B동,사당1동,동작구,사당3동,서울특별시 동작구 사당3동
동작구,사당동,남양이룸,사당1동,동작구,사당4동,서울특별시 동작구 사당4동
동작구,사당동,남해오네뜨,사당1동,동작구,사당5동,서울특별시 동작구 사당5동
동작구,사당동,닷컴캐슬,사당1동,동작구,사당1동,서울특별시 동작구 사당1동
동작구,사당동,대림(169-8),사당1동,동작구,사당3동,서울특별시 동작구 사당3동
동작구,사당동,대성유니드,사당1동,동작구,사당2동,서울특별시 동작구 사당2동
동작구,사당동,대창센시티,사당1동,동작구,사당3동,서울특별시 동작구 사당3동
동작구,사당동,동문아트빌,사당1동,동작구,사당5동,서울특별시 동작구 사당5동
동작구,사당동,두산위브트레지움,사당1동,동작구,사당3동,서울특별시 동작구 사당3동
동작구,사당동,두성,사당1동,동작구,사당2동,서울특별시 동작구 사당2동
동작구,사당동,라이즈1동,사당1동,동작구,사당2동,서울특별시 동작구 사당2동
동작구,사당동,라이즈2동,사당1동,동작구,사당2동,서울특별시 동작구 사당2동
동작구,사당동,래미안로이파크,사당1동,동작구,사당3동,서울특별시 동작구 사당3동
동작구,사당동,레디앙스,사당1동,동작구,사당5동,서울특별시 동작구 사당5동
동작구,사당동,롯데캐슬,사당1동,동작구,사당5동,서울특별시 동작구 사당5동
동작구,사당동,르메이에르,사당1동,동작구,사당1동,서울특별시 동작구 사당1동
동작구,사당동,반석블레스,사당1동,동작구,사당5동,서울특별시 동작구 사당5동
동작구,사당동,사당롯데캐슬2차,사당1동,동작구,사당3동,서울특별시 동작구 사당3동
동작구,사당동,사당롯데캐슬골든포레,사당1동,동작구,사당5동,서울특별시 동작구 사당5동
동작구,사당동,사당우성2,사당1동,동작구,사당2동,서울특별시 동작구 사당2동
동작구,사당동,사당우성3,사당1동,동작구,사당2동,서울특별시 동작구 사당2동
동작구,사당동,사당자이,사당1동,동작구,사당5동,서울특별시 동작구 사당5동
동작구,사당동,사당해그린,사당1동,동작구,사당5동,서울특별시 동작구 사당5동
동작구,사당동,사당휴먼시아,사당1동,동작구,사당4동,서울특별시 동작구 사당4동
동작구,사당동,사당휴브리지(206-127),사당1동,동작구,사당5동,서울특별시 동작구 사당5동
동작구,사당동,삼성,사당1동,동작구,사당3동,서울특별시 동작구 사당3동
동작구,사당동,삼성그린(205),사당1동,동작구,사당5동,서울특별시 동작구 사당5동
동작구,사당동,삼성그린101동,사당1동,동작구,사당5동,서울특별시 동작구 사당5동
동작구,사당동,삼성래미안,사당1동,동작구,사당3동,서울특별시 동작구 사당3동
동작구,사당동,삼성아파트,사당1동,동작구,사당2동,서울특별시 동작구 사당2동
동작구,사당동,삼성월드,사당1동,동작구,사당1동,서울특별시 동작구 사당1동
동작구,사당동,삼익그린뷰,사당1동,동작구,사당4동,서울특별시 동작구 사당4동
동작구,사당동,삼호그린,사당1동,동작구,사당5동,서울특별시 동작구 사당5동
동작구,사당동,세림아파트(43-71),사당1동,동작구,사당2동,서울특별시 동작구 사당2동
동작구,사당동,신동아4,사당1동,동작구,사당2동,서울특별시 동작구 사당2동
동작구,사당동,신동아5,사당1동,동작구,사당2동,서울특별시 동작구 사당2동
동작구,사당동,씨티뷰2차,사당1동,동작구,사당4동,서울특별시 동작구 사당4동
동작구,사당동,오림센트빌,사당1동,동작구,사당1동,서울특별시 동작구 사당1동
동작구,사당동,이너스내안애,사당1동,동작구,사당3동,서울특별시 동작구 사당3동
동작구,사당동,이수역리가,사당1동,동작구,사당3동,서울특별시 동작구 사당3동
동작구,사당동,이수자이,사당1동,동작구,사당1동,서울특별시 동작구 사당1동
동작구,사당동,이수푸르지오더프레티움,사당1동,동작구,사당2동,서울특별시 동작구 사당2동
동작구,사당동,이수프라자,사당1동,동작구,사당2동,서울특별시 동작구 사당2동
동작구,사당동,인정,사당1동,동작구,사당5동,서울특별시 동작구 사당5동
동작구,사당동,제일,사당1동,동작구,사당5동,서울특별시 동작구 사당5동
동작구,사당동,중앙아트,사당1동,동작구,사당5동,서울특별시 동작구 사당5동
동작구,사당동,진흥아리엘,사당1동,동작구,사당4동,서울특별시 동작구 사당4동
동작구,사당동,케이씨씨,사당1동,동작구,사당4동,서울특별시 동작구 사당4동
동작구,사당동,태천,사당1동,동작구,사당5동,서울특별시 동작구 사당5동
동작구,사당동,해맑은,사당1동,동작구,사당1동,서울특별시 동작구 사당1동
동작구,사당동,현대,사당1동,동작구,사당5동,서울특별시 동작구 사당5동
동작구,사당동,현대주택조합,사당1동,동작구,사당3동,서울특별시 동작구 사당3동
동작구,사당동,현대파크(아),사당1동,동작구,사당4동,서울특별시 동작구 사당4동
동작구,상도1동,노블리움,상도1동,동작구,상도1동,서울특별시 동작구 상도1동
동작구,상도1동,노블리움(466-0),상도1동,동작구,상도1동,서울특별시 동작구 상도1동
동작구,상도1동,대영테크빌,상도1동,동작구,상도1동,서울특별시 동작구 상도1동
동작구,상도1동,두이노블레스,상도1동,동작구,상도1동,서울특별시 동작구 상도1동
동작구,상도1동,방주샤인(428-7),상도1동,동작구,상도1동,서울특별시 동작구 상도1동
동작구,상도1동,백경,상도1동,동작구,상도1동,서울특별시 동작구 상도1동
동작구,상도1동,숭실그랜드,상도1동,동작구,상도1동,서울특별시 동작구 상도1동
동작구,상도1동,장원빌리지,상도1동,동작구,상도1동,서울특별시 동작구 상도1동
동작구,상도1동,평화그린,상도1동,동작구,상도1동,서울특별시 동작구 상도1동
동작구,상도1동,한주에코,상도1동,동작구,상도1동,서울특별시 동작구 상도1동
동작구,상도1동,현진베스트빌,상도1동,동작구,상도1동,서울특별시 동작구 상도1동
동작구,상도동,e편한세상상도노빌리티,상도1동,동작구,상도2동,서울특별시 동작구 상도2동
동작구,상도동,강남(488),상도1동,동작구,상도1동,서울특별시 동작구 상도1동
동작구,상도동,건영,상도1동,동작구,노량진1동,서울특별시 동작구 노량진1동
동작구,상도동,경향렉스빌,상도1동,동작구,상도4동,서울특별시 동작구 상도4동
동작구,상도동,남현그린,상도1동,동작구,상도4동,서울특별시 동작구 상도4동
동작구,상도동,다온아파트,상도1동,동작구,상도3동,서울특별시 동작구 상도3동
동작구,상도동,대동아파트,상도1동,동작구,노량진1동,서울특별시 동작구 노량진1동
동작구,상도동,대림(36-1),상도1동,동작구,상도1동,서울특별시 동작구 상도1동
동작구,상도동,대림아파트,상도1동,동작구,상도1동,서울특별시 동작구 상도1동
동작구,상도동,대우유로카운티,상도1동,동작구,상도2동,서울특별시 동작구 상도2동
동작구,상도동,동아,상도1동,동작구,상도4동,서울특별시 동작구 상도4동
동작구,상도동,동원베네스트,상도1동,동작구,상도2동,서울특별시 동작구 상도2동
동작구,상도동,두산위브트레지움2차,상도1동,동작구,상도2동,서울특별시 동작구 상도2동
동작구,상도동,드림캐슬타워,상도1동,동작구,상도4동,서울특별시 동작구 상도4동
동작구,상도동,래미안상도3차,상도1동,동작구,상도1동,서울특별시 동작구 상도1동
동작구,상도동,롯데캐슬비엔,상도1동,동작구,상도4동,서울특별시 동작구 상도4동
동작구,상도동,백촌빌라트,상도1동,동작구,상도1동,서울특별시 동작구 상도1동
동작구,상도동,삼성래미안2,상도1동,동작구,상도2동,서울특별시 동작구 상도2동
동작구,상도동,삼익,상도1동,동작구,상도4동,서울특별시 동작구 상도4동
동작구,상도동,삼환나우빌(520-0),상도1동,동작구,상도1동,서울특별시 동작구 상도1동
동작구,상도동,상도1차갑을명가,상도1동,동작구,상도3동,서울특별시 동작구 상도3동
동작구,상도동,상도2차갑을명가,상도1동,동작구,상도3동,서울특별시 동작구 상도3동
동작구,상도동,상도고구아파트,상도1동,동작구,상도1동,서울특별시 동작구 상도1동
동작구,상도동,상도더샵2차,상도1동,동작구,상도2동,서울특별시 동작구 상도2동
동작구,상도동,상도동래미안1차,상도1동,동작구,상도2동,서울특별시 동작구 상도2동
동작구,상도동,상도동삼호아파트,상도1동,동작구,상도1동,서울특별시 동작구 상도1동
동작구,상도동,상도두산위브,상도1동,동작구,상도2동,서울특별시 동작구 상도2동
동작구,상도동,상도역롯데캐슬파크엘,상도1동,동작구,상도2동,서울특별시 동작구 상도2동
동작구,상도동,상도타워A동,상도1동,동작구,상도3동,서울특별시 동작구 상도3동
동작구,상도동,상도타워B동,상도1동,동작구,상도4동,서울특별시 동작구 상도4동
동작구,상도동,상도파크자이,상도1동,동작구,상도2동,서울특별시 동작구 상도2동
동작구,상도동,상도팰리스,상도1동,동작구,상도1동,서울특별시 동작구 상도1동
동작구,상도동,상도푸르지오클라베뉴,상도1동,동작구,상도4동,서울특별시 동작구 상도4동
동작구,상도동,상도현대,상도1동,동작구,상도1동,서울특별시 동작구 상도1동
동작구,상도동,상도효성해링턴플레이스,상도1동,동작구,상도2동,서울특별시 동작구 상도2동
동작구,상도동,상도휴엔하임,상도1동,동작구,상도2동,서울특별시 동작구 상도2동
동작구,상도동,상진아파트,상도1동,동작구,상도3동,서울특별시 동작구 상도3동
동작구,상도동,샤인,상도1동,동작구,상도3동,서울특별시 동작구 상도3동
동작구,상도동,성대아파트,상도1동,동작구,상도4동,서울특별시 동작구 상도4동
동작구,상도동,성우2차아파트,상도1동,동작구,상도3동,서울특별시 동작구 상도3동
동작구,상도동,성우아파트,상도1동,동작구,상도3동,서울특별시 동작구 상도3동
동작구,상도동,세레노,상도1동,동작구,상도1동,서울특별시 동작구 상도1동
동작구,상도동,수정,상도1동,동작구,상도4동,서울특별시 동작구 상도4동
동작구,상도동,수정빌라트(56-45),상도1동,동작구,상도1동,서울특별시 동작구 상도1동
동작구,상도동,숭실골드,상도1동,동작구,상도1동,서울특별시 동작구 상도1동
동작구,상도동,숭실위드,상도1동,동작구,상도1동,서울특별시 동작구 상도1동
동작구,상도동,쌍용스윗닷홈,상도1동,동작구,상도3동,서울특별시 동작구 상도3동
동작구,상도동,씨티아모리움,상도1동,동작구,상도1동,서울특별시 동작구 상도1동
동작구,상도동,아이파크,상도1동,동작구,상도2동,서울특별시 동작구 상도2동
동작구,상도동,약수맨션,상도1동,동작구,상도4동,서울특별시 동작구 상도4동
동작구,상도동,오크밸리,상도1동,동작구,상도1동,서울특별시 동작구 상도1동
동작구,상도동,원아파트,상도1동,동작구,상도3동,서울특별시 동작구 상도3동
동작구,상도동,이수브라운스톤상도(527-0),상도1동,동작구,상도4동,서울특별시 동작구 상도4동
동작구,상도동,장승,상도1동,동작구,상도2동,서울특별시 동작구 상도2동
동작구,상도동,정호백경,상도1동,동작구,상도4동,서울특별시 동작구 상도4동
동작구,상도동,정호힐사이드,상도1동,동작구,상도1동,서울특별시 동작구 상도1동
동작구,상도동,종인아네스트,상도1동,동작구,상도1동,서울특별시 동작구 상도1동
동작구,상도동,종인아네스트(409-3),상도1동,동작구,상도1동,서울특별시 동작구 상도1동
동작구,상도동,중앙아파트,상도1동,동작구,상도1동,서울특별시 동작구 상도1동
동작구,상도동,중앙하이츠빌,상도1동,동작구,상도1동,서울특별시 동작구 상도1동
동작구,상도동,진성그린,상도1동,동작구,상도1동,서울특별시 동작구 상도1동
동작구,상도동,청운아파트,상도1동,동작구,상도3동,서울특별시 동작구 상도3동
동작구,상도동,초원,상도1동,동작구,상도4동,서울특별시 동작구 상도4동
동작구,상도동,태양아파트,상도1동,동작구,상도3동,서울특별시 동작구 상도3동
동작구,상도동,파크뷰아파트,상도1동,동작구,상도3동,서울특별시 동작구 상도3동
동작구,상도동,파크팰리스,상도1동,동작구,상도3동,서울특별시 동작구 상도3동
동작구,상도동,포스코더샵,상도1동,동작구,상도2동,서울특별시 동작구 상도2동
동작구,상도동,푸른솔,상도1동,동작구,상도1동,서울특별시 동작구 상도1동
동작구,상도동,한강리버힐B동,상도1동,동작구,노량진1동,서울특별시 동작구 노량진1동
동작구,상도동,현대(관악),상도1동,동작구,상도3동,서울특별시 동작구 상도3동
동작구,상도동,현대201동,상도1동,동작구,상도3동,서울특별시 동작구 상도3동
동작구,상도동,현산푸른숲,상도1동,동작구,상도4동,서울특별시 동작구 상도4동
동작구,상도동,힐스테이트 상도 센트럴파크,상도1동,동작구,상도1동,서울특별시 동작구 상도1동
동작구,상도동,힐스테이트 상도 프레스티지,상도1동,동작구,상도1동,서울특별시 동작구 상도1동
동작구,신대방동,경남교수,신대방1동,동작구,신대방1동,서울특별시 동작구 신대방1동
동작구,신대방동,골드타워,신대방1동,동작구,신대방2동,서울특별시 동작구 신대방2동
동작구,신대방동,뉴홍현,신대방1동,동작구,신대방2동,서울특별시 동작구 신대방2동
동작구,신대방동,동작상떼빌,신대방1동,동작구,신대방1동,서울특별시 동작구 신대방1동
동작구,신대방동,동작협성휴포레시그니처,신대방1동,동작구,신대방1동,서울특별시 동작구 신대방1동
동작구,신대방동,롯데관악타워,신대방1동,동작구,신대방2동,서울특별시 동작구 신대방2동
동작구,신대방동,롯데낙천대,신대방1동,동작구,신대방1동,서울특별시 동작구 신대방1동
동작구,신대방동,벽산,신대방1동,동작구,신대방2동,서울특별시 동작구 신대방2동
동작구,신대방동,보라매e편한세상,신대방1동,동작구,신대방2동,서울특별시 동작구 신대방2동
동작구,신대방동,보라매나산스위트,신대방1동,동작구,신대방2동,서울특별시 동작구 신대방2동
동작구,신대방동,보라매삼성쉐르빌,신대방1동,동작구,신대방2동,서울특별시 동작구 신대방2동
동작구,신대방동,보라매아카데미타워,신대방1동,동작구,신대방2동,서울특별시 동작구 신대방2동
동작구,신대방동,보라매우성,신대방1동,동작구,신대방2동,서울특별시 동작구 신대방2동
동작구,신대방동,보라매자이더포레스트,신대방1동,동작구,신대방2동,서울특별시 동작구 신대방2동
동작구,신대방동,보라매파크빌,신대방1동,동작구,신대방1동,서울특별시 동작구 신대방1동
동작구,신대방동,보라매현대,신대방1동,동작구,신대방2동,서울특별시 동작구 신대방2동
동작구,신대방동,삼성보라매옴니타워,신대방1동,동작구,신대방2동,서울특별시 동작구 신대방2동
동작구,신대방동,신대방,신대방1동,동작구,신대방1동,서울특별시 동작구 신대방1동
동작구,신대방동,신대방경남,신대방1동,동작구,신대방1동,서울특별시 동작구 신대방1동
동작구,신대방동,신동아,신대방1동,동작구,신대방2동,서울특별시 동작구 신대방2동
동작구,신대방동,신동아파밀리에,신대방1동,동작구,신대방1동,서울특별시 동작구 신대방1동
동작구,신대방동,엘리스,신대방1동,동작구,신대방2동,서울특별시 동작구 신대방2동
동작구,신대방동,우성1차,신대방1동,동작구,신대방1동,서울특별시 동작구 신대방1동
동작구,신대방동,우성2차,신대방1동,동작구,신대방1동,서울특별시 동작구 신대방1동
동작구,신대방동,캐릭터그린빌,신대방1동,동작구,신대방2동,서울특별시 동작구 신대방2동
동작구,신대방동,펭귄,신대방1동,동작구,신대방2동,서울특별시 동작구 신대방2동
동작구,신대방동,한성아파트,신대방1동,동작구,신대방2동,서울특별시 동작구 신대방2동
동작구,신대방동,해태보라매타워,신대방1동,동작구,신대방2동,서울특별시 동작구 신대방2동
동작구,신대방동,현대,신대방1동,동작구,신대방1동,서울특별시 동작구 신대방1동
동작구,신대방동,현진에버빌,신대방1동,동작구,신대방1동,서울특별시 동작구 신대방1동
동작구,흑석동,MARKHILLS,흑석동,동작구,흑석동,서울특별시 동작구 흑석동
동작구,흑석동,롯데캐슬에듀포레,흑석동,동작구,흑석동,서울특별시 동작구 흑석동
동작구,흑석동,명수대,흑석동,동작구,흑석동,서울특별시 동작구 흑석동
동작구,흑석동,명수대한양,흑석동,동작구,흑석동,서울특별시 동작구 흑석동
동작구,흑석동,명수대현대,흑석동,동작구,흑석동,서울특별시 동작구 흑석동
동작구,흑석동,아크로리버하임,흑석동,동작구,흑석동,서울특별시 동작구 흑석동
동작구,흑석동,우리유앤미,흑석동,동작구,흑석동,서울특별시 동작구 흑석동
동작구,흑석동,중앙궁전빌라트,흑석동,동작구,흑석동,서울특별시 동작구 흑석동
동작구,흑석동,청호,흑석동,동작구,흑석동,서울특별시 동작구 흑석동
동작구,흑석동,한강현대,흑석동,동작구,흑석동,서울특별시 동작구 흑석동
동작구,흑석동,한진리버타운,흑석동,동작구,흑석동,서울특별시 동작구 흑석동
동작구,흑석동,해가든,흑석동,동작구,흑석동,서울특별시 동작구 흑석동
동작구,흑석동,흑석동양아파트,흑석동,동작구,흑석동,서울특별시 동작구 흑석동
동작구,흑석동,흑석리버파크자이,흑석동,동작구,흑석동,서울특별시 동작구 흑석동
동작구,흑석동,흑석한강센트레빌,흑석동,동작구,흑석동,서울특별시 동작구 흑석동
동작구,흑석동,흑석한강센트레빌Ⅱ,흑석동,동작구,흑석동,서울특별시 동작구 흑석동
동작구,흑석동,흑석한강푸르지오,흑석동,동작구,흑석동,서울특별시 동작구 흑석동
마포구,공덕동,공덕1삼성래미안,공덕동,마포구,공덕동,서울특별시 마포구 공덕동
마포구,공덕동,공덕2삼성래미안,공덕동,마포구,공덕동,서울특별시 마포구 공덕동
마포구,공덕동,공덕3삼성래미안,공덕동,마포구,아현동,서울특별시 마포구 아현동
마포구,공덕동,공덕SK리더스뷰,공덕동,마포구,아현동,서울특별시 마포구 아현동
마포구,공덕동,공덕더샵,공덕동,마포구,아현동,서울특별시 마포구 아현동
마포구,공덕동,공덕스카이아파트,공덕동,마포구,공덕동,서울특별시 마포구 공덕동
마포구,공덕동,공덕파크자이,공덕동,마포구,염리동,서울특별시 마포구 염리동
마포구,공덕동,공덕헤리지움,공덕동,마포구,공덕동,서울특별시 마포구 공덕동
마포구,공덕동,공덕현대,공덕동,마포구,아현동,서울특별시 마포구 아현동
마포구,공덕동,두영이지안,공덕동,마포구,공덕동,서울특별시 마포구 공덕동
마포구,공덕동,래미안공덕4차,공덕동,마포구,아현동,서울특별시 마포구 아현동
마포구,공덕동,래미안공덕5차,공덕동,마포구,아현동,서울특별시 마포구 아현동
마포구,공덕동,로즈빌A,공덕동,마포구,공덕동,서울특별시 마포구 공덕동
마포구,공덕동,로즈빌B,공덕동,마포구,공덕동,서울특별시 마포구 공덕동
마포구,공덕동,롯데캐슬프레지던트,공덕동,마포구,아현동,서울특별시 마포구 아현동
마포구,공덕동,마포공덕파크팰리스Ⅱ,공덕동,마포구,아현동,서울특별시 마포구 아현동
마포구,공덕동,마포현대,공덕동,마포구,아현동,서울특별시 마포구 아현동
마포구,공덕동,솔리스타,공덕동,마포구,공덕동,서울특별시 마포구 공덕동
마포구,공덕동,한화꿈에그린,공덕동,마포구,공덕동,서울특별시 마포구 공덕동
마포구,공덕동,현대빌라,공덕동,마포구,성산1동,서울특별시 마포구 성산1동
마포구,공덕동,효창그린아파트,공덕동,마포구,공덕동,서울특별시 마포구 공덕동
마포구,구수동,영풍,신수동,마포구,신수동,서울특별시 마포구 신수동
마포구,노고산동,신촌다올노블리움,대흥동,마포구,대흥동,서울특별시 마포구 대흥동
마포구,노고산동,신촌포스빌,대흥동,마포구,대흥동,서울특별시 마포구 대흥동
마포구,노고산동,현대벤처빌,대흥동,마포구,대흥동,서울특별시 마포구 대흥동
마포구,대흥동,대흥동세양,대흥동,마포구,용강동,서울특별시 마포구 용강동
마포구,대흥동,대흥동태영아파트,대흥동,마포구,용강동,서울특별시 마포구 용강동
마포구,대흥동,동양엔파트,대흥동,마포구,대흥동,서울특별시 마포구 대흥동
마포구,대흥동,마포그랑자이,대흥동,마포구,대흥동,서울특별시 마포구 대흥동
마포구,대흥동,마포그랑자이(2단지),대흥동,마포구,대흥동,서울특별시 마포구 대흥동
마포구,대흥동,마포자이2차,대흥동,마포구,대흥동,서울특별시 마포구 대흥동
마포구,대흥동,서희스타힐스,대흥동,마포구,대흥동,서울특별시 마포구 대흥동
마포구,대흥동,성신,대흥동,마포구,대흥동,서울특별시 마포구 대흥동
마포구,도화동,고려,도화동,마포구,도화동,서울특별시 마포구 도화동
마포구,도화동,도화동현대,도화동,마포구,도화동,서울특별시 마포구 도화동
마포구,도화동,도화현대,도화동,마포구,도화동,서울특별시 마포구 도화동
마포구,도화동,마포동원베네스트,도화동,마포구,도화동,서울특별시 마포구 도화동
마포구,도화동,마포아크로타워,도화동,마포구,도화동,서울특별시 마포구 도화동
마포구,도화동,마포트라팰리스,도화동,마포구,용강동,서울특별시 마포구 용강동
마포구,도화동,삼성,도화동,마포구,도화동,서울특별시 마포구 도화동
마포구,도화동,성지,도화동,마포구,용강동,서울특별시 마포구 용강동
마포구,도화동,우성,도화동,마포구,도화동,서울특별시 마포구 도화동
마포구,도화동,정우상가맨션,도화동,마포구,용강동,서울특별시 마포구 용강동
마포구,도화동,한화오벨리스크,도화동,마포구,용강동,서울특별시 마포구 용강동
마포구,도화동,현대예술아파트,도화동,마포구,도화동,서울특별시 마포구 도화동
마포구,도화동,현대홈타운,도화동,마포구,도화동,서울특별시 마포구 도화동
마포구,동교동,광남벨라스1동,서교동,마포구,서교동,서울특별시 마포구 서교동
마포구,동교동,광남벨라스2동,서교동,마포구,서교동,서울특별시 마포구 서교동
마포구,마포동,강변한신코아,도화동,마포구,도화동,서울특별시 마포구 도화동
마포구,마포동,마포쌍용황금아파트,도화동,마포구,도화동,서울특별시 마포구 도화동
마포구,마포동,보성,도화동,마포구,도화동,서울특별시 마포구 도화동
마포구,마포동,비체힐리버뷰,도화동,마포구,도화동,서울특별시 마포구 도화동
마포구,망원동,강림스위트빌,망원1동,마포구,망원2동,서울특별시 마포구 망원2동
마포구,망원동,강변타운,망원1동,마포구,망원1동,서울특별시 마포구 망원1동
마포구,망원동,광남캐스빌,망원1동,마포구,망원2동,서울특별시 마포구 망원2동
마포구,망원동,광남캐스빌A,망원1동,마포구,망원2동,서울특별시 마포구 망원2동
마포구,망원동,광남캐스빌B,망원1동,마포구,망원2동,서울특별시 마포구 망원2동
마포구,망원동,광남캐스빌D,망원1동,마포구,망원2동,서울특별시 마포구 망원2동
마포구,망원동,그린월드,망원1동,마포구,망원2동,서울특별시 마포구 망원2동
마포구,망원동,길명1차아파트,망원1동,마포구,망원1동,서울특별시 마포구 망원1동
마포구,망원동,길명2차(455-4),망원1동,마포구,망원1동,서울특별시 마포구 망원1동
마포구,망원동,노아아크빌,망원1동,마포구,망원2동,서울특별시 마포구 망원2동
마포구,망원동,뉴서울,망원1동,마포구,망원1동,서울특별시 마포구 망원1동
마포구,망원동,뉴성신아파트,망원1동,마포구,망원2동,서울특별시 마포구 망원2동
마포구,망원동,대림1,망원1동,마포구,망원1동,서울특별시 마포구 망원1동
마포구,망원동,대림2,망원1동,마포구,망원2동,서울특별시 마포구 망원2동
마포구,망원동,대상3,망원1동,마포구,망원2동,서울특별시 마포구 망원2동
마포구,망원동,대상4,망원1동,마포구,망원2동,서울특별시 마포구 망원2동
마포구,망원동,대성1,망원1동,양천구,목5동,서울특별시 양천구 목5동
마포구,망원동,대성2,망원1동,마포구,망원2동,서울특별시 마포구 망원2동
마포구,망원동,동보프리미아,망원1동,마포구,망원2동,서울특별시 마포구 망원2동
마포구,망원동,두영이지안,망원1동,마포구,망원2동,서울특별시 마포구 망원2동
마포구,망원동,리버뷰,망원1동,마포구,망원1동,서울특별시 마포구 망원1동
마포구,망원동,리츠,망원1동,마포구,망원2동,서울특별시 마포구 망원2동
마포구,망원동,마포월드컵제이스카이,망원1동,마포구,망원2동,서울특별시 마포구 망원2동
마포구,망원동,마포한강아이파크,망원1동,마포구,망원1동,서울특별시 마포구 망원1동
마포구,망원동,마포한강제이스카이,망원1동,마포구,망원2동,서울특별시 마포구 망원2동
마포구,망원동,망원동동원데쟈뷰,망원1동,마포구,망원2동,서울특별시 마포구 망원2동
마포구,망원동,목화,망원1동,마포구,망원2동,서울특별시 마포구 망원2동
마포구,망원동,몬드리안,망원1동,마포구,망원2동,서울특별시 마포구 망원2동
마포구,망원동,미원1,망원1동,마포구,망원2동,서울특별시 마포구 망원2동
마포구,망원동,미원2,망원1동,마포구,망원2동,서울특별시 마포구 망원2동
마포구,망원동,삼성화원,망원1동,마포구,망원1동,서울특별시 마포구 망원1동
마포구,망원동,삼우월드,망원1동,마포구,망원1동,서울특별시 마포구 망원1동
마포구,망원동,삼우하이뷰,망원1동,마포구,망원1동,서울특별시 마포구 망원1동
마포구,망원동,삼화아크빌(470-2),망원1동,마포구,망원2동,서울특별시 마포구 망원2동
마포구,망원동,삼화아크빌(470-39),망원1동,마포구,망원2동,서울특별시 마포구 망원2동
마포구,망원동,상암마젤란21,망원1동,마포구,망원2동,서울특별시 마포구 망원2동
마포구,망원동,성신,망원1동,마포구,망원2동,서울특별시 마포구 망원2동
마포구,망원동,성원1,망원1동,마포구,성산2동,서울특별시 마포구 성산2동
마포구,망원동,성원2,망원1동,마포구,성산2동,서울특별시 마포구 성산2동
마포구,망원동,세광,망원1동,마포구,망원2동,서울특별시 마포구 망원2동
마포구,망원동,솔루체,망원1동,마포구,망원2동,서울특별시 마포구 망원2동
마포구,망원동,솔루체2차아파트,망원1동,마포구,망원2동,서울특별시 마포구 망원2동
마포구,망원동,송주보르미타운,망원1동,마포구,망원2동,서울특별시 마포구 망원2동
마포구,망원동,스카이캐슬,망원1동,마포구,망원2동,서울특별시 마포구 망원2동
마포구,망원동,시티,망원1동,마포구,망원1동,서울특별시 마포구 망원1동
마포구,망원동,신부,망원1동,마포구,망원2동,서울특별시 마포구 망원2동
마포구,망원동,신부3차파스카,망원1동,마포구,망원2동,서울특별시 마포구 망원2동
마포구,망원동,신부파스카4차,망원1동,마포구,망원2동,서울특별시 마포구 망원2동
마포구,망원동,신부파스카5차,망원1동,마포구,망원2동,서울특별시 마포구 망원2동
마포구,망원동,영화블렌하임,망원1동,마포구,망원2동,서울특별시 마포구 망원2동
마포구,망원동,예지안파크뷰,망원1동,마포구,망원2동,서울특별시 마포구 망원2동
마포구,망원동,예향,망원1동,마포구,망원1동,서울특별시 마포구 망원1동
마포구,망원동,우림루미아트,망원1동,마포구,망원2동,서울특별시 마포구 망원2동
마포구,망원동,참존1차(419-3),망원1동,마포구,망원2동,서울특별시 마포구 망원2동
마포구,망원동,참존2차(101동),망원1동,마포구,망원1동,서울특별시 마포구 망원1동
마포구,망원동,참존2차(102동),망원1동,마포구,망원1동,서울특별시 마포구 망원1동
마포구,망원동,천우,망원1동,마포구,망원2동,서울특별시 마포구 망원2동
마포구,망원동,청화,망원1동,마포구,망원2동,서울특별시 마포구 망원2동
마포구,망원동,크라운빌,망원1동,마포구,망원1동,서울특별시 마포구 망원1동
마포구,망원동,탑건진선미,망원1동,마포구,망원2동,서울특별시 마포구 망원2동
마포구,망원동,태경크레앙스(101동),망원1동,마포구,망원1동,서울특별시 마포구 망원1동
마포구,망원동,태경크레앙스(102동),망원1동,마포구,망원1동,서울특별시 마포구 망원1동
마포구,망원동,태영,망원1동,마포구,망원2동,서울특별시 마포구 망원2동
마포구,망원동,태청,망원1동,마포구,망원1동,서울특별시 마포구 망원1동
마포구,망원동,한강1차대주피오레,망원1동,마포구,망원2동,서울특별시 마포구 망원2동
마포구,망원동,한강2차대주피오레,망원1동,마포구,망원1동,서울특별시 마포구 망원1동
마포구,망원동,한강그린1차아파트,망원1동,마포구,망원1동,서울특별시 마포구 망원1동
마포구,망원동,한강로얄스위트,망원1동,마포구,망원1동,서울특별시 마포구 망원1동
마포구,망원동,한강월드컵,망원1동,마포구,망원2동,서울특별시 마포구 망원2동
마포구,망원동,함성드림빌,망원1동,마포구,망원2동,서울특별시 마포구 망원2동
마포구,망원동,함성백합,망원1동,마포구,망원2동,서울특별시 마포구 망원2동
마포구,망원동,함성월드빌,망원1동,마포구,망원1동,서울특별시 마포구 망원1동
마포구,망원동,함성월드빌2차,망원1동,마포구,망원1동,서울특별시 마포구 망원1동
마포구,망원동,함성월드빌3차301동,망원1동,마포구,망원2동,서울특별시 마포구 망원2동
마포구,망원동,해오름,망원1동,마포구,망원2동,서울특별시 마포구 망원2동
마포구,망원동,해오름2차,망원1동,마포구,망원1동,서울특별시 마포구 망원1동
마포구,망원동,현대그린,망원1동,마포구,망원2동,서울특별시 마포구 망원2동
마포구,망원동,현대리버빌,망원1동,마포구,망원1동,서울특별시 마포구 망원1동
마포구,망원동,현진에버빌2,망원1동,마포구,망원1동,서울특별시 마포구 망원1동
마포구,망원동,휴먼빌,망원1동,마포구,망원2동,서울특별시 마포구 망원2동
마포구,상수동,래미안밤섬리베뉴Ⅰ,서강동,마포구,서강동,서울특별시 마포구 서강동
마포구,상수동,래미안밤섬리베뉴Ⅱ,서강동,마포구,서강동,서울특별시 마포구 서강동
마포구,상수동,밤섬리버베르빌,서강동,마포구,서강동,서울특별시 마포구 서강동
마포구,상수동,밤섬리오팰리스,서강동,마포구,서강동,서울특별시 마포구 서강동
마포구,상수동,상수동월드메르디앙,서강동,마포구,서강동,서울특별시 마포구 서강동
마포구,상수동,상수두산위브,서강동,마포구,서강동,서울특별시 마포구 서강동
마포구,상수동,신구강변연가,서강동,마포구,서강동,서울특별시 마포구 서강동
마포구,상암동,DMC상암센트럴파크1단지,상암동,마포구,상암동,서울특별시 마포구 상암동
마포구,상암동,DMC상암센트럴파크2단지,상암동,마포구,상암동,서울특별시 마포구 상암동
마포구,상암동,상암월드컵파크10단지,상암동,마포구,상암동,서울특별시 마포구 상암동
마포구,상암동,상암월드컵파크11단지,상암동,마포구,상암동,서울특별시 마포구 상암동
마포구,상암동,상암월드컵파크12단지,상암동,마포구,상암동,서울특별시 마포구 상암동
마포구,상암동,상암월드컵파크2단지,상암동,마포구,상암동,서울특별시 마포구 상암동
마포구,상암동,상암월드컵파크3단지,상암동,마포구,상암동,서울특별시 마포구 상암동
마포구,상암동,상암월드컵파크4단지,상암동,마포구,상암동,서울특별시 마포구 상암동
마포구,상암동,상암월드컵파크5단지,상암동,마포구,상암동,서울특별시 마포구 상암동
마포구,상암동,상암월드컵파크6단지,상암동,마포구,상암동,서울특별시 마포구 상암동
마포구,상암동,상암월드컵파크7단지,상암동,마포구,상암동,서울특별시 마포구 상암동
마포구,상암동,상암월드컵파크9단지,상암동,마포구,상암동,서울특별시 마포구 상암동
마포구,상암동,예인하우스,상암동,마포구,상암동,서울특별시 마포구 상암동
마포구,서교동,광남벨라스(1차),서교동,마포구,서교동,서울특별시 마포구 서교동
마포구,서교동,광남벨라스2차,서교동,마포구,서교동,서울특별시 마포구 서교동
마포구,서교동,광남푸른마을,서교동,마포구,서교동,서울특별시 마포구 서교동
마포구,서교동,기정MAY(247-112),서교동,마포구,서교동,서울특별시 마포구 서교동
마포구,서교동,기정MAY(247-28),서교동,마포구,서교동,서울특별시 마포구 서교동
마포구,서교동,대아,서교동,마포구,서교동,서울특별시 마포구 서교동
마포구,서교동,대우미래사랑,서교동,마포구,서교동,서울특별시 마포구 서교동
마포구,서교동,대운,서교동,마포구,서교동,서울특별시 마포구 서교동
마포구,서교동,메세나폴리스,서교동,마포구,서교동,서울특별시 마포구 서교동
마포구,서교동,삼익플라주서교1,서교동,마포구,서교동,서울특별시 마포구 서교동
마포구,서교동,서교푸르지오,서교동,마포구,서교동,서울특별시 마포구 서교동
마포구,서교동,센트레,서교동,마포구,서교동,서울특별시 마포구 서교동
마포구,서교동,신세계드림빌,서교동,마포구,서교동,서울특별시 마포구 서교동
마포구,서교동,에덴지우,서교동,마포구,서교동,서울특별시 마포구 서교동
마포구,서교동,엘림,서교동,마포구,서교동,서울특별시 마포구 서교동
마포구,서교동,엠제이더퍼스트홍대,서교동,마포구,서교동,서울특별시 마포구 서교동
마포구,서교동,청기와,서교동,마포구,서교동,서울특별시 마포구 서교동
마포구,서교동,함성참좋은,서교동,마포구,서교동,서울특별시 마포구 서교동
마포구,성산동,골든빌(210-10),성산1동,마포구,성산1동,서울특별시 마포구 성산1동
마포구,성산동,골든빌3차,성산1동,마포구,성산1동,서울특별시 마포구 성산1동
마포구,성산동,골든빌6차,성산1동,마포구,성산1동,서울특별시 마포구 성산1동
마포구,성산동,그레이스,성산1동,마포구,성산1동,서울특별시 마포구 성산1동
마포구,성산동,대원,성산1동,마포구,성산1동,서울특별시 마포구 성산1동
마포구,성산동,라인성서,성산1동,마포구,성산1동,서울특별시 마포구 성산1동
마포구,성산동,만민하늘애,성산1동,마포구,연남동,서울특별시 마포구 연남동
마포구,성산동,반트,성산1동,마포구,성산1동,서울특별시 마포구 성산1동
마포구,성산동,벨로스,성산1동,마포구,성산1동,서울특별시 마포구 성산1동
마포구,성산동,보영퍼팩트,성산1동,마포구,성산1동,서울특별시 마포구 성산1동
마포구,성산동,부림베스트빌,성산1동,마포구,성산1동,서울특별시 마포구 성산1동
마포구,성산동,삼우캐슬,성산1동,마포구,성산1동,서울특별시 마포구 성산1동
마포구,성산동,삼익플라주서교2차,성산1동,마포구,성산1동,서울특별시 마포구 성산1동
마포구,성산동,삼호빌라트,성산1동,마포구,성산1동,서울특별시 마포구 성산1동
마포구,성산동,상인파크빌,성산1동,마포구,성산1동,서울특별시 마포구 성산1동
마포구,성산동,성사1차풍림아파트101동,성산1동,마포구,성산2동,서울특별시 마포구 성산2동
마포구,성산동,성산2차e-편한세상,성산1동,마포구,성산2동,서울특별시 마포구 성산2동
마포구,성산동,성산동성,성산1동,마포구,성산2동,서울특별시 마포구 성산2동
마포구,성산동,성산동자담이움아파트,성산1동,마포구,성산1동,서울특별시 마포구 성산1동
마포구,성산동,성산시영(대우),성산1동,마포구,성산2동,서울특별시 마포구 성산2동
마포구,성산동,성산시영(선경),성산1동,마포구,성산2동,서울특별시 마포구 성산2동
마포구,성산동,성산시영(유원),성산1동,마포구,성산2동,서울특별시 마포구 성산2동
마포구,성산동,성산월드타운대림,성산1동,마포구,성산2동,서울특별시 마포구 성산2동
마포구,성산동,성산힐아파트,성산1동,마포구,성산1동,서울특별시 마포구 성산1동
마포구,성산동,성일빌딩,성산1동,마포구,성산1동,서울특별시 마포구 성산1동
마포구,성산동,세원,성산1동,마포구,성산2동,서울특별시 마포구 성산2동
마포구,성산동,엘지(214-15),성산1동,마포구,성산1동,서울특별시 마포구 성산1동
마포구,성산동,엘지(214-70),성산1동,마포구,성산1동,서울특별시 마포구 성산1동
마포구,성산동,예림아너스,성산1동,마포구,성산1동,서울특별시 마포구 성산1동
마포구,성산동,월드,성산1동,마포구,성산2동,서울특별시 마포구 성산2동
마포구,성산동,월드컵아이파크(666-0),성산1동,마포구,성산2동,서울특별시 마포구 성산2동
마포구,성산동,월드컵아이파크(667),성산1동,마포구,성산2동,서울특별시 마포구 성산2동
마포구,성산동,유안,성산1동,마포구,성산1동,서울특별시 마포구 성산1동
마포구,성산동,한림101동,성산1동,마포구,성산2동,서울특별시 마포구 성산2동
마포구,성산동,한림201동,성산1동,마포구,성산2동,서울특별시 마포구 성산2동
마포구,성산동,해피존,성산1동,마포구,성산1동,서울특별시 마포구 성산1동
마포구,성산동,해피존2,성산1동,마포구,성산1동,서울특별시 마포구 성산1동
마포구,성산동,현대하이츠아파트,성산1동,마포구,성산1동,서울특별시 마포구 성산1동
마포구,신공덕동,kcc웰츠,공덕동,마포구,공덕동,서울특별시 마포구 공덕동
마포구,신공덕동,공덕아이파크,공덕동,마포구,공덕동,서울특별시 마포구 공덕동
마포구,신공덕동,공덕프로포즈Ⅱ,공덕동,마포구,공덕동,서울특별시 마포구 공덕동
마포구,신공덕동,대우메트로디오빌,공덕동,마포구,공덕동,서울특별시 마포구 공덕동
마포구,신공덕동,대우월드마크마포,공덕동,마포구,공덕동,서울특별시 마포구 공덕동
마포구,신공덕동,브라운스톤공덕아파트,공덕동,마포구,공덕동,서울특별시 마포구 공덕동
마포구,신공덕동,블레스하임,공덕동,마포구,공덕동,서울특별시 마포구 공덕동
마포구,신공덕동,신공덕1차삼성래미안1아파트,공덕동,마포구,공덕동,서울특별시 마포구 공덕동
마포구,신공덕동,신공덕e편한세상,공덕동,마포구,공덕동,서울특별시 마포구 공덕동
마포구,신공덕동,신공덕래미안2차,공덕동,마포구,공덕동,서울특별시 마포구 공덕동
마포구,신공덕동,신공덕래미안3차,공덕동,마포구,공덕동,서울특별시 마포구 공덕동
마포구,신공덕동,펜트라우스,공덕동,마포구,공덕동,서울특별시 마포구 공덕동
마포구,신수동,(91-511),신수동,마포구,대흥동,서울특별시 마포구 대흥동
마포구,신수동,경남아너스빌,신수동,마포구,신수동,서울특별시 마포구 신수동
마포구,신수동,대원칸타빌,신수동,마포구,신수동,서울특별시 마포구 신수동
마포구,신수동,마포경남아너스빌,신수동,마포구,신수동,서울특별시 마포구 신수동
마포구,신수동,밤섬경남아너스빌,신수동,마포구,신수동,서울특별시 마포구 신수동
마포구,신수동,벽산솔렌스힐,신수동,마포구,신수동,서울특별시 마포구 신수동
마포구,신수동,세양청마루,신수동,마포구,신수동,서울특별시 마포구 신수동
마포구,신수동,신수동르끌레브아파트,신수동,마포구,신수동,서울특별시 마포구 신수동
마포구,신수동,신수동성원,신수동,마포구,신수동,서울특별시 마포구 신수동
마포구,신수동,신촌삼익,신수동,마포구,신수동,서울특별시 마포구 신수동
마포구,신수동,신촌숲아이파크,신수동,마포구,신수동,서울특별시 마포구 신수동
마포구,신수동,하나테크노빌,신수동,마포구,대흥동,서울특별시 마포구 대흥동
마포구,신수동,현대,신수동,마포구,신수동,서울특별시 마포구 신수동
마포구,신정동,서강GS,신수동,마포구,신수동,서울특별시 마포구 신수동
마포구,신정동,씨제이리버힐,신수동,마포구,신수동,서울특별시 마포구 신수동
마포구,아현동,공덕자이,아현동,마포구,공덕동,서울특별시 마포구 공덕동
마포구,아현동,더클래시,아현동,마포구,아현동,서울특별시 마포구 아현동
마포구,아현동,마포래미안푸르지오1단지,아현동,마포구,아현동,서울특별시 마포구 아현동
마포구,아현동,마포래미안푸르지오2단지,아현동,마포구,아현동,서울특별시 마포구 아현동
마포구,아현동,마포래미안푸르지오3단지,아현동,마포구,아현동,서울특별시 마포구 아현동
마포구,아현동,마포래미안푸르지오4단지,아현동,마포구,아현동,서울특별시 마포구 아현동
마포구,아현동,마포센트럴 아이파크,아현동,마포구,공덕동,서울특별시 마포구 공덕동
마포구,아현동,마포트라팰리스2차,아현동,마포구,아현동,서울특별시 마포구 아현동
마포구,아현동,마포푸르지오더센트럴,아현동,마포구,아현동,서울특별시 마포구 아현동
마포구,아현동,삼환나띠르빌,아현동,마포구,아현동,서울특별시 마포구 아현동
마포구,아현동,서서울삼성,아현동,마포구,공덕동,서울특별시 마포구 공덕동
마포구,아현동,애오개아이파크,아현동,마포구,아현동,서울특별시 마포구 아현동
마포구,아현동,예미원,아현동,마포구,공덕동,서울특별시 마포구 공덕동
마포구,아현동,혜성,아현동,마포구,용강동,서울특별시 마포구 용강동
마포구,연남동,광남벨라스(VALLACE),연남동,마포구,연남동,서울특별시 마포구 연남동
마포구,연남동,노블레스(249-12),연남동,마포구,연남동,서울특별시 마포구 연남동
마포구,연남동,노블레스빌(246-1),연남동,마포구,연남동,서울특별시 마포구 연남동
마포구,연남동,노블레스빌2,연남동,마포구,연남동,서울특별시 마포구 연남동
마포구,연남동,노블레스빌3,연남동,마포구,연남동,서울특별시 마포구 연남동
마포구,연남동,대명,연남동,마포구,연남동,서울특별시 마포구 연남동
마포구,연남동,리츠,연남동,마포구,연남동,서울특별시 마포구 연남동
마포구,연남동,무지개에이,연남동,마포구,연남동,서울특별시 마포구 연남동
마포구,연남동,새마을,연남동,마포구,연남동,서울특별시 마포구 연남동
마포구,연남동,서암,연남동,마포구,연남동,서울특별시 마포구 연남동
마포구,연남동,엘르빌,연남동,마포구,연남동,서울특별시 마포구 연남동
마포구,연남동,엘르빌2,연남동,마포구,연남동,서울특별시 마포구 연남동
마포구,연남동,청기와,연남동,마포구,연남동,서울특별시 마포구 연남동
마포구,연남동,코오롱,연남동,마포구,연남동,서울특별시 마포구 연남동
마포구,연남동,홍익하이빌,연남동,마포구,연남동,서울특별시 마포구 연남동
마포구,연남동,휴먼,연남동,마포구,연남동,서울특별시 마포구 연남동
마포구,염리동,마포자이,염리동,마포구,염리동,서울특별시 마포구 염리동
마포구,염리동,마포자이더센트리지(102동~112동),염리동,마포구,염리동,서울특별시 마포구 염리동
마포구,염리동,마포프레스티지자이,염리동,마포구,염리동,서울특별시 마포구 염리동
마포구,염리동,상록,염리동,마포구,염리동,서울특별시 마포구 염리동
마포구,염리동,염리동세양청마루아파트101동,염리동,마포구,용강동,서울특별시 마포구 용강동
마포구,염리동,염리삼성래미안,염리동,마포구,염리동,서울특별시 마포구 염리동
마포구,염리동,우공,염리동,마포구,염리동,서울특별시 마포구 염리동
마포구,염리동,우리파크아파트,염리동,마포구,염리동,서울특별시 마포구 염리동
마포구,염리동,유풍,염리동,마포구,염리동,서울특별시 마포구 염리동
마포구,염리동,중앙하이츠,염리동,마포구,염리동,서울특별시 마포구 염리동
마포구,용강동,대림2차,용강동,마포구,용강동,서울특별시 마포구 용강동
마포구,용강동,대호강변,용강동,마포구,용강동,서울특별시 마포구 용강동
마포구,용강동,두영,용강동,마포구,용강동,서울특별시 마포구 용강동
마포구,용강동,래미안마포리버웰,용강동,마포구,용강동,서울특별시 마포구 용강동
마포구,용강동,마포대림1,용강동,마포구,망원1동,서울특별시 마포구 망원1동
마포구,용강동,마포용강삼성래미안,용강동,마포구,용강동,서울특별시 마포구 용강동
마포구,용강동,이편한세상마포리버파크,용강동,마포구,용강동,서울특별시 마포구 용강동
마포구,중동,DMC마포청구아파트,성산2동,마포구,성산2동,서울특별시 마포구 성산2동
마포구,중동,강림월드타운,성산2동,마포구,성산2동,서울특별시 마포구 성산2동
마포구,중동,건영월드컵,성산2동,마포구,성산2동,서울특별시 마포구 성산2동
마포구,중동,동원월드타운,성산2동,마포구,성산2동,서울특별시 마포구 성산2동
마포구,중동,마포중동현대,성산2동,마포구,성산2동,서울특별시 마포구 성산2동
마포구,중동,백명TRENDYAPT,성산2동,마포구,성산2동,서울특별시 마포구 성산2동
마포구,중동,수풍,성산2동,마포구,성산2동,서울특별시 마포구 성산2동
마포구,중동,예원,성산2동,마포구,성산2동,서울특별시 마포구 성산2동
마포구,중동,울트라월드컵(참누리),성산2동,마포구,성산2동,서울특별시 마포구 성산2동
마포구,중동,중동계룡아파트,성산2동,마포구,성산2동,서울특별시 마포구 성산2동
마포구,중동,현대,성산2동,마포구,성산2동,서울특별시 마포구 성산2동
마포구,창전동,대원파크빌,서강동,마포구,서강동,서울특별시 마포구 서강동
마포구,창전동,마포웨스트리버태영데시앙,서강동,마포구,서강동,서울특별시 마포구 서강동
마포구,창전동,서강예가,서강동,마포구,서강동,서울특별시 마포구 서강동
마포구,창전동,서강오벨리스크스위트,서강동,마포구,서강동,서울특별시 마포구 서강동
마포구,창전동,신촌금호,서강동,마포구,서강동,서울특별시 마포구 서강동
마포구,창전동,신촌태영데시앙,서강동,마포구,서강동,서울특별시 마포구 서강동
마포구,창전동,중앙하이츠101동,서강동,마포구,서강동,서울특별시 마포구 서강동
마포구,창전동,중앙하이츠102동,서강동,마포구,서강동,서울특별시 마포구 서강동
마포구,창전동,중앙하이츠103동,서강동,마포구,서강동,서울특별시 마포구 서강동
마포구,창전동,중앙하이츠104동,서강동,마포구,서강동,서울특별시 마포구 서강동
마포구,창전동,창전동현대홈타운,서강동,마포구,서강동,서울특별시 마포구 서강동
마포구,창전동,창전래미안,서강동,마포구,서강동,서울특별시 마포구 서강동
마포구,창전동,창전쌍용스윗닷홈,서강동,마포구,서강동,서울특별시 마포구 서강동
마포구,창전동,해모로,서강동,마포구,서강동,서울특별시 마포구 서강동
마포구,토정동,한강삼성,용강동,마포구,용강동,서울특별시 마포구 용강동
마포구,하중동,한강밤섬자이,서강동,마포구,서강동,서울특별시 마포구 서강동
마포구,합정동,KCC엠파이어리버,합정동,마포구,합정동,서울특별시 마포구 합정동
마포구,합정동,그레이스,합정동,마포구,합정동,서울특별시 마포구 합정동
마포구,합정동,그레이스3차,합정동,마포구,합정동,서울특별시 마포구 합정동
마포구,합정동,대운,합정동,마포구,합정동,서울특별시 마포구 합정동
마포구,합정동,대운행복,합정동,마포구,합정동,서울특별시 마포구 합정동
마포구,합정동,두레,합정동,마포구,합정동,서울특별시 마포구 합정동
마포구,합정동,두영이지안,합정동,마포구,합정동,서울특별시 마포구 합정동
마포구,합정동,두영이지안101동,합정동,마포구,합정동,서울특별시 마포구 합정동
마포구,합정동,두영이지안102동,합정동,마포구,합정동,서울특별시 마포구 합정동
마포구,합정동,리버아인,합정동,마포구,합정동,서울특별시 마포구 합정동
마포구,합정동,마포한강2차푸르지오,합정동,마포구,합정동,서울특별시 마포구 합정동
마포구,합정동,마포한강푸르지오,합정동,마포구,합정동,서울특별시 마포구 합정동
마포구,합정동,백운,합정동,마포구,합정동,서울특별시 마포구 합정동
마포구,합정동,삼성강변,합정동,마포구,합정동,서울특별시 마포구 합정동
마포구,합정동,에덴지우,합정동,마포구,합정동,서울특별시 마포구 합정동
마포구,합정동,일신건영휴먼빌아파트,합정동,마포구,합정동,서울특별시 마포구 합정동
마포구,합정동,장미(466-0),합정동,마포구,서강동,서울특별시 마포구 서강동
마포구,합정동,정원쉐르빌,합정동,마포구,합정동,서울특별시 마포구 합정동
마포구,합정동,펠리스아트빌,합정동,마포구,합정동,서울특별시 마포구 합정동
마포구,합정동,한강그린2차,합정동,마포구,합정동,서울특별시 마포구 합정동
마포구,합정동,한강동원아파트,합정동,마포구,합정동,서울특별시 마포구 합정동
마포구,합정동,한국프라우드,합정동,마포구,합정동,서울특별시 마포구 합정동
마포구,합정동,합정한강아파트,합정동,마포구,합정동,서울특별시 마포구 합정동
마포구,합정동,현대하이츠,합정동,마포구,합정동,서울특별시 마포구 합정동
마포구,현석동,강변힐스테이트,신수동,마포구,신수동,서울특별시 마포구 신수동
마포구,현석동,래미안웰스트림,신수동,마포구,신수동,서울특별시 마포구 신수동
마포구,현석동,반도유보라아일랜드,신수동,마포구,신수동,서울특별시 마포구 신수동
마포구,현석동,밤섬예가클래식,신수동,마포구,신수동,서울특별시 마포구 신수동
마포구,현석동,밤섬힐스테이트,신수동,마포구,신수동,서울특별시 마포구 신수동
서대문구,남가좌동,DMC금호리첸시아,남가좌1동,서대문구,남가좌1동,서울특별시 서대문구 남가좌1동
서대문구,남가좌동,DMC래미안클라시스,남가좌1동,서대문구,남가좌2동,서울특별시 서대문구 남가좌2동
서대문구,남가좌동,DMC센트럴아이파크,남가좌1동,서대문구,남가좌2동,서울특별시 서대문구 남가좌2동
서대문구,남가좌동,DMC센트레빌,남가좌1동,서대문구,남가좌2동,서울특별시 서대문구 남가좌2동
서대문구,남가좌동,DMC에코자이,남가좌1동,서대문구,남가좌2동,서울특별시 서대문구 남가좌2동
서대문구,남가좌동,DMC파크뷰자이1단지,남가좌1동,서대문구,남가좌1동,서울특별시 서대문구 남가좌1동
서대문구,남가좌동,DMC파크뷰자이2단지,남가좌1동,서대문구,남가좌1동,서울특별시 서대문구 남가좌1동
서대문구,남가좌동,DMC파크뷰자이3단지,남가좌1동,서대문구,남가좌2동,서울특별시 서대문구 남가좌2동
서대문구,남가좌동,DMC파크뷰자이4단지,남가좌1동,서대문구,남가좌1동,서울특별시 서대문구 남가좌1동
서대문구,남가좌동,DMC파크뷰자이5단지,남가좌1동,서대문구,남가좌1동,서울특별시 서대문구 남가좌1동
서대문구,남가좌동,남가좌동현대,남가좌1동,서대문구,남가좌2동,서울특별시 서대문구 남가좌2동
서대문구,남가좌동,디엠씨엘가,남가좌1동,서대문구,남가좌1동,서울특별시 서대문구 남가좌1동
서대문구,남가좌동,래미안남가좌2차,남가좌1동,서대문구,남가좌1동,서울특별시 서대문구 남가좌1동
서대문구,남가좌동,래미안루센티아,남가좌1동,서대문구,남가좌2동,서울특별시 서대문구 남가좌2동
서대문구,남가좌동,백련미라보,남가좌1동,서대문구,남가좌2동,서울특별시 서대문구 남가좌2동
서대문구,남가좌동,쌍용스윗닷홈,남가좌1동,서대문구,남가좌2동,서울특별시 서대문구 남가좌2동
서대문구,남가좌동,엠화일비동,남가좌1동,서대문구,남가좌2동,서울특별시 서대문구 남가좌2동
서대문구,남가좌동,엠화일에이동,남가좌1동,서대문구,남가좌2동,서울특별시 서대문구 남가좌2동
서대문구,남가좌동,창덕에버빌,남가좌1동,서대문구,남가좌1동,서울특별시 서대문구 남가좌1동
서대문구,냉천동,돈의문센트레빌,천연동,서대문구,천연동,서울특별시 서대문구 천연동
서대문구,냉천동,동부센트레빌,천연동,서대문구,천연동,서울특별시 서대문구 천연동
서대문구,대현동,무궁화,신촌동,서대문구,신촌동,서울특별시 서대문구 신촌동
서대문구,대현동,신촌럭키,신촌동,서대문구,신촌동,서울특별시 서대문구 신촌동
서대문구,대현동,신촌자이엘라,신촌동,서대문구,신촌동,서울특별시 서대문구 신촌동
서대문구,대현동,예스에이피엠,신촌동,서대문구,신촌동,서울특별시 서대문구 신촌동
서대문구,대현동,이대경우타운,신촌동,서대문구,신촌동,서울특별시 서대문구 신촌동
서대문구,대현동,파라타워,신촌동,서대문구,신촌동,서울특별시 서대문구 신촌동
서대문구,대현동,혜우,신촌동,서대문구,신촌동,서울특별시 서대문구 신촌동
서대문구,북가좌동,DMC두산위브,북가좌1동,서대문구,북가좌2동,서울특별시 서대문구 북가좌2동
서대문구,북가좌동,DMC래미안e편한세상,북가좌1동,서대문구,북가좌1동,서울특별시 서대문구 북가좌1동
서대문구,북가좌동,DMC서부인터빌,북가좌1동,서대문구,북가좌2동,서울특별시 서대문구 북가좌2동
서대문구,북가좌동,DMC아이파크,북가좌1동,서대문구,북가좌2동,서울특별시 서대문구 북가좌2동
서대문구,북가좌동,DMC이랜드해가든,북가좌1동,서대문구,북가좌1동,서울특별시 서대문구 북가좌1동
서대문구,북가좌동,DMC한양,북가좌1동,서대문구,북가좌1동,서울특별시 서대문구 북가좌1동
서대문구,북가좌동,DMC현대아파트,북가좌1동,서대문구,북가좌1동,서울특별시 서대문구 북가좌1동
서대문구,북가좌동,DMC휴먼빌아파트,북가좌1동,서대문구,북가좌2동,서울특별시 서대문구 북가좌2동
서대문구,북가좌동,대경아르체,북가좌1동,서대문구,북가좌2동,서울특별시 서대문구 북가좌2동
서대문구,북가좌동,대성,북가좌1동,서대문구,북가좌2동,서울특별시 서대문구 북가좌2동
서대문구,북가좌동,동도하이츠비동,북가좌1동,서대문구,북가좌2동,서울특별시 서대문구 북가좌2동
서대문구,북가좌동,동도하이츠에이동,북가좌1동,서대문구,북가좌2동,서울특별시 서대문구 북가좌2동
서대문구,북가좌동,동림아파트,북가좌1동,서대문구,북가좌2동,서울특별시 서대문구 북가좌2동
서대문구,북가좌동,명진,북가좌1동,서대문구,북가좌2동,서울특별시 서대문구 북가좌2동
서대문구,북가좌동,북가좌삼호,북가좌1동,서대문구,북가좌2동,서울특별시 서대문구 북가좌2동
서대문구,북가좌동,선결,북가좌1동,서대문구,북가좌1동,서울특별시 서대문구 북가좌1동
서대문구,북가좌동,성암,북가좌1동,서대문구,북가좌2동,서울특별시 서대문구 북가좌2동
서대문구,북가좌동,세라,북가좌1동,서대문구,북가좌2동,서울특별시 서대문구 북가좌2동
서대문구,북가좌동,신일해피트리,북가좌1동,서대문구,북가좌1동,서울특별시 서대문구 북가좌1동
서대문구,북가좌동,요진,북가좌1동,서대문구,북가좌1동,서울특별시 서대문구 북가좌1동
서대문구,북가좌동,우공팰리스,북가좌1동,서대문구,북가좌1동,서울특별시 서대문구 북가좌1동
서대문구,북가좌동,월드컵현대,북가좌1동,서대문구,북가좌1동,서울특별시 서대문구 북가좌1동
서대문구,북가좌동,주은스카이빌,북가좌1동,서대문구,북가좌2동,서울특별시 서대문구 북가좌2동
서대문구,북가좌동,청솔하이츠1동,북가좌1동,서대문구,북가좌2동,서울특별시 서대문구 북가좌2동
서대문구,북가좌동,청솔하이츠2동,북가좌1동,서대문구,북가좌2동,서울특별시 서대문구 북가좌2동
서대문구,북가좌동,충우팰리스1,북가좌1동,서대문구,북가좌2동,서울특별시 서대문구 북가좌2동
서대문구,북가좌동,충우팰리스2,북가좌1동,서대문구,북가좌2동,서울특별시 서대문구 북가좌2동
서대문구,북가좌동,투데이,북가좌1동,서대문구,북가좌2동,서울특별시 서대문구 북가좌2동
서대문구,북가좌동,한솔,북가좌1동,서대문구,북가좌2동,서울특별시 서대문구 북가좌2동
서대문구,북가좌동,한울뉴타운,북가좌1동,서대문구,북가좌1동,서울특별시 서대문구 북가좌1동
서대문구,북아현동,e편한세상신촌1단지,북아현동,서대문구,북아현동,서울특별시 서대문구 북아현동
서대문구,북아현동,e편한세상신촌2단지,북아현동,서대문구,북아현동,서울특별시 서대문구 북아현동
서대문구,북아현동,e편한세상신촌3단지,북아현동,서대문구,북아현동,서울특별시 서대문구 북아현동
서대문구,북아현동,e편한세상신촌4단지,북아현동,서대문구,북아현동,서울특별시 서대문구 북아현동
서대문구,북아현동,건일팰리스,북아현동,서대문구,충현동,서울특별시 서대문구 충현동
서대문구,북아현동,경남(2차),북아현동,서대문구,북아현동,서울특별시 서대문구 북아현동
서대문구,북아현동,경남102동,북아현동,서대문구,북아현동,서울특별시 서대문구 북아현동
서대문구,북아현동,그린빌,북아현동,서대문구,충현동,서울특별시 서대문구 충현동
서대문구,북아현동,늘푸른,북아현동,서대문구,북아현동,서울특별시 서대문구 북아현동
서대문구,북아현동,대성,북아현동,서대문구,북아현동,서울특별시 서대문구 북아현동
서대문구,북아현동,두산,북아현동,서대문구,북아현동,서울특별시 서대문구 북아현동
서대문구,북아현동,문영센스빌,북아현동,서대문구,충현동,서울특별시 서대문구 충현동
서대문구,북아현동,북아현1차,북아현동,서대문구,북아현동,서울특별시 서대문구 북아현동
서대문구,북아현동,북아현2차,북아현동,서대문구,충현동,서울특별시 서대문구 충현동
서대문구,북아현동,북아현3차,북아현동,서대문구,충현동,서울특별시 서대문구 충현동
서대문구,북아현동,북아현4차,북아현동,서대문구,충현동,서울특별시 서대문구 충현동
서대문구,북아현동,북아현경남,북아현동,서대문구,북아현동,서울특별시 서대문구 북아현동
서대문구,북아현동,북아현맨션,북아현동,서대문구,북아현동,서울특별시 서대문구 북아현동
서대문구,북아현동,비버리힐,북아현동,서대문구,충현동,서울특별시 서대문구 충현동
서대문구,북아현동,삼우빌라,북아현동,서대문구,북아현동,서울특별시 서대문구 북아현동
서대문구,북아현동,성우아파트,북아현동,서대문구,충현동,서울특별시 서대문구 충현동
서대문구,북아현동,수목아이엠,북아현동,서대문구,충현동,서울특별시 서대문구 충현동
서대문구,북아현동,신촌푸르지오,북아현동,서대문구,북아현동,서울특별시 서대문구 북아현동
서대문구,북아현동,신촌헤리센트,북아현동,서대문구,북아현동,서울특별시 서대문구 북아현동
서대문구,북아현동,우민A,북아현동,서대문구,충현동,서울특별시 서대문구 충현동
서대문구,북아현동,우민B,북아현동,서대문구,충현동,서울특별시 서대문구 충현동
서대문구,북아현동,조은1차,북아현동,서대문구,북아현동,서울특별시 서대문구 북아현동
서대문구,북아현동,조은2차,북아현동,서대문구,북아현동,서울특별시 서대문구 북아현동
서대문구,북아현동,화신,북아현동,서대문구,충현동,서울특별시 서대문구 충현동
서대문구,북아현동,훼미리(1-70),북아현동,서대문구,충현동,서울특별시 서대문구 충현동
서대문구,북아현동,힐스테이트신촌,북아현동,서대문구,충현동,서울특별시 서대문구 충현동
서대문구,연희동,경향빌라트,연희동,서대문구,연희동,서울특별시 서대문구 연희동
서대문구,연희동,대림,연희동,서대문구,연희동,서울특별시 서대문구 연희동
서대문구,연희동,대우푸르지오,연희동,서대문구,연희동,서울특별시 서대문구 연희동
서대문구,연희동,동도아카데미하우스2차,연희동,서대문구,연희동,서울특별시 서대문구 연희동
서대문구,연희동,동도아카데미하우스3차,연희동,서대문구,연희동,서울특별시 서대문구 연희동
서대문구,연희동,드리밍아파트,연희동,서대문구,연희동,서울특별시 서대문구 연희동
서대문구,연희동,로엠아트빌(A동),연희동,서대문구,연희동,서울특별시 서대문구 연희동
서대문구,연희동,리베르떼-빌(LibertVille),연희동,서대문구,연희동,서울특별시 서대문구 연희동
서대문구,연희동,백광,연희동,서대문구,연희동,서울특별시 서대문구 연희동
서대문구,연희동,삼우장미,연희동,서대문구,연희동,서울특별시 서대문구 연희동
서대문구,연희동,선명(101동),연희동,서대문구,연희동,서울특별시 서대문구 연희동
서대문구,연희동,선명(102동),연희동,서대문구,연희동,서울특별시 서대문구 연희동
서대문구,연희동,성원,연희동,서대문구,연희동,서울특별시 서대문구 연희동
서대문구,연희동,성원쌍떼빌팰리스,연희동,서대문구,연희동,서울특별시 서대문구 연희동
서대문구,연희동,시민,연희동,서대문구,연희동,서울특별시 서대문구 연희동
서대문구,연희동,신원,연희동,서대문구,연희동,서울특별시 서대문구 연희동
서대문구,연희동,싸이,연희동,서대문구,연희동,서울특별시 서대문구 연희동
서대문구,연희동,에코빌리지,연희동,서대문구,연희동,서울특별시 서대문구 연희동
서대문구,연희동,연우,연희동,서대문구,연희동,서울특별시 서대문구 연희동
서대문구,연희동,연화,연희동,서대문구,연희동,서울특별시 서대문구 연희동
서대문구,연희동,연희궁,연희동,서대문구,연희동,서울특별시 서대문구 연희동
서대문구,연희동,연희리젠시빌,연희동,서대문구,연희동,서울특별시 서대문구 연희동
서대문구,연희동,연희아트빌,연희동,서대문구,연희동,서울특별시 서대문구 연희동
서대문구,연희동,연희에스엠,연희동,서대문구,연희동,서울특별시 서대문구 연희동
서대문구,연희동,연희웨스트팰리스,연희동,서대문구,연희동,서울특별시 서대문구 연희동
서대문구,연희동,연희자이엘라,연희동,서대문구,연희동,서울특별시 서대문구 연희동
서대문구,연희동,연희파크푸르지오,연희동,서대문구,연희동,서울특별시 서대문구 연희동
서대문구,연희동,우공팰리스,연희동,서대문구,연희동,서울특별시 서대문구 연희동
서대문구,연희동,우국한마음,연희동,서대문구,연희동,서울특별시 서대문구 연희동
서대문구,연희동,우민,연희동,서대문구,연희동,서울특별시 서대문구 연희동
서대문구,연희동,은하,연희동,서대문구,연희동,서울특별시 서대문구 연희동
서대문구,연희동,일진아이윌,연희동,서대문구,연희동,서울특별시 서대문구 연희동
서대문구,연희동,임광,연희동,서대문구,연희동,서울특별시 서대문구 연희동
서대문구,연희동,제니스APT,연희동,서대문구,연희동,서울특별시 서대문구 연희동
서대문구,연희동,충우,연희동,서대문구,연희동,서울특별시 서대문구 연희동
서대문구,연희동,충우하이빌,연희동,서대문구,연희동,서울특별시 서대문구 연희동
서대문구,연희동,파크빌,연희동,서대문구,연희동,서울특별시 서대문구 연희동
서대문구,연희동,파크카운티,연희동,서대문구,연희동,서울특별시 서대문구 연희동
서대문구,연희동,한인트윈빌,연희동,서대문구,연희동,서울특별시 서대문구 연희동
서대문구,연희동,홍연,연희동,서대문구,연희동,서울특별시 서대문구 연희동
서대문구,연희동,홍연(723-9),연희동,서대문구,연희동,서울특별시 서대문구 연희동
서대문구,연희동,흥연,연희동,서대문구,연희동,서울특별시 서대문구 연희동
서대문구,영천동,독립문삼호,천연동,서대문구,천연동,서울특별시 서대문구 천연동
서대문구,창천동,(72-31),신촌동,서대문구,신촌동,서울특별시 서대문구 신촌동
서대문구,창천동,3RU-City,신촌동,서대문구,신촌동,서울특별시 서대문구 신촌동
서대문구,창천동,건우그린,신촌동,서대문구,신촌동,서울특별시 서대문구 신촌동
서대문구,창천동,광남캐스빌(512-5),신촌동,서대문구,신촌동,서울특별시 서대문구 신촌동
서대문구,창천동,광남캐스빌1(512-4),신촌동,서대문구,신촌동,서울특별시 서대문구 신촌동
서대문구,창천동,노블레스,신촌동,서대문구,신촌동,서울특별시 서대문구 신촌동
서대문구,창천동,래디앙,신촌동,서대문구,신촌동,서울특별시 서대문구 신촌동
서대문구,창천동,센타폴리스,신촌동,서대문구,신촌동,서울특별시 서대문구 신촌동
서대문구,창천동,씨밀레,신촌동,서대문구,신촌동,서울특별시 서대문구 신촌동
서대문구,창천동,엘르빌,신촌동,서대문구,신촌동,서울특별시 서대문구 신촌동
서대문구,창천동,엘르빌2차,신촌동,서대문구,신촌동,서울특별시 서대문구 신촌동
서대문구,창천동,연대JK,신촌동,서대문구,연희동,서울특별시 서대문구 연희동
서대문구,창천동,하이펠리스,신촌동,서대문구,신촌동,서울특별시 서대문구 신촌동
서대문구,천연동,반석블레스포레,천연동,서대문구,천연동,서울특별시 서대문구 천연동
서대문구,천연동,산경,천연동,서대문구,천연동,서울특별시 서대문구 천연동
서대문구,천연동,천연뜨란채,천연동,서대문구,천연동,서울특별시 서대문구 천연동
서대문구,충정로2가,로얄패밀리아파트B동,충현동,서대문구,충현동,서울특별시 서대문구 충현동
서대문구,충정로2가,로얄훼미리아파트A동,충현동,서대문구,충현동,서울특별시 서대문구 충현동
서대문구,충정로2가,현대,충현동,서대문구,충현동,서울특별시 서대문구 충현동
서대문구,충정로3가,글로리,충현동,서대문구,충현동,서울특별시 서대문구 충현동
서대문구,충정로3가,동호,충현동,서대문구,충현동,서울특별시 서대문구 충현동
서대문구,충정로3가,미동,충현동,서대문구,충현동,서울특별시 서대문구 충현동
서대문구,충정로3가,새롬,충현동,서대문구,충현동,서울특별시 서대문구 충현동
서대문구,충정로3가,우리유앤미,충현동,서대문구,충현동,서울특별시 서대문구 충현동
서대문구,충정로3가,장미,충현동,서대문구,충현동,서울특별시 서대문구 충현동
서대문구,충정로3가,충림예하임,충현동,서대문구,충현동,서울특별시 서대문구 충현동
서대문구,충정로3가,충정,충현동,서대문구,충현동,서울특별시 서대문구 충현동
서대문구,충정로3가,충정리시온,충현동,서대문구,충현동,서울특별시 서대문구 충현동
서대문구,충정로3가,충정솔레디움(101동),충현동,서대문구,충현동,서울특별시 서대문구 충현동
서대문구,충정로3가,충정솔레디움(102동),충현동,서대문구,충현동,서울특별시 서대문구 충현동
서대문구,충정로3가,피어리스,충현동,서대문구,충현동,서울특별시 서대문구 충현동
서대문구,충정로3가,행복한,충현동,서대문구,충현동,서울특별시 서대문구 충현동
서대문구,합동,사랑채,충현동,서대문구,충현동,서울특별시 서대문구 충현동
서대문구,합동,에스케이뷰,충현동,서대문구,충현동,서울특별시 서대문구 충현동
서대문구,현저동,독립문극동(200-0),충현동,서대문구,천연동,서울특별시 서대문구 천연동
서대문구,현저동,독립문파크빌,충현동,서대문구,천연동,서울특별시 서대문구 천연동
서대문구,홍은동,Elleville,홍은1동,은평구,응암1동,서울특별시 은평구 응암1동
서대문구,홍은동,G패밀리움,홍은1동,서대문구,홍은1동,서울특별시 서대문구 홍은1동
서대문구,홍은동,HDX휴팰리스,홍은1동,서대문구,홍은1동,서울특별시 서대문구 홍은1동
서대문구,홍은동,e편한세상홍제가든플라츠,홍은1동,서대문구,홍은2동,서울특별시 서대문구 홍은2동
서대문구,홍은동,강림스위트빌(A동),홍은1동,서대문구,홍은2동,서울특별시 서대문구 홍은2동
서대문구,홍은동,교수(A),홍은1동,서대문구,홍은2동,서울특별시 서대문구 홍은2동
서대문구,홍은동,교수(B),홍은1동,서대문구,홍은2동,서울특별시 서대문구 홍은2동
서대문구,홍은동,그랜드(A동),홍은1동,서대문구,홍은2동,서울특별시 서대문구 홍은2동
서대문구,홍은동,그랜드(B동),홍은1동,서대문구,홍은2동,서울특별시 서대문구 홍은2동
서대문구,홍은동,극동,홍은1동,서대문구,홍은1동,서울특별시 서대문구 홍은1동
서대문구,홍은동,나눔스타빌,홍은1동,서대문구,홍은2동,서울특별시 서대문구 홍은2동
서대문구,홍은동,나영힐빌리지,홍은1동,서대문구,홍은2동,서울특별시 서대문구 홍은2동
서대문구,홍은동,넥서스빌,홍은1동,서대문구,홍은2동,서울특별시 서대문구 홍은2동
서대문구,홍은동,넥서스빌2,홍은1동,서대문구,홍은2동,서울특별시 서대문구 홍은2동
서대문구,홍은동,도양라비앙(101동),홍은1동,서대문구,홍은2동,서울특별시 서대문구 홍은2동
서대문구,홍은동,동림,홍은1동,서대문구,홍은1동,서울특별시 서대문구 홍은1동
서대문구,홍은동,동아빌라(188-72),홍은1동,서대문구,홍은2동,서울특별시 서대문구 홍은2동
서대문구,홍은동,동원베네스트,홍은1동,서대문구,홍은1동,서울특별시 서대문구 홍은1동
서대문구,홍은동,동일,홍은1동,서대문구,홍은1동,서울특별시 서대문구 홍은1동
서대문구,홍은동,동평늘푸른,홍은1동,서대문구,홍은2동,서울특별시 서대문구 홍은2동
서대문구,홍은동,두산,홍은1동,서대문구,홍은2동,서울특별시 서대문구 홍은2동
서대문구,홍은동,로하스,홍은1동,서대문구,홍은2동,서울특별시 서대문구 홍은2동
서대문구,홍은동,명가,홍은1동,서대문구,홍은2동,서울특별시 서대문구 홍은2동
서대문구,홍은동,미건스카이빌,홍은1동,서대문구,홍은2동,서울특별시 서대문구 홍은2동
서대문구,홍은동,미든푸르지,홍은1동,서대문구,홍은2동,서울특별시 서대문구 홍은2동
서대문구,홍은동,미주,홍은1동,서대문구,홍은2동,서울특별시 서대문구 홍은2동
서대문구,홍은동,반석블레스,홍은1동,서대문구,홍은1동,서울특별시 서대문구 홍은1동
서대문구,홍은동,백련,홍은1동,서대문구,홍은2동,서울특별시 서대문구 홍은2동
서대문구,홍은동,베벌리힐즈,홍은1동,서대문구,홍은2동,서울특별시 서대문구 홍은2동
서대문구,홍은동,부림,홍은1동,서대문구,홍은2동,서울특별시 서대문구 홍은2동
서대문구,홍은동,부림베스트빌,홍은1동,서대문구,홍은2동,서울특별시 서대문구 홍은2동
서대문구,홍은동,북한산더샵,홍은1동,서대문구,홍은1동,서울특별시 서대문구 홍은1동
서대문구,홍은동,북한산두산위브,홍은1동,서대문구,홍은1동,서울특별시 서대문구 홍은1동
서대문구,홍은동,북한산두산위브2차,홍은1동,서대문구,홍은1동,서울특별시 서대문구 홍은1동
서대문구,홍은동,북한산삼부르네상스102동103동104동,홍은1동,서대문구,홍은2동,서울특별시 서대문구 홍은2동
서대문구,홍은동,북한산삼부르네상스201동,홍은1동,서대문구,홍은1동,서울특별시 서대문구 홍은1동
서대문구,홍은동,북한산삼부르네상스202동203동204동,홍은1동,서대문구,홍은2동,서울특별시 서대문구 홍은2동
서대문구,홍은동,북한산삼부르네상스205동206동207동,홍은1동,서대문구,홍은2동,서울특별시 서대문구 홍은2동
서대문구,홍은동,북한산삼부르네상스301동302동303동,홍은1동,서대문구,홍은2동,서울특별시 서대문구 홍은2동
서대문구,홍은동,서강1차(1동),홍은1동,서대문구,홍은2동,서울특별시 서대문구 홍은2동
서대문구,홍은동,서강2차(2동),홍은1동,서대문구,홍은2동,서울특별시 서대문구 홍은2동
서대문구,홍은동,서강주상복합,홍은1동,서대문구,홍은2동,서울특별시 서대문구 홍은2동
서대문구,홍은동,서대문노블루체,홍은1동,서대문구,홍은2동,서울특별시 서대문구 홍은2동
서대문구,홍은동,서대문센트럴아이파크,홍은1동,서대문구,홍은1동,서울특별시 서대문구 홍은1동
서대문구,홍은동,서부사이버,홍은1동,서대문구,홍은2동,서울특별시 서대문구 홍은2동
서대문구,홍은동,성우,홍은1동,서대문구,홍은2동,서울특별시 서대문구 홍은2동
서대문구,홍은동,세윤외인빌리지,홍은1동,서대문구,홍은2동,서울특별시 서대문구 홍은2동
서대문구,홍은동,세한숲속마을,홍은1동,서대문구,홍은2동,서울특별시 서대문구 홍은2동
서대문구,홍은동,신계,홍은1동,서대문구,홍은1동,서울특별시 서대문구 홍은1동
서대문구,홍은동,신원지벤스타1,홍은1동,서대문구,홍은2동,서울특별시 서대문구 홍은2동
서대문구,홍은동,신원지벤스타2,홍은1동,서대문구,홍은2동,서울특별시 서대문구 홍은2동
서대문구,홍은동,신원지벤스타3,홍은1동,서대문구,홍은2동,서울특별시 서대문구 홍은2동
서대문구,홍은동,신원지벤스타4,홍은1동,서대문구,홍은2동,서울특별시 서대문구 홍은2동
서대문구,홍은동,신원지벤스타5,홍은1동,서대문구,홍은2동,서울특별시 서대문구 홍은2동
서대문구,홍은동,신원지벤스타6,홍은1동,서대문구,홍은2동,서울특별시 서대문구 홍은2동
서대문구,홍은동,신원지벤스타7,홍은1동,서대문구,홍은2동,서울특별시 서대문구 홍은2동
서대문구,홍은동,아르팰리스,홍은1동,서대문구,홍은2동,서울특별시 서대문구 홍은2동
서대문구,홍은동,연희베벌리힐즈,홍은1동,서대문구,홍은2동,서울특별시 서대문구 홍은2동
서대문구,홍은동,유림그랑블,홍은1동,서대문구,홍은1동,서울특별시 서대문구 홍은1동
서대문구,홍은동,유원,홍은1동,서대문구,홍은1동,서울특별시 서대문구 홍은1동
서대문구,홍은동,장성미모아,홍은1동,서대문구,홍은2동,서울특별시 서대문구 홍은2동
서대문구,홍은동,제이씨라디앙,홍은1동,서대문구,홍은2동,서울특별시 서대문구 홍은2동
서대문구,홍은동,진흥,홍은1동,서대문구,홍은2동,서울특별시 서대문구 홍은2동
서대문구,홍은동,초원,홍은1동,서대문구,홍은1동,서울특별시 서대문구 홍은1동
서대문구,홍은동,풍림1차,홍은1동,서대문구,홍은1동,서울특별시 서대문구 홍은1동
서대문구,홍은동,풍림2,홍은1동,서대문구,홍은2동,서울특별시 서대문구 홍은2동
서대문구,홍은동,"현대(1,2차)",홍은1동,서대문구,홍은2동,서울특별시 서대문구 홍은2동
서대문구,홍은동,홍은그린,홍은1동,서대문구,홍은2동,서울특별시 서대문구 홍은2동
서대문구,홍은동,홍은동벽산,홍은1동,서대문구,홍은1동,서울특별시 서대문구 홍은1동
서대문구,홍은동,홍은동아더프라임,홍은1동,서대문구,홍은1동,서울특별시 서대문구 홍은1동
서대문구,홍은동,홍은동풍림아이원,홍은1동,서대문구,홍은1동,서울특별시 서대문구 홍은1동
서대문구,홍은동,홍은드림아파트,홍은1동,서대문구,홍은2동,서울특별시 서대문구 홍은2동
서대문구,홍은동,홍은미성,홍은1동,서대문구,홍은2동,서울특별시 서대문구 홍은2동
서대문구,홍은동,홍은센트레빌,홍은1동,서대문구,홍은2동,서울특별시 서대문구 홍은2동
서대문구,홍은동,힐스테이트홍은포레스트,홍은1동,은평구,응암2동,서울특별시 은평구 응암2동
서대문구,홍제동,경일,홍제1동,서대문구,홍제1동,서울특별시 서대문구 홍제1동
서대문구,홍제동,고은,홍제1동,서대문구,홍제1동,서울특별시 서대문구 홍제1동
서대문구,홍제동,광산,홍제1동,서대문구,홍제1동,서울특별시 서대문구 홍제1동
서대문구,홍제동,그레이스(B동),홍제1동,서대문구,홍제2동,서울특별시 서대문구 홍제2동
서대문구,홍제동,그레이스A동,홍제1동,서대문구,홍제2동,서울특별시 서대문구 홍제2동
서대문구,홍제동,금호어울림,홍제1동,서대문구,홍제1동,서울특별시 서대문구 홍제1동
서대문구,홍제동,남양,홍제1동,서대문구,홍제1동,서울특별시 서대문구 홍제1동
서대문구,홍제동,동양드림,홍제1동,서대문구,홍제2동,서울특별시 서대문구 홍제2동
서대문구,홍제동,동일1차,홍제1동,서대문구,홍제1동,서울특별시 서대문구 홍제1동
서대문구,홍제동,동일2차,홍제1동,서대문구,홍제1동,서울특별시 서대문구 홍제1동
서대문구,홍제동,동일3차,홍제1동,서대문구,홍제1동,서울특별시 서대문구 홍제1동
서대문구,홍제동,동일4차,홍제1동,서대문구,홍제1동,서울특별시 서대문구 홍제1동
서대문구,홍제동,동일5차101동,홍제1동,서대문구,홍제1동,서울특별시 서대문구 홍제1동
서대문구,홍제동,마체스터,홍제1동,서대문구,홍제3동,서울특별시 서대문구 홍제3동
서대문구,홍제동,무악재한화,홍제1동,서대문구,홍제1동,서울특별시 서대문구 홍제1동
서대문구,홍제동,문화촌현대,홍제1동,서대문구,홍제3동,서울특별시 서대문구 홍제3동
서대문구,홍제동,서강,홍제1동,서대문구,홍제1동,서울특별시 서대문구 홍제1동
서대문구,홍제동,서대문푸르지오센트럴파크,홍제1동,서대문구,홍제1동,서울특별시 서대문구 홍제1동
서대문구,홍제동,서울맨션,홍제1동,서대문구,홍제1동,서울특별시 서대문구 홍제1동
서대문구,홍제동,성원,홍제1동,서대문구,홍제1동,서울특별시 서대문구 홍제1동
서대문구,홍제동,송도그린빌A동,홍제1동,서대문구,홍제2동,서울특별시 서대문구 홍제2동
서대문구,홍제동,아름채,홍제1동,서대문구,홍제1동,서울특별시 서대문구 홍제1동
서대문구,홍제동,안산맨숀,홍제1동,서대문구,홍제2동,서울특별시 서대문구 홍제2동
서대문구,홍제동,에이원,홍제1동,서대문구,홍제2동,서울특별시 서대문구 홍제2동
서대문구,홍제동,원일,홍제1동,서대문구,홍제3동,서울특별시 서대문구 홍제3동
서대문구,홍제동,유원하나,홍제1동,서대문구,홍제3동,서울특별시 서대문구 홍제3동
서대문구,홍제동,인왕,홍제1동,서대문구,홍제3동,서울특별시 서대문구 홍제3동
서대문구,홍제동,인왕궁맨숀,홍제1동,서대문구,홍제2동,서울특별시 서대문구 홍제2동
서대문구,홍제동,인왕드림빌,홍제1동,서대문구,홍제1동,서울특별시 서대문구 홍제1동
서대문구,홍제동,인왕산벽산,홍제1동,서대문구,홍제3동,서울특별시 서대문구 홍제3동
서대문구,홍제동,인왕산어울림,홍제1동,서대문구,홍제2동,서울특별시 서대문구 홍제2동
서대문구,홍제동,인왕산한신휴플러스,홍제1동,서대문구,홍제1동,서울특별시 서대문구 홍제1동
서대문구,홍제동,인왕산현대,홍제1동,서대문구,홍제2동,서울특별시 서대문구 홍제2동
서대문구,홍제동,제니스,홍제1동,서대문구,홍제1동,서울특별시 서대문구 홍제1동
서대문구,홍제동,제니스뷰아파트,홍제1동,서대문구,홍제2동,서울특별시 서대문구 홍제2동
서대문구,홍제동,제일아파트,홍제1동,서대문구,홍제1동,서울특별시 서대문구 홍제1동
서대문구,홍제동,조한,홍제1동,서대문구,홍제1동,서울특별시 서대문구 홍제1동
서대문구,홍제동,중앙하이츠,홍제1동,서대문구,홍제1동,서울특별시 서대문구 홍제1동
서대문구,홍제동,청구1차,홍제1동,서대문구,홍제2동,서울특별시 서대문구 홍제2동
서대문구,홍제동,청구2차,홍제1동,서대문구,홍제2동,서울특별시 서대문구 홍제2동
서대문구,홍제동,청구3차,홍제1동,서대문구,홍제2동,서울특별시 서대문구 홍제2동
서대문구,홍제동,태영으뜸(데시앙),홍제1동,서대문구,홍제3동,서울특별시 서대문구 홍제3동
서대문구,홍제동,파크힐,홍제1동,서대문구,홍제1동,서울특별시 서대문구 홍제1동
서대문구,홍제동,풍진베이스타운,홍제1동,서대문구,홍제1동,서울특별시 서대문구 홍제1동
서대문구,홍제동,현대그린,홍제1동,서대문구,홍제2동,서울특별시 서대문구 홍제2동
서대문구,홍제동,홍일,홍제1동,서대문구,홍제3동,서울특별시 서대문구 홍제3동
서대문구,홍제동,홍제맨션,홍제1동,서대문구,홍제1동,서울특별시 서대문구 홍제1동
서대문구,홍제동,홍제비콘드림힐,홍제1동,서대문구,홍제3동,서울특별시 서대문구 홍제3동
서대문구,홍제동,홍제삼성래미안,홍제1동,서대문구,홍제1동,서울특별시 서대문구 홍제1동
서대문구,홍제동,홍제센트럴IPARK,홍제1동,서대문구,홍제1동,서울특별시 서대문구 홍제1동
서대문구,홍제동,홍제에스피엘,홍제1동,서대문구,홍제1동,서울특별시 서대문구 홍제1동
서대문구,홍제동,홍제역해링턴플레이스,홍제1동,서대문구,홍제3동,서울특별시 서대문구 홍제3동
서대문구,홍제동,홍제원그린뷰아파트,홍제1동,서대문구,홍제1동,서울특별시 서대문구 홍제1동
서대문구,홍제동,홍제원현대(459-0),홍제1동,서대문구,홍제2동,서울특별시 서대문구 홍제2동
서대문구,홍제동,홍제한양,홍제1동,서대문구,홍제1동,서울특별시 서대문구 홍제1동
서대문구,홍제동,홍제해성,홍제1동,서대문구,홍제1동,서울특별시 서대문구 홍제1동
서대문구,홍제동,홍제헤렌,홍제1동,서대문구,홍제2동,서울특별시 서대문구 홍제2동
서대문구,홍제동,홍제현대,홍제1동,서대문구,홍제1동,서울특별시 서대문구 홍제1동
서대문구,홍제동,힐탑,홍제1동,서대문구,홍제1동,서울특별시 서대문구 홍제1동
서초구,내곡동,서초더샵포레,내곡동,서초구,내곡동,서울특별시 서초구 내곡동
서초구,내곡동,서초포레스타2단지,내곡동,서초구,내곡동,서울특별시 서초구 내곡동
서초구,반포동,APELBAUM,반포본동,강남구,논현2동,서울특별시 강남구 논현2동
서초구,반포동,궁전,반포본동,서초구,반포4동,서울특별시 서초구 반포4동
서초구,반포동,그랑빌,반포본동,서초구,반포4동,서울특별시 서초구 반포4동
서초구,반포동,그린피아,반포본동,강남구,도곡1동,서울특별시 강남구 도곡1동
서초구,반포동,금정노블,반포본동,서초구,반포4동,서울특별시 서초구 반포4동
서초구,반포동,노블하우스,반포본동,서초구,반포4동,서울특별시 서초구 반포4동
서초구,반포동,다우탑스빌라트,반포본동,서초구,반포4동,서울특별시 서초구 반포4동
서초구,반포동,대백세인트빌,반포본동,서초구,반포4동,서울특별시 서초구 반포4동
서초구,반포동,대성유니드,반포본동,서초구,반포4동,서울특별시 서초구 반포4동
서초구,반포동,더샵반포리버파크,반포본동,서초구,반포2동,서울특별시 서초구 반포2동
서초구,반포동,덕동반포빌라트,반포본동,서초구,반포4동,서울특별시 서초구 반포4동
서초구,반포동,디에이치반포라클라스,반포본동,서초구,반포1동,서울특별시 서초구 반포1동
서초구,반포동,라인,반포본동,서초구,반포1동,서울특별시 서초구 반포1동
서초구,반포동,랑쉐빌,반포본동,서초구,반포4동,서울특별시 서초구 반포4동
서초구,반포동,래미안원베일리,반포본동,서초구,반포2동,서울특별시 서초구 반포2동
서초구,반포동,래미안원펜타스,반포본동,서초구,반포2동,서울특별시 서초구 반포2동
서초구,반포동,래미안퍼스티지,반포본동,서초구,반포2동,서울특별시 서초구 반포2동
서초구,반포동,레베빌,반포본동,서초구,반포4동,서울특별시 서초구 반포4동
서초구,반포동,레베빌(86-10),반포본동,서초구,반포4동,서울특별시 서초구 반포4동
서초구,반포동,리더스빌,반포본동,서초구,반포4동,서울특별시 서초구 반포4동
서초구,반포동,몽마르뜨빌(577-3),반포본동,서초구,반포4동,서울특별시 서초구 반포4동
서초구,반포동,몽마르뜨빌(577-4),반포본동,서초구,반포4동,서울특별시 서초구 반포4동
서초구,반포동,몽마르뜨파크,반포본동,서초구,반포4동,서울특별시 서초구 반포4동
서초구,반포동,반포2차ApelBaum,반포본동,서초구,반포4동,서울특별시 서초구 반포4동
서초구,반포동,반포TS프리우스,반포본동,서초구,반포4동,서울특별시 서초구 반포4동
서초구,반포동,반포경남아파트,반포본동,서초구,서초3동,서울특별시 서초구 서초3동
서초구,반포동,반포대우멤버스카운티,반포본동,서초구,반포4동,서울특별시 서초구 반포4동
서초구,반포동,반포대우멤버스카운티2차,반포본동,서초구,반포4동,서울특별시 서초구 반포4동
서초구,반포동,반포동피카소빌,반포본동,서초구,반포4동,서울특별시 서초구 반포4동
서초구,반포동,반포두산힐스빌,반포본동,서초구,반포4동,서울특별시 서초구 반포4동
서초구,반포동,반포래미안아이파크,반포본동,서초구,반포1동,서울특별시 서초구 반포1동
서초구,반포동,반포루이캐슬,반포본동,서초구,반포4동,서울특별시 서초구 반포4동
서초구,반포동,반포리체,반포본동,서초구,반포1동,서울특별시 서초구 반포1동
서초구,반포동,반포미도,반포본동,서초구,반포4동,서울특별시 서초구 반포4동
서초구,반포동,반포미도2차아파트,반포본동,서초구,반포4동,서울특별시 서초구 반포4동
서초구,반포동,반포빌라트(71-1),반포본동,서초구,반포4동,서울특별시 서초구 반포4동
서초구,반포동,반포샤인힐4차,반포본동,서초구,반포4동,서울특별시 서초구 반포4동
서초구,반포동,반포서래빌,반포본동,서초구,반포4동,서울특별시 서초구 반포4동
서초구,반포동,반포서래월드메르디앙스칼라아파트A동,반포본동,서초구,반포4동,서울특별시 서초구 반포4동
서초구,반포동,반포서래월드메르디앙스칼라아파트B동,반포본동,서초구,반포4동,서울특별시 서초구 반포4동
서초구,반포동,반포센트레빌아스테리움,반포본동,서초구,반포1동,서울특별시 서초구 반포1동
서초구,반포동,반포써밋,반포본동,서초구,반포1동,서울특별시 서초구 반포1동
서초구,반포동,반포쎄레노아파트,반포본동,서초구,반포1동,서울특별시 서초구 반포1동
서초구,반포동,반포에스케이뷰,반포본동,서초구,반포4동,서울특별시 서초구 반포4동
서초구,반포동,반포이안애1차,반포본동,서초구,반포4동,서울특별시 서초구 반포4동
서초구,반포동,반포자이,반포본동,서초구,반포1동,서울특별시 서초구 반포1동
서초구,반포동,반포주공1단지,반포본동,서초구,반포1동,서울특별시 서초구 반포1동
서초구,반포동,반포파크빌,반포본동,서초구,반포1동,서울특별시 서초구 반포1동
서초구,반포동,반포팰리스,반포본동,서초구,반포1동,서울특별시 서초구 반포1동
서초구,반포동,반포푸르지오,반포본동,서초구,반포2동,서울특별시 서초구 반포2동
서초구,반포동,반포훼미리(101동),반포본동,서초구,반포1동,서울특별시 서초구 반포1동
서초구,반포동,반포훼미리(102동),반포본동,서초구,반포1동,서울특별시 서초구 반포1동
서초구,반포동,반포훼미리(103동),반포본동,서초구,반포1동,서울특별시 서초구 반포1동
서초구,반포동,반포훼미리(104동),반포본동,서초구,반포1동,서울특별시 서초구 반포1동
서초구,반포동,반포훼밀리빌,반포본동,서초구,반포1동,서울특별시 서초구 반포1동
서초구,반포동,반포힐스,반포본동,서초구,반포4동,서울특별시 서초구 반포4동
서초구,반포동,반포힐스테이트,반포본동,서초구,반포2동,서울특별시 서초구 반포2동
서초구,반포동,베로니스6차,반포본동,서초구,반포4동,서울특별시 서초구 반포4동
서초구,반포동,보아스힐(701-4),반포본동,서초구,반포1동,서울특별시 서초구 반포1동
서초구,반포동,브리앙뜨,반포본동,서초구,반포4동,서울특별시 서초구 반포4동
서초구,반포동,브리앙뜨3차,반포본동,서초구,반포1동,서울특별시 서초구 반포1동
서초구,반포동,비버리힐즈,반포본동,서초구,반포4동,서울특별시 서초구 반포4동
서초구,반포동,비엥에뜨르,반포본동,서초구,반포4동,서울특별시 서초구 반포4동
서초구,반포동,산호아파트,반포본동,서초구,반포1동,서울특별시 서초구 반포1동
서초구,반포동,삼광,반포본동,서초구,반포4동,서울특별시 서초구 반포4동
서초구,반포동,삼성에이스빌,반포본동,서초구,반포1동,서울특별시 서초구 반포1동
서초구,반포동,삼정,반포본동,서초구,반포2동,서울특별시 서초구 반포2동
서초구,반포동,삼호가든맨션(5차),반포본동,서초구,반포1동,서울특별시 서초구 반포1동
서초구,반포동,상지리츠빌(73-10),반포본동,서초구,반포4동,서울특별시 서초구 반포4동
서초구,반포동,상지리츠빌(73-2),반포본동,서초구,반포4동,서울특별시 서초구 반포4동
서초구,반포동,상지리츠빌2차,반포본동,서초구,반포4동,서울특별시 서초구 반포4동
서초구,반포동,새티스,반포본동,서초구,반포4동,서울특별시 서초구 반포4동
서초구,반포동,서래아르드빌,반포본동,서초구,반포4동,서울특별시 서초구 반포4동
서초구,반포동,선데일,반포본동,서초구,반포4동,서울특별시 서초구 반포4동
서초구,반포동,신구노빌리티,반포본동,서초구,반포4동,서울특별시 서초구 반포4동
서초구,반포동,신성리더스카운티,반포본동,서초구,반포4동,서울특별시 서초구 반포4동
서초구,반포동,써니힐,반포본동,서초구,반포1동,서울특별시 서초구 반포1동
서초구,반포동,쏠레뉴,반포본동,서초구,반포1동,서울특별시 서초구 반포1동
서초구,반포동,아델스빌1,반포본동,서초구,반포4동,서울특별시 서초구 반포4동
서초구,반포동,아크로리버파크,반포본동,서초구,반포2동,서울특별시 서초구 반포2동
서초구,반포동,에이아이디차관주택,반포본동,서초구,반포1동,서울특별시 서초구 반포1동
서초구,반포동,엘리제빌,반포본동,서초구,반포4동,서울특별시 서초구 반포4동
서초구,반포동,엠브이아파트,반포본동,서초구,반포4동,서울특별시 서초구 반포4동
서초구,반포동,예당하우스,반포본동,서초구,반포4동,서울특별시 서초구 반포4동
서초구,반포동,윌턴빌,반포본동,서초구,반포4동,서울특별시 서초구 반포4동
서초구,반포동,일신반포빌라트,반포본동,서초구,반포4동,서울특별시 서초구 반포4동
서초구,반포동,장원빌라트,반포본동,서초구,반포4동,서울특별시 서초구 반포4동
서초구,반포동,정광아파트,반포본동,서초구,반포4동,서울특별시 서초구 반포4동
서초구,반포동,청광아트빌라12,반포본동,서초구,반포1동,서울특별시 서초구 반포1동
서초구,반포동,타운빌,반포본동,서초구,반포4동,서울특별시 서초구 반포4동
서초구,반포동,태평아트,반포본동,서초구,반포1동,서울특별시 서초구 반포1동
서초구,반포동,테마하우스,반포본동,서초구,반포4동,서울특별시 서초구 반포4동
서초구,반포동,팔라디오,반포본동,서초구,반포4동,서울특별시 서초구 반포4동
서초구,반포동,펠리체,반포본동,서초구,반포4동,서울특별시 서초구 반포4동
서초구,반포동,프라임빌라트,반포본동,서초구,반포4동,서울특별시 서초구 반포4동
서초구,반포동,프레스턴클레식,반포본동,서초구,반포4동,서울특별시 서초구 반포4동
서초구,반포동,하늘.바람,반포본동,서초구,반포4동,서울특별시 서초구 반포4동
서초구,반포동,한신23차,반포본동,서초구,반포1동,서울특별시 서초구 반포1동
서초구,반포동,한신3차,반포본동,서초구,반포1동,서울특별시 서초구 반포1동
서초구,반포동,한신상가,반포본동,서초구,반포본동,서울특별시 서초구 반포본동
서초구,반포동,한신서래,반포본동,서초구,반포4동,서울특별시 서초구 반포4동
서초구,반포동,현대동궁아파트,반포본동,서초구,반포4동,서울특별시 서초구 반포4동
서초구,반포동,현대반포빌라트B,반포본동,서초구,반포4동,서울특별시 서초구 반포4동
서초구,반포동,효성빌라26동,반포본동,서초구,반포4동,서울특별시 서초구 반포4동
서초구,방배동,SK리더스뷰(파스텔시티),방배본동,서초구,방배2동,서울특별시 서초구 방배2동
서초구,방배동,TheHerren,방배본동,서초구,방배1동,서울특별시 서초구 방배1동
서초구,방배동,UPPERHOUSE,방배본동,서초구,방배1동,서울특별시 서초구 방배1동
서초구,방배동,UPPERHOUSE2,방배본동,서초구,방배1동,서울특별시 서초구 방배1동
서초구,방배동,Venessere,방배본동,서초구,방배1동,서울특별시 서초구 방배1동
서초구,방배동,강남아트빌,방배본동,서초구,방배2동,서울특별시 서초구 방배2동
서초구,방배동,갤러리하우스,방배본동,서초구,방배본동,서울특별시 서초구 방배본동
서초구,방배동,골드아트빌,방배본동,서초구,방배4동,서울특별시 서초구 방배4동
서초구,방배동,공작빌라트,방배본동,서초구,방배3동,서울특별시 서초구 방배3동
서초구,방배동,광해리드빌,방배본동,서초구,방배1동,서울특별시 서초구 방배1동
서초구,방배동,그랑씨엘2000,방배본동,서초구,방배4동,서울특별시 서초구 방배4동
서초구,방배동,그린,방배본동,서초구,방배3동,서울특별시 서초구 방배3동
서초구,방배동,금강프리빌,방배본동,서초구,방배1동,서울특별시 서초구 방배1동
서초구,방배동,나스빌,방배본동,서초구,방배4동,서울특별시 서초구 방배4동
서초구,방배동,나스빌3차,방배본동,서초구,방배4동,서울특별시 서초구 방배4동
서초구,방배동,나인빌,방배본동,서초구,방배4동,서울특별시 서초구 방배4동
서초구,방배동,네스코,방배본동,서초구,방배2동,서울특별시 서초구 방배2동
서초구,방배동,네스코뮤즈빌(A),방배본동,서초구,방배2동,서울특별시 서초구 방배2동
서초구,방배동,네스코뮤즈빌(B),방배본동,서초구,방배2동,서울특별시 서초구 방배2동
서초구,방배동,노블씨티,방배본동,서초구,방배4동,서울특별시 서초구 방배4동
서초구,방배동,노블하임,방배본동,서초구,방배4동,서울특별시 서초구 방배4동
서초구,방배동,뉴캐슬,방배본동,서초구,방배2동,서울특별시 서초구 방배2동
서초구,방배동,다솔,방배본동,서초구,방배2동,서울특별시 서초구 방배2동
서초구,방배동,다움7샤인힐,방배본동,서초구,방배4동,서울특별시 서초구 방배4동
서초구,방배동,다이너스티힐,방배본동,서초구,방배본동,서울특별시 서초구 방배본동
서초구,방배동,대건딜라이트,방배본동,서초구,방배3동,서울특별시 서초구 방배3동
서초구,방배동,대림e-편한세상1,방배본동,서초구,방배1동,서울특별시 서초구 방배1동
서초구,방배동,대우(효령),방배본동,서초구,방배1동,서울특별시 서초구 방배1동
서초구,방배동,대우로얄빌라트,방배본동,서초구,방배3동,서울특별시 서초구 방배3동
서초구,방배동,대우로얄빌라트(1027-1),방배본동,서초구,방배3동,서울특별시 서초구 방배3동
서초구,방배동,동광빌라트,방배본동,서초구,방배본동,서울특별시 서초구 방배본동
서초구,방배동,동부센트레빌,방배본동,서초구,방배본동,서울특별시 서초구 방배본동
서초구,방배동,두원,방배본동,서초구,방배2동,서울특별시 서초구 방배2동
서초구,방배동,디오수페리움2,방배본동,서초구,방배1동,서울특별시 서초구 방배1동
서초구,방배동,디오엠프리미어,방배본동,서초구,방배1동,서울특별시 서초구 방배1동
서초구,방배동,라온채,방배본동,서초구,방배본동,서울특별시 서초구 방배본동
서초구,방배동,라파예트,방배본동,서초구,방배본동,서울특별시 서초구 방배본동
서초구,방배동,래미안방배아트힐(1008-2),방배본동,서초구,방배3동,서울특별시 서초구 방배3동
서초구,방배동,래미안방배에버뉴,방배본동,서초구,방배본동,서울특별시 서초구 방배본동
서초구,방배동,레베빌,방배본동,서초구,방배4동,서울특별시 서초구 방배4동
서초구,방배동,레베빌(798-1),방배본동,서초구,방배4동,서울특별시 서초구 방배4동
서초구,방배동,레베빌2,방배본동,서초구,방배4동,서울특별시 서초구 방배4동
서초구,방배동,렉스빌,방배본동,서초구,방배4동,서울특별시 서초구 방배4동
서초구,방배동,롯데빌라트2차,방배본동,서초구,방배1동,서울특별시 서초구 방배1동
서초구,방배동,롯데캐슬아르떼,방배본동,서초구,방배2동,서울특별시 서초구 방배2동
서초구,방배동,롯데캐슬파크(34),방배본동,서초구,방배1동,서울특별시 서초구 방배1동
서초구,방배동,롯데캐슬파크(38),방배본동,서초구,방배1동,서울특별시 서초구 방배1동
서초구,방배동,롯데캐슬파크(40),방배본동,서초구,방배1동,서울특별시 서초구 방배1동
서초구,방배동,롯데캐슬포레스트,방배본동,서초구,방배4동,서울특별시 서초구 방배4동
서초구,방배동,롯데캐슬헤론,방배본동,서초구,방배본동,서울특별시 서초구 방배본동
서초구,방배동,루이스캐슬,방배본동,서초구,방배3동,서울특별시 서초구 방배3동
서초구,방배동,르가든5차,방배본동,서초구,반포4동,서울특별시 서초구 반포4동
서초구,방배동,르가든6차,방배본동,서초구,반포4동,서울특별시 서초구 반포4동
서초구,방배동,리베하임,방배본동,서초구,방배3동,서울특별시 서초구 방배3동
서초구,방배동,리벨루스(804-1),방배본동,서초구,방배1동,서울특별시 서초구 방배1동
서초구,방배동,리첸시아방배,방배본동,서초구,방배본동,서울특별시 서초구 방배본동
서초구,방배동,리치팰리스,방배본동,서초구,방배4동,서울특별시 서초구 방배4동
서초구,방배동,멤버스빌,방배본동,서초구,방배1동,서울특별시 서초구 방배1동
서초구,방배동,멤버스카운티601,방배본동,서초구,방배1동,서울특별시 서초구 방배1동
서초구,방배동,명지해드는터,방배본동,서초구,방배3동,서울특별시 서초구 방배3동
서초구,방배동,모닝아트빌,방배본동,서초구,방배1동,서울특별시 서초구 방배1동
서초구,방배동,바흐하우스반포캐슬,방배본동,서초구,방배본동,서울특별시 서초구 방배본동
서초구,방배동,방배 서리풀 그랑블,방배본동,서초구,방배1동,서울특별시 서초구 방배1동
서초구,방배동,방배1차현대홈타운,방배본동,서초구,방배1동,서울특별시 서초구 방배1동
서초구,방배동,방배2차e-편한세상,방배본동,서초구,방배4동,서울특별시 서초구 방배4동
서초구,방배동,방배2차상지리츠빌,방배본동,서초구,방배3동,서울특별시 서초구 방배3동
서초구,방배동,방배2차현대홈타운,방배본동,서초구,방배4동,서울특별시 서초구 방배4동
서초구,방배동,방배3차e-편한세상,방배본동,서초구,방배본동,서울특별시 서초구 방배본동
서초구,방배동,방배3차현대홈타운,방배본동,서초구,방배본동,서울특별시 서초구 방배본동
서초구,방배동,방배5차상지리츠빌,방배본동,서초구,방배본동,서울특별시 서초구 방배본동
서초구,방배동,방배CJ나인빌1차,방배본동,서초구,방배1동,서울특별시 서초구 방배1동
서초구,방배동,방배CJ나인빌2차,방배본동,서초구,방배1동,서울특별시 서초구 방배1동
서초구,방배동,방배갤러리,방배본동,서초구,방배4동,서울특별시 서초구 방배4동
서초구,방배동,방배그랑자이,방배본동,서초구,방배3동,서울특별시 서초구 방배3동
서초구,방배동,방배노블힐스,방배본동,서초구,방배3동,서울특별시 서초구 방배3동
서초구,방배동,방배다움샤인힐,방배본동,서초구,방배4동,서울특별시 서초구 방배4동
서초구,방배동,방배대성유니드아파트,방배본동,서초구,반포4동,서울특별시 서초구 반포4동
서초구,방배동,방배대우(562-1),방배본동,서초구,방배1동,서울특별시 서초구 방배1동
서초구,방배동,방배대우디오빌,방배본동,서초구,방배4동,서울특별시 서초구 방배4동
서초구,방배동,방배대우멤버스카운티,방배본동,서초구,방배4동,서울특별시 서초구 방배4동
서초구,방배동,방배대우멤버스카운티(809-17),방배본동,서초구,방배4동,서울특별시 서초구 방배4동
서초구,방배동,방배대우멤버스카운티201,방배본동,서초구,방배4동,서울특별시 서초구 방배4동
서초구,방배동,방배대우멤버스카운티301,방배본동,서초구,방배1동,서울특별시 서초구 방배1동
서초구,방배동,방배대우멤버스카운티501,방배본동,서초구,방배4동,서울특별시 서초구 방배4동
서초구,방배동,방배대우멤버스카운티502,방배본동,서초구,방배4동,서울특별시 서초구 방배4동
서초구,방배동,방배대우유로카운티,방배본동,서초구,방배4동,서울특별시 서초구 방배4동
서초구,방배동,방배동갤러리하우스3,방배본동,서초구,방배본동,서울특별시 서초구 방배본동
서초구,방배동,방배동동양파라곤,방배본동,서초구,방배3동,서울특별시 서초구 방배3동
서초구,방배동,방배디오슈페리움Ⅰ,방배본동,서초구,방배4동,서울특별시 서초구 방배4동
서초구,방배동,방배래미안타워,방배본동,서초구,방배3동,서울특별시 서초구 방배3동
서초구,방배동,방배렉슬,방배본동,서초구,방배4동,서울특별시 서초구 방배4동
서초구,방배동,방배롯데캐슬OSCAR,방배본동,서초구,방배본동,서울특별시 서초구 방배본동
서초구,방배동,방배롯데캐슬로제,방배본동,서초구,방배4동,서울특별시 서초구 방배4동
서초구,방배동,방배리치빌,방배본동,서초구,방배2동,서울특별시 서초구 방배2동
서초구,방배동,방배마에스트로,방배본동,서초구,방배4동,서울특별시 서초구 방배4동
서초구,방배동,방배브라운가,방배본동,서초구,방배1동,서울특별시 서초구 방배1동
서초구,방배동,방배블레스밸리,방배본동,서초구,방배3동,서울특별시 서초구 방배3동
서초구,방배동,방배비젼21빌라트,방배본동,서초구,방배4동,서울특별시 서초구 방배4동
서초구,방배동,방배삼성홈타운(101),방배본동,서초구,방배4동,서울특별시 서초구 방배4동
서초구,방배동,방배삼성홈타운(102),방배본동,서초구,방배4동,서울특별시 서초구 방배4동
서초구,방배동,방배샤인힐6차,방배본동,서초구,방배4동,서울특별시 서초구 방배4동
서초구,방배동,방배서리풀힐스,방배본동,서초구,방배1동,서울특별시 서초구 방배1동
서초구,방배동,방배승원아트빌,방배본동,서초구,방배4동,서울특별시 서초구 방배4동
서초구,방배동,방배신동아럭스빌,방배본동,서초구,방배3동,서울특별시 서초구 방배3동
서초구,방배동,방배신삼호,방배본동,서초구,방배본동,서울특별시 서초구 방배본동
서초구,방배동,방배신주,방배본동,서초구,방배2동,서울특별시 서초구 방배2동
서초구,방배동,방배씨티(보성),방배본동,서초구,방배4동,서울특별시 서초구 방배4동
서초구,방배동,방배아이파크,방배본동,서초구,방배본동,서울특별시 서초구 방배본동
서초구,방배동,방배아크로리버,방배본동,서초구,방배본동,서울특별시 서초구 방배본동
서초구,방배동,방배아크로타워,방배본동,서초구,방배1동,서울특별시 서초구 방배1동
서초구,방배동,방배아크빌,방배본동,서초구,방배4동,서울특별시 서초구 방배4동
서초구,방배동,방배아트e-편한세상102,방배본동,서초구,방배3동,서울특별시 서초구 방배3동
서초구,방배동,방배아트e-편한세상103,방배본동,서초구,방배3동,서울특별시 서초구 방배3동
서초구,방배동,방배아트e-편한세상106,방배본동,서초구,방배3동,서울특별시 서초구 방배3동
서초구,방배동,방배아트e편한세상101,방배본동,서초구,방배3동,서울특별시 서초구 방배3동
서초구,방배동,방배아트e편한세상105,방배본동,서초구,방배3동,서울특별시 서초구 방배3동
서초구,방배동,방배아트자이,방배본동,서초구,방배3동,서울특별시 서초구 방배3동
서초구,방배동,방배아펠바움,방배본동,서초구,방배본동,서울특별시 서초구 방배본동
서초구,방배동,방배어울림,방배본동,서초구,방배3동,서울특별시 서초구 방배3동
서초구,방배동,방배엔스위트,방배본동,서초구,방배3동,서울특별시 서초구 방배3동
서초구,방배동,방배우성,방배본동,서초구,방배2동,서울특별시 서초구 방배2동
서초구,방배동,방배임광3차,방배본동,서초구,방배3동,서울특별시 서초구 방배3동
서초구,방배동,방배자이,방배본동,서초구,방배3동,서울특별시 서초구 방배3동
서초구,방배동,방배중앙센트레빌,방배본동,서초구,방배본동,서울특별시 서초구 방배본동
서초구,방배동,방배타운하우스,방배본동,서초구,방배본동,서울특별시 서초구 방배본동
서초구,방배동,방배트리플,방배본동,서초구,방배4동,서울특별시 서초구 방배4동
서초구,방배동,방배포레스트,방배본동,서초구,방배3동,서울특별시 서초구 방배3동
서초구,방배동,방배한화,방배본동,서초구,방배1동,서울특별시 서초구 방배1동
서초구,방배동,방배현대멤피스2,방배본동,서초구,방배3동,서울특별시 서초구 방배3동
서초구,방배동,방배현대빌라트(999-2),방배본동,서초구,방배3동,서울특별시 서초구 방배3동
서초구,방배동,방배호원,방배본동,서초구,방배3동,서울특별시 서초구 방배3동
서초구,방배동,방배홈타운(479-11),방배본동,서초구,방배4동,서울특별시 서초구 방배4동
서초구,방배동,방배힐1차,방배본동,서초구,방배1동,서울특별시 서초구 방배1동
서초구,방배동,방배힐2차,방배본동,서초구,방배4동,서울특별시 서초구 방배4동
서초구,방배동,베네쎄레,방배본동,서초구,방배1동,서울특별시 서초구 방배1동
서초구,방배동,베로니스2차,방배본동,서초구,방배4동,서울특별시 서초구 방배4동
서초구,방배동,베로니스3차,방배본동,서초구,방배4동,서울특별시 서초구 방배4동
서초구,방배동,베로니스5차,방배본동,서초구,방배본동,서울특별시 서초구 방배본동
서초구,방배동,벨루체팰리스,방배본동,서초구,방배4동,서울특별시 서초구 방배4동
서초구,방배동,보아스방배,방배본동,서초구,방배4동,서울특별시 서초구 방배4동
서초구,방배동,부에나비스타,방배본동,서초구,방배본동,서울특별시 서초구 방배본동
서초구,방배동,브라운스톤방배,방배본동,서초구,방배1동,서울특별시 서초구 방배1동
서초구,방배동,브라운스톤효령아파트,방배본동,서초구,방배3동,서울특별시 서초구 방배3동
서초구,방배동,비젼21(2차),방배본동,서초구,방배4동,서울특별시 서초구 방배4동
서초구,방배동,빌라도르,방배본동,서초구,방배4동,서울특별시 서초구 방배4동
서초구,방배동,빌라일두오모,방배본동,서초구,방배1동,서울특별시 서초구 방배1동
서초구,방배동,삼성래미안1,방배본동,서초구,방배2동,서울특별시 서초구 방배2동
서초구,방배동,삼익,방배본동,서초구,방배3동,서울특별시 서초구 방배3동
서초구,방배동,삼호1동~3동,방배본동,서초구,방배본동,서울특별시 서초구 방배본동
서초구,방배동,삼호2,방배본동,서초구,방배본동,서울특별시 서초구 방배본동
서초구,방배동,삼호3,방배본동,서초구,방배본동,서울특별시 서초구 방배본동
서초구,방배동,삼호한숲,방배본동,서초구,방배3동,서울특별시 서초구 방배3동
서초구,방배동,삼환나띠르빌(1002-10),방배본동,서초구,서초3동,서울특별시 서초구 서초3동
서초구,방배동,삼환나띠르빌(1002-11),방배본동,서초구,서초3동,서울특별시 서초구 서초3동
서초구,방배동,삼환나띠르빌(1002-21),방배본동,서초구,서초3동,서울특별시 서초구 서초3동
서초구,방배동,삼환나띠르빌(1002-22),방배본동,서초구,서초3동,서울특별시 서초구 서초3동
서초구,방배동,삼환나띠르빌(1002-7),방배본동,서초구,서초3동,서울특별시 서초구 서초3동
서초구,방배동,삼환나띠르빌(1002-8),방배본동,서초구,서초3동,서울특별시 서초구 서초3동
서초구,방배동,삼환나띠르빌(1002-9),방배본동,서초구,서초3동,서울특별시 서초구 서초3동
서초구,방배동,상록리츠콤(878-16),방배본동,서초구,방배4동,서울특별시 서초구 방배4동
서초구,방배동,상지리츠빌4차(843-11),방배본동,서초구,방배4동,서울특별시 서초구 방배4동
서초구,방배동,상지리츠빌4차(843-13),방배본동,서초구,방배4동,서울특별시 서초구 방배4동
서초구,방배동,상지리츠빌6차,방배본동,서초구,방배4동,서울특별시 서초구 방배4동
서초구,방배동,상지리츠빌7차,방배본동,서초구,방배4동,서울특별시 서초구 방배4동
서초구,방배동,상지리츠빌8차,방배본동,서초구,방배본동,서울특별시 서초구 방배본동
서초구,방배동,서리풀e편한세상,방배본동,서초구,방배1동,서울특별시 서초구 방배1동
서초구,방배동,서리풀래디앙아파트,방배본동,서초구,방배4동,서울특별시 서초구 방배4동
서초구,방배동,서리풀프라젠아파트,방배본동,서초구,방배4동,서울특별시 서초구 방배4동
서초구,방배동,서초이에스에이3차,방배본동,서초구,서초3동,서울특별시 서초구 서초3동
서초구,방배동,서초훼미리하우스,방배본동,서초구,방배1동,서울특별시 서초구 방배1동
서초구,방배동,서희융창,방배본동,서초구,방배3동,서울특별시 서초구 방배3동
서초구,방배동,선영베스트,방배본동,서초구,방배4동,서울특별시 서초구 방배4동
서초구,방배동,설록,방배본동,서초구,방배4동,서울특별시 서초구 방배4동
서초구,방배동,성지라빌레뜨B,방배본동,서초구,방배4동,서울특별시 서초구 방배4동
서초구,방배동,세양아르비채101동,방배본동,서초구,방배2동,서울특별시 서초구 방배2동
서초구,방배동,세양아르비채102동,방배본동,서초구,방배2동,서울특별시 서초구 방배2동
서초구,방배동,스톤힐스,방배본동,서초구,방배본동,서울특별시 서초구 방배본동
서초구,방배동,신구,방배본동,서초구,방배3동,서울특별시 서초구 방배3동
서초구,방배동,신구드림하우스,방배본동,서초구,방배1동,서울특별시 서초구 방배1동
서초구,방배동,신구하이텍빌리지,방배본동,서초구,방배4동,서울특별시 서초구 방배4동
서초구,방배동,신동아,방배본동,서초구,방배3동,서울특별시 서초구 방배3동
서초구,방배동,신원아침도시,방배본동,서초구,방배3동,서울특별시 서초구 방배3동
서초구,방배동,신한엔시모,방배본동,서초구,방배4동,서울특별시 서초구 방배4동
서초구,방배동,신호,방배본동,서초구,방배1동,서울특별시 서초구 방배1동
서초구,방배동,신호그린빌,방배본동,서초구,방배1동,서울특별시 서초구 방배1동
서초구,방배동,신호나이스빌,방배본동,서초구,방배1동,서울특별시 서초구 방배1동
서초구,방배동,쌍용예가클래식,방배본동,서초구,방배본동,서울특별시 서초구 방배본동
서초구,방배동,써니힐즈,방배본동,서초구,방배4동,서울특별시 서초구 방배4동
서초구,방배동,아이리스,방배본동,서초구,방배3동,서울특별시 서초구 방배3동
서초구,방배동,양지빌라트,방배본동,서초구,방배1동,서울특별시 서초구 방배1동
서초구,방배동,엘루크방배서리풀,방배본동,서초구,방배1동,서울특별시 서초구 방배1동
서초구,방배동,엘르빌,방배본동,서초구,방배3동,서울특별시 서초구 방배3동
서초구,방배동,영지아트빌라,방배본동,서초구,방배본동,서울특별시 서초구 방배본동
서초구,방배동,영진,방배본동,서초구,방배4동,서울특별시 서초구 방배4동
서초구,방배동,월드빌라트(798-5),방배본동,서초구,반포4동,서울특별시 서초구 반포4동
서초구,방배동,월드빌라트(999),방배본동,서초구,반포4동,서울특별시 서초구 반포4동
서초구,방배동,월드빌리지,방배본동,서초구,방배4동,서울특별시 서초구 방배4동
서초구,방배동,이연아마빌레,방배본동,서초구,방배4동,서울특별시 서초구 방배4동
서초구,방배동,임광,방배본동,서초구,방배3동,서울특별시 서초구 방배3동
서초구,방배동,정림,방배본동,서초구,방배2동,서울특별시 서초구 방배2동
서초구,방배동,청광(761-5),방배본동,서초구,방배4동,서울특별시 서초구 방배4동
서초구,방배동,청광아트빌(14차),방배본동,서초구,방배4동,서울특별시 서초구 방배4동
서초구,방배동,청암,방배본동,서초구,방배2동,서울특별시 서초구 방배2동
서초구,방배동,카사벨라(939-9),방배본동,서초구,방배4동,서울특별시 서초구 방배4동
서초구,방배동,캐슬렉스,방배본동,서초구,방배4동,서울특별시 서초구 방배4동
서초구,방배동,코트빌,방배본동,서초구,방배4동,서울특별시 서초구 방배4동
서초구,방배동,탑빌라트,방배본동,서초구,방배본동,서울특별시 서초구 방배본동
서초구,방배동,태림,방배본동,서초구,방배1동,서울특별시 서초구 방배1동
서초구,방배동,태화빌라(733),방배본동,서초구,방배본동,서울특별시 서초구 방배본동
서초구,방배동,파라다이스(477-7),방배본동,서초구,방배3동,서울특별시 서초구 방배3동
서초구,방배동,파인빌리지,방배본동,서초구,서초1동,서울특별시 서초구 서초1동
서초구,방배동,판테옹빌라,방배본동,서초구,방배4동,서울특별시 서초구 방배4동
서초구,방배동,팔라티노,방배본동,서초구,방배1동,서울특별시 서초구 방배1동
서초구,방배동,퍼시픽56차,방배본동,서초구,방배1동,서울특별시 서초구 방배1동
서초구,방배동,포렛힐,방배본동,서초구,방배4동,서울특별시 서초구 방배4동
서초구,방배동,폴라씨엘로,방배본동,서초구,방배4동,서울특별시 서초구 방배4동
서초구,방배동,푸른마을,방배본동,서초구,방배본동,서울특별시 서초구 방배본동
서초구,방배동,프라하임1차,방배본동,서초구,방배1동,서울특별시 서초구 방배1동
서초구,방배동,프레스턴(1-119),방배본동,서초구,방배4동,서울특별시 서초구 방배4동
서초구,방배동,프레스턴(1-62),방배본동,서초구,방배4동,서울특별시 서초구 방배4동
서초구,방배동,프리우스,방배본동,서초구,방배4동,서울특별시 서초구 방배4동
서초구,방배동,필그린빌라,방배본동,서초구,방배4동,서울특별시 서초구 방배4동
서초구,방배동,하늘바람,방배본동,서초구,방배본동,서울특별시 서초구 방배본동
서초구,방배동,한신트리플,방배본동,서초구,방배4동,서울특별시 서초구 방배4동
서초구,방배동,한신휴플러스,방배본동,서초구,방배4동,서울특별시 서초구 방배4동
서초구,방배동,한진로즈힐,방배본동,서초구,방배4동,서울특별시 서초구 방배4동
서초구,방배동,한화엘르빌,방배본동,서초구,방배4동,서울특별시 서초구 방배4동
서초구,방배동,현대맨션,방배본동,서초구,방배3동,서울특별시 서초구 방배3동
서초구,방배동,현대멤피스,방배본동,서초구,방배본동,서울특별시 서초구 방배본동
서초구,방배동,현대쉴러하우스,방배본동,서초구,방배4동,서울특별시 서초구 방배4동
서초구,방배동,현대아르빌,방배본동,서초구,방배2동,서울특별시 서초구 방배2동
서초구,방배동,현대오페라하우스,방배본동,서초구,방배4동,서울특별시 서초구 방배4동
서초구,방배동,현대오페라하우스2차,방배본동,서초구,방배4동,서울특별시 서초구 방배4동
서초구,방배동,황실자이,방배본동,서초구,방배1동,서울특별시 서초구 방배1동
서초구,방배동,효산빌라트,방배본동,서초구,방배4동,서울특별시 서초구 방배4동
서초구,방배동,훼미리타운,방배본동,서초구,방배1동,서울특별시 서초구 방배1동
서초구,방배동,힐스나인빌리지,방배본동,서초구,방배4동,서울특별시 서초구 방배4동
서초구,서초동,(1617-21),서초1동,서초구,서초3동,서울특별시 서초구 서초3동
서초구,서초동,DK밸리뷰서초2차,서초1동,서초구,서초3동,서울특별시 서초구 서초3동
서초구,서초동,DK밸리뷰시티,서초1동,서초구,서초3동,서울특별시 서초구 서초3동
서초구,서초동,LOFT1487,서초1동,서초구,서초3동,서울특별시 서초구 서초3동
서초구,서초동,N-Suite(1513-2),서초1동,서초구,방배3동,서울특별시 서초구 방배3동
서초구,서초동,N-Suite101동(1511-6),서초1동,서초구,방배3동,서울특별시 서초구 방배3동
서초구,서초동,N-Suite102동(1511-3),서초1동,서초구,방배3동,서울특별시 서초구 방배3동
서초구,서초동,urbanplace,서초1동,서초구,서초2동,서울특별시 서초구 서초2동
서초구,서초동,강남아르젠,서초1동,서초구,서초2동,서울특별시 서초구 서초2동
서초구,서초동,강남태영데시앙루브,서초1동,서초구,서초4동,서울특별시 서초구 서초4동
서초구,서초동,갤러리하우스,서초1동,서초구,서초3동,서울특별시 서초구 서초3동
서초구,서초동,경남아너스빌,서초1동,서초구,서초3동,서울특별시 서초구 서초3동
서초구,서초동,경남아너스빌(1608-8),서초1동,서초구,서초3동,서울특별시 서초구 서초3동
서초구,서초동,경남아너스빌201동,서초1동,서초구,서초3동,서울특별시 서초구 서초3동
서초구,서초동,그린빌라트,서초1동,서초구,서초3동,서울특별시 서초구 서초3동
서초구,서초동,극동스타클래스2,서초1동,서초구,서초1동,서울특별시 서초구 서초1동
서초구,서초동,끄레메빌,서초1동,서초구,서초1동,서울특별시 서초구 서초1동
서초구,서초동,다솔,서초1동,서초구,서초3동,서울특별시 서초구 서초3동
서초구,서초동,다우월드아파트,서초1동,서초구,서초2동,서울특별시 서초구 서초2동
서초구,서초동,대경벨로체,서초1동,서초구,서초3동,서울특별시 서초구 서초3동
서초구,서초동,대림서초리시온,서초1동,서초구,서초1동,서울특별시 서초구 서초1동
서초구,서초동,대상파크빌,서초1동,서초구,서초3동,서울특별시 서초구 서초3동
서초구,서초동,대성유니드,서초1동,서초구,서초1동,서울특별시 서초구 서초1동
서초구,서초동,대호프레조빌,서초1동,서초구,서초1동,서울특별시 서초구 서초1동
서초구,서초동,더미켈란,서초1동,서초구,서초3동,서울특별시 서초구 서초3동
서초구,서초동,더샵서초,서초1동,서초구,서초1동,서울특별시 서초구 서초1동
서초구,서초동,"더샾오데움(101,102동)",서초1동,서초구,서초3동,서울특별시 서초구 서초3동
서초구,서초동,더샾오데움(103동),서초1동,서초구,서초3동,서울특별시 서초구 서초3동
서초구,서초동,더샾오데움(104동),서초1동,서초구,서초3동,서울특별시 서초구 서초3동
서초구,서초동,더클래스,서초1동,서초구,서초3동,서울특별시 서초구 서초3동
서초구,서초동,도무스,서초1동,서초구,서초3동,서울특별시 서초구 서초3동
서초구,서초동,동아빌라트1,서초1동,서초구,서초1동,서울특별시 서초구 서초1동
서초구,서초동,동아빌라트2,서초1동,서초구,서초1동,서울특별시 서초구 서초1동
서초구,서초동,동아빌리지,서초1동,서초구,서초3동,서울특별시 서초구 서초3동
서초구,서초동,동원베네스트아파트,서초1동,서초구,서초2동,서울특별시 서초구 서초2동
서초구,서초동,동일하이빌,서초1동,서초구,서초3동,서울특별시 서초구 서초3동
서초구,서초동,두산위브(1362),서초1동,서초구,서초2동,서울특별시 서초구 서초2동
서초구,서초동,두진한아름,서초1동,서초구,서초1동,서울특별시 서초구 서초1동
서초구,서초동,디아레나서초,서초1동,서초구,서초3동,서울특별시 서초구 서초3동
서초구,서초동,라파엘로,서초1동,서초구,서초3동,서울특별시 서초구 서초3동
서초구,서초동,래미안 리더스원,서초1동,서초구,서초2동,서울특별시 서초구 서초2동
서초구,서초동,래미안서초3차,서초1동,서초구,서초3동,서울특별시 서초구 서초3동
서초구,서초동,래미안서초4차,서초1동,서초구,서초3동,서울특별시 서초구 서초3동
서초구,서초동,래미안서초5차,서초1동,서초구,서초3동,서울특별시 서초구 서초3동
서초구,서초동,래미안서초7차,서초1동,서초구,서초1동,서울특별시 서초구 서초1동
서초구,서초동,래미안서초스위트,서초1동,서초구,서초4동,서울특별시 서초구 서초4동
서초구,서초동,래미안서초에스티지,서초1동,서초구,서초2동,서울특별시 서초구 서초2동
서초구,서초동,래미안서초에스티지S,서초1동,서초구,서초2동,서울특별시 서초구 서초2동
서초구,서초동,래미안서초유니빌,서초1동,서초구,서초1동,서울특별시 서초구 서초1동
서초구,서초동,레미안서초6차(1520-9),서초1동,서초구,서초3동,서울특별시 서초구 서초3동
서초구,서초동,로얄파크에이,서초1동,서초구,서초1동,서울특별시 서초구 서초1동
서초구,서초동,로얄하이츠,서초1동,서초구,서초3동,서울특별시 서초구 서초3동
서초구,서초동,롯데캐슬메디치,서초1동,서초구,서초1동,서울특별시 서초구 서초1동
서초구,서초동,롯데캐슬스파,서초1동,서초구,서초1동,서울특별시 서초구 서초1동
서초구,서초동,롯데캐슬쥬피터,서초1동,서초구,서초2동,서울특별시 서초구 서초2동
서초구,서초동,롯데캐슬클래식,서초1동,서초구,서초4동,서울특별시 서초구 서초4동
서초구,서초동,루컴즈힐서리풀,서초1동,서초구,서초3동,서울특별시 서초구 서초3동
서초구,서초동,리안하우스,서초1동,서초구,서초3동,서울특별시 서초구 서초3동
서초구,서초동,마샹스,서초1동,서초구,서초3동,서울특별시 서초구 서초3동
서초구,서초동,마샹스(2차),서초1동,서초구,서초3동,서울특별시 서초구 서초3동
서초구,서초동,"마제스타시티(힐스테이트서리풀101,102동)",서초1동,서초구,서초3동,서울특별시 서초구 서초3동
서초구,서초동,밀라텔쉐르빌,서초1동,서초구,서초4동,서울특별시 서초구 서초4동
서초구,서초동,보미리즌빌,서초1동,서초구,서초3동,서울특별시 서초구 서초3동
서초구,서초동,브라운스톤로얄스위트서초,서초1동,서초구,서초3동,서울특별시 서초구 서초3동
서초구,서초동,브라운스톤서초(1677-1),서초1동,서초구,서초1동,서울특별시 서초구 서초1동
서초구,서초동,비버리캐슬,서초1동,서초구,서초3동,서울특별시 서초구 서초3동
서초구,서초동,삼성서초가든스위트,서초1동,서초구,서초2동,서울특별시 서초구 서초2동
서초구,서초동,삼풍아파트,서초1동,서초구,서초4동,서울특별시 서초구 서초4동
서초구,서초동,삼환바우스,서초1동,서초구,서초1동,서울특별시 서초구 서초1동
서초구,서초동,상지리츠빌(1),서초1동,서초구,서초3동,서울특별시 서초구 서초3동
서초구,서초동,상지리츠빌(10),서초1동,서초구,서초3동,서울특별시 서초구 서초3동
서초구,서초동,상지리츠빌(1617-13),서초1동,서초구,서초3동,서울특별시 서초구 서초3동
서초구,서초동,상지리츠빌(3),서초1동,서초구,서초3동,서울특별시 서초구 서초3동
서초구,서초동,상지리츠빌(4),서초1동,서초구,서초3동,서울특별시 서초구 서초3동
서초구,서초동,상지리츠빌(5),서초1동,서초구,서초3동,서울특별시 서초구 서초3동
서초구,서초동,상지리츠빌(6),서초1동,서초구,서초3동,서울특별시 서초구 서초3동
서초구,서초동,상지리츠빌(7),서초1동,서초구,서초3동,서울특별시 서초구 서초3동
서초구,서초동,새티스,서초1동,서초구,서초1동,서울특별시 서초구 서초1동
서초구,서초동,새티스2,서초1동,서초구,서초1동,서울특별시 서초구 서초1동
서초구,서초동,샹보르,서초1동,서초구,서초1동,서울특별시 서초구 서초1동
서초구,서초동,서린,서초1동,서초구,서초3동,서울특별시 서초구 서초3동
서초구,서초동,서초1차e-편한세상,서초1동,서초구,서초3동,서울특별시 서초구 서초3동
서초구,서초동,서초2차e-편한세상,서초1동,서초구,서초3동,서울특별시 서초구 서초3동
서초구,서초동,서초3차e편한세상,서초1동,서초구,서초3동,서울특별시 서초구 서초3동
서초구,서초동,서초4현대,서초1동,서초구,양재2동,서울특별시 서초구 양재2동
서초구,서초동,서초5차e편한세상,서초1동,서초구,서초3동,서울특별시 서초구 서초3동
서초구,서초동,서초8차상지리츠빌,서초1동,서초구,서초3동,서울특별시 서초구 서초3동
서초구,서초동,서초교대e편한세상,서초1동,서초구,서초4동,서울특별시 서초구 서초4동
서초구,서초동,서초그랑자이,서초1동,서초구,서초2동,서울특별시 서초구 서초2동
서초구,서초동,서초극동스타클래스,서초1동,서초구,서초1동,서울특별시 서초구 서초1동
서초구,서초동,서초금호어울림,서초1동,서초구,서초3동,서울특별시 서초구 서초3동
서초구,서초동,서초나산스위트,서초1동,서초구,서초2동,서울특별시 서초구 서초2동
서초구,서초동,서초네스피아A,서초1동,서초구,서초3동,서울특별시 서초구 서초3동
서초구,서초동,서초네스피아B,서초1동,서초구,서초3동,서울특별시 서초구 서초3동
서초구,서초동,서초노블레스아파트,서초1동,서초구,서초2동,서울특별시 서초구 서초2동
서초구,서초동,서초녹원,서초1동,서초구,서초1동,서울특별시 서초구 서초1동
서초구,서초동,서초대림빌라트,서초1동,서초구,서초3동,서울특별시 서초구 서초3동
서초구,서초동,서초대성유니드,서초1동,서초구,서초1동,서울특별시 서초구 서초1동
서초구,서초동,서초대우,서초1동,서초구,서초2동,서울특별시 서초구 서초2동
서초구,서초동,서초대우아이빌,서초1동,서초구,서초1동,서울특별시 서초구 서초1동
서초구,서초동,서초동대우디오빌프라임,서초1동,서초구,서초2동,서울특별시 서초구 서초2동
서초구,서초동,서초동롯데캐슬리버티,서초1동,서초구,서초1동,서울특별시 서초구 서초1동
서초구,서초동,서초동삼성쉐르빌2,서초1동,서초구,서초2동,서울특별시 서초구 서초2동
서초구,서초동,서초동아,서초1동,서초구,서초2동,서울특별시 서초구 서초2동
서초구,서초동,서초동아이파크,서초1동,서초구,서초1동,서울특별시 서초구 서초1동
서초구,서초동,서초동아타워,서초1동,서초구,서초2동,서울특별시 서초구 서초2동
서초구,서초동,서초동에지앙,서초1동,서초구,서초1동,서울특별시 서초구 서초1동
서초구,서초동,서초동프레스티지아파트,서초1동,서초구,서초2동,서울특별시 서초구 서초2동
서초구,서초동,서초동현대리츠빌,서초1동,서초구,서초2동,서울특별시 서초구 서초2동
서초구,서초동,서초두산위브2,서초1동,서초구,서초3동,서울특별시 서초구 서초3동
서초구,서초동,서초두산위브트레지움,서초1동,서초구,서초4동,서울특별시 서초구 서초4동
서초구,서초동,서초드림하이츠,서초1동,서초구,서초1동,서울특별시 서초구 서초1동
서초구,서초동,서초래미안,서초1동,서초구,서초4동,서울특별시 서초구 서초4동
서초구,서초동,서초레몬,서초1동,서초구,서초3동,서울특별시 서초구 서초3동
서초구,서초동,서초로얄,서초1동,서초구,서초1동,서울특별시 서초구 서초1동
서초구,서초동,서초로즈힐,서초1동,서초구,서초3동,서울특별시 서초구 서초3동
서초구,서초동,서초롯데캐슬84,서초1동,서초구,서초1동,서울특별시 서초구 서초1동
서초구,서초동,서초롯데캐슬프레지던트,서초1동,서초구,서초4동,서울특별시 서초구 서초4동
서초구,서초동,서초리젠,서초1동,서초구,서초1동,서울특별시 서초구 서초1동
서초구,서초동,서초벽산블루밍,서초1동,서초구,서초2동,서울특별시 서초구 서초2동
서초구,서초동,서초블레스,서초1동,서초구,서초3동,서울특별시 서초구 서초3동
서초구,서초동,서초블리스아파트,서초1동,서초구,서초2동,서울특별시 서초구 서초2동
서초구,서초동,서초삼성래미안,서초1동,서초구,서초4동,서울특별시 서초구 서초4동
서초구,서초동,서초센트럴IPARK,서초1동,서초구,서초3동,서울특별시 서초구 서초3동
서초구,서초동,서초쌍용플래티넘,서초1동,서초구,서초1동,서울특별시 서초구 서초1동
서초구,서초동,서초아크빌,서초1동,서초구,서초3동,서울특별시 서초구 서초3동
서초구,서초동,서초아트래디앙,서초1동,서초구,서초3동,서울특별시 서초구 서초3동
서초구,서초동,서초아트빌,서초1동,서초구,서초2동,서울특별시 서초구 서초2동
서초구,서초동,서초아트자이,서초1동,서초구,서초3동,서울특별시 서초구 서초3동
서초구,서초동,서초아파트,서초1동,서초구,서초2동,서울특별시 서초구 서초2동
서초구,서초동,서초에스케이뷰,서초1동,서초구,서초3동,서울특별시 서초구 서초3동
서초구,서초동,서초예성그린캐슬,서초1동,서초구,서초1동,서울특별시 서초구 서초1동
서초구,서초동,서초우방유쉘,서초1동,서초구,서초3동,서울특별시 서초구 서초3동
서초구,서초동,서초이오빌,서초1동,서초구,서초3동,서울특별시 서초구 서초3동
서초구,서초동,서초자연인아파트(101동),서초1동,서초구,서초2동,서울특별시 서초구 서초2동
서초구,서초동,서초자연인아파트(102동),서초1동,서초구,서초2동,서울특별시 서초구 서초2동
서초구,서초동,서초자이,서초1동,서초구,서초2동,서울특별시 서초구 서초2동
서초구,서초동,서초자이르네,서초1동,서초구,서초3동,서울특별시 서초구 서초3동
서초구,서초동,서초중흥S-클래스(도시형생활주택),서초1동,서초구,서초3동,서울특별시 서초구 서초3동
서초구,서초동,서초지웰,서초1동,서초구,서초1동,서울특별시 서초구 서초1동
서초구,서초동,서초코아,서초1동,서초구,서초3동,서울특별시 서초구 서초3동
서초구,서초동,서초타운트라팰리스,서초1동,서초구,서초2동,서울특별시 서초구 서초2동
서초구,서초동,서초타워시티빌,서초1동,서초구,서초4동,서울특별시 서초구 서초4동
서초구,서초동,서초태동스위트,서초1동,서초구,서초1동,서울특별시 서초구 서초1동
서초구,서초동,서초트라팰리스,서초1동,서초구,서초2동,서울특별시 서초구 서초2동
서초구,서초동,서초트레져,서초1동,서초구,서초3동,서울특별시 서초구 서초3동
서초구,서초동,서초파라곤,서초1동,서초구,서초2동,서울특별시 서초구 서초2동
서초구,서초동,서초푸르지오써밋,서초1동,서초구,서초4동,서울특별시 서초구 서초4동
서초구,서초동,서초프라임빌(1566-9),서초1동,서초구,서초3동,서울특별시 서초구 서초3동
서초구,서초동,서초프레스턴,서초1동,서초구,서초3동,서울특별시 서초구 서초3동
서초구,서초동,서초한빛삼성,서초1동,서초구,서초3동,서울특별시 서초구 서초3동
서초구,서초동,서초한신,서초1동,서초구,서초3동,서울특별시 서초구 서초3동
서초구,서초동,서초한신리빙타워,서초1동,서초구,서초3동,서울특별시 서초구 서초3동
서초구,서초동,서초한양수자인,서초1동,서초구,서초2동,서울특별시 서초구 서초2동
서초구,서초동,서초한일,서초1동,서초구,서초1동,서울특별시 서초구 서초1동
서초구,서초동,서초한일유앤아이주상복합,서초1동,서초구,서초4동,서울특별시 서초구 서초4동
서초구,서초동,서초현대,서초1동,서초구,서초1동,서울특별시 서초구 서초1동
서초구,서초동,서초현대타워아파트,서초1동,서초구,서초2동,서울특별시 서초구 서초2동
서초구,서초동,서초화원그랑빌,서초1동,서초구,서초3동,서울특별시 서초구 서초3동
서초구,서초동,서초힐하우스,서초1동,서초구,서초1동,서울특별시 서초구 서초1동
서초구,서초동,수광빌라트,서초1동,서초구,서초1동,서울특별시 서초구 서초1동
서초구,서초동,스위트빌,서초1동,서초구,서초3동,서울특별시 서초구 서초3동
서초구,서초동,신구블레스벨리,서초1동,서초구,서초3동,서울특별시 서초구 서초3동
서초구,서초동,신동아아파트(1차),서초1동,서초구,서초2동,서울특별시 서초구 서초2동
서초구,서초동,신동아아파트(2차),서초1동,서초구,서초2동,서울특별시 서초구 서초2동
서초구,서초동,신원아침도시(1420),서초1동,서초구,서초1동,서울특별시 서초구 서초1동
서초구,서초동,신원아침도시(1434),서초1동,서초구,서초1동,서울특별시 서초구 서초1동
서초구,서초동,아남,서초1동,서초구,서초1동,서울특별시 서초구 서초1동
서초구,서초동,아이파크빌,서초1동,서초구,서초3동,서울특별시 서초구 서초3동
서초구,서초동,아크로비스타,서초1동,서초구,서초4동,서울특별시 서초구 서초4동
서초구,서초동,애지앙,서초1동,서초구,서초3동,서울특별시 서초구 서초3동
서초구,서초동,연우,서초1동,서초구,서초3동,서울특별시 서초구 서초3동
서초구,서초동,예림,서초1동,서초구,서초3동,서울특별시 서초구 서초3동
서초구,서초동,예성그린(1667-3),서초1동,서초구,서초1동,서울특별시 서초구 서초1동
서초구,서초동,오로라빌,서초1동,서초구,서초3동,서울특별시 서초구 서초3동
서초구,서초동,옥스포드빌라트,서초1동,서초구,서초1동,서울특별시 서초구 서초1동
서초구,서초동,우성아파트,서초1동,서초구,서초2동,서울특별시 서초구 서초2동
서초구,서초동,우정에쉐르,서초1동,서초구,서초2동,서울특별시 서초구 서초2동
서초구,서초동,월드메르디앙,서초1동,서초구,서초3동,서울특별시 서초구 서초3동
서초구,서초동,월드메르디앙(오페라),서초1동,서초구,서초3동,서울특별시 서초구 서초3동
서초구,서초동,월드메르디앙A,서초1동,서초구,반포4동,서울특별시 서초구 반포4동
서초구,서초동,월드메르디앙B,서초1동,서초구,반포4동,서울특별시 서초구 반포4동
서초구,서초동,월드빌라트,서초1동,서초구,서초3동,서울특별시 서초구 서초3동
서초구,서초동,유원서초,서초1동,서초구,서초4동,서울특별시 서초구 서초4동
서초구,서초동,장미아파트,서초1동,서초구,서초2동,서울특별시 서초구 서초2동
서초구,서초동,장복엘리트타운,서초1동,서초구,서초3동,서울특별시 서초구 서초3동
서초구,서초동,제이씨라디앙,서초1동,서초구,서초3동,서울특별시 서초구 서초3동
서초구,서초동,지에스타워,서초1동,서초구,서초1동,서울특별시 서초구 서초1동
서초구,서초동,진흥아파트,서초1동,서초구,서초4동,서울특별시 서초구 서초4동
서초구,서초동,초원현대,서초1동,서초구,서초1동,서울특별시 서초구 서초1동
서초구,서초동,트라움하우스2,서초1동,서초구,서초3동,서울특별시 서초구 서초3동
서초구,서초동,트라움하우스3,서초1동,서초구,서초1동,서울특별시 서초구 서초1동
서초구,서초동,티에스프리우스,서초1동,서초구,서초1동,서울특별시 서초구 서초1동
서초구,서초동,풍림아이원(101동),서초1동,서초구,서초2동,서울특별시 서초구 서초2동
서초구,서초동,풍림아이원(102동),서초1동,서초구,서초2동,서울특별시 서초구 서초2동
서초구,서초동,풍림아이원플러스,서초1동,서초구,서초2동,서울특별시 서초구 서초2동
서초구,서초동,프레스턴-2(1506-42),서초1동,서초구,서초3동,서울특별시 서초구 서초3동
서초구,서초동,한라비발디스튜디오193,서초1동,서초구,서초2동,서울특별시 서초구 서초2동
서초구,서초동,한성,서초1동,서초구,서초3동,서울특별시 서초구 서초3동
서초구,서초동,한승미메이드,서초1동,서초구,서초1동,서울특별시 서초구 서초1동
서초구,서초동,햄프턴코트,서초1동,서초구,서초1동,서울특별시 서초구 서초1동
서초구,서초동,현대ESA2,서초1동,서초구,서초3동,서울특별시 서초구 서초3동
서초구,서초동,현대빌라트,서초1동,서초구,서초3동,서울특별시 서초구 서초3동
서초구,서초동,현대서초3,서초1동,서초구,서초4동,서울특별시 서초구 서초4동
서초구,서초동,현대서초빌라트,서초1동,서초구,서초3동,서울특별시 서초구 서초3동
서초구,서초동,현대성우주상복합아파트,서초1동,서초구,서초4동,서울특별시 서초구 서초4동
서초구,서초동,현대슈퍼빌,서초1동,서초구,서초3동,서울특별시 서초구 서초3동
서초구,서초동,현대아파트,서초1동,서초구,서초1동,서울특별시 서초구 서초1동
서초구,서초동,현대이에스에이아파트,서초1동,서초구,서초2동,서울특별시 서초구 서초2동
서초구,서초동,현대임페리움,서초1동,서초구,서초1동,서울특별시 서초구 서초1동
서초구,서초동,현대홈타운,서초1동,서초구,서초3동,서울특별시 서초구 서초3동
서초구,신원동,서초포레스타3단지,양재2동,서초구,내곡동,서울특별시 서초구 내곡동
서초구,신원동,서초포레스타5단지,양재2동,서초구,내곡동,서울특별시 서초구 내곡동
서초구,신원동,서초포레스타6단지,양재2동,서초구,내곡동,서울특별시 서초구 내곡동
서초구,신원동,서초포레스타7단지,양재2동,서초구,내곡동,서울특별시 서초구 내곡동
서초구,신원동,힐스테이트서초젠트리스,양재2동,서초구,내곡동,서울특별시 서초구 내곡동
서초구,양재동,(66-3),양재1동,서초구,양재1동,서울특별시 서초구 양재1동
서초구,양재동,강남월드메르디앙프레스티지,양재1동,서초구,양재1동,서울특별시 서초구 양재1동
서초구,양재동,경희궁,양재1동,서초구,양재2동,서울특별시 서초구 양재2동
서초구,양재동,광정,양재1동,서초구,양재1동,서울특별시 서초구 양재1동
서초구,양재동,금강,양재1동,서초구,양재1동,서울특별시 서초구 양재1동
서초구,양재동,금일,양재1동,서초구,양재1동,서울특별시 서초구 양재1동
서초구,양재동,길명오퍼스,양재1동,서초구,양재1동,서울특별시 서초구 양재1동
서초구,양재동,노블하우스,양재1동,서초구,양재2동,서울특별시 서초구 양재2동
서초구,양재동,누리빌,양재1동,서초구,방배본동,서울특별시 서초구 방배본동
서초구,양재동,뉴현대,양재1동,서초구,양재2동,서울특별시 서초구 양재2동
서초구,양재동,대흥,양재1동,서초구,양재1동,서울특별시 서초구 양재1동
서초구,양재동,더-클라스,양재1동,강남구,도곡1동,서울특별시 강남구 도곡1동
서초구,양재동,더-클라스(402-8),양재1동,강남구,도곡1동,서울특별시 강남구 도곡1동
서초구,양재동,동원,양재1동,서초구,양재2동,서울특별시 서초구 양재2동
서초구,양재동,동원그린,양재1동,서초구,양재2동,서울특별시 서초구 양재2동
서초구,양재동,드림팰리스103동,양재1동,서초구,양재1동,서울특별시 서초구 양재1동
서초구,양재동,리시본하우스,양재1동,서초구,양재1동,서울특별시 서초구 양재1동
서초구,양재동,리치스,양재1동,서초구,양재2동,서울특별시 서초구 양재2동
서초구,양재동,리치타운,양재1동,서초구,양재2동,서울특별시 서초구 양재2동
서초구,양재동,마로니에,양재1동,서초구,양재2동,서울특별시 서초구 양재2동
서초구,양재동,메르디안하우스,양재1동,서초구,양재1동,서울특별시 서초구 양재1동
서초구,양재동,미라보,양재1동,서초구,양재1동,서울특별시 서초구 양재1동
서초구,양재동,미영(101),양재1동,서초구,양재1동,서울특별시 서초구 양재1동
서초구,양재동,미영(102),양재1동,서초구,양재1동,서울특별시 서초구 양재1동
서초구,양재동,베누시아,양재1동,서초구,양재1동,서울특별시 서초구 양재1동
서초구,양재동,블루하이츠,양재1동,서초구,양재2동,서울특별시 서초구 양재2동
서초구,양재동,비젼(102),양재1동,서초구,양재1동,서울특별시 서초구 양재1동
서초구,양재동,비젼(103),양재1동,서초구,양재1동,서울특별시 서초구 양재1동
서초구,양재동,비젼아파트101동,양재1동,서초구,양재1동,서울특별시 서초구 양재1동
서초구,양재동,삼익양재빌라,양재1동,서초구,양재1동,서울특별시 서초구 양재1동
서초구,양재동,새티스,양재1동,서초구,양재2동,서울특별시 서초구 양재2동
서초구,양재동,새티스(402-10),양재1동,서초구,양재2동,서울특별시 서초구 양재2동
서초구,양재동,서초,양재1동,서초구,양재2동,서울특별시 서초구 양재2동
서초구,양재동,서초파크빌,양재1동,서초구,양재2동,서울특별시 서초구 양재2동
서초구,양재동,선경에버빌,양재1동,서초구,양재2동,서울특별시 서초구 양재2동
서초구,양재동,성영,양재1동,서초구,양재1동,서울특별시 서초구 양재1동
서초구,양재동,시그마,양재1동,서초구,양재2동,서울특별시 서초구 양재2동
서초구,양재동,신영체르니,양재1동,서초구,양재1동,서울특별시 서초구 양재1동
서초구,양재동,아원데코빌,양재1동,서초구,양재2동,서울특별시 서초구 양재2동
서초구,양재동,양재,양재1동,서초구,양재1동,서울특별시 서초구 양재1동
서초구,양재동,양재동현대,양재1동,서초구,양재2동,서울특별시 서초구 양재2동
서초구,양재동,양재테크노2차,양재1동,서초구,양재1동,서울특별시 서초구 양재1동
서초구,양재동,양재테크노3,양재1동,서초구,양재2동,서울특별시 서초구 양재2동
서초구,양재동,양재테크노5,양재1동,서초구,양재2동,서울특별시 서초구 양재2동
서초구,양재동,양재테크노빌,양재1동,서초구,양재2동,서울특별시 서초구 양재2동
서초구,양재동,양재파크뷰,양재1동,서초구,양재1동,서울특별시 서초구 양재1동
서초구,양재동,양재한신휴플러스,양재1동,서초구,양재1동,서울특별시 서초구 양재1동
서초구,양재동,우면파크아파트,양재1동,서초구,양재2동,서울특별시 서초구 양재2동
서초구,양재동,우성,양재1동,서초구,양재1동,서울특별시 서초구 양재1동
서초구,양재동,우성112,양재1동,서초구,양재1동,서울특별시 서초구 양재1동
서초구,양재동,우성KBS(113동),양재1동,서초구,양재1동,서울특별시 서초구 양재1동
서초구,양재동,월드빌,양재1동,서초구,양재1동,서울특별시 서초구 양재1동
서초구,양재동,위너스,양재1동,서초구,양재1동,서울특별시 서초구 양재1동
서초구,양재동,인랜드,양재1동,서초구,양재2동,서울특별시 서초구 양재2동
서초구,양재동,초원탑스빌,양재1동,서초구,양재2동,서울특별시 서초구 양재2동
서초구,양재동,태양파크빌,양재1동,서초구,양재1동,서울특별시 서초구 양재1동
서초구,양재동,파크뷰,양재1동,서초구,양재2동,서울특별시 서초구 양재2동
서초구,양재동,파크사이드,양재1동,서초구,양재2동,서울특별시 서초구 양재2동
서초구,양재동,포레스빌,양재1동,서초구,양재1동,서울특별시 서초구 양재1동
서초구,양재동,프라임,양재1동,서초구,양재2동,서울특별시 서초구 양재2동
서초구,양재동,한솔로이젠트,양재1동,서초구,양재1동,서울특별시 서초구 양재1동
서초구,양재동,한아름,양재1동,서초구,양재2동,서울특별시 서초구 양재2동
서초구,양재동,해청,양재1동,서초구,양재1동,서울특별시 서초구 양재1동
서초구,양재동,해청3차,양재1동,서초구,양재1동,서울특별시 서초구 양재1동
서초구,양재동,해청파인빌,양재1동,서초구,양재1동,서울특별시 서초구 양재1동
서초구,양재동,현대,양재1동,서초구,양재2동,서울특별시 서초구 양재2동
서초구,양재동,현대타운,양재1동,서초구,양재1동,서울특별시 서초구 양재1동
서초구,양재동,현대테라하임101동,양재1동,서초구,양재1동,서울특별시 서초구 양재1동
서초구,양재동,현대테라하임102동,양재1동,서초구,양재1동,서울특별시 서초구 양재1동
서초구,양재동,휴먼씨티,양재1동,서초구,양재2동,서울특별시 서초구 양재2동
서초구,양재동,힐하우스,양재1동,서초구,양재2동,서울특별시 서초구 양재2동
서초구,우면동,대림,양재1동,서초구,양재1동,서울특별시 서초구 양재1동
서초구,우면동,동고,양재1동,서초구,양재1동,서울특별시 서초구 양재1동
서초구,우면동,서초네이처힐1단지,양재1동,서초구,양재1동,서울특별시 서초구 양재1동
서초구,우면동,서초네이처힐2단지,양재1동,서초구,양재1동,서울특별시 서초구 양재1동
서초구,우면동,서초네이처힐3단지,양재1동,서초구,양재1동,서울특별시 서초구 양재1동
서초구,우면동,서초네이처힐4단지,양재1동,서초구,양재1동,서울특별시 서초구 양재1동
서초구,우면동,서초네이처힐6단지,양재1동,서초구,양재1동,서울특별시 서초구 양재1동
서초구,우면동,서초네이처힐7단지,양재1동,서초구,양재1동,서울특별시 서초구 양재1동
서초구,우면동,서초호반써밋,양재1동,서초구,양재1동,서울특별시 서초구 양재1동
서초구,우면동,서초힐스,양재1동,서초구,양재1동,서울특별시 서초구 양재1동
서초구,우면동,우솔마을서초리슈빌S아파트,양재1동,서초구,양재1동,서울특별시 서초구 양재1동
서초구,우면동,코오롱,양재1동,서초구,양재1동,서울특별시 서초구 양재1동
서초구,우면동,한라,양재1동,서초구,양재1동,서울특별시 서초구 양재1동
서초구,우면동,호반써밋서초파크,양재1동,서초구,양재1동,서울특별시 서초구 양재1동
서초구,우면동,호반써밋서초파크뷰(토지임대부아파트),양재1동,서초구,양재1동,서울특별시 서초구 양재1동
서초구,잠원동,강변,잠원동,서초구,잠원동,서울특별시 서초구 잠원동
서초구,잠원동,금호베스트빌,잠원동,서초구,잠원동,서울특별시 서초구 잠원동
서초구,잠원동,노블레스,잠원동,서초구,잠원동,서울특별시 서초구 잠원동
서초구,잠원동,녹원한신,잠원동,서초구,잠원동,서울특별시 서초구 잠원동
서초구,잠원동,대우아이빌,잠원동,서초구,잠원동,서울특별시 서초구 잠원동
서초구,잠원동,대주피오레아파트,잠원동,서초구,잠원동,서울특별시 서초구 잠원동
서초구,잠원동,데뜨아르,잠원동,서초구,반포3동,서울특별시 서초구 반포3동
서초구,잠원동,동아,잠원동,서초구,반포3동,서울특별시 서초구 반포3동
서초구,잠원동,두산위브,잠원동,서초구,반포3동,서울특별시 서초구 반포3동
서초구,잠원동,띠에라하우스,잠원동,서초구,잠원동,서울특별시 서초구 잠원동
서초구,잠원동,래미안신반포리오센트,잠원동,서초구,잠원동,서울특별시 서초구 잠원동
서초구,잠원동,래미안신반포팰리스,잠원동,서초구,잠원동,서울특별시 서초구 잠원동
서초구,잠원동,롯데캐슬갤럭시,잠원동,서초구,잠원동,서울특별시 서초구 잠원동
서초구,잠원동,롯데캐슬갤럭시(50-1),잠원동,서초구,잠원동,서울특별시 서초구 잠원동
서초구,잠원동,메이플자이,잠원동,서초구,잠원동,서울특별시 서초구 잠원동
서초구,잠원동,미주파스텔,잠원동,서초구,잠원동,서울특별시 서초구 잠원동
서초구,잠원동,반포르엘,잠원동,서초구,반포3동,서울특별시 서초구 반포3동
서초구,잠원동,반포르엘2차,잠원동,서초구,반포3동,서울특별시 서초구 반포3동
서초구,잠원동,반포센트럴자이,잠원동,서초구,반포3동,서울특별시 서초구 반포3동
서초구,잠원동,보미리아파트,잠원동,서초구,잠원동,서울특별시 서초구 잠원동
서초구,잠원동,브라운스톤잠원,잠원동,서초구,반포3동,서울특별시 서초구 반포3동
서초구,잠원동,블루힐하우스,잠원동,서초구,반포3동,서울특별시 서초구 반포3동
서초구,잠원동,빌폴라리스,잠원동,서초구,잠원동,서울특별시 서초구 잠원동
서초구,잠원동,새서울맨션,잠원동,강남구,논현2동,서울특별시 강남구 논현2동
서초구,잠원동,성진준빌라트,잠원동,서초구,잠원동,서울특별시 서초구 잠원동
서초구,잠원동,신반포10,잠원동,서초구,반포본동,서울특별시 서초구 반포본동
서초구,잠원동,신반포11,잠원동,서초구,반포2동,서울특별시 서초구 반포2동
서초구,잠원동,신반포12,잠원동,서초구,잠원동,서울특별시 서초구 잠원동
서초구,잠원동,신반포13,잠원동,서초구,방배본동,서울특별시 서초구 방배본동
서초구,잠원동,신반포14,잠원동,서초구,방배본동,서울특별시 서초구 방배본동
서초구,잠원동,신반포16,잠원동,서초구,서초4동,서울특별시 서초구 서초4동
서초구,잠원동,신반포17,잠원동,서초구,서초4동,서울특별시 서초구 서초4동
서초구,잠원동,신반포18(49-17),잠원동,서초구,서초4동,서울특별시 서초구 서초4동
서초구,잠원동,신반포19,잠원동,서초구,서초4동,서울특별시 서초구 서초4동
서초구,잠원동,신반포2,잠원동,서초구,잠원동,서울특별시 서초구 잠원동
서초구,잠원동,신반포20,잠원동,서초구,서초3동,서울특별시 서초구 서초3동
서초구,잠원동,신반포21,잠원동,서초구,반포3동,서울특별시 서초구 반포3동
서초구,잠원동,신반포22,잠원동,서초구,서초4동,서울특별시 서초구 서초4동
서초구,잠원동,신반포25,잠원동,서초구,반포3동,서울특별시 서초구 반포3동
서초구,잠원동,신반포26,잠원동,서초구,잠원동,서울특별시 서초구 잠원동
서초구,잠원동,신반포27,잠원동,서초구,잠원동,서울특별시 서초구 잠원동
서초구,잠원동,신반포4,잠원동,서초구,반포3동,서울특별시 서초구 반포3동
서초구,잠원동,신반포7,잠원동,서초구,반포3동,서울특별시 서초구 반포3동
서초구,잠원동,신반포8,잠원동,서초구,반포3동,서울특별시 서초구 반포3동
서초구,잠원동,신반포9,잠원동,서초구,반포본동,서울특별시 서초구 반포본동
서초구,잠원동,신반포르엘,잠원동,서초구,잠원동,서울특별시 서초구 잠원동
서초구,잠원동,신반포자이,잠원동,서초구,반포3동,서울특별시 서초구 반포3동
서초구,잠원동,신반포중앙하이츠,잠원동,서초구,반포3동,서울특별시 서초구 반포3동
서초구,잠원동,신반포청구,잠원동,서초구,잠원동,서울특별시 서초구 잠원동
서초구,잠원동,신사레전드,잠원동,서초구,잠원동,서울특별시 서초구 잠원동
서초구,잠원동,신화,잠원동,서초구,잠원동,서울특별시 서초구 잠원동
서초구,잠원동,아크로리버뷰신반포,잠원동,서초구,반포3동,서울특별시 서초구 반포3동
서초구,잠원동,오페라하우스,잠원동,서초구,반포3동,서울특별시 서초구 반포3동
서초구,잠원동,월드메르디앙,잠원동,서초구,잠원동,서울특별시 서초구 잠원동
서초구,잠원동,잠원동상지리츠빌카일룸,잠원동,서초구,잠원동,서울특별시 서초구 잠원동
서초구,잠원동,잠원동트루빌,잠원동,서초구,잠원동,서울특별시 서초구 잠원동
서초구,잠원동,잠원시티아파트,잠원동,서초구,반포3동,서울특별시 서초구 반포3동
서초구,잠원동,잠원아이비,잠원동,서초구,잠원동,서울특별시 서초구 잠원동
서초구,잠원동,잠원중앙하이츠(A동),잠원동,서초구,반포3동,서울특별시 서초구 반포3동
서초구,잠원동,잠원현대훼밀리,잠원동,서초구,잠원동,서울특별시 서초구 잠원동
서초구,잠원동,중앙하이츠,잠원동,서초구,반포3동,서울특별시 서초구 반포3동
서초구,잠원동,청구빌라트,잠원동,서초구,잠원동,서울특별시 서초구 잠원동
서초구,잠원동,킴스빌리지,잠원동,서초구,반포3동,서울특별시 서초구 반포3동
서초구,잠원동,한강,잠원동,서초구,잠원동,서울특별시 서초구 잠원동
서초구,잠원동,한신,잠원동,서초구,반포3동,서울특별시 서초구 반포3동
서초구,잠원동,한신그린,잠원동,서초구,잠원동,서울특별시 서초구 잠원동
서초구,잠원동,한신로얄,잠원동,서초구,잠원동,서울특별시 서초구 잠원동
서초구,잠원동,한신진일빌라트,잠원동,서초구,잠원동,서울특별시 서초구 잠원동
서초구,잠원동,한신타운,잠원동,서초구,반포3동,서울특별시 서초구 반포3동
서초구,잠원동,한신타워,잠원동,서초구,반포3동,서울특별시 서초구 반포3동
서초구,잠원동,현대,잠원동,서초구,반포3동,서울특별시 서초구 반포3동
서초구,잠원동,현대실크빌,잠원동,서초구,잠원동,서울특별시 서초구 잠원동
서초구,잠원동,훼미리,잠원동,서초구,잠원동,서울특별시 서초구 잠원동
성동구,금호동1가,금호삼성래미안,금호1가동,성동구,금호1가동,서울특별시 성동구 금호1가동
성동구,금호동1가,벽산,금호1가동,성동구,금호1가동,서울특별시 성동구 금호1가동
성동구,금호동1가,신금호,금호1가동,성동구,금호1가동,서울특별시 성동구 금호1가동
성동구,금호동1가,신금호두산위브,금호1가동,성동구,금호1가동,서울특별시 성동구 금호1가동
성동구,금호동1가,이편한세상금호파크힐스,금호1가동,성동구,금호1가동,서울특별시 성동구 금호1가동
성동구,금호동1가,푸른마을(8차),금호1가동,성동구,금호1가동,서울특별시 성동구 금호1가동
성동구,금호동2가,금호자이1차,금호1가동,성동구,금호2·3가동,서울특별시 성동구 금호2·3가동
성동구,금호동2가,래미안하이리버,금호1가동,성동구,금호2·3가동,서울특별시 성동구 금호2·3가동
성동구,금호동2가,상기,금호1가동,성동구,금호2·3가동,서울특별시 성동구 금호2·3가동
성동구,금호동2가,신금호파크자이,금호1가동,성동구,금호2·3가동,서울특별시 성동구 금호2·3가동
성동구,금호동3가,금호1차푸르지오,금호1가동,성동구,금호2·3가동,서울특별시 성동구 금호2·3가동
성동구,금호동3가,금호자이2차,금호1가동,성동구,금호2·3가동,서울특별시 성동구 금호2·3가동
성동구,금호동3가,금호한신,금호1가동,성동구,금호2·3가동,서울특별시 성동구 금호2·3가동
성동구,금호동3가,두산,금호1가동,성동구,금호2·3가동,서울특별시 성동구 금호2·3가동
성동구,금호동4가,대우,금호4가동,성동구,금호4가동,서울특별시 성동구 금호4가동
성동구,금호동4가,롯데,금호4가동,성동구,금호4가동,서울특별시 성동구 금호4가동
성동구,금호동4가,리버마이다스빌,금호4가동,성동구,금호4가동,서울특별시 성동구 금호4가동
성동구,금호동4가,브라운스톤2차,금호4가동,성동구,금호4가동,서울특별시 성동구 금호4가동
성동구,금호동4가,브라운스톤금호,금호4가동,성동구,금호4가동,서울특별시 성동구 금호4가동
성동구,금호동4가,삼산금호,금호4가동,성동구,금호4가동,서울특별시 성동구 금호4가동
성동구,금호동4가,서울숲2차푸르지오,금호4가동,성동구,금호4가동,서울특별시 성동구 금호4가동
성동구,금호동4가,서울숲르씨엘,금호4가동,성동구,금호4가동,서울특별시 성동구 금호4가동
성동구,금호동4가,서울숲푸르지오,금호4가동,성동구,금호4가동,서울특별시 성동구 금호4가동
성동구,금호동4가,힐스테이트서울숲리버,금호4가동,성동구,금호4가동,서울특별시 성동구 금호4가동
성동구,도선동,삼성쉐르빌,왕십리도선동,성동구,왕십리도선동,서울특별시 성동구 왕십리도선동
성동구,마장동,대성유니드,마장동,성동구,마장동,서울특별시 성동구 마장동
성동구,마장동,라봄성동,마장동,성동구,마장동,서울특별시 성동구 마장동
성동구,마장동,마장동중앙하이츠,마장동,성동구,마장동,서울특별시 성동구 마장동
성동구,마장동,마장동해맑은아파트,마장동,성동구,마장동,서울특별시 성동구 마장동
성동구,마장동,삼성,마장동,성동구,마장동,서울특별시 성동구 마장동
성동구,마장동,삼성홈타운,마장동,성동구,마장동,서울특별시 성동구 마장동
성동구,마장동,삼웅아파트1동,마장동,성동구,마장동,서울특별시 성동구 마장동
성동구,마장동,삼웅아파트2동,마장동,성동구,마장동,서울특별시 성동구 마장동
성동구,마장동,세림,마장동,성동구,마장동,서울특별시 성동구 마장동
성동구,마장동,신명스카이뷰,마장동,성동구,마장동,서울특별시 성동구 마장동
성동구,마장동,신성미소지움,마장동,성동구,마장동,서울특별시 성동구 마장동
성동구,마장동,아트리움,마장동,성동구,마장동,서울특별시 성동구 마장동
성동구,마장동,왕십리금호어울림,마장동,성동구,마장동,서울특별시 성동구 마장동
성동구,마장동,우성에비뉴,마장동,성동구,마장동,서울특별시 성동구 마장동
성동구,마장동,장원,마장동,성동구,마장동,서울특별시 성동구 마장동
성동구,마장동,태성,마장동,성동구,마장동,서울특별시 성동구 마장동
성동구,마장동,한건토파즈빌,마장동,성동구,마장동,서울특별시 성동구 마장동
성동구,마장동,한영스테이,마장동,성동구,마장동,서울특별시 성동구 마장동
성동구,마장동,행복드림,마장동,성동구,마장동,서울특별시 성동구 마장동
성동구,마장동,현대,마장동,성동구,마장동,서울특별시 성동구 마장동
성동구,사근동,드림시드,사근동,성동구,사근동,서울특별시 성동구 사근동
성동구,사근동,벽산,사근동,성동구,사근동,서울특별시 성동구 사근동
성동구,사근동,중앙하이츠,사근동,성동구,사근동,서울특별시 성동구 사근동
성동구,사근동,한양마이라움,사근동,성동구,사근동,서울특별시 성동구 사근동
성동구,상왕십리동,센트럴큐브,왕십리도선동,성동구,왕십리도선동,서울특별시 성동구 왕십리도선동
성동구,상왕십리동,텐즈힐(2단지),왕십리도선동,성동구,왕십리도선동,서울특별시 성동구 왕십리도선동
성동구,성수동1가,강변건영아파트,성수1가1동,성동구,성수1가1동,서울특별시 성동구 성수1가1동
성동구,성수동1가,강변동양,성수1가1동,성동구,성수1가1동,서울특별시 성동구 성수1가1동
성동구,성수동1가,갤러리아포레,성수1가1동,성동구,성수1가1동,서울특별시 성동구 성수1가1동
성동구,성수동1가,금호,성수1가1동,성동구,성수1가1동,서울특별시 성동구 성수1가1동
성동구,성수동1가,대우2,성수1가1동,성동구,성수1가2동,서울특별시 성동구 성수1가2동
성동구,성수동1가,동아,성수1가1동,성동구,성수1가1동,서울특별시 성동구 성수1가1동
성동구,성수동1가,동아그린,성수1가1동,성동구,성수1가2동,서울특별시 성동구 성수1가2동
성동구,성수동1가,뚝섬현대,성수1가1동,성동구,성수1가2동,서울특별시 성동구 성수1가2동
성동구,성수동1가,서울숲대림,성수1가1동,성동구,성수1가1동,서울특별시 성동구 성수1가1동
성동구,성수동1가,서울숲성수현대,성수1가1동,성동구,성수1가2동,서울특별시 성동구 성수1가2동
성동구,성수동1가,서울숲아이파크리버포레1차,성수1가1동,성동구,성수1가2동,서울특별시 성동구 성수1가2동
성동구,성수동1가,서울숲한양현대,성수1가1동,성동구,성수1가2동,서울특별시 성동구 성수1가2동
성동구,성수동1가,서울숲해오름(717-0),성수1가1동,성동구,성수1가2동,서울특별시 성동구 성수1가2동
성동구,성수동1가,성수파크빌,성수1가1동,성동구,성수1가2동,서울특별시 성동구 성수1가2동
성동구,성수동1가,신장미,성수1가1동,성동구,성수1가1동,서울특별시 성동구 성수1가1동
성동구,성수동1가,쌍용,성수1가1동,성동구,성수1가2동,서울특별시 성동구 성수1가2동
성동구,성수동1가,아크로서울포레스트,성수1가1동,성동구,성수1가1동,서울특별시 성동구 성수1가1동
성동구,성수동1가,우방,성수1가1동,성동구,성수1가2동,서울특별시 성동구 성수1가2동
성동구,성수동1가,우성,성수1가1동,성동구,성수1가2동,서울특별시 성동구 성수1가2동
성동구,성수동1가,중앙하이츠빌,성수1가1동,성동구,성수1가2동,서울특별시 성동구 성수1가2동
성동구,성수동1가,트리마제,성수1가1동,성동구,성수1가1동,서울특별시 성동구 성수1가1동
성동구,성수동1가,한진타운,성수1가1동,성동구,성수1가1동,서울특별시 성동구 성수1가1동
성동구,성수동1가,현대그린,성수1가1동,성동구,성수1가1동,서울특별시 성동구 성수1가1동
성동구,성수동2가,E-아름다운세상,성수2가1동,성동구,성수2가3동,서울특별시 성동구 성수2가3동
성동구,성수동2가,강변금호타운,성수2가1동,성동구,성수2가1동,서울특별시 성동구 성수2가1동
성동구,성수동2가,강변임광,성수2가1동,성동구,성수2가1동,서울특별시 성동구 성수2가1동
성동구,성수동2가,강변청구3,성수2가1동,성동구,성수2가1동,서울특별시 성동구 성수2가1동
성동구,성수동2가,강변현대,성수2가1동,성동구,성수2가1동,서울특별시 성동구 성수2가1동
성동구,성수동2가,금호타운2차아파트,성수2가1동,성동구,성수2가3동,서울특별시 성동구 성수2가3동
성동구,성수동2가,대명루첸,성수2가1동,성동구,성수2가1동,서울특별시 성동구 성수2가1동
성동구,성수동2가,롯데캐슬파크,성수2가1동,성동구,성수2가3동,서울특별시 성동구 성수2가3동
성동구,성수동2가,삼익,성수2가1동,성동구,성수2가1동,서울특별시 성동구 성수2가1동
성동구,성수동2가,서울숲금강아미움,성수2가1동,성동구,성수2가3동,서울특별시 성동구 성수2가3동
성동구,성수동2가,서울숲힐스테이트,성수2가1동,성동구,성수2가1동,서울특별시 성동구 성수2가1동
성동구,성수동2가,성동상가,성수2가1동,성동구,성수2가3동,서울특별시 성동구 성수2가3동
성동구,성수동2가,성수1차대우아파트,성수2가1동,성동구,성수2가3동,서울특별시 성동구 성수2가3동
성동구,성수동2가,성수동두산위브,성수2가1동,성동구,성수2가1동,서울특별시 성동구 성수2가1동
성동구,성수동2가,성수우방2차아파트,성수2가1동,성동구,성수2가3동,서울특별시 성동구 성수2가3동
성동구,성수동2가,신성미소지움,성수2가1동,성동구,성수2가1동,서울특별시 성동구 성수2가1동
성동구,성수동2가,우성2차,성수2가1동,성동구,성수2가1동,서울특별시 성동구 성수2가1동
성동구,성수동2가,이화101동,성수2가1동,성동구,성수2가1동,서울특별시 성동구 성수2가1동
성동구,성수동2가,이화102동,성수2가1동,성동구,성수2가1동,서울특별시 성동구 성수2가1동
성동구,성수동2가,청구강변1,성수2가1동,성동구,응봉동,서울특별시 성동구 응봉동
성동구,성수동2가,한신한강,성수2가1동,성동구,성수2가1동,서울특별시 성동구 성수2가1동
성동구,성수동2가,현대I-PARK,성수2가1동,강남구,삼성1동,서울특별시 강남구 삼성1동
성동구,송정동,건영,송정동,성동구,송정동,서울특별시 성동구 송정동
성동구,송정동,금호베스트빌,송정동,성동구,송정동,서울특별시 성동구 송정동
성동구,송정동,서울숲아이파크,송정동,성동구,송정동,서울특별시 성동구 송정동
성동구,송정동,성동리버뷰,송정동,성동구,송정동,서울특별시 성동구 송정동
성동구,송정동,양지쉐르빌아파트,송정동,성동구,송정동,서울특별시 성동구 송정동
성동구,송정동,히페리온리버팰리스,송정동,성동구,송정동,서울특별시 성동구 송정동
성동구,옥수동,극동,옥수동,성동구,옥수동,서울특별시 성동구 옥수동
성동구,옥수동,극동그린,옥수동,성동구,옥수동,서울특별시 성동구 옥수동
성동구,옥수동,극동옥정,옥수동,성동구,옥수동,서울특별시 성동구 옥수동
성동구,옥수동,동인샤인빌,옥수동,성동구,옥수동,서울특별시 성동구 옥수동
성동구,옥수동,래미안 옥수 리버젠,옥수동,성동구,옥수동,서울특별시 성동구 옥수동
성동구,옥수동,레미테지,옥수동,성동구,옥수동,서울특별시 성동구 옥수동
성동구,옥수동,모닝빌아파트,옥수동,성동구,옥수동,서울특별시 성동구 옥수동
성동구,옥수동,벽산빌라트,옥수동,성동구,옥수동,서울특별시 성동구 옥수동
성동구,옥수동,예건네스빌,옥수동,성동구,옥수동,서울특별시 성동구 옥수동
성동구,옥수동,옥수,옥수동,성동구,옥수동,서울특별시 성동구 옥수동
성동구,옥수동,옥수삼성,옥수동,성동구,옥수동,서울특별시 성동구 옥수동
성동구,옥수동,옥수어울림,옥수동,성동구,옥수동,서울특별시 성동구 옥수동
성동구,옥수동,옥수이테크빌,옥수동,성동구,옥수동,서울특별시 성동구 옥수동
성동구,옥수동,옥수파크힐스101동~116동,옥수동,성동구,옥수동,서울특별시 성동구 옥수동
성동구,옥수동,옥수파크힐스117동~125동,옥수동,성동구,옥수동,서울특별시 성동구 옥수동
성동구,옥수동,옥수하이츠,옥수동,성동구,옥수동,서울특별시 성동구 옥수동
성동구,옥수동,옥수힐,옥수동,성동구,옥수동,서울특별시 성동구 옥수동
성동구,옥수동,풍림아이원,옥수동,성동구,옥수동,서울특별시 성동구 옥수동
성동구,옥수동,한남하이츠,옥수동,성동구,옥수동,서울특별시 성동구 옥수동
성동구,옥수동,현대,옥수동,성동구,옥수동,서울특별시 성동구 옥수동
성동구,옥수동,화이트캐슬,옥수동,성동구,옥수동,서울특별시 성동구 옥수동
성동구,용답동,YM프라젠,용답동,성동구,용답동,서울특별시 성동구 용답동
성동구,용답동,덕현해밀,용답동,성동구,용답동,서울특별시 성동구 용답동
성동구,용답동,중앙하이츠,용답동,성동구,용답동,서울특별시 성동구 용답동
성동구,용답동,청계SKVIEW,용답동,성동구,용답동,서울특별시 성동구 용답동
성동구,응봉동,금호현대,응봉동,성동구,응봉동,서울특별시 성동구 응봉동
성동구,응봉동,대림(1차),응봉동,성동구,응봉동,서울특별시 성동구 응봉동
성동구,응봉동,대림(2차),응봉동,성동구,응봉동,서울특별시 성동구 응봉동
성동구,응봉동,대림강변타운,응봉동,성동구,응봉동,서울특별시 성동구 응봉동
성동구,응봉동,서울숲리버그린동아아파트,응봉동,성동구,응봉동,서울특별시 성동구 응봉동
성동구,응봉동,신동아,응봉동,성동구,응봉동,서울특별시 성동구 응봉동
성동구,하왕십리동,극동미라주,왕십리2동,성동구,왕십리2동,서울특별시 성동구 왕십리2동
성동구,하왕십리동,금호베스트빌,왕십리2동,성동구,왕십리2동,서울특별시 성동구 왕십리2동
성동구,하왕십리동,뉴타운,왕십리2동,성동구,왕십리2동,서울특별시 성동구 왕십리2동
성동구,하왕십리동,드림,왕십리2동,성동구,왕십리2동,서울특별시 성동구 왕십리2동
성동구,하왕십리동,무학현대,왕십리2동,성동구,왕십리2동,서울특별시 성동구 왕십리2동
성동구,하왕십리동,벽산,왕십리2동,성동구,왕십리도선동,서울특별시 성동구 왕십리도선동
성동구,하왕십리동,블루빌,왕십리2동,성동구,왕십리2동,서울특별시 성동구 왕십리2동
성동구,하왕십리동,상리제나우스,왕십리2동,성동구,왕십리2동,서울특별시 성동구 왕십리2동
성동구,하왕십리동,상왕아파트,왕십리2동,성동구,왕십리2동,서울특별시 성동구 왕십리2동
성동구,하왕십리동,센트라스,왕십리2동,성동구,왕십리도선동,서울특별시 성동구 왕십리도선동
성동구,하왕십리동,왕십리KCC스위첸,왕십리2동,성동구,왕십리2동,서울특별시 성동구 왕십리2동
성동구,하왕십리동,왕십리자이,왕십리2동,성동구,왕십리2동,서울특별시 성동구 왕십리2동
성동구,하왕십리동,왕십리지웰,왕십리2동,성동구,왕십리2동,서울특별시 성동구 왕십리2동
성동구,하왕십리동,왕십리지음재,왕십리2동,성동구,왕십리2동,서울특별시 성동구 왕십리2동
성동구,하왕십리동,왕십리풍림아이원,왕십리2동,성동구,왕십리2동,서울특별시 성동구 왕십리2동
성동구,하왕십리동,텐즈힐(1단지),왕십리2동,성동구,왕십리도선동,서울특별시 성동구 왕십리도선동
성동구,하왕십리동,한신무학,왕십리2동,성동구,왕십리2동,서울특별시 성동구 왕십리2동
성동구,하왕십리동,한진해모로,왕십리2동,성동구,왕십리2동,서울특별시 성동구 왕십리2동
성동구,행당동,(1-10),행당1동,성동구,행당1동,서울특별시 성동구 행당1동
성동구,행당동,다울아크로빌,행당1동,성동구,행당1동,서울특별시 성동구 행당1동
성동구,행당동,대림e-편한세상,행당1동,성동구,행당2동,서울특별시 성동구 행당2동
성동구,행당동,두산,행당1동,성동구,행당1동,서울특별시 성동구 행당1동
성동구,행당동,라체르보푸르지오써밋,행당1동,성동구,행당1동,서울특별시 성동구 행당1동
성동구,행당동,서울숲 한신 더 휴,행당1동,성동구,행당1동,서울특별시 성동구 행당1동
성동구,행당동,서울숲더샵,행당1동,성동구,사근동,서울특별시 성동구 사근동
성동구,행당동,서울숲리버뷰자이,행당1동,성동구,행당1동,서울특별시 성동구 행당1동
성동구,행당동,서울숲삼부아파트,행당1동,성동구,행당1동,서울특별시 성동구 행당1동
성동구,행당동,서울숲한성,행당1동,성동구,행당1동,서울특별시 성동구 행당1동
성동구,행당동,서울숲행당푸르지오,행당1동,성동구,행당2동,서울특별시 성동구 행당2동
성동구,행당동,신동아,행당1동,성동구,행당2동,서울특별시 성동구 행당2동
성동구,행당동,행당두산위브,행당1동,성동구,행당2동,서울특별시 성동구 행당2동
성동구,행당동,행당브라운스톤,행당1동,성동구,행당2동,서울특별시 성동구 행당2동
성동구,행당동,행당한진타운,행당1동,성동구,행당2동,서울특별시 성동구 행당2동
성동구,홍익동,주암해븐,왕십리도선동,성동구,왕십리도선동,서울특별시 성동구 왕십리도선동
성동구,홍익동,청계대주파크빌,왕십리도선동,성동구,왕십리도선동,서울특별시 성동구 왕십리도선동
성동구,홍익동,홍익한신,왕십리도선동,성동구,왕십리도선동,서울특별시 성동구 왕십리도선동
성북구,길음동,길음뉴타운1단지(래미안길음1차),길음1동,성북구,길음1동,서울특별시 성북구 길음1동
성북구,길음동,길음뉴타운2단지푸르지오,길음1동,성북구,길음1동,서울특별시 성북구 길음1동
성북구,길음동,길음뉴타운3단지푸르지오,길음1동,성북구,길음1동,서울특별시 성북구 길음1동
성북구,길음동,길음뉴타운4단지(e편한세상),길음1동,성북구,길음1동,서울특별시 성북구 길음1동
성북구,길음동,길음뉴타운5단지(래미안),길음1동,성북구,길음1동,서울특별시 성북구 길음1동
성북구,길음동,길음뉴타운6단지(래미안),길음1동,성북구,길음1동,서울특별시 성북구 길음1동
성북구,길음동,길음뉴타운7단지(두산위브),길음1동,성북구,길음1동,서울특별시 성북구 길음1동
성북구,길음동,길음뉴타운8단지(래미안),길음1동,성북구,길음1동,서울특별시 성북구 길음1동
성북구,길음동,길음뉴타운9단지(래미안),길음1동,성북구,길음1동,서울특별시 성북구 길음1동
성북구,길음동,길음뉴타운신안파크아파트,길음1동,성북구,길음1동,서울특별시 성북구 길음1동
성북구,길음동,길음동동부센트레빌(1278-0),길음1동,강북구,송천동,서울특별시 강북구 송천동
성북구,길음동,길음현대,길음1동,성북구,길음1동,서울특별시 성북구 길음1동
성북구,길음동,래미안길음센터피스,길음1동,성북구,길음2동,서울특별시 성북구 길음2동
성북구,길음동,롯데캐슬골든힐스,길음1동,성북구,정릉1동,서울특별시 성북구 정릉1동
성북구,길음동,롯데캐슬클라시아,길음1동,성북구,길음2동,서울특별시 성북구 길음2동
성북구,길음동,삼부컨비니언,길음1동,성북구,길음1동,서울특별시 성북구 길음1동
성북구,길음동,신아,길음1동,성북구,길음2동,서울특별시 성북구 길음2동
성북구,돈암동,고명,돈암1동,성북구,돈암1동,서울특별시 성북구 돈암1동
성북구,돈암동,구현대,돈암1동,성북구,돈암2동,서울특별시 성북구 돈암2동
성북구,돈암동,길음역금호어울림센터힐,돈암1동,성북구,돈암1동,서울특별시 성북구 돈암1동
성북구,돈암동,대성유니드(641-0),돈암1동,성북구,돈암1동,서울특별시 성북구 돈암1동
성북구,돈암동,돈암동 풍림아파트 101~105동,돈암1동,성북구,돈암1동,서울특별시 성북구 돈암1동
성북구,돈암동,돈암동더샵아파트,돈암1동,성북구,돈암2동,서울특별시 성북구 돈암2동
성북구,돈암동,돈암동삼성,돈암1동,성북구,돈암1동,서울특별시 성북구 돈암1동
성북구,돈암동,돈암동해피트리,돈암1동,성북구,돈암2동,서울특별시 성북구 돈암2동
성북구,돈암동,돈암코오롱하늘채,돈암1동,성북구,돈암2동,서울특별시 성북구 돈암2동
성북구,돈암동,돈암현대아파트,돈암1동,성북구,길음2동,서울특별시 성북구 길음2동
성북구,돈암동,돈암힐스테이트,돈암1동,성북구,돈암2동,서울특별시 성북구 돈암2동
성북구,돈암동,동부센트레빌,돈암1동,성북구,돈암1동,서울특별시 성북구 돈암1동
성북구,돈암동,동소문현대,돈암1동,성북구,돈암2동,서울특별시 성북구 돈암2동
성북구,돈암동,범양,돈암1동,성북구,돈암1동,서울특별시 성북구 돈암1동
성북구,돈암동,삼성아지오아파트,돈암1동,성북구,동선동,서울특별시 성북구 동선동
성북구,돈암동,서라벌,돈암1동,성북구,돈암1동,서울특별시 성북구 돈암1동
성북구,돈암동,성일우리미,돈암1동,성북구,돈암1동,서울특별시 성북구 돈암1동
성북구,돈암동,이수브라운스톤돈암,돈암1동,성북구,돈암2동,서울특별시 성북구 돈암2동
성북구,돈암동,일신건영휴먼빌아파트,돈암1동,성북구,돈암2동,서울특별시 성북구 돈암2동
성북구,돈암동,한신,돈암1동,성북구,돈암2동,서울특별시 성북구 돈암2동
성북구,돈암동,한진(609-1),돈암1동,성북구,돈암2동,서울특별시 성북구 돈암2동
성북구,동선동1가,코아루센타시아,동선동,성북구,동선동,서울특별시 성북구 동선동
성북구,동선동3가,태극에버빌,동선동,성북구,동선동,서울특별시 성북구 동선동
성북구,동선동4가,한양수자인,동선동,성북구,동선동,서울특별시 성북구 동선동
성북구,동선동5가,트라움하임,동선동,성북구,동선동,서울특별시 성북구 동선동
성북구,동소문동5가,돈암동일하이빌,삼선동,성북구,삼선동,서울특별시 성북구 삼선동
성북구,동소문동5가,성신여대역솔하임,삼선동,성북구,삼선동,서울특별시 성북구 삼선동
성북구,동소문동6가,시티플레이스,동선동,성북구,동선동,서울특별시 성북구 동선동
성북구,동소문동6가,청기와,동선동,성북구,동선동,서울특별시 성북구 동선동
성북구,동소문동6가,한신플러스B,동선동,성북구,동선동,서울특별시 성북구 동선동
성북구,동소문동7가,브라운스톤동선,동선동,성북구,동선동,서울특별시 성북구 동선동
성북구,동소문동7가,샤인힐,동선동,성북구,동선동,서울특별시 성북구 동선동
성북구,동소문동7가,한신플러스C,동선동,성북구,동선동,서울특별시 성북구 동선동
성북구,보문동1가,보문리슈빌하우트,보문동,성북구,보문동,서울특별시 성북구 보문동
성북구,보문동2가,광남캐스빌,보문동,성북구,보문동,서울특별시 성북구 보문동
성북구,보문동3가,이편한세상보문,보문동,성북구,보문동,서울특별시 성북구 보문동
성북구,보문동3가,코지아뜨리에,보문동,성북구,보문동,서울특별시 성북구 보문동
성북구,보문동3가,현대I-PARK,보문동,성북구,보문동,서울특별시 성북구 보문동
성북구,보문동4가,보문하우스토리,보문동,성북구,보문동,서울특별시 성북구 보문동
성북구,보문동6가,동문골드빌A동,보문동,성북구,보문동,서울특별시 성북구 보문동
성북구,보문동6가,보문파크뷰자이,보문동,성북구,보문동,서울특별시 성북구 보문동
성북구,보문동6가,아남,보문동,성북구,보문동,서울특별시 성북구 보문동
성북구,보문동7가,DH팰리스타워,보문동,성북구,보문동,서울특별시 성북구 보문동
성북구,삼선동2가,삼선푸르지오,삼선동,성북구,삼선동,서울특별시 성북구 삼선동
성북구,삼선동2가,삼선현대힐스테이트,삼선동,성북구,삼선동,서울특별시 성북구 삼선동
성북구,삼선동3가,동림푸른,삼선동,성북구,삼선동,서울특별시 성북구 삼선동
성북구,삼선동3가,삼선에스케이뷰,삼선동,성북구,삼선동,서울특별시 성북구 삼선동
성북구,삼선동3가,성종그린,삼선동,성북구,삼선동,서울특별시 성북구 삼선동
성북구,삼선동3가,유니아테라스,삼선동,성북구,삼선동,서울특별시 성북구 삼선동
성북구,삼선동3가,제일,삼선동,성북구,삼선동,서울특별시 성북구 삼선동
성북구,삼선동3가,주승보타운,삼선동,성북구,삼선동,서울특별시 성북구 삼선동
성북구,삼선동4가,공신,삼선동,성북구,삼선동,서울특별시 성북구 삼선동
성북구,삼선동4가,코오롱,삼선동,성북구,삼선동,서울특별시 성북구 삼선동
성북구,삼선동5가,청기와,삼선동,성북구,삼선동,서울특별시 성북구 삼선동
성북구,상월곡동,동아에코빌,월곡2동,성북구,월곡2동,서울특별시 성북구 월곡2동
성북구,상월곡동,우남푸르미아,월곡2동,노원구,월계3동,서울특별시 노원구 월계3동
성북구,상월곡동,한솔,월곡2동,성북구,월곡2동,서울특별시 성북구 월곡2동
성북구,석관동,두산,석관동,성북구,석관동,서울특별시 성북구 석관동
성북구,석관동,래미안아트리치,석관동,성북구,석관동,서울특별시 성북구 석관동
성북구,석관동,삼성,석관동,성북구,석관동,서울특별시 성북구 석관동
성북구,석관동,석관래미안,석관동,성북구,석관동,서울특별시 성북구 석관동
성북구,석관동,신동아파밀리에,석관동,성북구,석관동,서울특별시 성북구 석관동
성북구,석관동,중앙하이츠,석관동,성북구,석관동,서울특별시 성북구 석관동
성북구,석관동,코오롱,석관동,성북구,석관동,서울특별시 성북구 석관동
성북구,성북동,성북,성북동,성북구,성북동,서울특별시 성북구 성북동
성북구,성북동,성북좋은,성북동,성북구,성북동,서울특별시 성북구 성북동
성북구,성북동,주암,성북동,성북구,성북동,서울특별시 성북구 성북동
성북구,성북동1가,스타팰리스,성북동,성북구,성북동,서울특별시 성북구 성북동
성북구,성북동1가,휴아름스튜디오,성북동,성북구,성북동,서울특별시 성북구 성북동
성북구,안암동1가,안암동삼성래미안,안암동,성북구,안암동,서울특별시 성북구 안암동
성북구,안암동3가,대광,안암동,성북구,안암동,서울특별시 성북구 안암동
성북구,안암동3가,동관아트빌,안암동,성북구,안암동,서울특별시 성북구 안암동
성북구,안암동3가,동아쉐르빌,안암동,성북구,안암동,서울특별시 성북구 안암동
성북구,안암동3가,삼익,안암동,성북구,안암동,서울특별시 성북구 안암동
성북구,안암동3가,해링턴플레이스안암,안암동,성북구,안암동,서울특별시 성북구 안암동
성북구,안암동4가,안암,안암동,성북구,안암동,서울특별시 성북구 안암동
성북구,안암동5가,(160-16),안암동,성북구,안암동,서울특별시 성북구 안암동
성북구,장위동,경헌그린아파트,장위1동,성북구,장위1동,서울특별시 성북구 장위1동
성북구,장위동,그린빌아파트,장위1동,성북구,장위1동,서울특별시 성북구 장위1동
성북구,장위동,꿈의숲대명루첸아파트,장위1동,성북구,장위3동,서울특별시 성북구 장위3동
성북구,장위동,꿈의숲아이파크,장위1동,성북구,장위1동,서울특별시 성북구 장위1동
성북구,장위동,꿈의숲코오롱하늘채,장위1동,성북구,장위3동,서울특별시 성북구 장위3동
성북구,장위동,라인캐슬,장위1동,성북구,장위2동,서울특별시 성북구 장위2동
성북구,장위동,래미안장위퍼스트하이,장위1동,성북구,장위3동,서울특별시 성북구 장위3동
성북구,장위동,래미안포레카운티,장위1동,성북구,장위3동,서울특별시 성북구 장위3동
성북구,장위동,삼익아파트,장위1동,성북구,장위3동,서울특별시 성북구 장위3동
성북구,장위동,석계역한일노벨리아시티,장위1동,성북구,장위3동,서울특별시 성북구 장위3동
성북구,장위동,세영아파트,장위1동,성북구,장위2동,서울특별시 성북구 장위2동
성북구,장위동,신장위아파트,장위1동,성북구,장위1동,서울특별시 성북구 장위1동
성북구,장위동,우방아파트,장위1동,성북구,장위2동,서울특별시 성북구 장위2동
성북구,장위동,장위동동원베네스트,장위1동,성북구,장위2동,서울특별시 성북구 장위2동
성북구,장위동,장위자이레디언트(3단지),장위1동,성북구,장위3동,서울특별시 성북구 장위3동
성북구,장위동,장위지웰에스테이트,장위1동,성북구,장위3동,서울특별시 성북구 장위3동
성북구,장위동,참누리아파트,장위1동,성북구,장위3동,서울특별시 성북구 장위3동
성북구,장위동,코코아파트,장위1동,성북구,장위2동,서울특별시 성북구 장위2동
성북구,정릉동,갤럭시더정릉,정릉1동,성북구,정릉2동,서울특별시 성북구 정릉2동
성북구,정릉동,길음뉴타운경남아너스빌,정릉1동,성북구,정릉1동,서울특별시 성북구 정릉1동
성북구,정릉동,길음뉴타운데시앙,정릉1동,성북구,정릉1동,서울특별시 성북구 정릉1동
성북구,정릉동,대동아파트,정릉1동,성북구,정릉3동,서울특별시 성북구 정릉3동
성북구,정릉동,대우,정릉1동,성북구,정릉4동,서울특별시 성북구 정릉4동
성북구,정릉동,대원아파트,정릉1동,성북구,정릉4동,서울특별시 성북구 정릉4동
성북구,정릉동,대창쉐르빌,정릉1동,성북구,정릉4동,서울특별시 성북구 정릉4동
성북구,정릉동,동우,정릉1동,성북구,정릉3동,서울특별시 성북구 정릉3동
성북구,정릉동,동일스카이,정릉1동,성북구,정릉4동,서울특별시 성북구 정릉4동
성북구,정릉동,라온유,정릉1동,성북구,정릉1동,서울특별시 성북구 정릉1동
성북구,정릉동,미양산타빌,정릉1동,성북구,정릉3동,서울특별시 성북구 정릉3동
성북구,정릉동,"산장아파트가동,나동",정릉1동,성북구,정릉4동,서울특별시 성북구 정릉4동
성북구,정릉동,쌍용2,정릉1동,성북구,정릉1동,서울특별시 성북구 정릉1동
성북구,정릉동,우방,정릉1동,성북구,정릉2동,서울특별시 성북구 정릉2동
성북구,정릉동,우정에쉐르,정릉1동,성북구,정릉2동,서울특별시 성북구 정릉2동
성북구,정릉동,이니지오2,정릉1동,성북구,정릉4동,서울특별시 성북구 정릉4동
성북구,정릉동,장원,정릉1동,성북구,정릉2동,서울특별시 성북구 정릉2동
성북구,정릉동,정릉2차e-편한세상,정릉1동,성북구,정릉1동,서울특별시 성북구 정릉1동
성북구,정릉동,정릉2차대주피오레,정릉1동,성북구,정릉2동,서울특별시 성북구 정릉2동
성북구,정릉동,정릉e-편한세상,정릉1동,성북구,정릉1동,서울특별시 성북구 정릉1동
성북구,정릉동,정릉꿈에그린,정릉1동,성북구,정릉2동,서울특별시 성북구 정릉2동
성북구,정릉동,정릉동푸른,정릉1동,성북구,정릉2동,서울특별시 성북구 정릉2동
성북구,정릉동,정릉성원상떼빌,정릉1동,성북구,정릉4동,서울특별시 성북구 정릉4동
성북구,정릉동,정릉스카이쌍용아파트,정릉1동,성북구,정릉1동,서울특별시 성북구 정릉1동
성북구,정릉동,정릉우성아파트 101~105동,정릉1동,성북구,정릉1동,서울특별시 성북구 정릉1동
성북구,정릉동,정릉중앙하이츠아파트,정릉1동,성북구,정릉4동,서울특별시 성북구 정릉4동
성북구,정릉동,정릉푸르지오,정릉1동,성북구,정릉2동,서울특별시 성북구 정릉2동
성북구,정릉동,정릉푸른마을동아,정릉1동,성북구,정릉2동,서울특별시 성북구 정릉2동
성북구,정릉동,정릉풍림아이원,정릉1동,성북구,정릉4동,서울특별시 성북구 정릉4동
성북구,정릉동,정릉한일유앤아이,정릉1동,성북구,정릉4동,서울특별시 성북구 정릉4동
성북구,정릉동,정릉힐스테이트,정릉1동,성북구,정릉1동,서울특별시 성북구 정릉1동
성북구,정릉동,정릉힐스테이트1차,정릉1동,성북구,정릉1동,서울특별시 성북구 정릉1동
성북구,정릉동,정릉힐스테이트3차,정릉1동,성북구,정릉4동,서울특별시 성북구 정릉4동
성북구,정릉동,중앙하이츠빌1단지,정릉1동,성북구,정릉2동,서울특별시 성북구 정릉2동
성북구,정릉동,중앙하이츠빌2단지,정릉1동,성북구,정릉2동,서울특별시 성북구 정릉2동
성북구,정릉동,청구,정릉1동,성북구,정릉2동,서울특별시 성북구 정릉2동
성북구,정릉동,청옥,정릉1동,성북구,정릉3동,서울특별시 성북구 정릉3동
성북구,정릉동,풍산쉐르빌(815-1),정릉1동,성북구,정릉4동,서울특별시 성북구 정릉4동
성북구,정릉동,피오레,정릉1동,성북구,정릉4동,서울특별시 성북구 정릉4동
성북구,종암동,고려,종암동,성북구,안암동,서울특별시 성북구 안암동
성북구,종암동,극동,종암동,성북구,종암동,서울특별시 성북구 종암동
성북구,종암동,동진,종암동,성북구,종암동,서울특별시 성북구 종암동
성북구,종암동,래미안라센트,종암동,성북구,종암동,서울특별시 성북구 종암동
성북구,종암동,래미안세레니티,종암동,성북구,종암동,서울특별시 성북구 종암동
성북구,종암동,래미안크리시엘,종암동,성북구,종암동,서울특별시 성북구 종암동
성북구,종암동,선경(127),종암동,성북구,종암동,서울특별시 성북구 종암동
성북구,종암동,센트럴힐,종암동,성북구,종암동,서울특별시 성북구 종암동
성북구,종암동,아이파크종암동1차,종암동,성북구,종암동,서울특별시 성북구 종암동
성북구,종암동,아이파크종암동2차,종암동,성북구,종암동,서울특별시 성북구 종암동
성북구,종암동,우림카이저팰리스,종암동,성북구,종암동,서울특별시 성북구 종암동
성북구,종암동,종암2차SKVIEW,종암동,성북구,종암동,서울특별시 성북구 종암동
성북구,종암동,종암라온프라이빗,종암동,성북구,종암동,서울특별시 성북구 종암동
성북구,종암동,종암선경,종암동,성북구,종암동,서울특별시 성북구 종암동
성북구,종암동,종암에스케이,종암동,성북구,종암동,서울특별시 성북구 종암동
성북구,종암동,중앙드림빌,종암동,성북구,종암동,서울특별시 성북구 종암동
성북구,종암동,해가온팰리스아파트,종암동,성북구,종암동,서울특별시 성북구 종암동
성북구,하월곡동,광남캐스빌,월곡2동,성북구,월곡1동,서울특별시 성북구 월곡1동
성북구,하월곡동,길음서희스타힐스,월곡2동,성북구,길음2동,서울특별시 성북구 길음2동
성북구,하월곡동,꿈의숲푸르지오,월곡2동,성북구,월곡1동,서울특별시 성북구 월곡1동
성북구,하월곡동,동신,월곡2동,성북구,월곡1동,서울특별시 성북구 월곡1동
성북구,하월곡동,동신주택,월곡2동,성북구,동선동,서울특별시 성북구 동선동
성북구,하월곡동,동일하이빌뉴시티,월곡2동,성북구,길음2동,서울특별시 성북구 길음2동
성북구,하월곡동,래미안월곡,월곡2동,성북구,월곡1동,서울특별시 성북구 월곡1동
성북구,하월곡동,베로니스,월곡2동,성북구,월곡1동,서울특별시 성북구 월곡1동
성북구,하월곡동,삼전솔하임3차,월곡2동,성북구,길음2동,서울특별시 성북구 길음2동
성북구,하월곡동,샹그레빌아파트,월곡2동,성북구,월곡2동,서울특별시 성북구 월곡2동
성북구,하월곡동,성북힐스테이트(101동),월곡2동,성북구,길음2동,서울특별시 성북구 길음2동
성북구,하월곡동,성북힐스테이트(102동),월곡2동,성북구,길음2동,서울특별시 성북구 길음2동
성북구,하월곡동,수산동양빌,월곡2동,성북구,월곡2동,서울특별시 성북구 월곡2동
성북구,하월곡동,아남,월곡2동,성북구,월곡1동,서울특별시 성북구 월곡1동
성북구,하월곡동,월곡갑을명가,월곡2동,성북구,월곡2동,서울특별시 성북구 월곡2동
성북구,하월곡동,월곡두산위브,월곡2동,성북구,월곡1동,서울특별시 성북구 월곡1동
성북구,하월곡동,월곡래미안루나밸리,월곡2동,성북구,월곡2동,서울특별시 성북구 월곡2동
성북구,하월곡동,창방트윈(A동),월곡2동,성북구,월곡1동,서울특별시 성북구 월곡1동
성북구,하월곡동,창방트윈(B동),월곡2동,성북구,월곡1동,서울특별시 성북구 월곡1동
성북구,하월곡동,코업스타클래스,월곡2동,성북구,월곡2동,서울특별시 성북구 월곡2동
송파구,가락동,e지브로,가락본동,송파구,가락본동,서울특별시 송파구 가락본동
송파구,가락동,sk파크타워,가락본동,송파구,가락2동,서울특별시 송파구 가락2동
송파구,가락동,가락(1차)쌍용아파트,가락본동,송파구,가락2동,서울특별시 송파구 가락2동
송파구,가락동,가락3차쌍용스윗닷홈(103동),가락본동,송파구,가락본동,서울특별시 송파구 가락본동
송파구,가락동,"가락3차쌍용스윗닷홈101동,102동",가락본동,송파구,가락본동,서울특별시 송파구 가락본동
송파구,가락동,가락그랑밸리,가락본동,송파구,장지동,서울특별시 송파구 장지동
송파구,가락동,가락금호아파트,가락본동,송파구,가락본동,서울특별시 송파구 가락본동
송파구,가락동,가락미륭아파트,가락본동,송파구,가락2동,서울특별시 송파구 가락2동
송파구,가락동,가락스타클래스,가락본동,송파구,가락본동,서울특별시 송파구 가락본동
송파구,가락동,가락쌍용(2차),가락본동,송파구,가락2동,서울특별시 송파구 가락2동
송파구,가락동,가락우성2,가락본동,송파구,가락본동,서울특별시 송파구 가락본동
송파구,가락동,가락한일유앤아이,가락본동,송파구,가락2동,서울특별시 송파구 가락2동
송파구,가락동,가락현대투웰브(101동),가락본동,송파구,가락1동,서울특별시 송파구 가락1동
송파구,가락동,가락현대투웰브(102동),가락본동,송파구,가락1동,서울특별시 송파구 가락1동
송파구,가락동,강남팰리스,가락본동,송파구,가락본동,서울특별시 송파구 가락본동
송파구,가락동,골드팰리스아파트,가락본동,송파구,가락2동,서울특별시 송파구 가락2동
송파구,가락동,그랜드,가락본동,송파구,가락2동,서울특별시 송파구 가락2동
송파구,가락동,그린아파트,가락본동,송파구,가락본동,서울특별시 송파구 가락본동
송파구,가락동,극동,가락본동,송파구,가락2동,서울특별시 송파구 가락2동
송파구,가락동,금성프라자1,가락본동,송파구,가락1동,서울특별시 송파구 가락1동
송파구,가락동,금홍해오름,가락본동,송파구,가락2동,서울특별시 송파구 가락2동
송파구,가락동,대련,가락본동,송파구,가락2동,서울특별시 송파구 가락2동
송파구,가락동,대림,가락본동,송파구,가락본동,서울특별시 송파구 가락본동
송파구,가락동,동구햇살,가락본동,송파구,가락2동,서울특별시 송파구 가락2동
송파구,가락동,동궁리치웰(101동),가락본동,송파구,가락2동,서울특별시 송파구 가락2동
송파구,가락동,동궁리치웰(102동),가락본동,송파구,가락2동,서울특별시 송파구 가락2동
송파구,가락동,동궁리치웰1,가락본동,송파구,가락1동,서울특별시 송파구 가락1동
송파구,가락동,동부센트레빌,가락본동,송파구,가락1동,서울특별시 송파구 가락1동
송파구,가락동,동부썬빌,가락본동,송파구,가락본동,서울특별시 송파구 가락본동
송파구,가락동,동성아파트(101동),가락본동,송파구,가락본동,서울특별시 송파구 가락본동
송파구,가락동,동성아파트(102동),가락본동,송파구,가락본동,서울특별시 송파구 가락본동
송파구,가락동,동성아파트(103동),가락본동,송파구,가락본동,서울특별시 송파구 가락본동
송파구,가락동,동일씨티빌,가락본동,송파구,가락본동,서울특별시 송파구 가락본동
송파구,가락동,두산위브,가락본동,송파구,가락본동,서울특별시 송파구 가락본동
송파구,가락동,래미안파크팰리스,가락본동,송파구,가락2동,서울특별시 송파구 가락2동
송파구,가락동,로즈힐파크(A동),가락본동,송파구,가락1동,서울특별시 송파구 가락1동
송파구,가락동,로즈힐파크(B동),가락본동,송파구,가락1동,서울특별시 송파구 가락1동
송파구,가락동,롯데캐슬,가락본동,송파구,가락본동,서울특별시 송파구 가락본동
송파구,가락동,삼성프라자,가락본동,송파구,가락2동,서울특별시 송파구 가락2동
송파구,가락동,삼환,가락본동,송파구,가락2동,서울특별시 송파구 가락2동
송파구,가락동,성원상떼빌,가락본동,송파구,가락본동,서울특별시 송파구 가락본동
송파구,가락동,성해,가락본동,송파구,가락본동,서울특별시 송파구 가락본동
송파구,가락동,송파Nsuite,가락본동,송파구,가락본동,서울특별시 송파구 가락본동
송파구,가락동,송파동부쎈트레빌,가락본동,송파구,가락1동,서울특별시 송파구 가락1동
송파구,가락동,시안헤븐스테이,가락본동,송파구,가락2동,서울특별시 송파구 가락2동
송파구,가락동,신한빌라트-신한미지엔,가락본동,송파구,가락1동,서울특별시 송파구 가락1동
송파구,가락동,신한에스빌-미지엔,가락본동,송파구,가락1동,서울특별시 송파구 가락1동
송파구,가락동,쌍용노블래스,가락본동,송파구,가락본동,서울특별시 송파구 가락본동
송파구,가락동,쌍용스윗닷홈(104동),가락본동,송파구,가락본동,서울특별시 송파구 가락본동
송파구,가락동,쌍용스윗닷홈(105동),가락본동,송파구,가락본동,서울특별시 송파구 가락본동
송파구,가락동,아키죤II,가락본동,송파구,가락본동,서울특별시 송파구 가락본동
송파구,가락동,아키죤아파트1동,가락본동,송파구,가락본동,서울특별시 송파구 가락본동
송파구,가락동,에스디펠리체,가락본동,송파구,가락2동,서울특별시 송파구 가락2동
송파구,가락동,예일,가락본동,송파구,가락본동,서울특별시 송파구 가락본동
송파구,가락동,우민-늘푸른아파트,가락본동,송파구,문정1동,서울특별시 송파구 문정1동
송파구,가락동,우성,가락본동,송파구,가락본동,서울특별시 송파구 가락본동
송파구,가락동,우정에쉐르,가락본동,송파구,가락본동,서울특별시 송파구 가락본동
송파구,가락동,이연파레스,가락본동,송파구,가락본동,서울특별시 송파구 가락본동
송파구,가락동,정산파크뷰,가락본동,송파구,가락본동,서울특별시 송파구 가락본동
송파구,가락동,주성드림아파트,가락본동,송파구,가락2동,서울특별시 송파구 가락2동
송파구,가락동,주성드림펠리스,가락본동,송파구,가락2동,서울특별시 송파구 가락2동
송파구,가락동,주성파크빌,가락본동,송파구,가락2동,서울특별시 송파구 가락2동
송파구,가락동,진넥스베르디엠,가락본동,송파구,가락2동,서울특별시 송파구 가락2동
송파구,가락동,청공빌딩주상복합-현대빌리지,가락본동,송파구,가락1동,서울특별시 송파구 가락1동
송파구,가락동,청솔,가락본동,송파구,가락2동,서울특별시 송파구 가락2동
송파구,가락동,카나피아,가락본동,송파구,가락본동,서울특별시 송파구 가락본동
송파구,가락동,카나피아Ⅱ,가락본동,송파구,가락1동,서울특별시 송파구 가락1동
송파구,가락동,테라펠리체송파,가락본동,송파구,가락2동,서울특별시 송파구 가락2동
송파구,가락동,풍림1,가락본동,송파구,가락1동,서울특별시 송파구 가락1동
송파구,가락동,프라임,가락본동,송파구,가락본동,서울특별시 송파구 가락본동
송파구,가락동,프라임레지던스,가락본동,송파구,가락2동,서울특별시 송파구 가락2동
송파구,가락동,프라자,가락본동,송파구,가락2동,서울특별시 송파구 가락2동
송파구,가락동,한신1,가락본동,송파구,가락1동,서울특별시 송파구 가락1동
송파구,가락동,한화오벨리스크,가락본동,송파구,가락본동,서울특별시 송파구 가락본동
송파구,가락동,헬리오시티,가락본동,송파구,가락1동,서울특별시 송파구 가락1동
송파구,가락동,현대(5차),가락본동,송파구,가락2동,서울특별시 송파구 가락2동
송파구,가락동,현대(60동),가락본동,송파구,가락2동,서울특별시 송파구 가락2동
송파구,가락동,현대(6차),가락본동,송파구,가락2동,서울특별시 송파구 가락2동
송파구,가락동,현대7,가락본동,송파구,가락2동,서울특별시 송파구 가락2동
송파구,가락동,현대빌라트1,가락본동,송파구,가락1동,서울특별시 송파구 가락1동
송파구,가락동,현대파크빌,가락본동,송파구,가락본동,서울특별시 송파구 가락본동
송파구,가락동,현진타워,가락본동,송파구,가락2동,서울특별시 송파구 가락2동
송파구,거여동,e편한세상송파파크센트럴,거여1동,송파구,거여2동,서울특별시 송파구 거여2동
송파구,거여동,거여1단지,거여1동,송파구,거여2동,서울특별시 송파구 거여2동
송파구,거여동,거여2단지효성,거여1동,송파구,거여2동,서울특별시 송파구 거여2동
송파구,거여동,거여2단지효성아파트,거여1동,송파구,거여2동,서울특별시 송파구 거여2동
송파구,거여동,거여4단지,거여1동,송파구,거여2동,서울특별시 송파구 거여2동
송파구,거여동,거여5단지,거여1동,송파구,거여2동,서울특별시 송파구 거여2동
송파구,거여동,금호어울림,거여1동,송파구,거여1동,서울특별시 송파구 거여1동
송파구,거여동,대영무지개1,거여1동,송파구,거여1동,서울특별시 송파구 거여1동
송파구,거여동,로얄,거여1동,송파구,거여2동,서울특별시 송파구 거여2동
송파구,거여동,보화2차,거여1동,송파구,거여2동,서울특별시 송파구 거여2동
송파구,거여동,블레스,거여1동,송파구,거여2동,서울특별시 송파구 거여2동
송파구,거여동,삼호아파트,거여1동,송파구,거여1동,서울특별시 송파구 거여1동
송파구,거여동,성동레인보우,거여1동,송파구,거여1동,서울특별시 송파구 거여1동
송파구,거여동,송파레이크파크호반써밋Ⅰ,거여1동,송파구,위례동,서울특별시 송파구 위례동
송파구,거여동,송파레이크파크호반써밋Ⅱ,거여1동,송파구,위례동,서울특별시 송파구 위례동
송파구,거여동,송파시그니처롯데캐슬,거여1동,송파구,거여2동,서울특별시 송파구 거여2동
송파구,거여동,송파위례리슈빌,거여1동,송파구,위례동,서울특별시 송파구 위례동
송파구,거여동,쌍용스윗닷홈2차,거여1동,송파구,오금동,서울특별시 송파구 오금동
송파구,거여동,쌍용스윗닷홈거여역1차,거여1동,송파구,거여2동,서울특별시 송파구 거여2동
송파구,거여동,우방1,거여1동,송파구,거여1동,서울특별시 송파구 거여1동
송파구,거여동,청솔,거여1동,송파구,거여2동,서울특별시 송파구 거여2동
송파구,거여동,팰리스힐,거여1동,송파구,거여1동,서울특별시 송파구 거여1동
송파구,거여동,포레나송파,거여1동,송파구,위례동,서울특별시 송파구 위례동
송파구,거여동,현대1차,거여1동,송파구,거여1동,서울특별시 송파구 거여1동
송파구,거여동,현대2차,거여1동,송파구,거여2동,서울특별시 송파구 거여2동
송파구,거여동,현대3차,거여1동,송파구,거여1동,서울특별시 송파구 거여1동
송파구,마천동,금호어울림,마천1동,송파구,마천2동,서울특별시 송파구 마천2동
송파구,마천동,기영,마천1동,송파구,마천2동,서울특별시 송파구 마천2동
송파구,마천동,뉴타운,마천1동,송파구,마천2동,서울특별시 송파구 마천2동
송파구,마천동,다우림,마천1동,송파구,마천2동,서울특별시 송파구 마천2동
송파구,마천동,대성골드클래스,마천1동,송파구,마천2동,서울특별시 송파구 마천2동
송파구,마천동,대성스카이뷰아파트,마천1동,송파구,마천2동,서울특별시 송파구 마천2동
송파구,마천동,동구햇살,마천1동,송파구,마천1동,서울특별시 송파구 마천1동
송파구,마천동,마천금호어울림1차아파트,마천1동,송파구,마천2동,서울특별시 송파구 마천2동
송파구,마천동,마천대성,마천1동,송파구,마천2동,서울특별시 송파구 마천2동
송파구,마천동,마천동금호타운1,마천1동,송파구,마천1동,서울특별시 송파구 마천1동
송파구,마천동,보보스빌,마천1동,송파구,마천2동,서울특별시 송파구 마천2동
송파구,마천동,산성,마천1동,송파구,마천2동,서울특별시 송파구 마천2동
송파구,마천동,삼익1,마천1동,송파구,송파2동,서울특별시 송파구 송파2동
송파구,마천동,성영,마천1동,송파구,마천2동,서울특별시 송파구 마천2동
송파구,마천동,솔렌시아,마천1동,송파구,마천2동,서울특별시 송파구 마천2동
송파구,마천동,송파건원여미지아파트,마천1동,송파구,마천2동,서울특별시 송파구 마천2동
송파구,마천동,송파자연채,마천1동,송파구,마천2동,서울특별시 송파구 마천2동
송파구,마천동,송파파크데일1단지,마천1동,송파구,마천2동,서울특별시 송파구 마천2동
송파구,마천동,송파파크데일2단지,마천1동,송파구,마천1동,서울특별시 송파구 마천1동
송파구,마천동,신동아,마천1동,송파구,마천2동,서울특별시 송파구 마천2동
송파구,마천동,씨티,마천1동,송파구,마천2동,서울특별시 송파구 마천2동
송파구,마천동,아남,마천1동,송파구,마천2동,서울특별시 송파구 마천2동
송파구,마천동,우방아파트,마천1동,송파구,마천2동,서울특별시 송파구 마천2동
송파구,마천동,천마그랑밸리,마천1동,송파구,마천2동,서울특별시 송파구 마천2동
송파구,마천동,한보1,마천1동,송파구,마천1동,서울특별시 송파구 마천1동
송파구,마천동,한주리버뷰,마천1동,송파구,마천2동,서울특별시 송파구 마천2동
송파구,마천동,현대그린빌,마천1동,송파구,마천1동,서울특별시 송파구 마천1동
송파구,문정동,건영1,문정1동,송파구,문정2동,서울특별시 송파구 문정2동
송파구,문정동,광남캐스빌(C동),문정1동,송파구,마천2동,서울특별시 송파구 마천2동
송파구,문정동,그랜빌캐슬,문정1동,송파구,문정1동,서울특별시 송파구 문정1동
송파구,문정동,뉴파크팰리스,문정1동,송파구,가락본동,서울특별시 송파구 가락본동
송파구,문정동,대림미소나눔,문정1동,송파구,장지동,서울특별시 송파구 장지동
송파구,문정동,동궁리치웰(69-3),문정1동,송파구,문정1동,서울특별시 송파구 문정1동
송파구,문정동,동궁리치웰문정(101),문정1동,송파구,문정1동,서울특별시 송파구 문정1동
송파구,문정동,동궁리치웰문정(102),문정1동,송파구,문정1동,서울특별시 송파구 문정1동
송파구,문정동,동부브리앙뜨1,문정1동,송파구,문정2동,서울특별시 송파구 문정2동
송파구,문정동,동부화이트빌,문정1동,송파구,문정1동,서울특별시 송파구 문정1동
송파구,문정동,동부화이트빌(2동),문정1동,송파구,문정1동,서울특별시 송파구 문정1동
송파구,문정동,메트로IV,문정1동,송파구,문정1동,서울특별시 송파구 문정1동
송파구,문정동,문정가락현대1차,문정1동,송파구,문정1동,서울특별시 송파구 문정1동
송파구,문정동,문정그린,문정1동,송파구,장지동,서울특별시 송파구 장지동
송파구,문정동,문정대우푸르지오1차,문정1동,송파구,문정1동,서울특별시 송파구 문정1동
송파구,문정동,문정대우푸르지오2차,문정1동,송파구,문정1동,서울특별시 송파구 문정1동
송파구,문정동,문정대우푸르지오3차,문정1동,송파구,장지동,서울특별시 송파구 장지동
송파구,문정동,문정동아,문정1동,송파구,문정1동,서울특별시 송파구 문정1동
송파구,문정동,문정래미안,문정1동,송파구,문정1동,서울특별시 송파구 문정1동
송파구,문정동,문정시영,문정1동,송파구,장지동,서울특별시 송파구 장지동
송파구,문정동,미소로,문정1동,송파구,문정1동,서울특별시 송파구 문정1동
송파구,문정동,보라뷰2,문정1동,송파구,문정2동,서울특별시 송파구 문정2동
송파구,문정동,브리앙뜨,문정1동,송파구,장지동,서울특별시 송파구 장지동
송파구,문정동,삼형아파트,문정1동,송파구,장지동,서울특별시 송파구 장지동
송파구,문정동,선경쉐르빌(106-15),문정1동,송파구,장지동,서울특별시 송파구 장지동
송파구,문정동,선경쉐르빌(106-23),문정1동,송파구,장지동,서울특별시 송파구 장지동
송파구,문정동,성해,문정1동,송파구,문정1동,서울특별시 송파구 문정1동
송파구,문정동,세양청마루,문정1동,송파구,장지동,서울특별시 송파구 장지동
송파구,문정동,아름빌,문정1동,송파구,장지동,서울특별시 송파구 장지동
송파구,문정동,예그리나(1동),문정1동,송파구,문정1동,서울특별시 송파구 문정1동
송파구,문정동,올림픽훼밀리타운,문정1동,송파구,문정2동,서울특별시 송파구 문정2동
송파구,문정동,우민늘푸른,문정1동,송파구,문정1동,서울특별시 송파구 문정1동
송파구,문정동,인택,문정1동,송파구,방이1동,서울특별시 송파구 방이1동
송파구,문정동,자이파인빌(101동),문정1동,송파구,문정1동,서울특별시 송파구 문정1동
송파구,문정동,자이파인빌(102동),문정1동,송파구,문정1동,서울특별시 송파구 문정1동
송파구,문정동,주성아트빌,문정1동,송파구,문정1동,서울특별시 송파구 문정1동
송파구,문정동,주성파크뷰,문정1동,송파구,문정1동,서울특별시 송파구 문정1동
송파구,문정동,트윈팰리스(101동),문정1동,송파구,장지동,서울특별시 송파구 장지동
송파구,문정동,트윈팰리스(102동),문정1동,송파구,장지동,서울특별시 송파구 장지동
송파구,문정동,파크하비오,문정1동,송파구,문정2동,서울특별시 송파구 문정2동
송파구,문정동,프라임,문정1동,송파구,장지동,서울특별시 송파구 장지동
송파구,문정동,현대,문정1동,송파구,문정2동,서울특별시 송파구 문정2동
송파구,문정동,현대(62-5),문정1동,송파구,문정2동,서울특별시 송파구 문정2동
송파구,문정동,현대2,문정1동,송파구,문정2동,서울특별시 송파구 문정2동
송파구,문정동,힐스테이트e편한세상문정,문정1동,송파구,장지동,서울특별시 송파구 장지동
송파구,방이동,(185-5),방이1동,송파구,방이2동,서울특별시 송파구 방이2동
송파구,방이동,AQUADCASAS,방이1동,송파구,방이1동,서울특별시 송파구 방이1동
송파구,방이동,광남,방이1동,송파구,방이2동,서울특별시 송파구 방이2동
송파구,방이동,광명아파트,방이1동,송파구,방이2동,서울특별시 송파구 방이2동
송파구,방이동,그린파크빌아파트,방이1동,송파구,방이2동,서울특별시 송파구 방이2동
송파구,방이동,뉴파크플러스,방이1동,송파구,방이2동,서울특별시 송파구 방이2동
송파구,방이동,대림,방이1동,송파구,방이1동,서울특별시 송파구 방이1동
송파구,방이동,대양코리아나타워,방이1동,송파구,방이1동,서울특별시 송파구 방이1동
송파구,방이동,더원센트럴,방이1동,송파구,방이2동,서울특별시 송파구 방이2동
송파구,방이동,도무스빌,방이1동,송파구,석촌동,서울특별시 송파구 석촌동
송파구,방이동,동광팰리스,방이1동,송파구,방이2동,서울특별시 송파구 방이2동
송파구,방이동,드림팰리스,방이1동,송파구,방이2동,서울특별시 송파구 방이2동
송파구,방이동,디벨라지오,방이1동,송파구,방이1동,서울특별시 송파구 방이1동
송파구,방이동,리치빌(177-2),방이1동,송파구,방이2동,서울특별시 송파구 방이2동
송파구,방이동,몽촌(아),방이1동,송파구,방이2동,서울특별시 송파구 방이2동
송파구,방이동,방이금호어울림,방이1동,송파구,방이2동,서울특별시 송파구 방이2동
송파구,방이동,방이동그린파크,방이1동,송파구,방이2동,서울특별시 송파구 방이2동
송파구,방이동,보미리즌빌(101동),방이1동,송파구,방이1동,서울특별시 송파구 방이1동
송파구,방이동,보미리즌빌(102동),방이1동,송파구,방이1동,서울특별시 송파구 방이1동
송파구,방이동,부광,방이1동,송파구,방이2동,서울특별시 송파구 방이2동
송파구,방이동,서경아파트,방이1동,송파구,방이2동,서울특별시 송파구 방이2동
송파구,방이동,서림올림피아드,방이1동,송파구,방이1동,서울특별시 송파구 방이1동
송파구,방이동,서울탑빌라트,방이1동,송파구,방이1동,서울특별시 송파구 방이1동
송파구,방이동,세원아파트,방이1동,송파구,방이2동,서울특별시 송파구 방이2동
송파구,방이동,신구블레스밸리,방이1동,송파구,방이1동,서울특별시 송파구 방이1동
송파구,방이동,신동아타워,방이1동,송파구,방이2동,서울특별시 송파구 방이2동
송파구,방이동,신암밀리안아파트,방이1동,송파구,방이2동,서울특별시 송파구 방이2동
송파구,방이동,아크로빌,방이1동,송파구,방이2동,서울특별시 송파구 방이2동
송파구,방이동,에비뉴잠실,방이1동,송파구,방이2동,서울특별시 송파구 방이2동
송파구,방이동,옥산크리스탈,방이1동,송파구,방이1동,서울특별시 송파구 방이1동
송파구,방이동,올림픽베어스타운1,방이1동,송파구,방이1동,서울특별시 송파구 방이1동
송파구,방이동,올림픽선수기자촌1단지,방이1동,송파구,오륜동,서울특별시 송파구 오륜동
송파구,방이동,올림픽선수기자촌2단지,방이1동,송파구,오륜동,서울특별시 송파구 오륜동
송파구,방이동,올림픽선수기자촌3단지,방이1동,송파구,오륜동,서울특별시 송파구 오륜동
송파구,방이동,올림픽카운티,방이1동,송파구,방이2동,서울특별시 송파구 방이2동
송파구,방이동,올림픽타워1,방이1동,송파구,방이1동,서울특별시 송파구 방이1동
송파구,방이동,올림픽파크리움,방이1동,송파구,방이2동,서울특별시 송파구 방이2동
송파구,방이동,올림픽포레다움아파트,방이1동,송파구,방이2동,서울특별시 송파구 방이2동
송파구,방이동,올림픽하이빌,방이1동,송파구,방이1동,서울특별시 송파구 방이1동
송파구,방이동,우광아파트,방이1동,송파구,방이2동,서울특별시 송파구 방이2동
송파구,방이동,원진아뜨리에,방이1동,송파구,방이2동,서울특별시 송파구 방이2동
송파구,방이동,윈저하우스,방이1동,송파구,방이1동,서울특별시 송파구 방이1동
송파구,방이동,은성아파트,방이1동,송파구,방이2동,서울특별시 송파구 방이2동
송파구,방이동,이스턴잠실,방이1동,송파구,방이2동,서울특별시 송파구 방이2동
송파구,방이동,인택스빌,방이1동,송파구,방이1동,서울특별시 송파구 방이1동
송파구,방이동,인택스빌3차,방이1동,송파구,방이1동,서울특별시 송파구 방이1동
송파구,방이동,인택파크랜드,방이1동,송파구,방이1동,서울특별시 송파구 방이1동
송파구,방이동,인텍스빌,방이1동,송파구,방이1동,서울특별시 송파구 방이1동
송파구,방이동,정우아트빌A,방이1동,송파구,방이1동,서울특별시 송파구 방이1동
송파구,방이동,정우아트빌B,방이1동,송파구,방이1동,서울특별시 송파구 방이1동
송파구,방이동,주함위너스Ⅰ,방이1동,송파구,방이2동,서울특별시 송파구 방이2동
송파구,방이동,주함위너스Ⅱ,방이1동,송파구,방이2동,서울특별시 송파구 방이2동
송파구,방이동,코오롱아파트,방이1동,송파구,방이1동,서울특별시 송파구 방이1동
송파구,방이동,태평양파크1,방이1동,송파구,방이1동,서울특별시 송파구 방이1동
송파구,방이동,트리니엘,방이1동,송파구,방이2동,서울특별시 송파구 방이2동
송파구,방이동,파라다이스빌(40-0),방이1동,송파구,방이1동,서울특별시 송파구 방이1동
송파구,방이동,한성나이스빌,방이1동,송파구,방이1동,서울특별시 송파구 방이1동
송파구,방이동,한승,방이1동,송파구,방이2동,서울특별시 송파구 방이2동
송파구,방이동,한양3,방이1동,송파구,방이1동,서울특별시 송파구 방이1동
송파구,방이동,해동아파트A동(134-5),방이1동,송파구,방이1동,서울특별시 송파구 방이1동
송파구,방이동,해동아파트B동(134-22),방이1동,송파구,방이1동,서울특별시 송파구 방이1동
송파구,방이동,해태그린피아빌라트,방이1동,송파구,방이2동,서울특별시 송파구 방이2동
송파구,방이동,현대빌라(208-19),방이1동,송파구,방이2동,서울특별시 송파구 방이2동
송파구,방이동,현대월드빌리지,방이1동,송파구,방이1동,서울특별시 송파구 방이1동
송파구,방이동,현대주상복합,방이1동,송파구,방이2동,서울특별시 송파구 방이2동
송파구,방이동,현대홈타운스위트101,방이1동,송파구,방이1동,서울특별시 송파구 방이1동
송파구,방이동,현대홈타운스위트102,방이1동,송파구,방이1동,서울특별시 송파구 방이1동
송파구,방이동,현대홈타운스위트103,방이1동,송파구,방이1동,서울특별시 송파구 방이1동
송파구,방이동,현대홈타운스위트104,방이1동,송파구,방이1동,서울특별시 송파구 방이1동
송파구,방이동,현대홈타운스위트105,방이1동,송파구,방이1동,서울특별시 송파구 방이1동
송파구,삼전동,경덕,삼전동,송파구,삼전동,서울특별시 송파구 삼전동
송파구,삼전동,동승,삼전동,송파구,삼전동,서울특별시 송파구 삼전동
송파구,삼전동,동신,삼전동,송파구,삼전동,서울특별시 송파구 삼전동
송파구,삼전동,동원아이파크,삼전동,송파구,삼전동,서울특별시 송파구 삼전동
송파구,삼전동,레이크시티,삼전동,송파구,삼전동,서울특별시 송파구 삼전동
송파구,삼전동,에이메스더리버송파,삼전동,송파구,삼전동,서울특별시 송파구 삼전동
송파구,삼전동,엘에스타워,삼전동,송파구,삼전동,서울특별시 송파구 삼전동
송파구,삼전동,하늘공원(69-5),삼전동,송파구,삼전동,서울특별시 송파구 삼전동
송파구,삼전동,하이파크아파트,삼전동,송파구,삼전동,서울특별시 송파구 삼전동
송파구,삼전동,한양,삼전동,송파구,삼전동,서울특별시 송파구 삼전동
송파구,삼전동,현대1,삼전동,송파구,송파2동,서울특별시 송파구 송파2동
송파구,석촌동,K.L.C,석촌동,송파구,석촌동,서울특별시 송파구 석촌동
송파구,석촌동,다성리치빌,석촌동,송파구,석촌동,서울특별시 송파구 석촌동
송파구,석촌동,로쟌뷰,석촌동,송파구,석촌동,서울특별시 송파구 석촌동
송파구,석촌동,루컴스힐더테라스,석촌동,송파구,석촌동,서울특별시 송파구 석촌동
송파구,석촌동,미켈란호수가,석촌동,송파구,석촌동,서울특별시 송파구 석촌동
송파구,석촌동,밀란체1,석촌동,송파구,석촌동,서울특별시 송파구 석촌동
송파구,석촌동,배명씨앤디,석촌동,송파구,석촌동,서울특별시 송파구 석촌동
송파구,석촌동,베스트휴,석촌동,송파구,석촌동,서울특별시 송파구 석촌동
송파구,석촌동,서원파인뷰(101동),석촌동,송파구,석촌동,서울특별시 송파구 석촌동
송파구,석촌동,서원파인뷰(102동),석촌동,송파구,석촌동,서울특별시 송파구 석촌동
송파구,석촌동,석촌,석촌동,송파구,송파1동,서울특별시 송파구 송파1동
송파구,석촌동,석촌동효신아파트,석촌동,송파구,석촌동,서울특별시 송파구 석촌동
송파구,석촌동,석촌호수효성해링턴타워,석촌동,송파구,석촌동,서울특별시 송파구 석촌동
송파구,석촌동,신부파스카빌,석촌동,송파구,석촌동,서울특별시 송파구 석촌동
송파구,석촌동,예명,석촌동,송파구,석촌동,서울특별시 송파구 석촌동
송파구,석촌동,원남,석촌동,송파구,석촌동,서울특별시 송파구 석촌동
송파구,석촌동,월드,석촌동,송파구,석촌동,서울특별시 송파구 석촌동
송파구,석촌동,은성,석촌동,송파구,석촌동,서울특별시 송파구 석촌동
송파구,석촌동,잠실한솔,석촌동,송파구,석촌동,서울특별시 송파구 석촌동
송파구,석촌동,현대(201),석촌동,송파구,석촌동,서울특별시 송파구 석촌동
송파구,송파동,2차한양아파트,송파1동,송파구,송파2동,서울특별시 송파구 송파2동
송파구,송파동,SK,송파1동,송파구,송파2동,서울특별시 송파구 송파2동
송파구,송파동,가락삼익맨숀,송파1동,송파구,송파2동,서울특별시 송파구 송파2동
송파구,송파동,각산,송파1동,송파구,송파2동,서울특별시 송파구 송파2동
송파구,송파동,갑오빌라트,송파1동,송파구,송파1동,서울특별시 송파구 송파1동
송파구,송파동,경남레이크파크,송파1동,송파구,송파1동,서울특별시 송파구 송파1동
송파구,송파동,경일,송파1동,송파구,송파1동,서울특별시 송파구 송파1동
송파구,송파동,금강KCC,송파1동,송파구,송파2동,서울특별시 송파구 송파2동
송파구,송파동,노보빌아파트,송파1동,송파구,송파2동,서울특별시 송파구 송파2동
송파구,송파동,대우레이크월드,송파1동,송파구,송파1동,서울특별시 송파구 송파1동
송파구,송파동,래미안송파파인탑,송파1동,송파구,송파2동,서울특별시 송파구 송파2동
송파구,송파동,레이크해모로,송파1동,송파구,송파1동,서울특별시 송파구 송파1동
송파구,송파동,미성맨션,송파1동,송파구,송파2동,서울특별시 송파구 송파2동
송파구,송파동,성지,송파1동,송파구,송파2동,서울특별시 송파구 송파2동
송파구,송파동,송정,송파1동,송파구,송파2동,서울특별시 송파구 송파2동
송파구,송파동,송파,송파1동,송파구,송파1동,서울특별시 송파구 송파1동
송파구,송파동,송파삼성래미안아파트,송파1동,송파구,송파2동,서울특별시 송파구 송파2동
송파구,송파동,송파센텀레이크,송파1동,송파구,송파1동,서울특별시 송파구 송파1동
송파구,송파동,송파파밀리에더퍼스트,송파1동,송파구,송파2동,서울특별시 송파구 송파2동
송파구,송파동,송파포트힐한샘인사이드,송파1동,송파구,송파1동,서울특별시 송파구 송파1동
송파구,송파동,아르누보팰리스,송파1동,송파구,송파1동,서울특별시 송파구 송파1동
송파구,송파동,에스-탑,송파1동,송파구,송파1동,서울특별시 송파구 송파1동
송파구,송파동,엘에이치송파도시형생활주택,송파1동,송파구,송파1동,서울특별시 송파구 송파1동
송파구,송파동,여흥레이크빌,송파1동,송파구,송파1동,서울특별시 송파구 송파1동
송파구,송파동,온누리,송파1동,송파구,송파1동,서울특별시 송파구 송파1동
송파구,송파동,위례캐스빌,송파1동,송파구,송파1동,서울특별시 송파구 송파1동
송파구,송파동,잠실더샵루벤,송파1동,송파구,송파2동,서울특별시 송파구 송파2동
송파구,송파동,트윈레이크팰리스빌,송파1동,송파구,송파1동,서울특별시 송파구 송파1동
송파구,송파동,한양아파트,송파1동,송파구,송파1동,서울특별시 송파구 송파1동
송파구,송파동,한양파크뷰,송파1동,송파구,송파2동,서울특별시 송파구 송파2동
송파구,송파동,한영해시안아파트,송파1동,송파구,송파2동,서울특별시 송파구 송파2동
송파구,송파동,현대,송파1동,송파구,송파1동,서울특별시 송파구 송파1동
송파구,송파동,현대레이크빌1,송파1동,송파구,송파1동,서울특별시 송파구 송파1동
송파구,송파동,호수,송파1동,송파구,송파1동,서울특별시 송파구 송파1동
송파구,송파동,호수임광,송파1동,송파구,송파1동,서울특별시 송파구 송파1동
송파구,송파동,홍익봄마을,송파1동,송파구,송파2동,서울특별시 송파구 송파2동
송파구,송파동,힐스빌,송파1동,송파구,송파1동,서울특별시 송파구 송파1동
송파구,신천동,더샵스타리버,잠실6동,송파구,잠실6동,서울특별시 송파구 잠실6동
송파구,신천동,롯데캐슬골드,잠실6동,송파구,잠실6동,서울특별시 송파구 잠실6동
송파구,신천동,미성,잠실6동,송파구,방이2동,서울특별시 송파구 방이2동
송파구,신천동,잠실더샵스타파크,잠실6동,송파구,잠실6동,서울특별시 송파구 잠실6동
송파구,신천동,잠실시그마타워,잠실6동,송파구,잠실6동,서울특별시 송파구 잠실6동
송파구,신천동,잠실아이스페이스,잠실6동,송파구,잠실6동,서울특별시 송파구 잠실6동
송파구,신천동,잠실푸르지오월드마크,잠실6동,송파구,잠실6동,서울특별시 송파구 잠실6동
송파구,신천동,장미1,잠실6동,송파구,잠실6동,서울특별시 송파구 잠실6동
송파구,신천동,장미2,잠실6동,송파구,잠실6동,서울특별시 송파구 잠실6동
송파구,신천동,장미3,잠실6동,송파구,잠실6동,서울특별시 송파구 잠실6동
송파구,신천동,진주,잠실6동,송파구,잠실4동,서울특별시 송파구 잠실4동
송파구,신천동,크로바,잠실6동,송파구,방이2동,서울특별시 송파구 방이2동
송파구,신천동,파크리오,잠실6동,송파구,잠실4동,서울특별시 송파구 잠실4동
송파구,신천동,한빛웰리스,잠실6동,송파구,잠실6동,서울특별시 송파구 잠실6동
송파구,신천동,한신잠실코아,잠실6동,송파구,잠실6동,서울특별시 송파구 잠실6동
송파구,신천동,현대타워,잠실6동,송파구,잠실6동,서울특별시 송파구 잠실6동
송파구,오금동,광남캐스빌,오금동,송파구,오금동,서울특별시 송파구 오금동
송파구,오금동,그랑밸리(119-27),오금동,송파구,오금동,서울특별시 송파구 오금동
송파구,오금동,그랑밸리(64),오금동,송파구,오금동,서울특별시 송파구 오금동
송파구,오금동,금성리치몬드,오금동,송파구,오금동,서울특별시 송파구 오금동
송파구,오금동,노블레스카운티,오금동,송파구,오금동,서울특별시 송파구 오금동
송파구,오금동,노블하우스1,오금동,송파구,오금동,서울특별시 송파구 오금동
송파구,오금동,다성이즈빌클래식,오금동,송파구,오금동,서울특별시 송파구 오금동
송파구,오금동,다성파크뷰,오금동,송파구,오금동,서울특별시 송파구 오금동
송파구,오금동,대림,오금동,송파구,오금동,서울특별시 송파구 오금동
송파구,오금동,대영공원(102동),오금동,송파구,오금동,서울특별시 송파구 오금동
송파구,오금동,더뷰21,오금동,송파구,오금동,서울특별시 송파구 오금동
송파구,오금동,르네상스빌,오금동,송파구,오금동,서울특별시 송파구 오금동
송파구,오금동,리오파크빌,오금동,송파구,오금동,서울특별시 송파구 오금동
송파구,오금동,매그놀리아(1차),오금동,송파구,오금동,서울특별시 송파구 오금동
송파구,오금동,매그놀리아(2차),오금동,송파구,오금동,서울특별시 송파구 오금동
송파구,오금동,명성화인캐슬,오금동,송파구,오금동,서울특별시 송파구 오금동
송파구,오금동,미소,오금동,송파구,오금동,서울특별시 송파구 오금동
송파구,오금동,반석블레스빌,오금동,송파구,오금동,서울특별시 송파구 오금동
송파구,오금동,삼성,오금동,송파구,오금동,서울특별시 송파구 오금동
송파구,오금동,상아1차아파트,오금동,송파구,오금동,서울특별시 송파구 오금동
송파구,오금동,상아2차아파트,오금동,송파구,오금동,서울특별시 송파구 오금동
송파구,오금동,송파더플래티넘,오금동,송파구,오금동,서울특별시 송파구 오금동
송파구,오금동,송파두산위브,오금동,송파구,오금동,서울특별시 송파구 오금동
송파구,오금동,송파레미니스,오금동,송파구,오금동,서울특별시 송파구 오금동
송파구,오금동,송파레미니스2단지,오금동,송파구,오금동,서울특별시 송파구 오금동
송파구,오금동,송파호반베르디움더퍼스트,오금동,송파구,오금동,서울특별시 송파구 오금동
송파구,오금동,슈프림하우스,오금동,송파구,오금동,서울특별시 송파구 오금동
송파구,오금동,쌍용스위닷홈(201동),오금동,송파구,오금동,서울특별시 송파구 오금동
송파구,오금동,쌍용스윗닷홈(301동),오금동,송파구,오금동,서울특별시 송파구 오금동
송파구,오금동,쌍용스윗닷홈(401동),오금동,송파구,오금동,서울특별시 송파구 오금동
송파구,오금동,쌍용스윗닷홈1단지,오금동,송파구,오금동,서울특별시 송파구 오금동
송파구,오금동,아키스,오금동,송파구,오금동,서울특별시 송파구 오금동
송파구,오금동,에스아이팰리스송파올림픽공원,오금동,송파구,오금동,서울특별시 송파구 오금동
송파구,오금동,엘리시움아파트,오금동,송파구,오금동,서울특별시 송파구 오금동
송파구,오금동,영풍,오금동,송파구,오금동,서울특별시 송파구 오금동
송파구,오금동,오금그랑밸리,오금동,송파구,오금동,서울특별시 송파구 오금동
송파구,오금동,오금아르미안,오금동,송파구,오금동,서울특별시 송파구 오금동
송파구,오금동,오륜파크빌,오금동,송파구,오금동,서울특별시 송파구 오금동
송파구,오금동,올림픽파크센트레빌,오금동,송파구,오금동,서울특별시 송파구 오금동
송파구,오금동,우방,오금동,송파구,오금동,서울특별시 송파구 오금동
송파구,오금동,우송그린,오금동,송파구,오금동,서울특별시 송파구 오금동
송파구,오금동,우창,오금동,송파구,오금동,서울특별시 송파구 오금동
송파구,오금동,진성,오금동,송파구,오금동,서울특별시 송파구 오금동
송파구,오금동,한두리,오금동,송파구,오금동,서울특별시 송파구 오금동
송파구,오금동,현대(2-4차),오금동,송파구,오금동,서울특별시 송파구 오금동
송파구,오금동,현대백조,오금동,송파구,오금동,서울특별시 송파구 오금동
송파구,오금동,혜성공원(101동),오금동,송파구,오금동,서울특별시 송파구 오금동
송파구,잠실동,NS파인트리,잠실본동,송파구,잠실본동,서울특별시 송파구 잠실본동
송파구,잠실동,갤러리아팰리스,잠실본동,송파구,잠실3동,서울특별시 송파구 잠실3동
송파구,잠실동,레이크팰리스,잠실본동,송파구,잠실3동,서울특별시 송파구 잠실3동
송파구,잠실동,리센츠,잠실본동,송파구,잠실2동,서울특별시 송파구 잠실2동
송파구,잠실동,신동아예지움,잠실본동,송파구,잠실본동,서울특별시 송파구 잠실본동
송파구,잠실동,아시아선수촌아파트,잠실본동,송파구,잠실7동,서울특별시 송파구 잠실7동
송파구,잠실동,앙시레이크타워,잠실본동,송파구,잠실본동,서울특별시 송파구 잠실본동
송파구,잠실동,우성4차,잠실본동,송파구,잠실본동,서울특별시 송파구 잠실본동
송파구,잠실동,우성아파트,잠실본동,송파구,잠실본동,서울특별시 송파구 잠실본동
송파구,잠실동,잠실엘스,잠실본동,송파구,잠실2동,서울특별시 송파구 잠실2동
송파구,잠실동,잠실월드메르디앙,잠실본동,송파구,잠실본동,서울특별시 송파구 잠실본동
송파구,잠실동,잠실포스코더샵,잠실본동,송파구,잠실본동,서울특별시 송파구 잠실본동
송파구,잠실동,주공아파트 5단지,잠실본동,송파구,잠실3동,서울특별시 송파구 잠실3동
송파구,잠실동,트리지움,잠실본동,송파구,잠실3동,서울특별시 송파구 잠실3동
송파구,잠실동,파크인-수,잠실본동,송파구,잠실본동,서울특별시 송파구 잠실본동
송파구,잠실동,한영해시안아파트,잠실본동,송파구,잠실본동,서울특별시 송파구 잠실본동
송파구,잠실동,현대,잠실본동,송파구,잠실본동,서울특별시 송파구 잠실본동
송파구,장지동,송파더센트레,장지동,송파구,위례동,서울특별시 송파구 위례동
송파구,장지동,송파와이즈더샵,장지동,송파구,위례동,서울특별시 송파구 위례동
송파구,장지동,송파파인타운10단지,장지동,송파구,장지동,서울특별시 송파구 장지동
송파구,장지동,송파파인타운11단지,장지동,송파구,장지동,서울특별시 송파구 장지동
송파구,장지동,송파파인타운12단지,장지동,송파구,장지동,서울특별시 송파구 장지동
송파구,장지동,송파파인타운13단지,장지동,송파구,장지동,서울특별시 송파구 장지동
송파구,장지동,송파파인타운1단지,장지동,송파구,장지동,서울특별시 송파구 장지동
송파구,장지동,송파파인타운2단지,장지동,송파구,장지동,서울특별시 송파구 장지동
송파구,장지동,송파파인타운3단지,장지동,송파구,장지동,서울특별시 송파구 장지동
송파구,장지동,송파파인타운4단지,장지동,송파구,장지동,서울특별시 송파구 장지동
송파구,장지동,송파파인타운5단지,장지동,송파구,장지동,서울특별시 송파구 장지동
송파구,장지동,송파파인타운6단지,장지동,송파구,장지동,서울특별시 송파구 장지동
송파구,장지동,송파파인타운7단지,장지동,송파구,장지동,서울특별시 송파구 장지동
송파구,장지동,송파파인타운8단지,장지동,송파구,장지동,서울특별시 송파구 장지동
송파구,장지동,송파파인타운9단지,장지동,송파구,장지동,서울특별시 송파구 장지동
송파구,장지동,위례24단지(꿈에그린),장지동,송파구,위례동,서울특별시 송파구 위례동
송파구,장지동,위례2차아이파크,장지동,송파구,위례동,서울특별시 송파구 위례동
송파구,장지동,위례신도시송파푸르지오,장지동,송파구,위례동,서울특별시 송파구 위례동
송파구,장지동,위례아이파크,장지동,송파구,위례동,서울특별시 송파구 위례동
송파구,장지동,위례중앙푸르지오1단지,장지동,송파구,위례동,서울특별시 송파구 위례동
송파구,장지동,위례중앙푸르지오2단지,장지동,송파구,위례동,서울특별시 송파구 위례동
송파구,장지동,힐스테이트송파위례,장지동,송파구,위례동,서울특별시 송파구 위례동
송파구,풍납동,갑을,풍납1동,송파구,풍납2동,서울특별시 송파구 풍납2동
송파구,풍납동,강변현대,풍납1동,송파구,풍납2동,서울특별시 송파구 풍납2동
송파구,풍납동,극동,풍납1동,송파구,풍납2동,서울특별시 송파구 풍납2동
송파구,풍납동,금강캐스빌,풍납1동,송파구,풍납1동,서울특별시 송파구 풍납1동
송파구,풍납동,대동1,풍납1동,송파구,풍납1동,서울특별시 송파구 풍납1동
송파구,풍납동,대아(제101상가동),풍납1동,송파구,풍납2동,서울특별시 송파구 풍납2동
송파구,풍납동,동아한가람1,풍납1동,송파구,풍납1동,서울특별시 송파구 풍납1동
송파구,풍납동,미랜드퀸,풍납1동,송파구,풍납2동,서울특별시 송파구 풍납2동
송파구,풍납동,미성,풍납1동,송파구,풍납2동,서울특별시 송파구 풍납2동
송파구,풍납동,송파N-suite,풍납1동,송파구,풍납2동,서울특별시 송파구 풍납2동
송파구,풍납동,송파해모로아파트,풍납1동,송파구,풍납2동,서울특별시 송파구 풍납2동
송파구,풍납동,송파현대힐스테이트,풍납1동,송파구,풍납2동,서울특별시 송파구 풍납2동
송파구,풍납동,신동아파밀리에,풍납1동,강동구,천호3동,서울특별시 강동구 천호3동
송파구,풍납동,신성노바빌아파트,풍납1동,송파구,풍납1동,서울특별시 송파구 풍납1동
송파구,풍납동,신아,풍납1동,송파구,풍납2동,서울특별시 송파구 풍납2동
송파구,풍납동,쌍용,풍납1동,송파구,풍납2동,서울특별시 송파구 풍납2동
송파구,풍납동,씨티극동1,풍납1동,송파구,풍납1동,서울특별시 송파구 풍납1동
송파구,풍납동,연지토성,풍납1동,송파구,풍납2동,서울특별시 송파구 풍납2동
송파구,풍납동,올림픽레아아파트,풍납1동,송파구,풍납2동,서울특별시 송파구 풍납2동
송파구,풍납동,이트리움송파(281-4),풍납1동,송파구,풍납2동,서울특별시 송파구 풍납2동
송파구,풍납동,잠실올림픽공원아이파크,풍납1동,송파구,풍납2동,서울특별시 송파구 풍납2동
송파구,풍납동,칼라,풍납1동,송파구,풍납2동,서울특별시 송파구 풍납2동
송파구,풍납동,케이앤피상상,풍납1동,송파구,풍납1동,서울특별시 송파구 풍납1동
송파구,풍납동,토성현대,풍납1동,송파구,풍납2동,서울특별시 송파구 풍납2동
송파구,풍납동,한강극동,풍납1동,송파구,풍납2동,서울특별시 송파구 풍납2동
송파구,풍납동,현대1,풍납1동,송파구,풍납2동,서울특별시 송파구 풍납2동
송파구,풍납동,현대리버빌1지구,풍납1동,송파구,풍납2동,서울특별시 송파구 풍납2동
송파구,풍납동,현대리버빌2지구,풍납1동,송파구,풍납2동,서울특별시 송파구 풍납2동
양천구,목동,CG아름채목동아파트,목1동,양천구,목2동,서울특별시 양천구 목2동
양천구,목동,ParkPalaceII,목1동,양천구,목1동,서울특별시 양천구 목1동
양천구,목동,강산빌라트,목1동,양천구,목1동,서울특별시 양천구 목1동
양천구,목동,건영,목1동,양천구,목2동,서울특별시 양천구 목2동
양천구,목동,건진,목1동,양천구,목4동,서울특별시 양천구 목4동
양천구,목동,극동늘푸른,목1동,양천구,목2동,서울특별시 양천구 목2동
양천구,목동,근상프리즘,목1동,양천구,목2동,서울특별시 양천구 목2동
양천구,목동,금강에스쁘아,목1동,양천구,목4동,서울특별시 양천구 목4동
양천구,목동,금호1,목1동,양천구,목1동,서울특별시 양천구 목1동
양천구,목동,금호아파트(768),목1동,양천구,목4동,서울특별시 양천구 목4동
양천구,목동,금호어울림,목1동,양천구,목4동,서울특별시 양천구 목4동
양천구,목동,대원,목1동,양천구,목4동,서울특별시 양천구 목4동
양천구,목동,대원칸타빌,목1동,양천구,목1동,서울특별시 양천구 목1동
양천구,목동,대원칸타빌2,목1동,양천구,목4동,서울특별시 양천구 목4동
양천구,목동,대원칸타빌3,목1동,양천구,목4동,서울특별시 양천구 목4동
양천구,목동,동구햇살아파트,목1동,양천구,목4동,서울특별시 양천구 목4동
양천구,목동,동구햇살아파트2차,목1동,양천구,목3동,서울특별시 양천구 목3동
양천구,목동,동도(729-5),목1동,양천구,목4동,서울특별시 양천구 목4동
양천구,목동,동도빌라트,목1동,양천구,목4동,서울특별시 양천구 목4동
양천구,목동,동원,목1동,양천구,목2동,서울특별시 양천구 목2동
양천구,목동,동해아파트,목1동,양천구,목1동,서울특별시 양천구 목1동
양천구,목동,두란,목1동,양천구,목3동,서울특별시 양천구 목3동
양천구,목동,두레,목1동,양천구,목2동,서울특별시 양천구 목2동
양천구,목동,래디앙아파트,목1동,양천구,목1동,서울특별시 양천구 목1동
양천구,목동,롯데캐슬위너,목1동,양천구,목3동,서울특별시 양천구 목3동
양천구,목동,리버하이츠,목1동,양천구,목2동,서울특별시 양천구 목2동
양천구,목동,명지해드는터,목1동,양천구,목4동,서울특별시 양천구 목4동
양천구,목동,목4현대,목1동,양천구,목1동,서울특별시 양천구 목1동
양천구,목동,목동2차아이파크,목1동,양천구,목4동,서울특별시 양천구 목4동
양천구,목동,목동가든스위트,목1동,양천구,목5동,서울특별시 양천구 목5동
양천구,목동,목동글로리파크,목1동,양천구,목5동,서울특별시 양천구 목5동
양천구,목동,목동금호베스트빌,목1동,양천구,목2동,서울특별시 양천구 목2동
양천구,목동,목동길성그랑프리텔,목1동,양천구,목4동,서울특별시 양천구 목4동
양천구,목동,목동노블레스,목1동,양천구,목4동,서울특별시 양천구 목4동
양천구,목동,목동다솔,목1동,양천구,목3동,서울특별시 양천구 목3동
양천구,목동,목동대림,목1동,양천구,목1동,서울특별시 양천구 목1동
양천구,목동,목동동화옥시죤-7,목1동,양천구,목1동,서울특별시 양천구 목1동
양천구,목동,목동두산위브,목1동,양천구,목2동,서울특별시 양천구 목2동
양천구,목동,목동롯데캐슬마에스트로,목1동,양천구,목3동,서울특별시 양천구 목3동
양천구,목동,목동리버힐,목1동,양천구,목2동,서울특별시 양천구 목2동
양천구,목동,목동미소래,목1동,양천구,목4동,서울특별시 양천구 목4동
양천구,목동,목동벨로스주상복합,목1동,양천구,목1동,서울특별시 양천구 목1동
양천구,목동,목동보미리즌빌,목1동,양천구,목4동,서울특별시 양천구 목4동
양천구,목동,목동성삼하이츠,목1동,양천구,목1동,서울특별시 양천구 목1동
양천구,목동,목동성원,목1동,양천구,목3동,서울특별시 양천구 목3동
양천구,목동,목동성원(926-8),목1동,양천구,목3동,서울특별시 양천구 목3동
양천구,목동,목동성원초원,목1동,양천구,목2동,서울특별시 양천구 목2동
양천구,목동,목동센트럴푸르지오,목1동,양천구,목1동,서울특별시 양천구 목1동
양천구,목동,목동신시가지1,목1동,양천구,목5동,서울특별시 양천구 목5동
양천구,목동,목동신시가지2,목1동,양천구,목5동,서울특별시 양천구 목5동
양천구,목동,목동신시가지3,목1동,양천구,목5동,서울특별시 양천구 목5동
양천구,목동,목동신시가지4,목1동,양천구,목5동,서울특별시 양천구 목5동
양천구,목동,목동신시가지5,목1동,양천구,목5동,서울특별시 양천구 목5동
양천구,목동,목동신시가지6,목1동,양천구,목5동,서울특별시 양천구 목5동
양천구,목동,목동신시가지7,목1동,양천구,목1동,서울특별시 양천구 목1동
양천구,목동,목동에버하임,목1동,양천구,목2동,서울특별시 양천구 목2동
양천구,목동,목동이-편한세상,목1동,양천구,목2동,서울특별시 양천구 목2동
양천구,목동,목동진흥,목1동,양천구,목2동,서울특별시 양천구 목2동
양천구,목동,목동청구한신아파트,목1동,양천구,목5동,서울특별시 양천구 목5동
양천구,목동,목동태진드림피아,목1동,양천구,목4동,서울특별시 양천구 목4동
양천구,목동,목동트윈빌,목1동,양천구,목5동,서울특별시 양천구 목5동
양천구,목동,목동현대1,목1동,양천구,목1동,서울특별시 양천구 목1동
양천구,목동,목동효성,목1동,양천구,목2동,서울특별시 양천구 목2동
양천구,목동,목동훼미리,목1동,양천구,목2동,서울특별시 양천구 목2동
양천구,목동,목동휘버스I,목1동,양천구,목4동,서울특별시 양천구 목4동
양천구,목동,목동휘버스II,목1동,양천구,목4동,서울특별시 양천구 목4동
양천구,목동,목화,목1동,양천구,목4동,서울특별시 양천구 목4동
양천구,목동,미래드림캐슬,목1동,양천구,목3동,서울특별시 양천구 목3동
양천구,목동,미성,목1동,양천구,목4동,서울특별시 양천구 목4동
양천구,목동,벽산,목1동,양천구,목1동,서울특별시 양천구 목1동
양천구,목동,벽산미라지타워,목1동,양천구,목5동,서울특별시 양천구 목5동
양천구,목동,부영2,목1동,양천구,목5동,서울특별시 양천구 목5동
양천구,목동,부영3,목1동,양천구,목1동,서울특별시 양천구 목1동
양천구,목동,부영그린타운1,목1동,양천구,목5동,서울특별시 양천구 목5동
양천구,목동,삼도,목1동,양천구,목2동,서울특별시 양천구 목2동
양천구,목동,삼성(528-7),목1동,양천구,목1동,서울특별시 양천구 목1동
양천구,목동,삼성(766-1),목1동,양천구,목1동,서울특별시 양천구 목1동
양천구,목동,삼익,목1동,양천구,목1동,서울특별시 양천구 목1동
양천구,목동,상록,목1동,양천구,목4동,서울특별시 양천구 목4동
양천구,목동,상부파크팰리스,목1동,양천구,목1동,서울특별시 양천구 목1동
양천구,목동,상진지오밸리가동,목1동,양천구,목4동,서울특별시 양천구 목4동
양천구,목동,상진지오밸리나동,목1동,양천구,목4동,서울특별시 양천구 목4동
양천구,목동,상진지오벨리,목1동,양천구,목4동,서울특별시 양천구 목4동
양천구,목동,상진지오벨리(548),목1동,양천구,목4동,서울특별시 양천구 목4동
양천구,목동,성보,목1동,양천구,목5동,서울특별시 양천구 목5동
양천구,목동,성원2,목1동,양천구,목3동,서울특별시 양천구 목3동
양천구,목동,세종그랑시아,목1동,양천구,목4동,서울특별시 양천구 목4동
양천구,목동,수산팰리스,목1동,양천구,목2동,서울특별시 양천구 목2동
양천구,목동,스카이빌아파트,목1동,양천구,목4동,서울특별시 양천구 목4동
양천구,목동,신동아파밀리에,목1동,양천구,목4동,서울특별시 양천구 목4동
양천구,목동,신목,목1동,양천구,목5동,서울특별시 양천구 목5동
양천구,목동,신한이모르젠,목1동,양천구,목3동,서울특별시 양천구 목3동
양천구,목동,신한훼미리,목1동,양천구,목1동,서울특별시 양천구 목1동
양천구,목동,신화타워,목1동,양천구,목2동,서울특별시 양천구 목2동
양천구,목동,애드웰(534),목1동,양천구,목5동,서울특별시 양천구 목5동
양천구,목동,애드웰(774-10),목1동,양천구,목5동,서울특별시 양천구 목5동
양천구,목동,에이스,목1동,양천구,목4동,서울특별시 양천구 목4동
양천구,목동,엘리시아,목1동,양천구,목2동,서울특별시 양천구 목2동
양천구,목동,엘리온,목1동,양천구,목4동,서울특별시 양천구 목4동
양천구,목동,연지프로빌,목1동,양천구,목1동,서울특별시 양천구 목1동
양천구,목동,왕자상가아파트,목1동,양천구,목4동,서울특별시 양천구 목4동
양천구,목동,우당,목1동,양천구,목1동,서울특별시 양천구 목1동
양천구,목동,우성,목1동,양천구,목2동,서울특별시 양천구 목2동
양천구,목동,월드메르디앙,목1동,양천구,목3동,서울특별시 양천구 목3동
양천구,목동,월드메르디앙2,목1동,양천구,목4동,서울특별시 양천구 목4동
양천구,목동,월드메르디앙3,목1동,양천구,목1동,서울특별시 양천구 목1동
양천구,목동,웨스트빌,목1동,양천구,목2동,서울특별시 양천구 목2동
양천구,목동,웨스트빌(102동),목1동,양천구,목2동,서울특별시 양천구 목2동
양천구,목동,인우,목1동,양천구,목4동,서울특별시 양천구 목4동
양천구,목동,일신파스텔,목1동,양천구,목3동,서울특별시 양천구 목3동
양천구,목동,정은스카이빌(959),목1동,양천구,목4동,서울특별시 양천구 목4동
양천구,목동,지오트레벨,목1동,양천구,목4동,서울특별시 양천구 목4동
양천구,목동,진도1,목1동,양천구,목1동,서울특별시 양천구 목1동
양천구,목동,진도1103동,목1동,양천구,목1동,서울특별시 양천구 목1동
양천구,목동,진도2,목1동,양천구,목1동,서울특별시 양천구 목1동
양천구,목동,청포도아파트,목1동,양천구,목4동,서울특별시 양천구 목4동
양천구,목동,청학,목1동,양천구,목1동,서울특별시 양천구 목1동
양천구,목동,태청,목1동,양천구,목3동,서울특별시 양천구 목3동
양천구,목동,트라팰리스웨스턴에비뉴,목1동,양천구,목1동,서울특별시 양천구 목1동
양천구,목동,트라팰리스이스턴에비뉴,목1동,양천구,목1동,서울특별시 양천구 목1동
양천구,목동,하이페리온2,목1동,양천구,목1동,서울특별시 양천구 목1동
양천구,목동,한신빌라트1,목1동,양천구,목1동,서울특별시 양천구 목1동
양천구,목동,한일,목1동,양천구,목3동,서울특별시 양천구 목3동
양천구,목동,행복자,목1동,양천구,목3동,서울특별시 양천구 목3동
양천구,목동,현대,목1동,양천구,목1동,서울특별시 양천구 목1동
양천구,목동,현대I-PARK,목1동,양천구,신정2동,서울특별시 양천구 신정2동
양천구,목동,현대파크빌(907-23),목1동,양천구,목3동,서울특별시 양천구 목3동
양천구,목동,현대하이페리온,목1동,양천구,목1동,서울특별시 양천구 목1동
양천구,목동,효원빌라트,목1동,양천구,목2동,서울특별시 양천구 목2동
양천구,목동,힐타운,목1동,양천구,목2동,서울특별시 양천구 목2동
양천구,신월동,NEWSK아파트,신월1동,양천구,신월7동,서울특별시 양천구 신월7동
양천구,신월동,강국,신월1동,양천구,신월5동,서울특별시 양천구 신월5동
양천구,신월동,거산,신월1동,양천구,신월5동,서울특별시 양천구 신월5동
양천구,신월동,경희,신월1동,양천구,신월6동,서울특별시 양천구 신월6동
양천구,신월동,궁전,신월1동,양천구,신월1동,서울특별시 양천구 신월1동
양천구,신월동,그린아파트빌,신월1동,양천구,신월1동,서울특별시 양천구 신월1동
양천구,신월동,근상아트프리즘,신월1동,양천구,신월3동,서울특별시 양천구 신월3동
양천구,신월동,금강,신월1동,양천구,신월3동,서울특별시 양천구 신월3동
양천구,신월동,금하뜨라네,신월1동,양천구,신월3동,서울특별시 양천구 신월3동
양천구,신월동,길성,신월1동,양천구,신월4동,서울특별시 양천구 신월4동
양천구,신월동,길훈,신월1동,양천구,신월7동,서울특별시 양천구 신월7동
양천구,신월동,길훈엔트런스빌,신월1동,양천구,신월1동,서울특별시 양천구 신월1동
양천구,신월동,나산,신월1동,양천구,신월1동,서울특별시 양천구 신월1동
양천구,신월동,나이아가라,신월1동,양천구,신월2동,서울특별시 양천구 신월2동
양천구,신월동,남영시티빌,신월1동,양천구,신월2동,서울특별시 양천구 신월2동
양천구,신월동,누리애,신월1동,양천구,신월4동,서울특별시 양천구 신월4동
양천구,신월동,당곡,신월1동,양천구,신월4동,서울특별시 양천구 신월4동
양천구,신월동,대림(주상복합),신월1동,양천구,신월2동,서울특별시 양천구 신월2동
양천구,신월동,대림타운,신월1동,강서구,화곡8동,서울특별시 강서구 화곡8동
양천구,신월동,대방샤인힐,신월1동,양천구,신월4동,서울특별시 양천구 신월4동
양천구,신월동,대성유니드,신월1동,양천구,신월4동,서울특별시 양천구 신월4동
양천구,신월동,대신,신월1동,양천구,신월2동,서울특별시 양천구 신월2동
양천구,신월동,대영월드(B동),신월1동,양천구,신월5동,서울특별시 양천구 신월5동
양천구,신월동,대외,신월1동,양천구,신월2동,서울특별시 양천구 신월2동
양천구,신월동,대운,신월1동,양천구,신월1동,서울특별시 양천구 신월1동
양천구,신월동,대운2차,신월1동,양천구,신월5동,서울특별시 양천구 신월5동
양천구,신월동,대주파크빌,신월1동,양천구,신월6동,서울특별시 양천구 신월6동
양천구,신월동,대진아파트,신월1동,양천구,신월4동,서울특별시 양천구 신월4동
양천구,신월동,덕수펠리체(45),신월1동,양천구,신월5동,서울특별시 양천구 신월5동
양천구,신월동,덕현해밀(101동),신월1동,강서구,화곡2동,서울특별시 강서구 화곡2동
양천구,신월동,덕현해밀(102동),신월1동,강서구,화곡2동,서울특별시 강서구 화곡2동
양천구,신월동,동도센트리움,신월1동,양천구,신월2동,서울특별시 양천구 신월2동
양천구,신월동,동도하이츠,신월1동,양천구,신월1동,서울특별시 양천구 신월1동
양천구,신월동,동방,신월1동,양천구,신월2동,서울특별시 양천구 신월2동
양천구,신월동,동서,신월1동,양천구,신월1동,서울특별시 양천구 신월1동
양천구,신월동,동양브로미(101동)A,신월1동,양천구,신월1동,서울특별시 양천구 신월1동
양천구,신월동,동양브로미(102동)B,신월1동,양천구,신월1동,서울특별시 양천구 신월1동
양천구,신월동,동원데자뷰,신월1동,양천구,신월2동,서울특별시 양천구 신월2동
양천구,신월동,두원A동,신월1동,양천구,신월2동,서울특별시 양천구 신월2동
양천구,신월동,두원B동,신월1동,양천구,신월2동,서울특별시 양천구 신월2동
양천구,신월동,두원빌드피아(444-7),신월1동,양천구,신월4동,서울특별시 양천구 신월4동
양천구,신월동,두원빌드피아(510-3),신월1동,양천구,신월4동,서울특별시 양천구 신월4동
양천구,신월동,디아이빌(331-107),신월1동,양천구,신월7동,서울특별시 양천구 신월7동
양천구,신월동,디아이빌101동(331-101),신월1동,양천구,신월7동,서울특별시 양천구 신월7동
양천구,신월동,디아이빌102동,신월1동,양천구,신월7동,서울특별시 양천구 신월7동
양천구,신월동,라온미브아파트,신월1동,양천구,신월1동,서울특별시 양천구 신월1동
양천구,신월동,레미앙,신월1동,양천구,신월6동,서울특별시 양천구 신월6동
양천구,신월동,로즈그린타운,신월1동,양천구,신월4동,서울특별시 양천구 신월4동
양천구,신월동,롯데캐슬,신월1동,양천구,신월2동,서울특별시 양천구 신월2동
양천구,신월동,롯데캐슬(1057-0),신월1동,양천구,신월2동,서울특별시 양천구 신월2동
양천구,신월동,롯데캐슬(1057-1),신월1동,양천구,신월2동,서울특별시 양천구 신월2동
양천구,신월동,리슈리안,신월1동,양천구,신월2동,서울특별시 양천구 신월2동
양천구,신월동,명산그린빌,신월1동,양천구,신월4동,서울특별시 양천구 신월4동
양천구,신월동,목동센트럴아이파크위브1단지,신월1동,양천구,신월6동,서울특별시 양천구 신월6동
양천구,신월동,목동센트럴아이파크위브2단지,신월1동,양천구,신월6동,서울특별시 양천구 신월6동
양천구,신월동,목동센트럴아이파크위브3단지,신월1동,양천구,신월6동,서울특별시 양천구 신월6동
양천구,신월동,목동센트럴아이파크위브4단지,신월1동,양천구,신월6동,서울특별시 양천구 신월6동
양천구,신월동,미리내아파트,신월1동,양천구,신월5동,서울특별시 양천구 신월5동
양천구,신월동,미진,신월1동,양천구,신월2동,서울특별시 양천구 신월2동
양천구,신월동,방주기픈샘,신월1동,양천구,신월2동,서울특별시 양천구 신월2동
양천구,신월동,방주기픈샘2,신월1동,양천구,신월1동,서울특별시 양천구 신월1동
양천구,신월동,방주아크빌,신월1동,양천구,신월4동,서울특별시 양천구 신월4동
양천구,신월동,벽산블루밍1단지,신월1동,양천구,신월6동,서울특별시 양천구 신월6동
양천구,신월동,벽산블루밍2단지,신월1동,양천구,신월6동,서울특별시 양천구 신월6동
양천구,신월동,보금자리,신월1동,양천구,신월6동,서울특별시 양천구 신월6동
양천구,신월동,보람,신월1동,양천구,신월2동,서울특별시 양천구 신월2동
양천구,신월동,보람쉬움1,신월1동,양천구,신월4동,서울특별시 양천구 신월4동
양천구,신월동,보람아파트,신월1동,양천구,신월2동,서울특별시 양천구 신월2동
양천구,신월동,보아스청와,신월1동,양천구,신월4동,서울특별시 양천구 신월4동
양천구,신월동,빛여울,신월1동,양천구,신월3동,서울특별시 양천구 신월3동
양천구,신월동,삼구,신월1동,양천구,신월2동,서울특별시 양천구 신월2동
양천구,신월동,삼도(101),신월1동,양천구,신월6동,서울특별시 양천구 신월6동
양천구,신월동,삼도(102),신월1동,양천구,신월6동,서울특별시 양천구 신월6동
양천구,신월동,삼동,신월1동,양천구,신월1동,서울특별시 양천구 신월1동
양천구,신월동,삼동5,신월1동,양천구,신월6동,서울특별시 양천구 신월6동
양천구,신월동,삼백,신월1동,양천구,신월4동,서울특별시 양천구 신월4동
양천구,신월동,삼성,신월1동,양천구,신월5동,서울특별시 양천구 신월5동
양천구,신월동,삼익2차플라주,신월1동,양천구,신월4동,서울특별시 양천구 신월4동
양천구,신월동,삼익4차플라주,신월1동,양천구,신월2동,서울특별시 양천구 신월2동
양천구,신월동,삼익플라주,신월1동,양천구,신월4동,서울특별시 양천구 신월4동
양천구,신월동,삼익플라주(81-10),신월1동,양천구,신월4동,서울특별시 양천구 신월4동
양천구,신월동,삼익플라주행복한마을,신월1동,양천구,신월4동,서울특별시 양천구 신월4동
양천구,신월동,삼정그린뷰,신월1동,양천구,신월4동,서울특별시 양천구 신월4동
양천구,신월동,삼종레이빌101동,신월1동,양천구,신월4동,서울특별시 양천구 신월4동
양천구,신월동,삼종레이빌102동,신월1동,양천구,신월4동,서울특별시 양천구 신월4동
양천구,신월동,삼혜아트빌,신월1동,양천구,신월6동,서울특별시 양천구 신월6동
양천구,신월동,상신,신월1동,양천구,신월4동,서울특별시 양천구 신월4동
양천구,신월동,상아아름,신월1동,양천구,신월2동,서울특별시 양천구 신월2동
양천구,신월동,상진지오벨리,신월1동,양천구,신월5동,서울특별시 양천구 신월5동
양천구,신월동,새롬,신월1동,양천구,신월2동,서울특별시 양천구 신월2동
양천구,신월동,샤인팰리스,신월1동,양천구,신월5동,서울특별시 양천구 신월5동
양천구,신월동,서울,신월1동,양천구,신정3동,서울특별시 양천구 신정3동
양천구,신월동,서울가든,신월1동,양천구,신월2동,서울특별시 양천구 신월2동
양천구,신월동,성림,신월1동,양천구,신월3동,서울특별시 양천구 신월3동
양천구,신월동,성우,신월1동,양천구,신월4동,서울특별시 양천구 신월4동
양천구,신월동,성호그린,신월1동,양천구,신월1동,서울특별시 양천구 신월1동
양천구,신월동,세아쎄닛빌,신월1동,양천구,신월4동,서울특별시 양천구 신월4동
양천구,신월동,세제뉴타운,신월1동,양천구,신월4동,서울특별시 양천구 신월4동
양천구,신월동,세진,신월1동,양천구,신월4동,서울특별시 양천구 신월4동
양천구,신월동,세진아파트,신월1동,양천구,신월4동,서울특별시 양천구 신월4동
양천구,신월동,수명,신월1동,양천구,신월5동,서울특별시 양천구 신월5동
양천구,신월동,수명산SKVIEW,신월1동,양천구,신월5동,서울특별시 양천구 신월5동
양천구,신월동,수명산그린시아,신월1동,양천구,신월5동,서울특별시 양천구 신월5동
양천구,신월동,수명산롯데캐슬,신월1동,양천구,신월5동,서울특별시 양천구 신월5동
양천구,신월동,수명산타워빌,신월1동,양천구,신월5동,서울특별시 양천구 신월5동
양천구,신월동,수명산태승훼미리,신월1동,양천구,신월5동,서울특별시 양천구 신월5동
양천구,신월동,스위트드림아파트,신월1동,양천구,신월1동,서울특별시 양천구 신월1동
양천구,신월동,스카이캐슬아파트(512-8),신월1동,양천구,신월2동,서울특별시 양천구 신월2동
양천구,신월동,신도브래뉴2차,신월1동,양천구,신월5동,서울특별시 양천구 신월5동
양천구,신월동,신도신월1차,신월1동,양천구,신월2동,서울특별시 양천구 신월2동
양천구,신월동,신라이프,신월1동,양천구,신월3동,서울특별시 양천구 신월3동
양천구,신월동,신목동비바힐스,신월1동,양천구,신월7동,서울특별시 양천구 신월7동
양천구,신월동,신성미소지움,신월1동,양천구,신월2동,서울특별시 양천구 신월2동
양천구,신월동,신성미소지움3차아파트,신월1동,양천구,신월4동,서울특별시 양천구 신월4동
양천구,신월동,신안약수,신월1동,양천구,신월6동,서울특별시 양천구 신월6동
양천구,신월동,신안파크,신월1동,양천구,신월7동,서울특별시 양천구 신월7동
양천구,신월동,신월2차미소지움,신월1동,양천구,신월2동,서울특별시 양천구 신월2동
양천구,신월동,신월2차보람쉬움,신월1동,양천구,신월4동,서울특별시 양천구 신월4동
양천구,신월동,신월6차보람,신월1동,양천구,신월1동,서울특별시 양천구 신월1동
양천구,신월동,신월대림,신월1동,양천구,신월2동,서울특별시 양천구 신월2동
양천구,신월동,신월동금용,신월1동,양천구,신월4동,서울특별시 양천구 신월4동
양천구,신월동,신월동로마파빌리온,신월1동,양천구,신월4동,서울특별시 양천구 신월4동
양천구,신월동,신월동방원,신월1동,양천구,신월1동,서울특별시 양천구 신월1동
양천구,신월동,신월보성,신월1동,양천구,신월2동,서울특별시 양천구 신월2동
양천구,신월동,신월성원,신월1동,양천구,신월1동,서울특별시 양천구 신월1동
양천구,신월동,신월시영,신월1동,양천구,신월7동,서울특별시 양천구 신월7동
양천구,신월동,신월휘버스,신월1동,양천구,신월2동,서울특별시 양천구 신월2동
양천구,신월동,신정두산위브,신월1동,양천구,신월2동,서울특별시 양천구 신월2동
양천구,신월동,아름다운세상,신월1동,양천구,신월3동,서울특별시 양천구 신월3동
양천구,신월동,양천벽산블루밍1단지,신월1동,양천구,신월4동,서울특별시 양천구 신월4동
양천구,신월동,양천벽산블루밍2단지,신월1동,양천구,신월4동,서울특별시 양천구 신월4동
양천구,신월동,양천벽산블루밍3단지,신월1동,양천구,신월4동,서울특별시 양천구 신월4동
양천구,신월동,양천홈타운1차,신월1동,양천구,신월2동,서울특별시 양천구 신월2동
양천구,신월동,양천홈타운2차아파트,신월1동,양천구,신월2동,서울특별시 양천구 신월2동
양천구,신월동,양천홈타운3차,신월1동,양천구,신월2동,서울특별시 양천구 신월2동
양천구,신월동,에이원,신월1동,양천구,신월4동,서울특별시 양천구 신월4동
양천구,신월동,엘림,신월1동,양천구,신월7동,서울특별시 양천구 신월7동
양천구,신월동,엘림(986-13),신월1동,양천구,신월7동,서울특별시 양천구 신월7동
양천구,신월동,연흥,신월1동,양천구,신월3동,서울특별시 양천구 신월3동
양천구,신월동,영남타운,신월1동,양천구,신월4동,서울특별시 양천구 신월4동
양천구,신월동,예건미예뜰1동,신월1동,양천구,신월2동,서울특별시 양천구 신월2동
양천구,신월동,예지보금자리,신월1동,양천구,신월6동,서울특별시 양천구 신월6동
양천구,신월동,예지보금자리74차,신월1동,양천구,신월2동,서울특별시 양천구 신월2동
양천구,신월동,오진참사랑,신월1동,양천구,신월2동,서울특별시 양천구 신월2동
양천구,신월동,오투힐,신월1동,양천구,신월4동,서울특별시 양천구 신월4동
양천구,신월동,온누리,신월1동,양천구,신월3동,서울특별시 양천구 신월3동
양천구,신월동,온누리베일리,신월1동,양천구,신월3동,서울특별시 양천구 신월3동
양천구,신월동,올림푸스(150-1),신월1동,양천구,신월2동,서울특별시 양천구 신월2동
양천구,신월동,용민홈타워빌,신월1동,양천구,신월1동,서울특별시 양천구 신월1동
양천구,신월동,우당,신월1동,양천구,신월2동,서울특별시 양천구 신월2동
양천구,신월동,우영아파트,신월1동,양천구,신월1동,서울특별시 양천구 신월1동
양천구,신월동,우정,신월1동,양천구,신월7동,서울특별시 양천구 신월7동
양천구,신월동,우진,신월1동,양천구,신월3동,서울특별시 양천구 신월3동
양천구,신월동,우진(72-5),신월1동,양천구,신월3동,서울특별시 양천구 신월3동
양천구,신월동,우창,신월1동,양천구,신월4동,서울특별시 양천구 신월4동
양천구,신월동,원능한빛,신월1동,양천구,신월4동,서울특별시 양천구 신월4동
양천구,신월동,유림,신월1동,양천구,신월7동,서울특별시 양천구 신월7동
양천구,신월동,유림웰스빌,신월1동,양천구,신월6동,서울특별시 양천구 신월6동
양천구,신월동,은성,신월1동,양천구,신월1동,서울특별시 양천구 신월1동
양천구,신월동,은성마을승윤노블리안,신월1동,양천구,신월5동,서울특별시 양천구 신월5동
양천구,신월동,은일로즈힐,신월1동,양천구,신월6동,서울특별시 양천구 신월6동
양천구,신월동,은하아파트,신월1동,양천구,신월1동,서울특별시 양천구 신월1동
양천구,신월동,이형원앙,신월1동,양천구,신월4동,서울특별시 양천구 신월4동
양천구,신월동,장수마을,신월1동,양천구,신월2동,서울특별시 양천구 신월2동
양천구,신월동,장수마을2단지동원데쟈뷰,신월1동,양천구,신월2동,서울특별시 양천구 신월2동
양천구,신월동,정원,신월1동,양천구,신월1동,서울특별시 양천구 신월1동
양천구,신월동,정은스카이빌(1044),신월1동,양천구,신월4동,서울특별시 양천구 신월4동
양천구,신월동,정은스카이빌2차,신월1동,양천구,신월4동,서울특별시 양천구 신월4동
양천구,신월동,제일캐슬,신월1동,양천구,신월2동,서울특별시 양천구 신월2동
양천구,신월동,조광,신월1동,양천구,신월6동,서울특별시 양천구 신월6동
양천구,신월동,주남헤븐107동,신월1동,양천구,신월1동,서울특별시 양천구 신월1동
양천구,신월동,주함헤븐101동,신월1동,양천구,신월1동,서울특별시 양천구 신월1동
양천구,신월동,주함헤븐102동,신월1동,양천구,신월1동,서울특별시 양천구 신월1동
양천구,신월동,주함헤븐103동,신월1동,양천구,신월1동,서울특별시 양천구 신월1동
양천구,신월동,주함헤븐105동,신월1동,양천구,신월1동,서울특별시 양천구 신월1동
양천구,신월동,주함헤븐106동,신월1동,양천구,신월1동,서울특별시 양천구 신월1동
양천구,신월동,중흥,신월1동,양천구,신월2동,서울특별시 양천구 신월2동
양천구,신월동,청남,신월1동,양천구,신월5동,서울특별시 양천구 신월5동
양천구,신월동,청성넥스빌,신월1동,양천구,신월4동,서울특별시 양천구 신월4동
양천구,신월동,청솔,신월1동,양천구,신월2동,서울특별시 양천구 신월2동
양천구,신월동,청송그린힐,신월1동,양천구,신월7동,서울특별시 양천구 신월7동
양천구,신월동,청정,신월1동,양천구,신월2동,서울특별시 양천구 신월2동
양천구,신월동,코아루1단지,신월1동,양천구,신월3동,서울특별시 양천구 신월3동
양천구,신월동,코아루2단지,신월1동,양천구,신월3동,서울특별시 양천구 신월3동
양천구,신월동,타워빌,신월1동,양천구,신월5동,서울특별시 양천구 신월5동
양천구,신월동,탑건위너빌,신월1동,양천구,신월4동,서울특별시 양천구 신월4동
양천구,신월동,탑건위너스빌,신월1동,양천구,신월1동,서울특별시 양천구 신월1동
양천구,신월동,탑건진선미,신월1동,양천구,신월5동,서울특별시 양천구 신월5동
양천구,신월동,태산,신월1동,양천구,신월1동,서울특별시 양천구 신월1동
양천구,신월동,태진,신월1동,양천구,신월2동,서울특별시 양천구 신월2동
양천구,신월동,태헌(신월프라자),신월1동,양천구,신월1동,서울특별시 양천구 신월1동
양천구,신월동,태형,신월1동,양천구,신월1동,서울특별시 양천구 신월1동
양천구,신월동,한우리(101동),신월1동,양천구,신월2동,서울특별시 양천구 신월2동
양천구,신월동,한우리아파트,신월1동,양천구,신월2동,서울특별시 양천구 신월2동
양천구,신월동,해주,신월1동,양천구,신월1동,서울특별시 양천구 신월1동
양천구,신월동,해태,신월1동,양천구,신월4동,서울특별시 양천구 신월4동
양천구,신월동,행복한세상,신월1동,양천구,신월5동,서울특별시 양천구 신월5동
양천구,신월동,호성파크1,신월1동,양천구,신월1동,서울특별시 양천구 신월1동
양천구,신월동,홍익아파트,신월1동,양천구,신월2동,서울특별시 양천구 신월2동
양천구,신월동,훼미리,신월1동,양천구,신월3동,서울특별시 양천구 신월3동
양천구,신월동,훼미리주상복합,신월1동,양천구,신월3동,서울특별시 양천구 신월3동
양천구,신월동,흥양훼미리,신월1동,강서구,화곡8동,서울특별시 강서구 화곡8동
양천구,신월동,흥인아이젠,신월1동,양천구,신월6동,서울특별시 양천구 신월6동
양천구,신정동,SM엘루이아파트,신정1동,양천구,신정1동,서울특별시 양천구 신정1동
양천구,신정동,건영,신정1동,양천구,신정4동,서울특별시 양천구 신정4동
양천구,신정동,경남아너스빌,신정1동,양천구,신정2동,서울특별시 양천구 신정2동
양천구,신정동,길훈로즈빌,신정1동,양천구,신정2동,서울특별시 양천구 신정2동
양천구,신정동,까치마을,신정1동,양천구,신정3동,서울특별시 양천구 신정3동
양천구,신정동,남광,신정1동,양천구,신정4동,서울특별시 양천구 신정4동
양천구,신정동,뉴목동,신정1동,양천구,신정1동,서울특별시 양천구 신정1동
양천구,신정동,뉴타운,신정1동,양천구,신정4동,서울특별시 양천구 신정4동
양천구,신정동,대림,신정1동,양천구,신정7동,서울특별시 양천구 신정7동
양천구,신정동,대림e-편한세상,신정1동,양천구,신정3동,서울특별시 양천구 신정3동
양천구,신정동,대림아크로빌,신정1동,양천구,신정7동,서울특별시 양천구 신정7동
양천구,신정동,대성유니드1차,신정1동,양천구,신정3동,서울특별시 양천구 신정3동
양천구,신정동,대성유니드2차,신정1동,양천구,신정3동,서울특별시 양천구 신정3동
양천구,신정동,동국화이트빌A동,신정1동,양천구,신정4동,서울특별시 양천구 신정4동
양천구,신정동,동국화이트빌B동,신정1동,양천구,신정4동,서울특별시 양천구 신정4동
양천구,신정동,동림,신정1동,양천구,신정1동,서울특별시 양천구 신정1동
양천구,신정동,동문굿모닝탑,신정1동,양천구,신정7동,서울특별시 양천구 신정7동
양천구,신정동,동양부로미(926-4),신정1동,양천구,신정2동,서울특별시 양천구 신정2동
양천구,신정동,동원데쟈뷰,신정1동,양천구,신정4동,서울특별시 양천구 신정4동
양천구,신정동,동원로데오,신정1동,양천구,신정4동,서울특별시 양천구 신정4동
양천구,신정동,동일아파트,신정1동,양천구,신정4동,서울특별시 양천구 신정4동
양천구,신정동,동일하이빌1단지,신정1동,양천구,신정3동,서울특별시 양천구 신정3동
양천구,신정동,동일하이빌2단지,신정1동,양천구,신정3동,서울특별시 양천구 신정3동
양천구,신정동,래미안목동아델리체(101동~118동),신정1동,양천구,신정3동,서울특별시 양천구 신정3동
양천구,신정동,래미안목동아델리체(119동~123동),신정1동,양천구,신정3동,서울특별시 양천구 신정3동
양천구,신정동,럭키,신정1동,양천구,신정4동,서울특별시 양천구 신정4동
양천구,신정동,로데오휘버스빌,신정1동,양천구,신정1동,서울특별시 양천구 신정1동
양천구,신정동,로마아트빌,신정1동,양천구,신정3동,서울특별시 양천구 신정3동
양천구,신정동,롯데캐슬,신정1동,양천구,신정2동,서울특별시 양천구 신정2동
양천구,신정동,리치펠리스,신정1동,양천구,신정4동,서울특별시 양천구 신정4동
양천구,신정동,마이홈,신정1동,양천구,신정3동,서울특별시 양천구 신정3동
양천구,신정동,명지해드는터,신정1동,양천구,신정2동,서울특별시 양천구 신정2동
양천구,신정동,목동2삼성래미안,신정1동,양천구,신정3동,서울특별시 양천구 신정3동
양천구,신정동,목동경동미르웰,신정1동,양천구,신정1동,서울특별시 양천구 신정1동
양천구,신정동,목동그린빌라트,신정1동,양천구,신정2동,서울특별시 양천구 신정2동
양천구,신정동,목동동보,신정1동,양천구,목3동,서울특별시 양천구 목3동
양천구,신정동,목동무지개,신정1동,양천구,신정4동,서울특별시 양천구 신정4동
양천구,신정동,목동삼성,신정1동,양천구,신정2동,서울특별시 양천구 신정2동
양천구,신정동,목동삼성쉐르빌Ⅱ,신정1동,양천구,신정6동,서울특별시 양천구 신정6동
양천구,신정동,목동신세계아파트,신정1동,양천구,신정2동,서울특별시 양천구 신정2동
양천구,신정동,목동신시가지10,신정1동,양천구,신정1동,서울특별시 양천구 신정1동
양천구,신정동,목동신시가지11,신정1동,양천구,신정7동,서울특별시 양천구 신정7동
양천구,신정동,목동신시가지12,신정1동,양천구,신정7동,서울특별시 양천구 신정7동
양천구,신정동,목동신시가지13,신정1동,양천구,신정6동,서울특별시 양천구 신정6동
양천구,신정동,목동신시가지14,신정1동,양천구,신정6동,서울특별시 양천구 신정6동
양천구,신정동,목동신시가지8,신정1동,양천구,신정6동,서울특별시 양천구 신정6동
양천구,신정동,목동신시가지9,신정1동,양천구,신정1동,서울특별시 양천구 신정1동
양천구,신정동,목동우성2,신정1동,양천구,신정7동,서울특별시 양천구 신정7동
양천구,신정동,목동우성3,신정1동,양천구,신정7동,서울특별시 양천구 신정7동
양천구,신정동,목동캐슬아파트,신정1동,양천구,신정2동,서울특별시 양천구 신정2동
양천구,신정동,목동파크자이(101동~108동),신정1동,양천구,신정7동,서울특별시 양천구 신정7동
양천구,신정동,목동해오름101동,신정1동,양천구,신정6동,서울특별시 양천구 신정6동
양천구,신정동,목동해오름102동,신정1동,양천구,신정6동,서울특별시 양천구 신정6동
양천구,신정동,목동해오름103동,신정1동,양천구,신정6동,서울특별시 양천구 신정6동
양천구,신정동,목동현대3차,신정1동,양천구,신정2동,서울특별시 양천구 신정2동
양천구,신정동,목동휘버스,신정1동,양천구,목4동,서울특별시 양천구 목4동
양천구,신정동,목동힐스테이트,신정1동,양천구,신정1동,서울특별시 양천구 신정1동
양천구,신정동,미광,신정1동,양천구,신정4동,서울특별시 양천구 신정4동
양천구,신정동,밀레스트,신정1동,양천구,신정4동,서울특별시 양천구 신정4동
양천구,신정동,보람쉬움,신정1동,양천구,신정4동,서울특별시 양천구 신정4동
양천구,신정동,보성제이드,신정1동,양천구,신정4동,서울특별시 양천구 신정4동
양천구,신정동,보성주상복합,신정1동,양천구,신정4동,서울특별시 양천구 신정4동
양천구,신정동,블레스빌,신정1동,양천구,신정2동,서울특별시 양천구 신정2동
양천구,신정동,삼백훼미리,신정1동,강서구,화곡1동,서울특별시 강서구 화곡1동
양천구,신정동,삼성,신정1동,양천구,신정3동,서울특별시 양천구 신정3동
양천구,신정동,삼성쉐르빌,신정1동,양천구,신정4동,서울특별시 양천구 신정4동
양천구,신정동,삼천리,신정1동,양천구,신정1동,서울특별시 양천구 신정1동
양천구,신정동,상진,신정1동,양천구,신정1동,서울특별시 양천구 신정1동
양천구,신정동,성재세인트,신정1동,양천구,신정4동,서울특별시 양천구 신정4동
양천구,신정동,세양청마루,신정1동,양천구,신정7동,서울특별시 양천구 신정7동
양천구,신정동,세양청마루2차주상복합,신정1동,양천구,신정7동,서울특별시 양천구 신정7동
양천구,신정동,수정,신정1동,양천구,신정3동,서울특별시 양천구 신정3동
양천구,신정동,신세계하이츠,신정1동,양천구,신정4동,서울특별시 양천구 신정4동
양천구,신정동,신이모닝빌,신정1동,양천구,신정4동,서울특별시 양천구 신정4동
양천구,신정동,신일해피트리,신정1동,양천구,신정3동,서울특별시 양천구 신정3동
양천구,신정동,신정6현대,신정1동,양천구,신정1동,서울특별시 양천구 신정1동
양천구,신정동,신정그랑프리,신정1동,양천구,신정3동,서울특별시 양천구 신정3동
양천구,신정동,신정동경남아너스빌2차,신정1동,양천구,신정2동,서울특별시 양천구 신정2동
양천구,신정동,신정동로마,신정1동,양천구,신정4동,서울특별시 양천구 신정4동
양천구,신정동,신정숲속마을,신정1동,양천구,신정3동,서울특별시 양천구 신정3동
양천구,신정동,신정현대5,신정1동,양천구,신정3동,서울특별시 양천구 신정3동
양천구,신정동,신트리1,신정1동,양천구,신정3동,서울특별시 양천구 신정3동
양천구,신정동,신트리3,신정1동,양천구,신정3동,서울특별시 양천구 신정3동
양천구,신정동,신트리4,신정1동,양천구,신정3동,서울특별시 양천구 신정3동
양천구,신정동,신호,신정1동,양천구,신정4동,서울특별시 양천구 신정4동
양천구,신정동,심미,신정1동,양천구,신정4동,서울특별시 양천구 신정4동
양천구,신정동,심미에셈빌,신정1동,양천구,신정4동,서울특별시 양천구 신정4동
양천구,신정동,쌍용,신정1동,양천구,신정2동,서울특별시 양천구 신정2동
양천구,신정동,아이파크,신정1동,양천구,신정2동,서울특별시 양천구 신정2동
양천구,신정동,영림,신정1동,양천구,신정4동,서울특별시 양천구 신정4동
양천구,신정동,예지보금자리(101동),신정1동,양천구,신정4동,서울특별시 양천구 신정4동
양천구,신정동,예지보금자리(102동),신정1동,양천구,신정4동,서울특별시 양천구 신정4동
양천구,신정동,예지아파트,신정1동,양천구,신정4동,서울특별시 양천구 신정4동
양천구,신정동,예지팰리스50차,신정1동,양천구,신정1동,서울특별시 양천구 신정1동
양천구,신정동,유원목동,신정1동,양천구,신정2동,서울특별시 양천구 신정2동
양천구,신정동,은행,신정1동,양천구,신정4동,서울특별시 양천구 신정4동
양천구,신정동,이스타팰리스,신정1동,양천구,신정4동,서울특별시 양천구 신정4동
양천구,신정동,이연에버리치,신정1동,양천구,신정4동,서울특별시 양천구 신정4동
양천구,신정동,이지라이프,신정1동,양천구,신정4동,서울특별시 양천구 신정4동
양천구,신정동,이펜하우스1단지,신정1동,양천구,신정3동,서울특별시 양천구 신정3동
양천구,신정동,이펜하우스2단지,신정1동,양천구,신정3동,서울특별시 양천구 신정3동
양천구,신정동,이펜하우스3단지,신정1동,양천구,신정3동,서울특별시 양천구 신정3동
양천구,신정동,이펜하우스4단지,신정1동,양천구,신정3동,서울특별시 양천구 신정3동
양천구,신정동,이펜하우스5단지,신정1동,양천구,신정3동,서울특별시 양천구 신정3동
양천구,신정동,일진아이윌,신정1동,양천구,신정3동,서울특별시 양천구 신정3동
양천구,신정동,자성,신정1동,양천구,신정3동,서울특별시 양천구 신정3동
양천구,신정동,장미,신정1동,양천구,신정4동,서울특별시 양천구 신정4동
양천구,신정동,정은SKY빌,신정1동,양천구,신정3동,서울특별시 양천구 신정3동
양천구,신정동,정은스카이빌2차,신정1동,양천구,신월4동,서울특별시 양천구 신월4동
양천구,신정동,정은스카이빌3차,신정1동,양천구,신정3동,서울특별시 양천구 신정3동
양천구,신정동,제이월드,신정1동,양천구,신정1동,서울특별시 양천구 신정1동
양천구,신정동,제이클래스목동주상복합,신정1동,양천구,신정4동,서울특별시 양천구 신정4동
양천구,신정동,제일에비앙101동,신정1동,양천구,신정4동,서울특별시 양천구 신정4동
양천구,신정동,제일에비앙102동,신정1동,양천구,신정4동,서울특별시 양천구 신정4동
양천구,신정동,주건드림빌,신정1동,양천구,신정4동,서울특별시 양천구 신정4동
양천구,신정동,주안펌니스아파트,신정1동,양천구,신정4동,서울특별시 양천구 신정4동
양천구,신정동,중앙하이츠,신정1동,양천구,신정7동,서울특별시 양천구 신정7동
양천구,신정동,중앙하이츠목동펠리시티,신정1동,양천구,신정4동,서울특별시 양천구 신정4동
양천구,신정동,지오프레저101동,신정1동,양천구,신정4동,서울특별시 양천구 신정4동
양천구,신정동,지오프레저102동,신정1동,양천구,신정4동,서울특별시 양천구 신정4동
양천구,신정동,진명,신정1동,양천구,신정4동,서울특별시 양천구 신정4동
양천구,신정동,청구,신정1동,양천구,신정2동,서울특별시 양천구 신정2동
양천구,신정동,청우,신정1동,양천구,신정4동,서울특별시 양천구 신정4동
양천구,신정동,청원,신정1동,양천구,신정4동,서울특별시 양천구 신정4동
양천구,신정동,청자,신정1동,양천구,신정4동,서울특별시 양천구 신정4동
양천구,신정동,춘당아네시스,신정1동,양천구,신정4동,서울특별시 양천구 신정4동
양천구,신정동,태경아파트,신정1동,양천구,신정4동,서울특별시 양천구 신정4동
양천구,신정동,태영데시앙,신정1동,양천구,신정3동,서울특별시 양천구 신정3동
양천구,신정동,태화상가빌라트,신정1동,양천구,신정1동,서울특별시 양천구 신정1동
양천구,신정동,파인빌,신정1동,양천구,신정2동,서울특별시 양천구 신정2동
양천구,신정동,팰리스필,신정1동,양천구,신정4동,서울특별시 양천구 신정4동
양천구,신정동,푸른마을2,신정1동,양천구,신정3동,서울특별시 양천구 신정3동
양천구,신정동,푸른마을3,신정1동,양천구,신정3동,서울특별시 양천구 신정3동
양천구,신정동,푸른마을4,신정1동,양천구,신정3동,서울특별시 양천구 신정3동
양천구,신정동,푸른힐,신정1동,양천구,신정4동,서울특별시 양천구 신정4동
양천구,신정동,프리우스,신정1동,양천구,신정2동,서울특별시 양천구 신정2동
양천구,신정동,학마을1단지,신정1동,양천구,신정3동,서울특별시 양천구 신정3동
양천구,신정동,해풍,신정1동,양천구,신정4동,서울특별시 양천구 신정4동
양천구,신정동,헤브론,신정1동,양천구,신정4동,서울특별시 양천구 신정4동
양천구,신정동,현대,신정1동,양천구,신정4동,서울특별시 양천구 신정4동
양천구,신정동,현대힐타운,신정1동,양천구,신정4동,서울특별시 양천구 신정4동
양천구,신정동,호반써밋목동,신정1동,양천구,신정3동,서울특별시 양천구 신정3동
양천구,신정동,흥영,신정1동,양천구,신정4동,서울특별시 양천구 신정4동
양천구,신정동,힐탑이루미,신정1동,양천구,신정4동,서울특별시 양천구 신정4동
영등포구,당산동,THESILK,당산1동,영등포구,양평2동,서울특별시 영등포구 양평2동
영등포구,당산동,강변래미안,당산1동,영등포구,당산2동,서울특별시 영등포구 당산2동
영등포구,당산동,강변한솔그라치아,당산1동,영등포구,당산2동,서울특별시 영등포구 당산2동
영등포구,당산동,계명,당산1동,영등포구,당산2동,서울특별시 영등포구 당산2동
영등포구,당산동,대우,당산1동,영등포구,당산2동,서울특별시 영등포구 당산2동
영등포구,당산동,드림리버빌,당산1동,영등포구,당산2동,서울특별시 영등포구 당산2동
영등포구,당산동,드림시드,당산1동,영등포구,당산2동,서울특별시 영등포구 당산2동
영등포구,당산동,래미안당산1차,당산1동,영등포구,당산2동,서울특별시 영등포구 당산2동
영등포구,당산동,리버뷰,당산1동,영등포구,당산2동,서울특별시 영등포구 당산2동
영등포구,당산동,성재I캐슬2차,당산1동,영등포구,당산2동,서울특별시 영등포구 당산2동
영등포구,당산동,성재아이캐슬,당산1동,영등포구,당산2동,서울특별시 영등포구 당산2동
영등포구,당산동,칸리버팰리스,당산1동,영등포구,당산2동,서울특별시 영등포구 당산2동
영등포구,당산동,훼미리하우스138,당산1동,영등포구,당산2동,서울특별시 영등포구 당산2동
영등포구,당산동,휴브리지빌딩,당산1동,영등포구,당산2동,서울특별시 영등포구 당산2동
영등포구,당산동1가,신동아파밀리에,당산1동,영등포구,당산1동,서울특별시 영등포구 당산1동
영등포구,당산동1가,진로,당산1동,영등포구,당산1동,서울특별시 영등포구 당산1동
영등포구,당산동1가,코오롱,당산1동,영등포구,당산1동,서울특별시 영등포구 당산1동
영등포구,당산동2가,당산2가현대홈타운,당산1동,영등포구,당산1동,서울특별시 영등포구 당산1동
영등포구,당산동2가,당산대우,당산1동,영등포구,당산1동,서울특별시 영등포구 당산1동
영등포구,당산동3가,당산계룡리슈빌1단지,당산1동,영등포구,당산1동,서울특별시 영등포구 당산1동
영등포구,당산동3가,당산계룡리슈빌2단지,당산1동,영등포구,당산1동,서울특별시 영등포구 당산1동
영등포구,당산동3가,당산계룡리슈빌3단지,당산1동,영등포구,당산1동,서울특별시 영등포구 당산1동
영등포구,당산동3가,당산어울림2차,당산1동,영등포구,당산1동,서울특별시 영등포구 당산1동
영등포구,당산동3가,당산한양,당산1동,영등포구,당산1동,서울특별시 영등포구 당산1동
영등포구,당산동3가,동부센트레빌,당산1동,영등포구,당산1동,서울특별시 영등포구 당산1동
영등포구,당산동3가,삼익,당산1동,영등포구,당산1동,서울특별시 영등포구 당산1동
영등포구,당산동3가,쌍용예가클래식,당산1동,영등포구,당산1동,서울특별시 영등포구 당산1동
영등포구,당산동4가,당산금호어울림,당산1동,영등포구,당산2동,서울특별시 영등포구 당산2동
영등포구,당산동4가,당산롯데캐슬프레스티지,당산1동,영등포구,당산2동,서울특별시 영등포구 당산2동
영등포구,당산동4가,당산반도유보라팰리스,당산1동,영등포구,당산2동,서울특별시 영등포구 당산2동
영등포구,당산동4가,당산삼성2차,당산1동,영등포구,당산2동,서울특별시 영등포구 당산2동
영등포구,당산동4가,당산현대3차,당산1동,영등포구,당산2동,서울특별시 영등포구 당산2동
영등포구,당산동4가,당산현대5차,당산1동,영등포구,당산2동,서울특별시 영등포구 당산2동
영등포구,당산동4가,브라운스톤당산,당산1동,영등포구,당산2동,서울특별시 영등포구 당산2동
영등포구,당산동4가,삼익플라주,당산1동,영등포구,당산2동,서울특별시 영등포구 당산2동
영등포구,당산동4가,유원제일,당산1동,영등포구,당산2동,서울특별시 영등포구 당산2동
영등포구,당산동4가,한강아파트,당산1동,영등포구,당산2동,서울특별시 영등포구 당산2동
영등포구,당산동4가,현대2,당산1동,영등포구,당산1동,서울특별시 영등포구 당산1동
영등포구,당산동5가,당산디오빌,당산1동,영등포구,당산2동,서울특별시 영등포구 당산2동
영등포구,당산동5가,당산삼성래미안4차,당산1동,영등포구,당산2동,서울특별시 영등포구 당산2동
영등포구,당산동5가,당산센트럴아이파크,당산1동,영등포구,당산2동,서울특별시 영등포구 당산2동
영등포구,당산동5가,당산효성1차,당산1동,영등포구,당산2동,서울특별시 영등포구 당산2동
영등포구,당산동5가,당산효성타운2차,당산1동,영등포구,당산2동,서울특별시 영등포구 당산2동
영등포구,당산동5가,반도유보라,당산1동,영등포구,당산2동,서울특별시 영등포구 당산2동
영등포구,당산동5가,성원,당산1동,영등포구,당산2동,서울특별시 영등포구 당산2동
영등포구,당산동5가,유원제일2차,당산1동,영등포구,당산2동,서울특별시 영등포구 당산2동
영등포구,당산동6가,유탑유블레스,당산1동,영등포구,당산2동,서울특별시 영등포구 당산2동
영등포구,대림동,(1101-1),대림1동,영등포구,대림2동,서울특별시 영등포구 대림2동
영등포구,대림동,G밸리소홈,대림1동,영등포구,대림2동,서울특별시 영등포구 대림2동
영등포구,대림동,e편한세상영등포아델포레,대림1동,영등포구,대림1동,서울특별시 영등포구 대림1동
영등포구,대림동,늘푸른,대림1동,영등포구,대림1동,서울특별시 영등포구 대림1동
영등포구,대림동,다청림1동,대림1동,영등포구,대림3동,서울특별시 영등포구 대림3동
영등포구,대림동,다청림2동,대림1동,영등포구,대림3동,서울특별시 영등포구 대림3동
영등포구,대림동,대림동갑을명가아파트,대림1동,영등포구,대림1동,서울특별시 영등포구 대림1동
영등포구,대림동,대림현대,대림1동,영등포구,대림1동,서울특별시 영등포구 대림1동
영등포구,대림동,무림,대림1동,영등포구,대림2동,서울특별시 영등포구 대림2동
영등포구,대림동,문영칸타빌레,대림1동,영등포구,대림2동,서울특별시 영등포구 대림2동
영등포구,대림동,보라매 신동아 파밀리에,대림1동,영등포구,대림1동,서울특별시 영등포구 대림1동
영등포구,대림동,삼화에코빌1차,대림1동,영등포구,대림3동,서울특별시 영등포구 대림3동
영등포구,대림동,성락,대림1동,영등포구,대림3동,서울특별시 영등포구 대림3동
영등포구,대림동,성원(1115-1),대림1동,영등포구,대림3동,서울특별시 영등포구 대림3동
영등포구,대림동,성원(650),대림1동,영등포구,대림3동,서울특별시 영등포구 대림3동
영등포구,대림동,신대림신동아파밀리에,대림1동,영등포구,대림1동,서울특별시 영등포구 대림1동
영등포구,대림동,신대림자이1단지,대림1동,영등포구,대림2동,서울특별시 영등포구 대림2동
영등포구,대림동,신대림자이2단지,대림1동,영등포구,대림2동,서울특별시 영등포구 대림2동
영등포구,대림동,신동아,대림1동,영등포구,대림3동,서울특별시 영등포구 대림3동
영등포구,대림동,쌍용플래티넘S,대림1동,영등포구,대림3동,서울특별시 영등포구 대림3동
영등포구,대림동,영등포자이르네,대림1동,영등포구,대림2동,서울특별시 영등포구 대림2동
영등포구,대림동,온누리,대림1동,영등포구,대림1동,서울특별시 영등포구 대림1동
영등포구,대림동,우성1,대림1동,영등포구,대림3동,서울특별시 영등포구 대림3동
영등포구,대림동,우성2,대림1동,영등포구,대림3동,서울특별시 영등포구 대림3동
영등포구,대림동,종인아네스트,대림1동,영등포구,대림3동,서울특별시 영등포구 대림3동
영등포구,대림동,코오롱,대림1동,영등포구,대림3동,서울특별시 영등포구 대림3동
영등포구,대림동,한솔솔파크,대림1동,영등포구,대림2동,서울특별시 영등포구 대림2동
영등포구,대림동,한신휴1차,대림1동,구로구,구로3동,서울특별시 구로구 구로3동
영등포구,대림동,한신휴2차,대림1동,영등포구,대림1동,서울특별시 영등포구 대림1동
영등포구,대림동,현대1,대림1동,영등포구,대림3동,서울특별시 영등포구 대림3동
영등포구,대림동,현대2,대림1동,영등포구,대림3동,서울특별시 영등포구 대림3동
영등포구,대림동,현대3차,대림1동,영등포구,대림3동,서울특별시 영등포구 대림3동
영등포구,도림동,그린나래,도림동,영등포구,도림동,서울특별시 영등포구 도림동
영등포구,도림동,도림청구,도림동,영등포구,도림동,서울특별시 영등포구 도림동
영등포구,도림동,동아에코빌,도림동,영등포구,도림동,서울특별시 영등포구 도림동
영등포구,도림동,영등포아트자이,도림동,영등포구,도림동,서울특별시 영등포구 도림동
영등포구,도림동,정호샤인빌,도림동,영등포구,도림동,서울특별시 영등포구 도림동
영등포구,도림동,한라,도림동,영등포구,도림동,서울특별시 영등포구 도림동
영등포구,문래동2가,남성,문래동,영등포구,문래동,서울특별시 영등포구 문래동
영등포구,문래동3가,국화맨션,문래동,영등포구,문래동,서울특별시 영등포구 문래동
영등포구,문래동3가,문래건영,문래동,영등포구,문래동,서울특별시 영등포구 문래동
영등포구,문래동3가,문래공원한신,문래동,영등포구,문래동,서울특별시 영등포구 문래동
영등포구,문래동3가,문래금호어울림,문래동,영등포구,문래동,서울특별시 영등포구 문래동
영등포구,문래동3가,문래동원데자뷰,문래동,영등포구,문래동,서울특별시 영등포구 문래동
영등포구,문래동3가,문래우정,문래동,영등포구,문래동,서울특별시 영등포구 문래동
영등포구,문래동3가,문래자이,문래동,영등포구,문래동,서울특별시 영등포구 문래동
영등포구,문래동3가,문래해태,문래동,영등포구,문래동,서울특별시 영등포구 문래동
영등포구,문래동3가,문래힐스테이트,문래동,영등포구,문래동,서울특별시 영등포구 문래동
영등포구,문래동3가,예지팰리스77차,문래동,영등포구,문래동,서울특별시 영등포구 문래동
영등포구,문래동3가,태영데시앙,문래동,영등포구,문래동,서울특별시 영등포구 문래동
영등포구,문래동4가,리버뷰신안인스빌1단지,문래동,영등포구,문래동,서울특별시 영등포구 문래동
영등포구,문래동4가,리버뷰신안인스빌2단지,문래동,영등포구,문래동,서울특별시 영등포구 문래동
영등포구,문래동4가,문래동삼환,문래동,영등포구,문래동,서울특별시 영등포구 문래동
영등포구,문래동5가,문래대림,문래동,영등포구,문래동,서울특별시 영등포구 문래동
영등포구,문래동5가,문래두산위브,문래동,영등포구,문래동,서울특별시 영등포구 문래동
영등포구,문래동5가,문래모아미래도,문래동,영등포구,문래동,서울특별시 영등포구 문래동
영등포구,문래동5가,문래현대5차,문래동,영등포구,문래동,서울특별시 영등포구 문래동
영등포구,문래동5가,진주맨션,문래동,영등포구,문래동,서울특별시 영등포구 문래동
영등포구,문래동5가,현대3차,문래동,영등포구,문래동,서울특별시 영등포구 문래동
영등포구,문래동6가,e편한세상 문래 에듀플라츠,문래동,영등포구,문래동,서울특별시 영등포구 문래동
영등포구,문래동6가,대원,문래동,영등포구,문래동,서울특별시 영등포구 문래동
영등포구,문래동6가,문래미원,문래동,영등포구,문래동,서울특별시 영등포구 문래동
영등포구,문래동6가,문래베어스타운,문래동,영등포구,문래동,서울특별시 영등포구 문래동
영등포구,문래동6가,미주프라자,문래동,영등포구,문래동,서울특별시 영등포구 문래동
영등포구,문래동6가,유원문래,문래동,영등포구,문래동,서울특별시 영등포구 문래동
영등포구,문래동6가,한신,문래동,영등포구,문래동,서울특별시 영등포구 문래동
영등포구,문래동6가,현대1차,문래동,영등포구,문래동,서울특별시 영등포구 문래동
영등포구,문래동6가,현대2차,문래동,영등포구,문래동,서울특별시 영등포구 문래동
영등포구,문래동6가,현대6차,문래동,영등포구,문래동,서울특별시 영등포구 문래동
영등포구,신길동,EL샤틀레,신길1동,영등포구,신길6동,서울특별시 영등포구 신길6동
영등포구,신길동,건영,신길1동,영등포구,신길3동,서울특별시 영등포구 신길3동
영등포구,신길동,경남,신길1동,영등포구,신길1동,서울특별시 영등포구 신길1동
영등포구,신길동,남서울,신길1동,영등포구,신길6동,서울특별시 영등포구 신길6동
영등포구,신길동,다울101동,신길1동,영등포구,신길1동,서울특별시 영등포구 신길1동
영등포구,신길동,다울103동,신길1동,영등포구,신길1동,서울특별시 영등포구 신길1동
영등포구,신길동,다울아파트102동,신길1동,영등포구,신길1동,서울특별시 영등포구 신길1동
영등포구,신길동,대방,신길1동,영등포구,신길7동,서울특별시 영등포구 신길7동
영등포구,신길동,대방전철,신길1동,영등포구,신길7동,서울특별시 영등포구 신길7동
영등포구,신길동,대성유니드,신길1동,영등포구,신길5동,서울특별시 영등포구 신길5동
영등포구,신길동,더샵파크프레스티지,신길1동,영등포구,신길1동,서울특별시 영등포구 신길1동
영등포구,신길동,동훈노보빌,신길1동,영등포구,신길6동,서울특별시 영등포구 신길6동
영등포구,신길동,래미안에스티움,신길1동,영등포구,신길7동,서울특별시 영등포구 신길7동
영등포구,신길동,래미안영등포프레비뉴,신길1동,영등포구,신길3동,서울특별시 영등포구 신길3동
영등포구,신길동,루나플라체,신길1동,영등포구,신길1동,서울특별시 영등포구 신길1동
영등포구,신길동,메트하임,신길1동,영등포구,신길6동,서울특별시 영등포구 신길6동
영등포구,신길동,보라매경남아너스빌,신길1동,영등포구,신길6동,서울특별시 영등포구 신길6동
영등포구,신길동,보라매길성그랑프리텔,신길1동,영등포구,신길6동,서울특별시 영등포구 신길6동
영등포구,신길동,보라매두산위브,신길1동,영등포구,신길6동,서울특별시 영등포구 신길6동
영등포구,신길동,보라매에스케이뷰,신길1동,영등포구,신길7동,서울특별시 영등포구 신길7동
영등포구,신길동,보라매정은벚꽃마을,신길1동,영등포구,신길6동,서울특별시 영등포구 신길6동
영등포구,신길동,삼두,신길1동,영등포구,신길1동,서울특별시 영등포구 신길1동
영등포구,신길동,삼성,신길1동,영등포구,신길3동,서울특별시 영등포구 신길3동
영등포구,신길동,삼성래미안,신길1동,영등포구,신길4동,서울특별시 영등포구 신길4동
영등포구,신길동,삼환,신길1동,영등포구,신길1동,서울특별시 영등포구 신길1동
영등포구,신길동,선원가와인,신길1동,영등포구,영등포본동,서울특별시 영등포구 영등포본동
영등포구,신길동,슈와이,신길1동,영등포구,신길5동,서울특별시 영등포구 신길5동
영등포구,신길동,시원트레벨,신길1동,영등포구,신길6동,서울특별시 영등포구 신길6동
영등포구,신길동,신기목련아파트,신길1동,영등포구,신길1동,서울특별시 영등포구 신길1동
영등포구,신길동,신길AK푸르지오,신길1동,영등포구,신길3동,서울특별시 영등포구 신길3동
영등포구,신길동,신길레전드힐스,신길1동,영등포구,신길3동,서울특별시 영등포구 신길3동
영등포구,신길동,신길센트럴아이파크,신길1동,영등포구,신길5동,서울특별시 영등포구 신길5동
영등포구,신길동,신길센트럴자이아파트,신길1동,영등포구,신길5동,서울특별시 영등포구 신길5동
영등포구,신길동,신길자이,신길1동,영등포구,신길5동,서울특별시 영등포구 신길5동
영등포구,신길동,신길파크자이,신길1동,영등포구,신길6동,서울특별시 영등포구 신길6동
영등포구,신길동,신미,신길1동,영등포구,신길5동,서울특별시 영등포구 신길5동
영등포구,신길동,신풍두산위브,신길1동,영등포구,신길5동,서울특별시 영등포구 신길5동
영등포구,신길동,여의,신길1동,영등포구,신길1동,서울특별시 영등포구 신길1동
영등포구,신길동,여의도리버뷰,신길1동,영등포구,신길1동,서울특별시 영등포구 신길1동
영등포구,신길동,우성1,신길1동,영등포구,영등포본동,서울특별시 영등포구 영등포본동
영등포구,신길동,우성2,신길1동,영등포구,신길6동,서울특별시 영등포구 신길6동
영등포구,신길동,우성3,신길1동,영등포구,신길3동,서울특별시 영등포구 신길3동
영등포구,신길동,우성4,신길1동,영등포구,신길6동,서울특별시 영등포구 신길6동
영등포구,신길동,우성5,신길1동,영등포구,신길3동,서울특별시 영등포구 신길3동
영등포구,신길동,우창,신길1동,영등포구,신길6동,서울특별시 영등포구 신길6동
영등포구,신길동,제일골드타워,신길1동,영등포구,신길6동,서울특별시 영등포구 신길6동
영등포구,신길동,포레나 신길,신길1동,영등포구,신길5동,서울특별시 영등포구 신길5동
영등포구,신길동,프리가,신길1동,영등포구,신길1동,서울특별시 영등포구 신길1동
영등포구,신길동,하늘애,신길1동,영등포구,신길7동,서울특별시 영등포구 신길7동
영등포구,신길동,한성,신길1동,영등포구,신길7동,서울특별시 영등포구 신길7동
영등포구,신길동,한양,신길1동,영등포구,신길6동,서울특별시 영등포구 신길6동
영등포구,신길동,힐스테이트클래시안,신길1동,영등포구,신길4동,서울특별시 영등포구 신길4동
영등포구,양평동1가,삼환,양평1동,영등포구,양평1동,서울특별시 영등포구 양평1동
영등포구,양평동1가,신동아,양평1동,영등포구,양평1동,서울특별시 영등포구 양평1동
영등포구,양평동1가,어반힐,양평1동,영등포구,양평1동,서울특별시 영등포구 양평1동
영등포구,양평동1가,영등포중흥에스클래스,양평1동,영등포구,양평1동,서울특별시 영등포구 양평1동
영등포구,양평동1가,이너스삼성,양평1동,영등포구,양평1동,서울특별시 영등포구 양평1동
영등포구,양평동1가,창건애드웰,양평1동,영등포구,양평1동,서울특별시 영등포구 양평1동
영등포구,양평동1가,한신공영,양평1동,영등포구,양평1동,서울특별시 영등포구 양평1동
영등포구,양평동2가,삼성래미안,양평1동,영등포구,양평1동,서울특별시 영등포구 양평1동
영등포구,양평동2가,상록수,양평1동,영등포구,양평1동,서울특별시 영등포구 양평1동
영등포구,양평동2가,양평,양평1동,영등포구,양평1동,서울특별시 영등포구 양평1동
영등포구,양평동2가,양평벽산블루밍,양평1동,영등포구,양평1동,서울특별시 영등포구 양평1동
영등포구,양평동2가,오목교벽산블루밍,양평1동,영등포구,양평1동,서울특별시 영등포구 양평1동
영등포구,양평동3가,거성파스텔,양평1동,영등포구,양평2동,서울특별시 영등포구 양평2동
영등포구,양평동3가,경남아너스빌,양평1동,영등포구,양평1동,서울특별시 영등포구 양평1동
영등포구,양평동3가,삼익플라주101동,양평1동,영등포구,양평2동,서울특별시 영등포구 양평2동
영등포구,양평동3가,삼익플라주201동,양평1동,영등포구,양평2동,서울특별시 영등포구 양평2동
영등포구,양평동3가,삼천리,양평1동,영등포구,양평1동,서울특별시 영등포구 양평1동
영등포구,양평동3가,삼호,양평1동,영등포구,양평1동,서울특별시 영등포구 양평1동
영등포구,양평동3가,양평역미소지움,양평1동,영등포구,양평1동,서울특별시 영등포구 양평1동
영등포구,양평동3가,양평현대6차,양평1동,영등포구,양평2동,서울특별시 영등포구 양평2동
영등포구,양평동3가,우림루미아트,양평1동,영등포구,양평1동,서울특별시 영등포구 양평1동
영등포구,양평동3가,월드메르디앙,양평1동,영등포구,양평1동,서울특별시 영등포구 양평1동
영등포구,양평동3가,태승훼밀리,양평1동,영등포구,양평1동,서울특별시 영등포구 양평1동
영등포구,양평동3가,현대2차,양평1동,영등포구,양평2동,서울특별시 영등포구 양평2동
영등포구,양평동3가,현대3차,양평1동,영등포구,양평2동,서울특별시 영등포구 양평2동
영등포구,양평동4가,경남아너스빌,양평1동,영등포구,양평2동,서울특별시 영등포구 양평2동
영등포구,양평동4가,계명,양평1동,영등포구,양평2동,서울특별시 영등포구 양평2동
영등포구,양평동4가,삼호한숲,양평1동,영등포구,양평2동,서울특별시 영등포구 양평2동
영등포구,양평동4가,성원,양평1동,영등포구,양평2동,서울특별시 영등포구 양평2동
영등포구,양평동4가,수성예술,양평1동,영등포구,양평2동,서울특별시 영등포구 양평2동
영등포구,양평동4가,약산,양평1동,영등포구,양평2동,서울특별시 영등포구 양평2동
영등포구,양평동4가,에이스리버티움,양평1동,영등포구,양평2동,서울특별시 영등포구 양평2동
영등포구,양평동5가,동보,양평1동,영등포구,양평2동,서울특별시 영등포구 양평2동
영등포구,양평동5가,양평한신,양평1동,영등포구,양평2동,서울특별시 영등포구 양평2동
영등포구,양평동6가,동양,양평1동,영등포구,양평2동,서울특별시 영등포구 양평2동
영등포구,양평동6가,리츠뷰,양평1동,영등포구,양평2동,서울특별시 영등포구 양평2동
영등포구,양평동6가,선유도삼성홈타운,양평1동,영등포구,양평2동,서울특별시 영등포구 양평2동
영등포구,양평동6가,한솔,양평1동,영등포구,양평2동,서울특별시 영등포구 양평2동
영등포구,여의도동,공작,여의동,영등포구,여의동,서울특별시 영등포구 여의동
영등포구,여의도동,광장,여의동,영등포구,여의동,서울특별시 영등포구 여의동
영등포구,여의도동,"광장(1,2동)",여의동,영등포구,여의동,서울특별시 영등포구 여의동
영등포구,여의도동,대교,여의동,영등포구,여의동,서울특별시 영등포구 여의동
영등포구,여의도동,대우트럼프월드II,여의동,영등포구,여의동,서울특별시 영등포구 여의동
영등포구,여의도동,대우트럼프월드Ⅰ,여의동,영등포구,여의동,서울특별시 영등포구 여의동
영등포구,여의도동,라이프콤비,여의동,영등포구,여의동,서울특별시 영등포구 여의동
영등포구,여의도동,롯데캐슬아이비,여의동,영등포구,여의동,서울특별시 영등포구 여의동
영등포구,여의도동,롯데캐슬엠파이어,여의동,영등포구,여의동,서울특별시 영등포구 여의동
영등포구,여의도동,리버타워,여의동,영등포구,여의동,서울특별시 영등포구 여의동
영등포구,여의도동,리첸시아,여의동,영등포구,여의동,서울특별시 영등포구 여의동
영등포구,여의도동,목화,여의동,영등포구,여의동,서울특별시 영등포구 여의동
영등포구,여의도동,미성,여의동,영등포구,여의동,서울특별시 영등포구 여의동
영등포구,여의도동,브라이튼여의도,여의동,영등포구,여의동,서울특별시 영등포구 여의동
영등포구,여의도동,삼부,여의동,영등포구,여의동,서울특별시 영등포구 여의동
영등포구,여의도동,삼익,여의동,영등포구,여의동,서울특별시 영등포구 여의동
영등포구,여의도동,서울,여의동,영등포구,여의동,서울특별시 영등포구 여의동
영등포구,여의도동,수정,여의동,영등포구,여의동,서울특별시 영등포구 여의동
영등포구,여의도동,순복음(초원),여의동,영등포구,여의동,서울특별시 영등포구 여의동
영등포구,여의도동,시범,여의동,영등포구,여의동,서울특별시 영등포구 여의동
영등포구,여의도동,여의도자이,여의동,영등포구,여의동,서울특별시 영등포구 여의동
영등포구,여의도동,은하,여의동,영등포구,여의동,서울특별시 영등포구 여의동
영등포구,여의도동,장미,여의동,영등포구,여의동,서울특별시 영등포구 여의동
영등포구,여의도동,진주,여의동,영등포구,여의동,서울특별시 영등포구 여의동
영등포구,여의도동,한양,여의동,영등포구,여의동,서울특별시 영등포구 여의동
영등포구,여의도동,화랑,여의동,영등포구,여의동,서울특별시 영등포구 여의동
영등포구,영등포동,동도하이츠,영등포동,영등포구,영등포본동,서울특별시 영등포구 영등포본동
영등포구,영등포동,두산위브,영등포동,영등포구,영등포본동,서울특별시 영등포구 영등포본동
영등포구,영등포동,라르파크,영등포동,영등포구,영등포본동,서울특별시 영등포구 영등포본동
영등포구,영등포동,순영웰라이빌,영등포동,영등포구,영등포본동,서울특별시 영등포구 영등포본동
영등포구,영등포동,영등포푸르지오,영등포동,영등포구,영등포본동,서울특별시 영등포구 영등포본동
영등포구,영등포동,영일,영등포동,영등포구,영등포동,서울특별시 영등포구 영등포동
영등포구,영등포동1가,내이처해밀,영등포본동,영등포구,영등포동,서울특별시 영등포구 영등포동
영등포구,영등포동1가,스테이72여의도,영등포본동,영등포구,영등포동,서울특별시 영등포구 영등포동
영등포구,영등포동1가,여의도더리브스타일,영등포본동,영등포구,영등포동,서울특별시 영등포구 영등포동
영등포구,영등포동1가,여의도씨티아이,영등포본동,영등포구,영등포동,서울특별시 영등포구 영등포동
영등포구,영등포동1가,여의도의아침,영등포본동,영등포구,영등포동,서울특별시 영등포구 영등포동
영등포구,영등포동1가,여의도이튼브라운,영등포본동,영등포구,영등포동,서울특별시 영등포구 영등포동
영등포구,영등포동1가,지엘리베라움,영등포본동,영등포구,영등포동,서울특별시 영등포구 영등포동
영등포구,영등포동1가,창방누리애,영등포본동,영등포구,영등포동,서울특별시 영등포구 영등포동
영등포구,영등포동1가,헤렌어반,영등포본동,영등포구,영등포동,서울특별시 영등포구 영등포동
영등포구,영등포동2가,경동미르웰여의도,영등포본동,영등포구,영등포동,서울특별시 영등포구 영등포동
영등포구,영등포동2가,센트레빌아스테리움영등포아파트,영등포본동,영등포구,영등포동,서울특별시 영등포구 영등포동
영등포구,영등포동2가,여의도리미티오148,영등포본동,영등포구,영등포동,서울특별시 영등포구 영등포동
영등포구,영등포동2가,이지리움S,영등포본동,영등포구,영등포동,서울특별시 영등포구 영등포동
영등포구,영등포동2가,현대팰리스,영등포본동,영등포구,영등포동,서울특별시 영등포구 영등포동
영등포구,영등포동3가,포레스트힐시티,영등포본동,영등포구,영등포동,서울특별시 영등포구 영등포동
영등포구,영등포동4가,영등포그랑그루,영등포본동,영등포구,영등포동,서울특별시 영등포구 영등포동
영등포구,영등포동5가,동남,영등포본동,영등포구,영등포동,서울특별시 영등포구 영등포동
영등포구,영등포동5가,현대프라자,영등포본동,영등포구,영등포동,서울특별시 영등포구 영등포동
영등포구,영등포동7가,경남아너스빌,영등포본동,영등포구,영등포동,서울특별시 영등포구 영등포동
영등포구,영등포동7가,근상프리즘,영등포본동,영등포구,영등포동,서울특별시 영등포구 영등포동
영등포구,영등포동7가,리치,영등포본동,영등포구,영등포동,서울특별시 영등포구 영등포동
영등포구,영등포동7가,브라운스톤영등포,영등포본동,영등포구,영등포동,서울특별시 영등포구 영등포동
영등포구,영등포동7가,삼성,영등포본동,영등포구,영등포동,서울특별시 영등포구 영등포동
영등포구,영등포동7가,아크로타워스퀘어,영등포본동,영등포구,영등포동,서울특별시 영등포구 영등포동
영등포구,영등포동7가,여의휴젠느,영등포본동,영등포구,영등포동,서울특별시 영등포구 영등포동
영등포구,영등포동7가,포레나영등포센트럴,영등포본동,영등포구,영등포동,서울특별시 영등포구 영등포동
영등포구,영등포동7가,훼미리하우스117,영등포본동,영등포구,영등포동,서울특별시 영등포구 영등포동
영등포구,영등포동8가,당산푸르지오,영등포본동,영등포구,영등포동,서울특별시 영등포구 영등포동
영등포구,영등포동8가,리안펠리체,영등포본동,영등포구,영등포동,서울특별시 영등포구 영등포동
영등포구,영등포동8가,삼환,영등포본동,영등포구,영등포동,서울특별시 영등포구 영등포동
영등포구,영등포동8가,영등포메이준2011,영등포본동,영등포구,영등포동,서울특별시 영등포구 영등포동
용산구,갈월동,두리파크빌,남영동,용산구,남영동,서울특별시 용산구 남영동
용산구,갈월동,용산남영역롯데캐슬헤리티지,남영동,용산구,남영동,서울특별시 용산구 남영동
용산구,도원동,도원,용문동,용산구,용문동,서울특별시 용산구 용문동
용산구,도원동,삼성래미안,용문동,용산구,용문동,서울특별시 용산구 용문동
용산구,도원동,제일1,용문동,용산구,이태원2동,서울특별시 용산구 이태원2동
용산구,동빙고동,SOD빌,서빙고동,용산구,서빙고동,서울특별시 용산구 서빙고동
용산구,동빙고동,노블캐슬,서빙고동,용산구,서빙고동,서울특별시 용산구 서빙고동
용산구,동빙고동,리버힐에이동,서빙고동,용산구,서빙고동,서울특별시 용산구 서빙고동
용산구,동빙고동,파인힐빌,서빙고동,용산구,서빙고동,서울특별시 용산구 서빙고동
용산구,동빙고동,현대플라티앙2,서빙고동,용산구,서빙고동,서울특별시 용산구 서빙고동
용산구,동빙고동,현대플래티앙Ⅰ,서빙고동,용산구,서빙고동,서울특별시 용산구 서빙고동
용산구,동빙고동,힐하우스,서빙고동,용산구,이태원2동,서울특별시 용산구 이태원2동
용산구,동자동,동자,남영동,용산구,남영동,서울특별시 용산구 남영동
용산구,동자동,센트레빌아스테리움서울,남영동,용산구,남영동,서울특별시 용산구 남영동
용산구,문배동,CJ나인파크,원효로1동,용산구,원효로1동,서울특별시 용산구 원효로1동
용산구,문배동,G&P용산파크,원효로1동,용산구,원효로1동,서울특별시 용산구 원효로1동
용산구,문배동,리첸시아용산B,원효로1동,용산구,원효로1동,서울특별시 용산구 원효로1동
용산구,문배동,삼라마이다스빌2,원효로1동,용산구,원효로1동,서울특별시 용산구 원효로1동
용산구,문배동,아크로타워,원효로1동,용산구,원효로1동,서울특별시 용산구 원효로1동
용산구,문배동,용산KCC웰츠타워,원효로1동,용산구,원효로1동,서울특별시 용산구 원효로1동
용산구,문배동,용산큐브,원효로1동,용산구,원효로1동,서울특별시 용산구 원효로1동
용산구,문배동,이안용산1차(101동),원효로1동,용산구,원효로1동,서울특별시 용산구 원효로1동
용산구,문배동,이안용산1차(102동),원효로1동,용산구,원효로1동,서울특별시 용산구 원효로1동
용산구,문배동,이안용산1차(103동),원효로1동,용산구,원효로1동,서울특별시 용산구 원효로1동
용산구,문배동,이안용산3차,원효로1동,용산구,원효로1동,서울특별시 용산구 원효로1동
용산구,문배동,이안용산프리미어,원효로1동,용산구,원효로1동,서울특별시 용산구 원효로1동
용산구,문배동,지오베르크,원효로1동,용산구,원효로1동,서울특별시 용산구 원효로1동
용산구,문배동,프라임펠리스,원효로1동,용산구,원효로1동,서울특별시 용산구 원효로1동
용산구,보광동,리버빌(삼성),보광동,용산구,보광동,서울특별시 용산구 보광동
용산구,보광동,신동아1,보광동,용산구,서빙고동,서울특별시 용산구 서빙고동
용산구,보광동,주미,보광동,용산구,보광동,서울특별시 용산구 보광동
용산구,보광동,카사빌라,보광동,용산구,청파동,서울특별시 용산구 청파동
용산구,보광동,한강빌라,보광동,용산구,보광동,서울특별시 용산구 보광동
용산구,산천동,리버힐삼성,원효로2동,용산구,원효로2동,서울특별시 용산구 원효로2동
용산구,산천동,한강타운,원효로2동,용산구,원효로2동,서울특별시 용산구 원효로2동
용산구,서계동,어반허브서울스테이션(UrbanHubSeoulStation),청파동,용산구,청파동,서울특별시 용산구 청파동
용산구,서빙고동,그린파크(코오롱하늘채),서빙고동,용산구,서빙고동,서울특별시 용산구 서빙고동
용산구,서빙고동,금호베스트빌1,서빙고동,용산구,서빙고동,서울특별시 용산구 서빙고동
용산구,서빙고동,신동아,서빙고동,용산구,서빙고동,서울특별시 용산구 서빙고동
용산구,서빙고동,아페르한강,서빙고동,용산구,서빙고동,서울특별시 용산구 서빙고동
용산구,서빙고동,한강르네상스,서빙고동,용산구,서빙고동,서울특별시 용산구 서빙고동
용산구,신계동,용산e편한세상,원효로1동,용산구,원효로1동,서울특별시 용산구 원효로1동
용산구,신창동,세방리버하이빌,원효로2동,용산구,원효로2동,서울특별시 용산구 원효로2동
용산구,용문동,대성2차,용문동,용산구,용문동,서울특별시 용산구 용문동
용산구,용문동,대호드림빌(38-213),용문동,용산구,용문동,서울특별시 용산구 용문동
용산구,용문동,브라운스톤,용문동,용산구,용문동,서울특별시 용산구 용문동
용산구,용문동,삼성하이츠,용문동,용산구,용문동,서울특별시 용산구 용문동
용산구,용산동2가,용암한신,용산2가동,용산구,용산2가동,서울특별시 용산구 용산2가동
용산구,용산동2가,한신,용산2가동,용산구,용산2가동,서울특별시 용산구 용산2가동
용산구,용산동5가,용산파크타워(24-0),용산2가동,용산구,한강로동,서울특별시 용산구 한강로동
용산구,용산동5가,용산파크타워(24-1),용산2가동,용산구,한강로동,서울특별시 용산구 한강로동
용산구,원효로1가,로얄카운티-2,원효로1동,용산구,청파동,서울특별시 용산구 청파동
용산구,원효로1가,로얄카운티-3,원효로1동,용산구,청파동,서울특별시 용산구 청파동
용산구,원효로1가,리첸시아용산A,원효로1동,용산구,원효로1동,서울특별시 용산구 원효로1동
용산구,원효로1가,시온캐슬용산,원효로1동,용산구,원효로1동,서울특별시 용산구 원효로1동
용산구,원효로1가,용산더프라임,원효로1동,용산구,원효로1동,서울특별시 용산구 원효로1동
용산구,원효로1가,용산파크뷰(46-3),원효로1동,용산구,원효로1동,서울특별시 용산구 원효로1동
용산구,원효로2가,원효,원효로1동,용산구,원효로1동,서울특별시 용산구 원효로1동
용산구,원효로3가,금성아파트,원효로2동,용산구,원효로2동,서울특별시 용산구 원효로2동
용산구,원효로3가,용산소미글로벌리버파크,원효로2동,용산구,원효로2동,서울특별시 용산구 원효로2동
용산구,원효로4가,강변삼성스위트,원효로2동,용산구,원효로2동,서울특별시 용산구 원효로2동
용산구,원효로4가,산호,원효로2동,용산구,원효로2동,서울특별시 용산구 원효로2동
용산구,원효로4가,풍전,원효로2동,용산구,원효로2동,서울특별시 용산구 원효로2동
용산구,원효로4가,한강수,원효로2동,용산구,원효로2동,서울특별시 용산구 원효로2동
용산구,이촌동,G&D용산드림,이촌1동,용산구,이촌2동,서울특별시 용산구 이촌2동
용산구,이촌동,LG한강자이,이촌1동,용산구,이촌1동,서울특별시 용산구 이촌1동
용산구,이촌동,강변,이촌1동,용산구,이촌1동,서울특별시 용산구 이촌1동
용산구,이촌동,강서,이촌1동,용산구,이촌2동,서울특별시 용산구 이촌2동
용산구,이촌동,강촌,이촌1동,용산구,이촌1동,서울특별시 용산구 이촌1동
용산구,이촌동,노들,이촌1동,용산구,이촌2동,서울특별시 용산구 이촌2동
용산구,이촌동,대림,이촌1동,용산구,이촌2동,서울특별시 용산구 이촌2동
용산구,이촌동,동부센트레빌,이촌1동,용산구,이촌1동,서울특별시 용산구 이촌1동
용산구,이촌동,동아그린,이촌1동,용산구,이촌2동,서울특별시 용산구 이촌2동
용산구,이촌동,동원베네스트,이촌1동,용산구,이촌2동,서울특별시 용산구 이촌2동
용산구,이촌동,두산위브트레지움,이촌1동,용산구,이촌1동,서울특별시 용산구 이촌1동
용산구,이촌동,래미안첼리투스,이촌1동,용산구,이촌1동,서울특별시 용산구 이촌1동
용산구,이촌동,로얄맨숀,이촌1동,용산구,이촌1동,서울특별시 용산구 이촌1동
용산구,이촌동,리버뷰,이촌1동,용산구,이촌1동,서울특별시 용산구 이촌1동
용산구,이촌동,미주A,이촌1동,용산구,이촌1동,서울특별시 용산구 이촌1동
용산구,이촌동,미주B,이촌1동,용산구,이촌1동,서울특별시 용산구 이촌1동
용산구,이촌동,반도,이촌1동,용산구,이촌1동,서울특별시 용산구 이촌1동
용산구,이촌동,보람더하임,이촌1동,용산구,이촌1동,서울특별시 용산구 이촌1동
용산구,이촌동,북한강(성원),이촌1동,용산구,이촌2동,서울특별시 용산구 이촌2동
용산구,이촌동,빌라맨션,이촌1동,용산구,이촌1동,서울특별시 용산구 이촌1동
용산구,이촌동,삼익,이촌1동,용산구,이촌1동,서울특별시 용산구 이촌1동
용산구,이촌동,시범(중산1차),이촌1동,용산구,이촌2동,서울특별시 용산구 이촌2동
용산구,이촌동,왕궁,이촌1동,용산구,이촌1동,서울특별시 용산구 이촌1동
용산구,이촌동,우성,이촌1동,용산구,이촌1동,서울특별시 용산구 이촌1동
용산구,이촌동,월드메르디앙,이촌1동,용산구,이촌1동,서울특별시 용산구 이촌1동
용산구,이촌동,이촌동삼성리버스위트,이촌1동,용산구,이촌1동,서울특별시 용산구 이촌1동
용산구,이촌동,이촌시범,이촌1동,용산구,이촌2동,서울특별시 용산구 이촌2동
용산구,이촌동,이촌코오롱(A),이촌1동,용산구,이촌1동,서울특별시 용산구 이촌1동
용산구,이촌동,이촌코오롱(B),이촌1동,용산구,이촌1동,서울특별시 용산구 이촌1동
용산구,이촌동,장미,이촌1동,용산구,이촌1동,서울특별시 용산구 이촌1동
용산구,이촌동,장미(203-14),이촌1동,용산구,이촌1동,서울특별시 용산구 이촌1동
용산구,이촌동,점보,이촌1동,용산구,이촌1동,서울특별시 용산구 이촌1동
용산구,이촌동,정우,이촌1동,용산구,이촌1동,서울특별시 용산구 이촌1동
용산구,이촌동,제일,이촌1동,용산구,이촌1동,서울특별시 용산구 이촌1동
용산구,이촌동,중앙하이츠(A),이촌1동,용산구,한남동,서울특별시 용산구 한남동
용산구,이촌동,코스모스,이촌1동,용산구,이촌1동,서울특별시 용산구 이촌1동
용산구,이촌동,퀸스리버빌,이촌1동,용산구,이촌1동,서울특별시 용산구 이촌1동
용산구,이촌동,타워맨션,이촌1동,용산구,이촌1동,서울특별시 용산구 이촌1동
용산구,이촌동,한가람,이촌1동,용산구,이촌1동,서울특별시 용산구 이촌1동
용산구,이촌동,한강(대우),이촌1동,용산구,이촌1동,서울특별시 용산구 이촌1동
용산구,이촌동,한강동부,이촌1동,용산구,이촌1동,서울특별시 용산구 이촌1동
용산구,이촌동,한강맨숀,이촌1동,용산구,이촌1동,서울특별시 용산구 이촌1동
용산구,이촌동,현대맨숀,이촌1동,용산구,이촌1동,서울특별시 용산구 이촌1동
용산구,이촌동,현대한강,이촌1동,용산구,이촌2동,서울특별시 용산구 이촌2동
용산구,이태원동,ThePlusⅢ,이태원1동,용산구,이태원2동,서울특별시 용산구 이태원2동
용산구,이태원동,남산대림,이태원1동,용산구,이태원2동,서울특별시 용산구 이태원2동
용산구,이태원동,남산힐레지던스,이태원1동,용산구,이태원1동,서울특별시 용산구 이태원1동
용산구,이태원동,다원,이태원1동,용산구,이태원2동,서울특별시 용산구 이태원2동
용산구,이태원동,마운틴뷰,이태원1동,용산구,이태원2동,서울특별시 용산구 이태원2동
용산구,이태원동,메이(124-12),이태원1동,용산구,한남동,서울특별시 용산구 한남동
용산구,이태원동,용산동아파트,이태원1동,용산구,이태원2동,서울특별시 용산구 이태원2동
용산구,이태원동,이태원(이테크빌),이태원1동,용산구,이태원1동,서울특별시 용산구 이태원1동
용산구,이태원동,주공1,이태원1동,용산구,이태원2동,서울특별시 용산구 이태원2동
용산구,이태원동,준아트빌,이태원1동,용산구,한남동,서울특별시 용산구 한남동
용산구,이태원동,창덕아파트,이태원1동,용산구,이태원2동,서울특별시 용산구 이태원2동
용산구,이태원동,청화1,이태원1동,용산구,이태원1동,서울특별시 용산구 이태원1동
용산구,이태원동,퍼시픽맨션골드,이태원1동,용산구,이태원2동,서울특별시 용산구 이태원2동
용산구,주성동,PRIMAVERAVILL,서빙고동,용산구,서빙고동,서울특별시 용산구 서빙고동
용산구,청암동,GS자이,원효로2동,용산구,한강로동,서울특별시 용산구 한강로동
용산구,청암동,SK청암대(64-1),원효로2동,용산구,원효로2동,서울특별시 용산구 원효로2동
용산구,청암동,SK청암대(64-29),원효로2동,용산구,원효로2동,서울특별시 용산구 원효로2동
용산구,청파동1가,목화,청파동,용산구,청파동,서울특별시 용산구 청파동
용산구,청파동3가,베르체,청파동,용산구,효창동,서울특별시 용산구 효창동
용산구,청파동3가,한울글로리A,청파동,용산구,효창동,서울특별시 용산구 효창동
용산구,청파동3가,효창PALACEVILLE,청파동,용산구,효창동,서울특별시 용산구 효창동
용산구,한강로1가,대우월드마크용산,한강로동,용산구,한강로동,서울특별시 용산구 한강로동
용산구,한강로1가,삼각아파트,한강로동,용산구,한강로동,서울특별시 용산구 한강로동
용산구,한강로1가,삼각아파트C동,한강로동,용산구,한강로동,서울특별시 용산구 한강로동
용산구,한강로1가,센트럴파크,한강로동,용산구,한강로동,서울특별시 용산구 한강로동
용산구,한강로1가,용산파크자이,한강로동,용산구,한강로동,서울특별시 용산구 한강로동
용산구,한강로2가,래미안용산더센트럴,한강로동,용산구,한강로동,서울특별시 용산구 한강로동
용산구,한강로2가,벽산메가트리움,한강로동,용산구,한강로동,서울특별시 용산구 한강로동
용산구,한강로2가,아스테리움용산,한강로동,용산구,한강로동,서울특별시 용산구 한강로동
용산구,한강로2가,용산아이피아대주피오레,한강로동,용산구,한강로동,서울특별시 용산구 한강로동
용산구,한강로2가,용산파크e-편한세상,한강로동,용산구,한강로동,서울특별시 용산구 한강로동
용산구,한강로2가,용산푸르지오써밋(420),한강로동,용산구,한강로동,서울특별시 용산구 한강로동
용산구,한강로2가,한강로대우아이빌,한강로동,용산구,한강로동,서울특별시 용산구 한강로동
용산구,한강로2가,호반써밋A.DITION,한강로동,용산구,한강로동,서울특별시 용산구 한강로동
용산구,한강로3가,센트럴파크,한강로동,용산구,한강로동,서울특별시 용산구 한강로동
용산구,한강로3가,시티파크(2단지),한강로동,용산구,한강로동,서울특별시 용산구 한강로동
용산구,한강로3가,시티하우스,한강로동,용산구,한강로동,서울특별시 용산구 한강로동
용산구,한강로3가,쌍용스윗닷홈,한강로동,용산구,한강로동,서울특별시 용산구 한강로동
용산구,한강로3가,용산시티파크(1단지),한강로동,용산구,한강로동,서울특별시 용산구 한강로동
용산구,한강로3가,우림필유,한강로동,용산구,한강로동,서울특별시 용산구 한강로동
용산구,한강로3가,원효전자상가,한강로동,용산구,원효로2동,서울특별시 용산구 원효로2동
용산구,한강로3가,전자타운한신(A),한강로동,용산구,한강로동,서울특별시 용산구 한강로동
용산구,한강로3가,철우,한강로동,용산구,한강로동,서울특별시 용산구 한강로동
용산구,한강로3가,한강대우트럼프월드3,한강로동,용산구,한강로동,서울특별시 용산구 한강로동
용산구,한강로3가,한강자이에클라트,한강로동,용산구,한강로동,서울특별시 용산구 한강로동
용산구,한남동,나인원한남,한남동,용산구,한남동,서울특별시 용산구 한남동
용산구,한남동,뉴캐슬하우스,한남동,용산구,한남동,서울특별시 용산구 한남동
용산구,한남동,대림아르빌,한남동,용산구,한남동,서울특별시 용산구 한남동
용산구,한남동,대성이태리하우스,한남동,용산구,한남동,서울특별시 용산구 한남동
용산구,한남동,로얄튼빌라,한남동,용산구,한남동,서울특별시 용산구 한남동
용산구,한남동,르가든더메인한남,한남동,용산구,한남동,서울특별시 용산구 한남동
용산구,한남동,리버탑,한남동,용산구,한남동,서울특별시 용산구 한남동
용산구,한남동,리버티하우스,한남동,용산구,한남동,서울특별시 용산구 한남동
용산구,한남동,성아1,한남동,용산구,한남동,서울특별시 용산구 한남동
용산구,한남동,시범,한남동,용산구,한남동,서울특별시 용산구 한남동
용산구,한남동,신성미소시티,한남동,용산구,한남동,서울특별시 용산구 한남동
용산구,한남동,아일랜드캐슬,한남동,용산구,한남동,서울특별시 용산구 한남동
용산구,한남동,오페라하우스3차,한남동,용산구,한남동,서울특별시 용산구 한남동
용산구,한남동,오페라하우스WEST,한남동,용산구,한남동,서울특별시 용산구 한남동
용산구,한남동,윌쏘나슈트,한남동,용산구,한남동,서울특별시 용산구 한남동
용산구,한남동,유엔맨숀,한남동,용산구,한남동,서울특별시 용산구 한남동
용산구,한남동,장미1,한남동,용산구,한남동,서울특별시 용산구 한남동
용산구,한남동,태성1,한남동,용산구,한남동,서울특별시 용산구 한남동
용산구,한남동,트윈빌비동,한남동,용산구,한남동,서울특별시 용산구 한남동
용산구,한남동,트윈빌에이동,한남동,용산구,한남동,서울특별시 용산구 한남동
용산구,한남동,파르크한남,한남동,용산구,한남동,서울특별시 용산구 한남동
용산구,한남동,한남더힐,한남동,용산구,한남동,서울특별시 용산구 한남동
용산구,한남동,한남동UNVILLAGE루하우스,한남동,용산구,한남동,서울특별시 용산구 한남동
용산구,한남동,한남동동원베네스트,한남동,용산구,한남동,서울특별시 용산구 한남동
용산구,한남동,한남동리첸시아,한남동,용산구,한남동,서울특별시 용산구 한남동
용산구,한남동,한남아이파크애비뉴,한남동,용산구,한남동,서울특별시 용산구 한남동
용산구,한남동,한남파라곤,한남동,용산구,한남동,서울특별시 용산구 한남동
용산구,한남동,한남하우스,한남동,용산구,한남동,서울특별시 용산구 한남동
용산구,한남동,한남해피트리,한남동,용산구,한남동,서울특별시 용산구 한남동
용산구,한남동,한남힐스테이트,한남동,용산구,한남동,서울특별시 용산구 한남동
용산구,한남동,한성1,한남동,용산구,한남동,서울특별시 용산구 한남동
용산구,한남동,현대안성타워,한남동,용산구,한남동,서울특별시 용산구 한남동
용산구,한남동,현대하이페리온,한남동,용산구,한남동,서울특별시 용산구 한남동
용산구,한남동,현대하이페리온II,한남동,용산구,한남동,서울특별시 용산구 한남동
용산구,한남동,형우베스트빌3차,한남동,용산구,한남동,서울특별시 용산구 한남동
용산구,한남동,효성빌리지,한남동,용산구,한남동,서울특별시 용산구 한남동
용산구,한남동,힐탑트레져1동,한남동,용산구,한남동,서울특별시 용산구 한남동
용산구,효창동,대성효창,효창동,용산구,효창동,서울특별시 용산구 효창동
용산구,효창동,로얄카운티,효창동,용산구,효창동,서울특별시 용산구 효창동
용산구,효창동,세양청마루,효창동,용산구,효창동,서울특별시 용산구 효창동
용산구,효창동,세인트힐,효창동,용산구,효창동,서울특별시 용산구 효창동
용산구,효창동,아이딜,효창동,용산구,효창동,서울특별시 용산구 효창동
용산구,효창동,아인하우스,효창동,용산구,효창동,서울특별시 용산구 효창동
용산구,효창동,예빌리지,효창동,용산구,효창동,서울특별시 용산구 효창동
용산구,효창동,용산데시앙포레,효창동,용산구,효창동,서울특별시 용산구 효창동
용산구,효창동,용산롯데캐슬센터포레,효창동,용산구,효창동,서울특별시 용산구 효창동
용산구,효창동,용산케이씨씨스위첸,효창동,용산구,효창동,서울특별시 용산구 효창동
용산구,효창동,울트라멤버스,효창동,용산구,효창동,서울특별시 용산구 효창동
용산구,효창동,임선웰빙아파트,효창동,용산구,효창동,서울특별시 용산구 효창동
용산구,효창동,태원팰리스,효창동,용산구,효창동,서울특별시 용산구 효창동
용산구,효창동,화이트타운,효창동,용산구,효창동,서울특별시 용산구 효창동
용산구,효창동,효삼골드빌,효창동,용산구,효창동,서울특별시 용산구 효창동
용산구,효창동,효창드림빌,효창동,용산구,효창동,서울특별시 용산구 효창동
용산구,효창동,효창로즈,효창동,마포구,공덕동,서울특별시 마포구 공덕동
용산구,효창동,효창맨션,효창동,용산구,효창동,서울특별시 용산구 효창동
용산구,효창동,효창베네스,효창동,용산구,효창동,서울특별시 용산구 효창동
용산구,효창동,효창아트빌2차,효창동,용산구,효창동,서울특별시 용산구 효창동
용산구,효창동,효창파크푸르지오,효창동,용산구,효창동,서울특별시 용산구 효창동
용산구,효창동,효창팰리스2차,효창동,용산구,효창동,서울특별시 용산구 효창동
용산구,효창동,효창한신,효창동,용산구,효창동,서울특별시 용산구 효창동
용산구,후암동,남산애지앙,후암동,용산구,후암동,서울특별시 용산구 후암동
용산구,후암동,뉴후암,후암동,용산구,남영동,서울특별시 용산구 남영동
용산구,후암동,명남아띠팰리스,후암동,용산구,후암동,서울특별시 용산구 후암동
용산구,후암동,몬테피오레,후암동,용산구,후암동,서울특별시 용산구 후암동
용산구,후암동,미소가,후암동,용산구,후암동,서울특별시 용산구 후암동
용산구,후암동,브라운스톤남산,후암동,용산구,후암동,서울특별시 용산구 후암동
용산구,후암동,삼안리치10차,후암동,용산구,후암동,서울특별시 용산구 후암동
용산구,후암동,삼안리치8차,후암동,용산구,후암동,서울특별시 용산구 후암동
용산구,후암동,신주에지앙,후암동,용산구,후암동,서울특별시 용산구 후암동
용산구,후암동,신후암,후암동,용산구,후암동,서울특별시 용산구 후암동
용산구,후암동,예빌리지,후암동,용산구,후암동,서울특별시 용산구 후암동
용산구,후암동,제일,후암동,용산구,후암동,서울특별시 용산구 후암동
용산구,후암동,프리마베라빌,후암동,용산구,이태원1동,서울특별시 용산구 이태원1동
용산구,후암동,행남그랜드,후암동,용산구,후암동,서울특별시 용산구 후암동
용산구,후암동,화인,후암동,용산구,후암동,서울특별시 용산구 후암동
용산구,후암동,후암,후암동,용산구,후암동,서울특별시 용산구 후암동
용산구,후암동,후암맨션,후암동,용산구,후암동,서울특별시 용산구 후암동
용산구,후암동,후암미주,후암동,용산구,후암동,서울특별시 용산구 후암동
용산구,후암동,힐튼빌리지1차,후암동,용산구,후암동,서울특별시 용산구 후암동
용산구,후암동,힐튼빌리지2차,후암동,용산구,후암동,서울특별시 용산구 후암동
은평구,갈현동,갈현건영,갈현1동,은평구,갈현1동,서울특별시 은평구 갈현1동
은평구,갈현동,갈현동현대,갈현1동,은평구,갈현2동,서울특별시 은평구 갈현2동
은평구,갈현동,갈현삼성,갈현1동,은평구,갈현2동,서울특별시 은평구 갈현2동
은평구,갈현동,골드스타,갈현1동,은평구,갈현2동,서울특별시 은평구 갈현2동
은평구,갈현동,대경아르체,갈현1동,은평구,갈현1동,서울특별시 은평구 갈현1동
은평구,갈현동,대양,갈현1동,은평구,갈현1동,서울특별시 은평구 갈현1동
은평구,갈현동,대훈,갈현1동,은평구,갈현2동,서울특별시 은평구 갈현2동
은평구,갈현동,동광갈현베르빌,갈현1동,은평구,갈현2동,서울특별시 은평구 갈현2동
은평구,갈현동,라이프시티,갈현1동,은평구,갈현2동,서울특별시 은평구 갈현2동
은평구,갈현동,메카,갈현1동,은평구,갈현2동,서울특별시 은평구 갈현2동
은평구,갈현동,명성,갈현1동,은평구,갈현2동,서울특별시 은평구 갈현2동
은평구,갈현동,미미,갈현1동,은평구,갈현2동,서울특별시 은평구 갈현2동
은평구,갈현동,반도하우드,갈현1동,은평구,갈현2동,서울특별시 은평구 갈현2동
은평구,갈현동,베로니스,갈현1동,은평구,갈현2동,서울특별시 은평구 갈현2동
은평구,갈현동,선구,갈현1동,은평구,갈현2동,서울특별시 은평구 갈현2동
은평구,갈현동,수정럭스,갈현1동,은평구,갈현1동,서울특별시 은평구 갈현1동
은평구,갈현동,수정럭스(428-6),갈현1동,은평구,갈현1동,서울특별시 은평구 갈현1동
은평구,갈현동,아름(526-2),갈현1동,은평구,갈현2동,서울특별시 은평구 갈현2동
은평구,갈현동,역촌맨션,갈현1동,은평구,갈현2동,서울특별시 은평구 갈현2동
은평구,갈현동,연서노벨(463-16),갈현1동,은평구,갈현2동,서울특별시 은평구 갈현2동
은평구,갈현동,우남,갈현1동,은평구,갈현2동,서울특별시 은평구 갈현2동
은평구,갈현동,웰빙,갈현1동,은평구,갈현1동,서울특별시 은평구 갈현1동
은평구,갈현동,웰빙존,갈현1동,은평구,갈현2동,서울특별시 은평구 갈현2동
은평구,갈현동,유호루하스,갈현1동,은평구,갈현1동,서울특별시 은평구 갈현1동
은평구,갈현동,인우(281-215),갈현1동,은평구,갈현2동,서울특별시 은평구 갈현2동
은평구,갈현동,인우(281-236),갈현1동,은평구,갈현2동,서울특별시 은평구 갈현2동
은평구,갈현동,지캐슬,갈현1동,은평구,갈현2동,서울특별시 은평구 갈현2동
은평구,갈현동,천수,갈현1동,은평구,갈현2동,서울특별시 은평구 갈현2동
은평구,갈현동,천지,갈현1동,은평구,갈현2동,서울특별시 은평구 갈현2동
은평구,갈현동,코오롱하늘채,갈현1동,은평구,갈현1동,서울특별시 은평구 갈현1동
은평구,갈현동,플라잉캐슬,갈현1동,은평구,갈현2동,서울특별시 은평구 갈현2동
은평구,갈현동,한솔,갈현1동,은평구,갈현2동,서울특별시 은평구 갈현2동
은평구,갈현동,한아름,갈현1동,은평구,갈현2동,서울특별시 은평구 갈현2동
은평구,갈현동,한우리,갈현1동,은평구,갈현1동,서울특별시 은평구 갈현1동
은평구,갈현동,해오름,갈현1동,은평구,갈현2동,서울특별시 은평구 갈현2동
은평구,갈현동,행운,갈현1동,은평구,갈현2동,서울특별시 은평구 갈현2동
은평구,갈현동,현재트윈빌,갈현1동,은평구,갈현2동,서울특별시 은평구 갈현2동
은평구,갈현동,호림리슈리안,갈현1동,은평구,갈현1동,서울특별시 은평구 갈현1동
은평구,갈현동,효민아크로뷰,갈현1동,은평구,갈현1동,서울특별시 은평구 갈현1동
은평구,갈현동,힐튼,갈현1동,은평구,갈현2동,서울특별시 은평구 갈현2동
은평구,구산동,갈현1단지e-편한세상,구산동,은평구,구산동,서울특별시 은평구 구산동
은평구,구산동,갈현현대,구산동,은평구,구산동,서울특별시 은평구 구산동
은평구,구산동,경남아너스빌,구산동,은평구,구산동,서울특별시 은평구 구산동
은평구,구산동,경향파크,구산동,은평구,구산동,서울특별시 은평구 구산동
은평구,구산동,구산,구산동,은평구,구산동,서울특별시 은평구 구산동
은평구,구산동,구산그린빌,구산동,은평구,구산동,서울특별시 은평구 구산동
은평구,구산동,그린,구산동,은평구,구산동,서울특별시 은평구 구산동
은평구,구산동,금강포란재(101),구산동,은평구,구산동,서울특별시 은평구 구산동
은평구,구산동,금광포란재(102),구산동,은평구,구산동,서울특별시 은평구 구산동
은평구,구산동,뉴월드빌(16-28),구산동,은평구,구산동,서울특별시 은평구 구산동
은평구,구산동,대림e-편한세상2,구산동,은평구,수색동,서울특별시 은평구 수색동
은평구,구산동,동양,구산동,은평구,구산동,서울특별시 은평구 구산동
은평구,구산동,동익파크1동(355-95),구산동,은평구,구산동,서울특별시 은평구 구산동
은평구,구산동,동익파크2동(355-98),구산동,은평구,구산동,서울특별시 은평구 구산동
은평구,구산동,두일,구산동,은평구,구산동,서울특별시 은평구 구산동
은평구,구산동,명남아파트,구산동,은평구,구산동,서울특별시 은평구 구산동
은평구,구산동,무지개아파트(308-86),구산동,은평구,구산동,서울특별시 은평구 구산동
은평구,구산동,벨뷰아파트,구산동,은평구,구산동,서울특별시 은평구 구산동
은평구,구산동,벽산스카이파크,구산동,은평구,구산동,서울특별시 은평구 구산동
은평구,구산동,브라운스톤구산,구산동,은평구,구산동,서울특별시 은평구 구산동
은평구,구산동,새천년3차드림,구산동,은평구,구산동,서울특별시 은평구 구산동
은평구,구산동,새천년구산2차,구산동,은평구,구산동,서울특별시 은평구 구산동
은평구,구산동,새천년드림,구산동,은평구,구산동,서울특별시 은평구 구산동
은평구,구산동,세영아파트,구산동,은평구,구산동,서울특별시 은평구 구산동
은평구,구산동,세화샤이닝1,구산동,은평구,구산동,서울특별시 은평구 구산동
은평구,구산동,세화샤이닝2,구산동,은평구,구산동,서울특별시 은평구 구산동
은평구,구산동,송학,구산동,은평구,구산동,서울특별시 은평구 구산동
은평구,구산동,신호(199-24),구산동,은평구,구산동,서울특별시 은평구 구산동
은평구,구산동,에덴드림,구산동,은평구,구산동,서울특별시 은평구 구산동
은평구,구산동,엔에스아파트,구산동,은평구,구산동,서울특별시 은평구 구산동
은평구,구산동,예승빌라트,구산동,은평구,구산동,서울특별시 은평구 구산동
은평구,구산동,온세,구산동,은평구,구산동,서울특별시 은평구 구산동
은평구,구산동,우공아트빌,구산동,은평구,구산동,서울특별시 은평구 구산동
은평구,구산동,우신,구산동,은평구,구산동,서울특별시 은평구 구산동
은평구,구산동,은평서해그랑블,구산동,은평구,구산동,서울특별시 은평구 구산동
은평구,구산동,이안,구산동,은평구,구산동,서울특별시 은평구 구산동
은평구,구산동,진성아파트,구산동,은평구,구산동,서울특별시 은평구 구산동
은평구,구산동,천지로얄,구산동,은평구,구산동,서울특별시 은평구 구산동
은평구,구산동,캐슬아파트(18-10),구산동,은평구,구산동,서울특별시 은평구 구산동
은평구,구산동,타워,구산동,은평구,구산동,서울특별시 은평구 구산동
은평구,구산동,태영홈아파트,구산동,은평구,구산동,서울특별시 은평구 구산동
은평구,구산동,푸른솔,구산동,은평구,구산동,서울특별시 은평구 구산동
은평구,구산동,한국프라우드,구산동,은평구,구산동,서울특별시 은평구 구산동
은평구,구산동,한성산장,구산동,은평구,구산동,서울특별시 은평구 구산동
은평구,녹번동,DH팰리스타워,녹번동,은평구,녹번동,서울특별시 은평구 녹번동
은평구,녹번동,거성,녹번동,은평구,녹번동,서울특별시 은평구 녹번동
은평구,녹번동,거장메카,녹번동,은평구,녹번동,서울특별시 은평구 녹번동
은평구,녹번동,거장카운티,녹번동,은평구,녹번동,서울특별시 은평구 녹번동
은평구,녹번동,경원파발리안,녹번동,은평구,녹번동,서울특별시 은평구 녹번동
은평구,녹번동,굿모닝기룡아파트,녹번동,은평구,녹번동,서울특별시 은평구 녹번동
은평구,녹번동,굿모닝기룡아파트(96-6),녹번동,은평구,녹번동,서울특별시 은평구 녹번동
은평구,녹번동,녹번2현대,녹번동,은평구,구산동,서울특별시 은평구 구산동
은평구,녹번동,녹번JR아파트,녹번동,은평구,녹번동,서울특별시 은평구 녹번동
은평구,녹번동,녹번타워,녹번동,은평구,녹번동,서울특별시 은평구 녹번동
은평구,녹번동,녹번현대아파트,녹번동,은평구,녹번동,서울특별시 은평구 녹번동
은평구,녹번동,대림아파트(276),녹번동,은평구,녹번동,서울특별시 은평구 녹번동
은평구,녹번동,대신홈타운(168-33),녹번동,은평구,역촌동,서울특별시 은평구 역촌동
은평구,녹번동,동호스카이,녹번동,은평구,녹번동,서울특별시 은평구 녹번동
은평구,녹번동,래미안베라힐즈,녹번동,은평구,녹번동,서울특별시 은평구 녹번동
은평구,녹번동,리베하임,녹번동,은평구,녹번동,서울특별시 은평구 녹번동
은평구,녹번동,북한산푸르지오,녹번동,은평구,녹번동,서울특별시 은평구 녹번동
은평구,녹번동,산수(86-20),녹번동,은평구,녹번동,서울특별시 은평구 녹번동
은평구,녹번동,세민HIPARK,녹번동,은평구,역촌동,서울특별시 은평구 역촌동
은평구,녹번동,송학파크팰리스,녹번동,은평구,녹번동,서울특별시 은평구 녹번동
은평구,녹번동,시니어캐슬클라시온,녹번동,은평구,녹번동,서울특별시 은평구 녹번동
은평구,녹번동,신현대,녹번동,은평구,녹번동,서울특별시 은평구 녹번동
은평구,녹번동,예원(86-126),녹번동,은평구,녹번동,서울특별시 은평구 녹번동
은평구,녹번동,월든힐스,녹번동,은평구,녹번동,서울특별시 은평구 녹번동
은평구,녹번동,유일아트리움,녹번동,은평구,녹번동,서울특별시 은평구 녹번동
은평구,녹번동,제니더클래식,녹번동,은평구,녹번동,서울특별시 은평구 녹번동
은평구,녹번동,청록MS(91-9),녹번동,은평구,녹번동,서울특별시 은평구 녹번동
은평구,녹번동,청솔아파트,녹번동,은평구,녹번동,서울특별시 은평구 녹번동
은평구,녹번동,초우레디안아트빌,녹번동,은평구,녹번동,서울특별시 은평구 녹번동
은평구,녹번동,해주드림빌,녹번동,은평구,녹번동,서울특별시 은평구 녹번동
은평구,녹번동,현재맨션,녹번동,은평구,녹번동,서울특별시 은평구 녹번동
은평구,녹번동,힐스테이트녹번,녹번동,은평구,녹번동,서울특별시 은평구 녹번동
은평구,대조동,DasHaus,대조동,은평구,대조동,서울특별시 은평구 대조동
은평구,대조동,YS홈타운,대조동,은평구,대조동,서울특별시 은평구 대조동
은평구,대조동,경인에버빌,대조동,은평구,대조동,서울특별시 은평구 대조동
은평구,대조동,나이스홈,대조동,은평구,대조동,서울특별시 은평구 대조동
은평구,대조동,뉴캐슬,대조동,은평구,대조동,서울특별시 은평구 대조동
은평구,대조동,대경아르체아파트,대조동,은평구,대조동,서울특별시 은평구 대조동
은평구,대조동,대경홈타운,대조동,은평구,대조동,서울특별시 은평구 대조동
은평구,대조동,대덕타워,대조동,은평구,대조동,서울특별시 은평구 대조동
은평구,대조동,대일아이안(9-25),대조동,은평구,대조동,서울특별시 은평구 대조동
은평구,대조동,대조리치빌III,대조동,은평구,대조동,서울특별시 은평구 대조동
은평구,대조동,동명베스트(84-21),대조동,은평구,대조동,서울특별시 은평구 대조동
은평구,대조동,디안(89-258),대조동,은평구,대조동,서울특별시 은평구 대조동
은평구,대조동,디안(89-77),대조동,은평구,대조동,서울특별시 은평구 대조동
은평구,대조동,루체하임,대조동,은평구,녹번동,서울특별시 은평구 녹번동
은평구,대조동,만민하늘愛,대조동,은평구,대조동,서울특별시 은평구 대조동
은평구,대조동,메트하임,대조동,은평구,대조동,서울특별시 은평구 대조동
은평구,대조동,모아아파트(101동),대조동,은평구,대조동,서울특별시 은평구 대조동
은평구,대조동,모아아파트(102동),대조동,은평구,대조동,서울특별시 은평구 대조동
은평구,대조동,모아아파트(103동),대조동,은평구,대조동,서울특별시 은평구 대조동
은평구,대조동,모아아파트(104동),대조동,은평구,대조동,서울특별시 은평구 대조동
은평구,대조동,미래하임,대조동,은평구,대조동,서울특별시 은평구 대조동
은평구,대조동,미래하임(6-19),대조동,은평구,대조동,서울특별시 은평구 대조동
은평구,대조동,미래하임(9-46),대조동,은평구,대조동,서울특별시 은평구 대조동
은평구,대조동,미르라이프,대조동,은평구,대조동,서울특별시 은평구 대조동
은평구,대조동,베르디움STAY1,대조동,은평구,대조동,서울특별시 은평구 대조동
은평구,대조동,벽산메트로시티,대조동,은평구,대조동,서울특별시 은평구 대조동
은평구,대조동,보성리엔빌,대조동,은평구,대조동,서울특별시 은평구 대조동
은평구,대조동,부림베스트빌,대조동,은평구,대조동,서울특별시 은평구 대조동
은평구,대조동,북한산포레스트,대조동,은평구,대조동,서울특별시 은평구 대조동
은평구,대조동,삼성타운,대조동,은평구,대조동,서울특별시 은평구 대조동
은평구,대조동,삼오,대조동,은평구,대조동,서울특별시 은평구 대조동
은평구,대조동,서경아파트,대조동,은평구,대조동,서울특별시 은평구 대조동
은평구,대조동,서경아파트(15-58),대조동,은평구,대조동,서울특별시 은평구 대조동
은평구,대조동,신세계드림빌1,대조동,은평구,대조동,서울특별시 은평구 대조동
은평구,대조동,신세계드림빌2,대조동,은평구,대조동,서울특별시 은평구 대조동
은평구,대조동,아이안,대조동,은평구,대조동,서울특별시 은평구 대조동
은평구,대조동,아이안빌,대조동,은평구,대조동,서울특별시 은평구 대조동
은평구,대조동,영화노블레스아파트,대조동,은평구,대조동,서울특별시 은평구 대조동
은평구,대조동,영화빌리지,대조동,은평구,신사1동,서울특별시 은평구 신사1동
은평구,대조동,예가크레시아,대조동,은평구,대조동,서울특별시 은평구 대조동
은평구,대조동,유성아이비아파트,대조동,은평구,대조동,서울특별시 은평구 대조동
은평구,대조동,유진아이디움,대조동,은평구,대조동,서울특별시 은평구 대조동
은평구,대조동,장미아파트,대조동,은평구,대조동,서울특별시 은평구 대조동
은평구,대조동,정은노블스,대조동,은평구,대조동,서울특별시 은평구 대조동
은평구,대조동,정익제이원,대조동,은평구,대조동,서울특별시 은평구 대조동
은평구,대조동,정익제이원6차,대조동,은평구,대조동,서울특별시 은평구 대조동
은평구,대조동,정익제이원아파트(15-114),대조동,은평구,대조동,서울특별시 은평구 대조동
은평구,대조동,제이타워1,대조동,은평구,대조동,서울특별시 은평구 대조동
은평구,대조동,제이타워3,대조동,은평구,대조동,서울특별시 은평구 대조동
은평구,대조동,제이타워4,대조동,은평구,대조동,서울특별시 은평구 대조동
은평구,대조동,주주베B,대조동,은평구,대조동,서울특별시 은평구 대조동
은평구,대조동,주주베에이,대조동,은평구,대조동,서울특별시 은평구 대조동
은평구,대조동,해오름시티,대조동,은평구,대조동,서울특별시 은평구 대조동
은평구,대조동,호림리슈리안,대조동,은평구,대조동,서울특별시 은평구 대조동
은평구,대조동,효민아크로뷰,대조동,은평구,대조동,서울특별시 은평구 대조동
은평구,대조동,효원,대조동,은평구,대조동,서울특별시 은평구 대조동
은평구,불광동,LUMINO816,불광1동,은평구,불광1동,서울특별시 은평구 불광1동
은평구,불광동,갤럭시타운,불광1동,은평구,불광1동,서울특별시 은평구 불광1동
은평구,불광동,경인에버빌(285-18),불광1동,은평구,불광1동,서울특별시 은평구 불광1동
은평구,불광동,그린라이프,불광1동,은평구,불광1동,서울특별시 은평구 불광1동
은평구,불광동,극동메트로타워,불광1동,은평구,불광2동,서울특별시 은평구 불광2동
은평구,불광동,금상아파트,불광1동,은평구,불광1동,서울특별시 은평구 불광1동
은평구,불광동,남양구르미아파트,불광1동,은평구,불광2동,서울특별시 은평구 불광2동
은평구,불광동,남해그린힐,불광1동,은평구,불광1동,서울특별시 은평구 불광1동
은평구,불광동,대광월드,불광1동,은평구,불광2동,서울특별시 은평구 불광2동
은평구,불광동,대암아파트,불광1동,은평구,불광1동,서울특별시 은평구 불광1동
은평구,불광동,대호아파트,불광1동,은평구,불광1동,서울특별시 은평구 불광1동
은평구,불광동,대호프라자아파트,불광1동,은평구,불광1동,서울특별시 은평구 불광1동
은평구,불광동,동호스카이,불광1동,은평구,불광2동,서울특별시 은평구 불광2동
은평구,불광동,두진아이브(305-22),불광1동,은평구,불광1동,서울특별시 은평구 불광1동
은평구,불광동,디앤제이하우징(281-89),불광1동,은평구,불광1동,서울특별시 은평구 불광1동
은평구,불광동,라이프미성,불광1동,은평구,불광1동,서울특별시 은평구 불광1동
은평구,불광동,명남뉴타운,불광1동,은평구,불광1동,서울특별시 은평구 불광1동
은평구,불광동,베로니스,불광1동,은평구,불광2동,서울특별시 은평구 불광2동
은평구,불광동,북한산대창센시티,불광1동,은평구,불광2동,서울특별시 은평구 불광2동
은평구,불광동,북한산동호스카이,불광1동,은평구,불광2동,서울특별시 은평구 불광2동
은평구,불광동,북한산래미안아파트(1단지),불광1동,은평구,불광1동,서울특별시 은평구 불광1동
은평구,불광동,북한산래미안아파트(2단지),불광1동,은평구,불광1동,서울특별시 은평구 불광1동
은평구,불광동,북한산한양수자인아파트,불광1동,은평구,불광2동,서울특별시 은평구 불광2동
은평구,불광동,북한산현대홈타운,불광1동,은평구,불광1동,서울특별시 은평구 불광1동
은평구,불광동,북한산현대힐스테이트3차아파트,불광1동,은평구,불광1동,서울특별시 은평구 불광1동
은평구,불광동,북한산힐스테이트1차아파트,불광1동,은평구,불광1동,서울특별시 은평구 불광1동
은평구,불광동,북한산힐스테이트7차,불광1동,은평구,불광1동,서울특별시 은평구 불광1동
은평구,불광동,불광롯데캐슬,불광1동,은평구,불광1동,서울특별시 은평구 불광1동
은평구,불광동,삼익(217-9),불광1동,은평구,불광1동,서울특별시 은평구 불광1동
은평구,불광동,삼흥아파트,불광1동,은평구,불광2동,서울특별시 은평구 불광2동
은평구,불광동,서강아파트,불광1동,은평구,불광2동,서울특별시 은평구 불광2동
은평구,불광동,선우아파트,불광1동,은평구,불광1동,서울특별시 은평구 불광1동
은평구,불광동,송광(484-103),불광1동,은평구,불광2동,서울특별시 은평구 불광2동
은평구,불광동,쉐라톤,불광1동,은평구,불광2동,서울특별시 은평구 불광2동
은평구,불광동,신우아파트,불광1동,은평구,불광1동,서울특별시 은평구 불광1동
은평구,불광동,에덴,불광1동,은평구,불광1동,서울특별시 은평구 불광1동
은평구,불광동,엘지아파트,불광1동,은평구,불광2동,서울특별시 은평구 불광2동
은평구,불광동,연신내역트리플라101동,불광1동,은평구,불광2동,서울특별시 은평구 불광2동
은평구,불광동,연신내역트리플라102동,불광1동,은평구,불광2동,서울특별시 은평구 불광2동
은평구,불광동,월드그린,불광1동,은평구,불광1동,서울특별시 은평구 불광1동
은평구,불광동,윤현(484-90),불광1동,은평구,불광2동,서울특별시 은평구 불광2동
은평구,불광동,은혜스카이빌아파트,불광1동,은평구,불광1동,서울특별시 은평구 불광1동
은평구,불광동,정익제이원(4차),불광1동,은평구,불광2동,서울특별시 은평구 불광2동
은평구,불광동,정익제이원5차,불광1동,은평구,불광2동,서울특별시 은평구 불광2동
은평구,불광동,제이타워,불광1동,은평구,대조동,서울특별시 은평구 대조동
은평구,불광동,청나아파트,불광1동,은평구,불광1동,서울특별시 은평구 불광1동
은평구,불광동,청송,불광1동,은평구,불광1동,서울특별시 은평구 불광1동
은평구,불광동,태양아파트,불광1동,은평구,불광1동,서울특별시 은평구 불광1동
은평구,불광동,해피플러스1,불광1동,은평구,불광2동,서울특별시 은평구 불광2동
은평구,불광동,현대아파트,불광1동,은평구,불광2동,서울특별시 은평구 불광2동
은평구,불광동,효민아크로뷰,불광1동,은평구,불광2동,서울특별시 은평구 불광2동
은평구,수색동,DMC 진흥,수색동,은평구,수색동,서울특별시 은평구 수색동
은평구,수색동,DMCSKVIEW,수색동,은평구,수색동,서울특별시 은평구 수색동
은평구,수색동,DMCSK뷰아이파크포레,수색동,은평구,수색동,서울특별시 은평구 수색동
은평구,수색동,DMC롯데캐슬더퍼스트,수색동,은평구,수색동,서울특별시 은평구 수색동
은평구,수색동,DMC아트포레자이,수색동,은평구,수색동,서울특별시 은평구 수색동
은평구,수색동,DMC자이1단지,수색동,은평구,수색동,서울특별시 은평구 수색동
은평구,수색동,DMC파인시티자이,수색동,은평구,수색동,서울특별시 은평구 수색동
은평구,수색동,e편한세상 수색 에코포레,수색동,은평구,수색동,서울특별시 은평구 수색동
은평구,수색동,동하아트빌,수색동,은평구,역촌동,서울특별시 은평구 역촌동
은평구,수색동,상아,수색동,은평구,증산동,서울특별시 은평구 증산동
은평구,수색동,"수정가,나동",수색동,은평구,수색동,서울특별시 은평구 수색동
은평구,수색동,제일아파트가동(345-4),수색동,은평구,수색동,서울특별시 은평구 수색동
은평구,수색동,제일아파트나동(345-5),수색동,은평구,수색동,서울특별시 은평구 수색동
은평구,수색동,청구,수색동,은평구,수색동,서울특별시 은평구 수색동
은평구,신사동,(23-42),신사1동,은평구,신사2동,서울특별시 은평구 신사2동
은평구,신사동,개성하이뷰,신사1동,은평구,신사1동,서울특별시 은평구 신사1동
은평구,신사동,거성리젠시,신사1동,은평구,신사1동,서울특별시 은평구 신사1동
은평구,신사동,경남,신사1동,은평구,신사2동,서울특별시 은평구 신사2동
은평구,신사동,구암,신사1동,은평구,신사2동,서울특별시 은평구 신사2동
은평구,신사동,굿모닝기룡(369-0),신사1동,은평구,신사2동,서울특별시 은평구 신사2동
은평구,신사동,뉴서울(277-19),신사1동,은평구,신사1동,서울특별시 은평구 신사1동
은평구,신사동,뉴서울(277-2),신사1동,은평구,신사1동,서울특별시 은평구 신사1동
은평구,신사동,뉴신사신성,신사1동,은평구,신사2동,서울특별시 은평구 신사2동
은평구,신사동,뉴월드,신사1동,은평구,신사2동,서울특별시 은평구 신사2동
은평구,신사동,다원그린,신사1동,은평구,신사2동,서울특별시 은평구 신사2동
은평구,신사동,대광,신사1동,은평구,신사1동,서울특별시 은평구 신사1동
은평구,신사동,대운,신사1동,은평구,신사1동,서울특별시 은평구 신사1동
은평구,신사동,대주파크빌,신사1동,은평구,신사2동,서울특별시 은평구 신사2동
은평구,신사동,덕산,신사1동,은평구,신사1동,서울특별시 은평구 신사1동
은평구,신사동,라이프씨티,신사1동,은평구,신사1동,서울특별시 은평구 신사1동
은평구,신사동,린든빌(29-26),신사1동,은평구,신사1동,서울특별시 은평구 신사1동
은평구,신사동,명남(200-16),신사1동,은평구,신사2동,서울특별시 은평구 신사2동
은평구,신사동,명남(23-45),신사1동,은평구,신사2동,서울특별시 은평구 신사2동
은평구,신사동,명남더블레스(19-162),신사1동,은평구,신사2동,서울특별시 은평구 신사2동
은평구,신사동,명남더블레스(39-19),신사1동,은평구,신사2동,서울특별시 은평구 신사2동
은평구,신사동,명남더블레스(39-4),신사1동,은평구,신사2동,서울특별시 은평구 신사2동
은평구,신사동,명진(200-115),신사1동,은평구,신사2동,서울특별시 은평구 신사2동
은평구,신사동,명진(348-7),신사1동,은평구,신사2동,서울특별시 은평구 신사2동
은평구,신사동,미래하임(아파트),신사1동,은평구,신사2동,서울특별시 은평구 신사2동
은평구,신사동,미성,신사1동,은평구,신사2동,서울특별시 은평구 신사2동
은평구,신사동,벨로스아파트,신사1동,은평구,신사2동,서울특별시 은평구 신사2동
은평구,신사동,부흥아파트(33-10),신사1동,은평구,신사1동,서울특별시 은평구 신사1동
은평구,신사동,삼부,신사1동,은평구,신사1동,서울특별시 은평구 신사1동
은평구,신사동,새한,신사1동,은평구,신사1동,서울특별시 은평구 신사1동
은평구,신사동,선정(348-12),신사1동,은평구,신사2동,서울특별시 은평구 신사2동
은평구,신사동,선정(35-2),신사1동,은평구,신사2동,서울특별시 은평구 신사2동
은평구,신사동,성현,신사1동,은평구,신사2동,서울특별시 은평구 신사2동
은평구,신사동,세민하이파크,신사1동,은평구,신사2동,서울특별시 은평구 신사2동
은평구,신사동,승윤노블리안,신사1동,은평구,신사1동,서울특별시 은평구 신사1동
은평구,신사동,신사동한신휴플러스,신사1동,은평구,신사1동,서울특별시 은평구 신사1동
은평구,신사동,신사성원,신사1동,은평구,신사1동,서울특별시 은평구 신사1동
은평구,신사동,신사씨티,신사1동,은평구,신사1동,서울특별시 은평구 신사1동
은평구,신사동,신사코아,신사1동,은평구,신사1동,서울특별시 은평구 신사1동
은평구,신사동,신선,신사1동,은평구,신사1동,서울특별시 은평구 신사1동
은평구,신사동,신성,신사1동,은평구,신사2동,서울특별시 은평구 신사2동
은평구,신사동,신성수정,신사1동,은평구,신사2동,서울특별시 은평구 신사2동
은평구,신사동,신아,신사1동,은평구,신사1동,서울특별시 은평구 신사1동
은평구,신사동,신현,신사1동,은평구,신사2동,서울특별시 은평구 신사2동
은평구,신사동,양지파크,신사1동,은평구,신사2동,서울특별시 은평구 신사2동
은평구,신사동,에코벨리,신사1동,은평구,신사1동,서울특별시 은평구 신사1동
은평구,신사동,연세,신사1동,은평구,신사1동,서울특별시 은평구 신사1동
은평구,신사동,예성그린,신사1동,은평구,신사2동,서울특별시 은평구 신사2동
은평구,신사동,예승,신사1동,은평구,신사2동,서울특별시 은평구 신사2동
은평구,신사동,우공101동,신사1동,은평구,신사1동,서울특별시 은평구 신사1동
은평구,신사동,유성,신사1동,은평구,신사1동,서울특별시 은평구 신사1동
은평구,신사동,유한베스트빌,신사1동,은평구,신사1동,서울특별시 은평구 신사1동
은평구,신사동,은평신사두산위브,신사1동,은평구,신사1동,서울특별시 은평구 신사1동
은평구,신사동,은평신사두산위브2차,신사1동,은평구,신사1동,서울특별시 은평구 신사1동
은평구,신사동,응암역효성해링턴플레이스,신사1동,은평구,신사1동,서울특별시 은평구 신사1동
은평구,신사동,이랜드타운아파트,신사1동,은평구,신사2동,서울특별시 은평구 신사2동
은평구,신사동,임탑(12-1)100동,신사1동,은평구,신사1동,서울특별시 은평구 신사1동
은평구,신사동,임탑(364)101동,신사1동,은평구,신사1동,서울특별시 은평구 신사1동
은평구,신사동,정명네스트,신사1동,은평구,신사1동,서울특별시 은평구 신사1동
은평구,신사동,정은노블스A,신사1동,은평구,신사1동,서울특별시 은평구 신사1동
은평구,신사동,정은노블스B,신사1동,은평구,신사1동,서울특별시 은평구 신사1동
은평구,신사동,청운,신사1동,은평구,신사1동,서울특별시 은평구 신사1동
은평구,신사동,청운제일(362-0),신사1동,은평구,신사1동,서울특별시 은평구 신사1동
은평구,신사동,테마빌2,신사1동,은평구,신사2동,서울특별시 은평구 신사2동
은평구,신사동,현대1,신사1동,은평구,구산동,서울특별시 은평구 구산동
은평구,신사동,현대2,신사1동,은평구,신사1동,서울특별시 은평구 신사1동
은평구,신사동,형진,신사1동,은평구,신사1동,서울특별시 은평구 신사1동
은평구,신사동,홍익,신사1동,은평구,신사1동,서울특별시 은평구 신사1동
은평구,신사동,회림,신사1동,은평구,신사2동,서울특별시 은평구 신사2동
은평구,역촌동,SM벨리체,역촌동,은평구,역촌동,서울특별시 은평구 역촌동
은평구,역촌동,개성팰리스,역촌동,은평구,구산동,서울특별시 은평구 구산동
은평구,역촌동,거성리젠시,역촌동,은평구,역촌동,서울특별시 은평구 역촌동
은평구,역촌동,거성리젠시2차,역촌동,은평구,역촌동,서울특별시 은평구 역촌동
은평구,역촌동,건우샹그리라,역촌동,은평구,역촌동,서울특별시 은평구 역촌동
은평구,역촌동,고도아파트,역촌동,은평구,대조동,서울특별시 은평구 대조동
은평구,역촌동,궁전,역촌동,은평구,역촌동,서울특별시 은평구 역촌동
은평구,역촌동,귀빈,역촌동,은평구,역촌동,서울특별시 은평구 역촌동
은평구,역촌동,뉴캐슬,역촌동,은평구,역촌동,서울특별시 은평구 역촌동
은평구,역촌동,더-위일이노펠리체,역촌동,은평구,역촌동,서울특별시 은평구 역촌동
은평구,역촌동,도올탑스텔,역촌동,은평구,역촌동,서울특별시 은평구 역촌동
은평구,역촌동,두성,역촌동,은평구,역촌동,서울특별시 은평구 역촌동
은평구,역촌동,두성아파트,역촌동,은평구,역촌동,서울특별시 은평구 역촌동
은평구,역촌동,디딤빌아파트,역촌동,은평구,역촌동,서울특별시 은평구 역촌동
은평구,역촌동,디케이,역촌동,은평구,역촌동,서울특별시 은평구 역촌동
은평구,역촌동,라움,역촌동,은평구,역촌동,서울특별시 은평구 역촌동
은평구,역촌동,리더스파크,역촌동,은평구,신사1동,서울특별시 은평구 신사1동
은평구,역촌동,만민라이프,역촌동,은평구,구산동,서울특별시 은평구 구산동
은평구,역촌동,만민라이프(A동),역촌동,은평구,구산동,서울특별시 은평구 구산동
은평구,역촌동,만민라이프(B동),역촌동,은평구,구산동,서울특별시 은평구 구산동
은평구,역촌동,만민하늘애2차,역촌동,은평구,역촌동,서울특별시 은평구 역촌동
은평구,역촌동,명남뉴,역촌동,은평구,역촌동,서울특별시 은평구 역촌동
은평구,역촌동,명남뉴(32-3),역촌동,은평구,역촌동,서울특별시 은평구 역촌동
은평구,역촌동,명남뉴아파트,역촌동,은평구,역촌동,서울특별시 은평구 역촌동
은평구,역촌동,무궁화,역촌동,은평구,역촌동,서울특별시 은평구 역촌동
은평구,역촌동,미랜드,역촌동,은평구,역촌동,서울특별시 은평구 역촌동
은평구,역촌동,부호(101동),역촌동,은평구,역촌동,서울특별시 은평구 역촌동
은평구,역촌동,부호(102동),역촌동,은평구,역촌동,서울특별시 은평구 역촌동
은평구,역촌동,부호(103동),역촌동,은평구,역촌동,서울특별시 은평구 역촌동
은평구,역촌동,서안,역촌동,은평구,역촌동,서울특별시 은평구 역촌동
은평구,역촌동,센타폴리스,역촌동,은평구,역촌동,서울특별시 은평구 역촌동
은평구,역촌동,센트레빌아스테리움시그니처,역촌동,은평구,역촌동,서울특별시 은평구 역촌동
은평구,역촌동,소망,역촌동,은평구,역촌동,서울특별시 은평구 역촌동
은평구,역촌동,솔빛,역촌동,은평구,역촌동,서울특별시 은평구 역촌동
은평구,역촌동,신아굿모닝,역촌동,은평구,역촌동,서울특별시 은평구 역촌동
은평구,역촌동,신아굿모닝(40-55),역촌동,은평구,역촌동,서울특별시 은평구 역촌동
은평구,역촌동,신아굿모닝(64-15),역촌동,은평구,역촌동,서울특별시 은평구 역촌동
은평구,역촌동,아그네스풍림아이원,역촌동,은평구,역촌동,서울특별시 은평구 역촌동
은평구,역촌동,아이언,역촌동,은평구,역촌동,서울특별시 은평구 역촌동
은평구,역촌동,에버그린,역촌동,은평구,역촌동,서울특별시 은평구 역촌동
은평구,역촌동,엔에스,역촌동,은평구,역촌동,서울특별시 은평구 역촌동
은평구,역촌동,역산미르빌,역촌동,은평구,역촌동,서울특별시 은평구 역촌동
은평구,역촌동,역촌,역촌동,은평구,역촌동,서울특별시 은평구 역촌동
은평구,역촌동,역촌빌라트,역촌동,은평구,역촌동,서울특별시 은평구 역촌동
은평구,역촌동,역촌센트레빌,역촌동,은평구,역촌동,서울특별시 은평구 역촌동
은평구,역촌동,역촌월드,역촌동,은평구,역촌동,서울특별시 은평구 역촌동
은평구,역촌동,연리지,역촌동,은평구,역촌동,서울특별시 은평구 역촌동
은평구,역촌동,예승,역촌동,은평구,역촌동,서울특별시 은평구 역촌동
은평구,역촌동,예청,역촌동,은평구,역촌동,서울특별시 은평구 역촌동
은평구,역촌동,월드,역촌동,은평구,역촌동,서울특별시 은평구 역촌동
은평구,역촌동,위산엘리시움,역촌동,은평구,역촌동,서울특별시 은평구 역촌동
은평구,역촌동,진주하이츠(10-89),역촌동,은평구,역촌동,서울특별시 은평구 역촌동
은평구,역촌동,진주하이츠2차,역촌동,은평구,역촌동,서울특별시 은평구 역촌동
은평구,역촌동,청우참조은,역촌동,은평구,역촌동,서울특별시 은평구 역촌동
은평구,역촌동,청운퀸즈,역촌동,은평구,역촌동,서울특별시 은평구 역촌동
은평구,역촌동,코아,역촌동,은평구,역촌동,서울특별시 은평구 역촌동
은평구,역촌동,태경맨션,역촌동,은평구,역촌동,서울특별시 은평구 역촌동
은평구,역촌동,푸른솔,역촌동,은평구,역촌동,서울특별시 은평구 역촌동
은평구,역촌동,프라우드아파트,역촌동,은평구,역촌동,서울특별시 은평구 역촌동
은평구,역촌동,하늘애,역촌동,은평구,역촌동,서울특별시 은평구 역촌동
은평구,역촌동,한국리치빌,역촌동,은평구,역촌동,서울특별시 은평구 역촌동
은평구,역촌동,한명딩크,역촌동,은평구,역촌동,서울특별시 은평구 역촌동
은평구,역촌동,현대타운,역촌동,은평구,역촌동,서울특별시 은평구 역촌동
은평구,역촌동,혜승밸라지오,역촌동,은평구,역촌동,서울특별시 은평구 역촌동
은평구,응암동,e편한세상백련산,응암1동,은평구,응암2동,서울특별시 은평구 응암2동
은평구,응암동,거장메카,응암1동,은평구,응암1동,서울특별시 은평구 응암1동
은평구,응암동,거장메카(116-22),응암1동,은평구,응암1동,서울특별시 은평구 응암1동
은평구,응암동,경남,응암1동,은평구,응암3동,서울특별시 은평구 응암3동
은평구,응암동,경원파발리안,응암1동,은평구,응암1동,서울특별시 은평구 응암1동
은평구,응암동,경향렉스빌,응암1동,은평구,응암1동,서울특별시 은평구 응암1동
은평구,응암동,길훈,응암1동,은평구,응암3동,서울특별시 은평구 응암3동
은평구,응암동,남광쉐르빌,응암1동,은평구,응암1동,서울특별시 은평구 응암1동
은평구,응암동,남청파인힐,응암1동,은평구,응암3동,서울특별시 은평구 응암3동
은평구,응암동,녹번역e편한세상캐슬,응암1동,은평구,응암1동,서울특별시 은평구 응암1동
은평구,응암동,녹번역센트레빌,응암1동,은평구,응암1동,서울특별시 은평구 응암1동
은평구,응암동,뉴월드(240-63),응암1동,은평구,응암3동,서울특별시 은평구 응암3동
은평구,응암동,뉴월드(402-112),응암1동,은평구,응암3동,서울특별시 은평구 응암3동
은평구,응암동,뉴월드(402-120),응암1동,은평구,응암3동,서울특별시 은평구 응암3동
은평구,응암동,뉴월드(402-42),응암1동,은평구,응암3동,서울특별시 은평구 응암3동
은평구,응암동,뉴월드(403-32),응암1동,은평구,응암3동,서울특별시 은평구 응암3동
은평구,응암동,다원,응암1동,은평구,응암1동,서울특별시 은평구 응암1동
은평구,응암동,다원(107-4),응암1동,은평구,응암1동,서울특별시 은평구 응암1동
은평구,응암동,대운브랜뉴,응암1동,은평구,응암1동,서울특별시 은평구 응암1동
은평구,응암동,대주피오레,응암1동,은평구,응암2동,서울특별시 은평구 응암2동
은평구,응암동,더위일,응암1동,은평구,응암1동,서울특별시 은평구 응암1동
은평구,응암동,드림캐시아1,응암1동,은평구,응암2동,서울특별시 은평구 응암2동
은평구,응암동,드림캐시아2,응암1동,은평구,응암2동,서울특별시 은평구 응암2동
은평구,응암동,디우아르떼,응암1동,은평구,응암3동,서울특별시 은평구 응암3동
은평구,응암동,마이유,응암1동,은평구,응암3동,서울특별시 은평구 응암3동
은평구,응암동,메트로럭스,응암1동,은평구,응암1동,서울특별시 은평구 응암1동
은평구,응암동,명남더블레스,응암1동,은평구,응암3동,서울특별시 은평구 응암3동
은평구,응암동,명남래희안(122-4),응암1동,은평구,응암3동,서울특별시 은평구 응암3동
은평구,응암동,명남스카이뷰,응암1동,은평구,응암3동,서울특별시 은평구 응암3동
은평구,응암동,명진,응암1동,은평구,응암2동,서울특별시 은평구 응암2동
은평구,응암동,모아(365-35),응암1동,은평구,응암1동,서울특별시 은평구 응암1동
은평구,응암동,모아아파트,응암1동,은평구,응암1동,서울특별시 은평구 응암1동
은평구,응암동,미소세상,응암1동,은평구,응암1동,서울특별시 은평구 응암1동
은평구,응암동,밝은문,응암1동,은평구,응암2동,서울특별시 은평구 응암2동
은평구,응암동,백련산에스케이뷰아이파크,응암1동,은평구,응암2동,서울특별시 은평구 응암2동
은평구,응암동,백련산파크자이,응암1동,은평구,응암2동,서울특별시 은평구 응암2동
은평구,응암동,백련산해모로,응암1동,은평구,응암2동,서울특별시 은평구 응암2동
은평구,응암동,백련산힐스테이트1차,응암1동,은평구,응암2동,서울특별시 은평구 응암2동
은평구,응암동,백련산힐스테이트2차,응암1동,은평구,응암2동,서울특별시 은평구 응암2동
은평구,응암동,백련산힐스테이트3차,응암1동,은평구,응암2동,서울특별시 은평구 응암2동
은평구,응암동,백련산힐스테이트4차,응암1동,은평구,응암2동,서울특별시 은평구 응암2동
은평구,응암동,벧엘블레스빌,응암1동,은평구,응암3동,서울특별시 은평구 응암3동
은평구,응암동,삼영N-CITY,응암1동,은평구,응암1동,서울특별시 은평구 응암1동
은평구,응암동,삼영노블레스,응암1동,은평구,응암1동,서울특별시 은평구 응암1동
은평구,응암동,삼흥리치,응암1동,은평구,응암1동,서울특별시 은평구 응암1동
은평구,응암동,상아,응암1동,은평구,응암1동,서울특별시 은평구 응암1동
은평구,응암동,서강스카이빌,응암1동,은평구,응암1동,서울특별시 은평구 응암1동
은평구,응암동,서강스카이빌2,응암1동,은평구,응암1동,서울특별시 은평구 응암1동
은평구,응암동,서강스카이빌3(116-24),응암1동,은평구,응암1동,서울특별시 은평구 응암1동
은평구,응암동,서안에이스,응암1동,은평구,응암1동,서울특별시 은평구 응암1동
은평구,응암동,세종레디안,응암1동,은평구,응암3동,서울특별시 은평구 응암3동
은평구,응암동,신동아,응암1동,은평구,응암1동,서울특별시 은평구 응암1동
은평구,응암동,신진뉴캐슬,응암1동,은평구,응암1동,서울특별시 은평구 응암1동
은평구,응암동,신현대,응암1동,은평구,응암1동,서울특별시 은평구 응암1동
은평구,응암동,아르지움주상복합,응암1동,은평구,응암3동,서울특별시 은평구 응암3동
은평구,응암동,애필리움,응암1동,은평구,응암3동,서울특별시 은평구 응암3동
은평구,응암동,에버그린,응암1동,은평구,역촌동,서울특별시 은평구 역촌동
은평구,응암동,엘엔씨레반트,응암1동,은평구,응암2동,서울특별시 은평구 응암2동
은평구,응암동,역산아이지아,응암1동,은평구,응암1동,서울특별시 은평구 응암1동
은평구,응암동,예승,응암1동,은평구,응암1동,서울특별시 은평구 응암1동
은평구,응암동,예청A,응암1동,은평구,응암3동,서울특별시 은평구 응암3동
은평구,응암동,예청B,응암1동,은평구,응암3동,서울특별시 은평구 응암3동
은평구,응암동,우리스페이스(113-28),응암1동,은평구,응암1동,서울특별시 은평구 응암1동
은평구,응암동,우성,응암1동,은평구,응암3동,서울특별시 은평구 응암3동
은평구,응암동,월드빌(120-10),응암1동,은평구,응암3동,서울특별시 은평구 응암3동
은평구,응암동,월드빌(120-5),응암1동,은평구,응암3동,서울특별시 은평구 응암3동
은평구,응암동,월드빌(120-6),응암1동,은평구,응암3동,서울특별시 은평구 응암3동
은평구,응암동,월드빌(120-9),응암1동,은평구,응암3동,서울특별시 은평구 응암3동
은평구,응암동,위산일리온시티,응암1동,은평구,응암1동,서울특별시 은평구 응암1동
은평구,응암동,유성아이비,응암1동,은평구,응암3동,서울특별시 은평구 응암3동
은평구,응암동,유성아이비아파트,응암1동,은평구,응암3동,서울특별시 은평구 응암3동
은평구,응암동,응암동금호,응암1동,은평구,응암1동,서울특별시 은평구 응암1동
은평구,응암동,응암아네스트,응암1동,은평구,응암1동,서울특별시 은평구 응암1동
은평구,응암동,응암푸르지오,응암1동,은평구,응암1동,서울특별시 은평구 응암1동
은평구,응암동,응암하이포롬,응암1동,은평구,응암1동,서울특별시 은평구 응암1동
은평구,응암동,자선메르시안(115),응암1동,은평구,응암2동,서울특별시 은평구 응암2동
은평구,응암동,자선메르시안(118-62),응암1동,은평구,응암2동,서울특별시 은평구 응암2동
은평구,응암동,자선메르시안(119-15),응암1동,은평구,응암2동,서울특별시 은평구 응암2동
은평구,응암동,자선메르시안(400),응암1동,은평구,응암2동,서울특별시 은평구 응암2동
은평구,응암동,자선메르시안101동(123-26),응암1동,은평구,응암2동,서울특별시 은평구 응암2동
은평구,응암동,자선메르시안102동(123-25),응암1동,은평구,응암2동,서울특별시 은평구 응암2동
은평구,응암동,재연,응암1동,은평구,응암3동,서울특별시 은평구 응암3동
은평구,응암동,조이팰리스(90-23),응암1동,은평구,응암1동,서울특별시 은평구 응암1동
은평구,응암동,진흥펠리체,응암1동,은평구,응암1동,서울특별시 은평구 응암1동
은평구,응암동,청록,응암1동,은평구,응암2동,서울특별시 은평구 응암2동
은평구,응암동,청송아파트,응암1동,은평구,응암1동,서울특별시 은평구 응암1동
은평구,응암동,청안파인,응암1동,은평구,응암2동,서울특별시 은평구 응암2동
은평구,응암동,펠리시티,응암1동,은평구,응암1동,서울특별시 은평구 응암1동
은평구,응암동,푸른숲,응암1동,은평구,응암2동,서울특별시 은평구 응암2동
은평구,응암동,프라임팰리스,응암1동,은평구,응암1동,서울특별시 은평구 응암1동
은평구,응암동,해태드림타운,응암1동,은평구,응암1동,서울특별시 은평구 응암1동
은평구,응암동,힐스테이트녹번역,응암1동,은평구,응암1동,서울특별시 은평구 응암1동
은평구,증산동,DMC덕원,증산동,은평구,증산동,서울특별시 은평구 증산동
은평구,증산동,DMC문영퀸즈파크아파트,증산동,은평구,증산동,서울특별시 은평구 증산동
은평구,증산동,DMC센트럴자이(1단지),증산동,은평구,증산동,서울특별시 은평구 증산동
은평구,증산동,DMC센트럴자이(2단지),증산동,은평구,증산동,서울특별시 은평구 증산동
은평구,증산동,DMC센트럴자이(3단지),증산동,은평구,증산동,서울특별시 은평구 증산동
은평구,증산동,DMC센트럴자이(4단지),증산동,은평구,증산동,서울특별시 은평구 증산동
은평구,증산동,DMC우방,증산동,은평구,증산동,서울특별시 은평구 증산동
은평구,증산동,DMC월드,증산동,은평구,증산동,서울특별시 은평구 증산동
은평구,증산동,DMC자이2단지,증산동,은평구,증산동,서울특별시 은평구 증산동
은평구,증산동,네르비,증산동,은평구,증산동,서울특별시 은평구 증산동
은평구,증산동,두산위브,증산동,은평구,증산동,서울특별시 은평구 증산동
은평구,증산동,두성,증산동,은평구,증산동,서울특별시 은평구 증산동
은평구,증산동,디오반,증산동,은평구,증산동,서울특별시 은평구 증산동
은평구,증산동,럭스빌(101동),증산동,은평구,증산동,서울특별시 은평구 증산동
은평구,증산동,럭스빌(102동),증산동,은평구,증산동,서울특별시 은평구 증산동
은평구,증산동,명남태봉,증산동,은평구,증산동,서울특별시 은평구 증산동
은평구,증산동,목화,증산동,은평구,증산동,서울특별시 은평구 증산동
은평구,증산동,문영마운틴(167-1),증산동,은평구,증산동,서울특별시 은평구 증산동
은평구,증산동,미그린,증산동,은평구,증산동,서울특별시 은평구 증산동
은평구,증산동,베로니스,증산동,은평구,증산동,서울특별시 은평구 증산동
은평구,증산동,삼성베스트빌,증산동,은평구,증산동,서울특별시 은평구 증산동
은평구,증산동,선정(177),증산동,은평구,증산동,서울특별시 은평구 증산동
은평구,증산동,선정(178),증산동,은평구,증산동,서울특별시 은평구 증산동
은평구,증산동,월드메르시안(179-8),증산동,은평구,증산동,서울특별시 은평구 증산동
은평구,증산동,월드메르시안(179-9),증산동,은평구,증산동,서울특별시 은평구 증산동
은평구,증산동,인우,증산동,은평구,증산동,서울특별시 은평구 증산동
은평구,증산동,자산메르시안(164-31),증산동,은평구,증산동,서울특별시 은평구 증산동
은평구,증산동,자선메르시안(101),증산동,은평구,증산동,서울특별시 은평구 증산동
은평구,증산동,자선메르시안(102),증산동,은평구,증산동,서울특별시 은평구 증산동
은평구,증산동,자선메르시안(103),증산동,은평구,증산동,서울특별시 은평구 증산동
은평구,증산동,자선메르시안(162-18),증산동,은평구,증산동,서울특별시 은평구 증산동
은평구,증산동,자선메르시안(162-20),증산동,은평구,증산동,서울특별시 은평구 증산동
은평구,증산동,자선메르시안(162-21),증산동,은평구,증산동,서울특별시 은평구 증산동
은평구,증산동,자선메르시안(164-17),증산동,은평구,증산동,서울특별시 은평구 증산동
은평구,증산동,자선메르시안(193),증산동,은평구,증산동,서울특별시 은평구 증산동
은평구,증산동,증산중앙하이츠,증산동,은평구,증산동,서울특별시 은평구 증산동
은평구,증산동,청록,증산동,은평구,증산동,서울특별시 은평구 증산동
은평구,증산동,청운,증산동,은평구,증산동,서울특별시 은평구 증산동
은평구,증산동,칠산(185-2),증산동,은평구,증산동,서울특별시 은평구 증산동
은평구,증산동,태광,증산동,은평구,증산동,서울특별시 은평구 증산동
은평구,진관동,구파발10단지어울림(1011~1019동)BL3-1,진관동,은평구,진관동,서울특별시 은평구 진관동
은평구,진관동,구파발9단지래미안(916~928동)BL3-2,진관동,은평구,진관동,서울특별시 은평구 진관동
은평구,진관동,마고정3단지센트레빌(301~309동)BL2-11,진관동,은평구,진관동,서울특별시 은평구 진관동
은평구,진관동,마고정3단지센트레빌(310~322동)BL2-3,진관동,은평구,진관동,서울특별시 은평구 진관동
은평구,진관동,마고정3단지센트레빌(323~335동)BL2-2,진관동,은평구,진관동,서울특별시 은평구 진관동
은평구,진관동,박석고개1단지힐스테이트(101~111동)BL2-12,진관동,은평구,진관동,서울특별시 은평구 진관동
은평구,진관동,박석고개1단지힐스테이트(112~115동)BL2-13,진관동,은평구,진관동,서울특별시 은평구 진관동
은평구,진관동,박석고개1단지힐스테이트(116~131동)BL2-1,진관동,은평구,진관동,서울특별시 은평구 진관동
은평구,진관동,상림마을6단지푸르지오(601~605동)BL1-8,진관동,은평구,진관동,서울특별시 은평구 진관동
은평구,진관동,상림마을6단지푸르지오(606~614동)BL1-7,진관동,은평구,진관동,서울특별시 은평구 진관동
은평구,진관동,상림마을6단지푸르지오(615~621동)BL1-6,진관동,은평구,진관동,서울특별시 은평구 진관동
은평구,진관동,상림마을6단지푸르지오(622~629동)BL1-5,진관동,은평구,진관동,서울특별시 은평구 진관동
은평구,진관동,상림마을7단지아이파크(702~705동)BL1-4,진관동,은평구,진관동,서울특별시 은평구 진관동
은평구,진관동,상림마을7단지아이파크(706~708동)BL1-3,진관동,은평구,진관동,서울특별시 은평구 진관동
은평구,진관동,상림마을7단지아이파크(709~712동)BL1-10,진관동,은평구,진관동,서울특별시 은평구 진관동
은평구,진관동,상림마을7단지아이파크(713~718동)BL1-11,진관동,은평구,진관동,서울특별시 은평구 진관동
은평구,진관동,상림마을7단지아이파크(719~729동)BL1-13,진관동,은평구,진관동,서울특별시 은평구 진관동
은평구,진관동,상림마을7단지아이파크(730~742동)BL1-14,진관동,은평구,진관동,서울특별시 은평구 진관동
은평구,진관동,상림마을8단지롯데캐슬(801~809동)BL1-2,진관동,은평구,진관동,서울특별시 은평구 진관동
은평구,진관동,상림마을8단지롯데캐슬(810~820동)BL1-1,진관동,은평구,진관동,서울특별시 은평구 진관동
은평구,진관동,상림마을8단지롯데캐슬(821~830동)BL1-12,진관동,은평구,진관동,서울특별시 은평구 진관동
은평구,진관동,우물골2단지두산위브(201~203동)BL2-4,진관동,은평구,진관동,서울특별시 은평구 진관동
은평구,진관동,우물골2단지두산위브(204~208동)BL2-5,진관동,은평구,진관동,서울특별시 은평구 진관동
은평구,진관동,우물골2단지두산위브(209~222동)BL2-8,진관동,은평구,진관동,서울특별시 은평구 진관동
은평구,진관동,우물골2단지두산위브(223~244동)BL2-7,진관동,은평구,진관동,서울특별시 은평구 진관동
은평구,진관동,우물골2단지두산위브(245~255동)BL2-6,진관동,은평구,진관동,서울특별시 은평구 진관동
은평구,진관동,은평뉴타운 제각말 푸르지오(5-1단지),진관동,은평구,진관동,서울특별시 은평구 진관동
은평구,진관동,은평뉴타운 제각말 푸르지오(5-2단지),진관동,은평구,진관동,서울특별시 은평구 진관동
은평구,진관동,은평뉴타운 제각말 푸르지오(5-3단지),진관동,은평구,진관동,서울특별시 은평구 진관동
은평구,진관동,은평뉴타운 제각말 푸르지오(5-4단지),진관동,은평구,진관동,서울특별시 은평구 진관동
은평구,진관동,은평뉴타운기자촌11단지,진관동,은평구,진관동,서울특별시 은평구 진관동
은평구,진관동,은평뉴타운꿈에그린,진관동,은평구,진관동,서울특별시 은평구 진관동
은평구,진관동,은평뉴타운솔하임,진관동,은평구,진관동,서울특별시 은평구 진관동
은평구,진관동,은평뉴타운엘크루,진관동,은평구,진관동,서울특별시 은평구 진관동
은평구,진관동,은평스카이뷰자이,진관동,은평구,진관동,서울특별시 은평구 진관동
은평구,진관동,폭포동4단지힐스테이트(408~422동)BL3-9,진관동,은평구,진관동,서울특별시 은평구 진관동
은평구,진관동,폭포동4단지힐스테이트(423~425동)BL3-10,진관동,은평구,진관동,서울특별시 은평구 진관동
은평구,진관동,폭포동4단지힐스테이트(426~428동)BL3-11,진관동,은평구,진관동,서울특별시 은평구 진관동
은평구,진관동,힐데스하임,진관동,은평구,진관동,서울특별시 은평구 진관동
종로구,견지동,대성스카이렉스,종로1·2·3·4가동,종로구,종로1·2·3·4가동,서울특별시 종로구 종로1·2·3·4가동
종로구,교북동,경희궁자이(4단지),교남동,종로구,교남동,서울특별시 종로구 교남동
종로구,교북동,동아,교남동,종로구,교남동,서울특별시 종로구 교남동
종로구,구기동,렉스팰리스,평창동,종로구,평창동,서울특별시 종로구 평창동
종로구,구기동,마운틴뷰,평창동,종로구,평창동,서울특별시 종로구 평창동
종로구,구기동,포시즌,평창동,종로구,평창동,서울특별시 종로구 평창동
종로구,내수동,경희궁의아침2단지,사직동,종로구,사직동,서울특별시 종로구 사직동
종로구,내수동,경희궁의아침3단지,사직동,종로구,사직동,서울특별시 종로구 사직동
종로구,내수동,경희궁의아침4단지,사직동,종로구,사직동,서울특별시 종로구 사직동
종로구,내수동,경희궁파크팰리스,사직동,종로구,사직동,서울특별시 종로구 사직동
종로구,내수동,세종로대우,사직동,종로구,사직동,서울특별시 종로구 사직동
종로구,내수동,킹스매너,사직동,종로구,사직동,서울특별시 종로구 사직동
종로구,누상동,청호그린빌,청운효자동,종로구,청운효자동,서울특별시 종로구 청운효자동
종로구,당주동,롯데미도파광화문빌딩,사직동,종로구,사직동,서울특별시 종로구 사직동
종로구,당주동,세종,사직동,종로구,사직동,서울특별시 종로구 사직동
종로구,동숭동,동성아파트(1동),숭인1동,종로구,이화동,서울특별시 종로구 이화동
종로구,동숭동,동성아파트(2동),숭인1동,종로구,이화동,서울특별시 종로구 이화동
종로구,명륜1가,건양하늘터,혜화동,종로구,혜화동,서울특별시 종로구 혜화동
종로구,명륜1가,렉스빌,혜화동,종로구,혜화동,서울특별시 종로구 혜화동
종로구,명륜1가,리치캐슬아파트,혜화동,종로구,혜화동,서울특별시 종로구 혜화동
종로구,명륜1가,방산아파트,혜화동,종로구,혜화동,서울특별시 종로구 혜화동
종로구,명륜1가,송림아마레스아파트,혜화동,종로구,혜화동,서울특별시 종로구 혜화동
종로구,명륜1가,아미레스아파트,혜화동,종로구,혜화동,서울특별시 종로구 혜화동
종로구,명륜2가,명륜동주상복합아남아파트,혜화동,종로구,혜화동,서울특별시 종로구 혜화동
종로구,명륜2가,아남1,혜화동,종로구,혜화동,서울특별시 종로구 혜화동
종로구,명륜2가,아남2,혜화동,종로구,혜화동,서울특별시 종로구 혜화동
종로구,명륜3가,(1-102),혜화동,종로구,혜화동,서울특별시 종로구 혜화동
종로구,명륜3가,한빛,혜화동,종로구,혜화동,서울특별시 종로구 혜화동
종로구,무악동,경희궁롯데캐슬,무악동,종로구,무악동,서울특별시 종로구 무악동
종로구,무악동,무악다온채,무악동,종로구,무악동,서울특별시 종로구 무악동
종로구,무악동,인왕산2차아이파크,무악동,종로구,무악동,서울특별시 종로구 무악동
종로구,무악동,인왕산아이파크,무악동,종로구,무악동,서울특별시 종로구 무악동
종로구,무악동,현대,무악동,종로구,무악동,서울특별시 종로구 무악동
종로구,부암동,별빛고운,부암동,종로구,부암동,서울특별시 종로구 부암동
종로구,부암동,부암스카이뷰,부암동,종로구,부암동,서울특별시 종로구 부암동
종로구,부암동,프라임캐슬(케이빌라트),부암동,종로구,부암동,서울특별시 종로구 부암동
종로구,사직동,광화문스페이스본(101동~105동),사직동,종로구,사직동,서울특별시 종로구 사직동
종로구,사직동,광화문스페이스본(106동),사직동,종로구,사직동,서울특별시 종로구 사직동
종로구,사직동,사직아파트,사직동,종로구,사직동,서울특별시 종로구 사직동
종로구,수송동,로얄팰리스스위트,종로1·2·3·4가동,종로구,종로1·2·3·4가동,서울특별시 종로구 종로1·2·3·4가동
종로구,숭인동,(204-11),숭인1동,종로구,숭인2동,서울특별시 종로구 숭인2동
종로구,숭인동,도시그린빌라,숭인1동,종로구,숭인2동,서울특별시 종로구 숭인2동
종로구,숭인동,"동문(비동,씨동)(494-0)",숭인1동,종로구,숭인2동,서울특별시 종로구 숭인2동
종로구,숭인동,동문A,숭인1동,종로구,숭인2동,서울특별시 종로구 숭인2동
종로구,숭인동,동문타운,숭인1동,종로구,숭인2동,서울특별시 종로구 숭인2동
종로구,숭인동,롯데캐슬천지인,숭인1동,종로구,숭인1동,서울특별시 종로구 숭인1동
종로구,숭인동,버넷하임1,숭인1동,종로구,숭인2동,서울특별시 종로구 숭인2동
종로구,숭인동,블루빌,숭인1동,종로구,숭인2동,서울특별시 종로구 숭인2동
종로구,숭인동,삼전솔하임2차,숭인1동,종로구,숭인2동,서울특별시 종로구 숭인2동
종로구,숭인동,삼전솔하임4차,숭인1동,종로구,창신1동,서울특별시 종로구 창신1동
종로구,숭인동,숭인모범102동,숭인1동,종로구,숭인2동,서울특별시 종로구 숭인2동
종로구,숭인동,숭인모범105동,숭인1동,종로구,숭인2동,서울특별시 종로구 숭인2동
종로구,숭인동,숭인상가,숭인1동,종로구,숭인2동,서울특별시 종로구 숭인2동
종로구,숭인동,숭인한양LEEPS,숭인1동,종로구,숭인2동,서울특별시 종로구 숭인2동
종로구,숭인동,에비뉴청계Ⅰ,숭인1동,종로구,숭인2동,서울특별시 종로구 숭인2동
종로구,숭인동,오성,숭인1동,종로구,숭인2동,서울특별시 종로구 숭인2동
종로구,숭인동,익성씨티하임,숭인1동,종로구,숭인2동,서울특별시 종로구 숭인2동
종로구,숭인동,종로동광모닝스카이,숭인1동,종로구,숭인2동,서울특별시 종로구 숭인2동
종로구,숭인동,종로센트레빌,숭인1동,종로구,숭인1동,서울특별시 종로구 숭인1동
종로구,숭인동,종로아인스빌,숭인1동,종로구,숭인2동,서울특별시 종로구 숭인2동
종로구,숭인동,종로유케이201,숭인1동,종로구,숭인2동,서울특별시 종로구 숭인2동
종로구,숭인동,종로중흥S클래스,숭인1동,종로구,숭인2동,서울특별시 종로구 숭인2동
종로구,숭인동,종로청계힐스테이트,숭인1동,종로구,숭인2동,서울특별시 종로구 숭인2동
종로구,숭인동,주숭보아파트,숭인1동,성북구,보문동,서울특별시 성북구 보문동
종로구,숭인동,탑스빌,숭인1동,종로구,숭인2동,서울특별시 종로구 숭인2동
종로구,숭인동,하림빌라트,숭인1동,종로구,숭인2동,서울특별시 종로구 숭인2동
종로구,숭인동,할리우드파크아파트,숭인1동,성북구,보문동,서울특별시 성북구 보문동
종로구,신교동,신현(101동),청운효자동,종로구,청운효자동,서울특별시 종로구 청운효자동
종로구,신교동,신현(102동),청운효자동,종로구,청운효자동,서울특별시 종로구 청운효자동
종로구,신문로1가,신문로맨션,사직동,종로구,사직동,서울특별시 종로구 사직동
종로구,신문로2가,디팰리스,사직동,중구,소공동,서울특별시 중구 소공동
종로구,연건동,(60-1),이화동,종로구,이화동,서울특별시 종로구 이화동
종로구,연건동,이화에수풀,이화동,종로구,종로5·6가동,서울특별시 종로구 종로5·6가동
종로구,연지동,아르젠종로,종로5·6가동,종로구,종로5·6가동,서울특별시 종로구 종로5·6가동
종로구,연지동,하이텍하우스,종로5·6가동,종로구,종로1·2·3·4가동,서울특별시 종로구 종로1·2·3·4가동
종로구,옥인동,세종아파트,청운효자동,종로구,청운효자동,서울특별시 종로구 청운효자동
종로구,이화동,송림아마레스아파트,이화동,종로구,이화동,서울특별시 종로구 이화동
종로구,익선동,운현신화타워,종로1·2·3·4가동,종로구,종로1·2·3·4가동,서울특별시 종로구 종로1·2·3·4가동
종로구,익선동,현대뜨레비앙,종로1·2·3·4가동,종로구,종로1·2·3·4가동,서울특별시 종로구 종로1·2·3·4가동
종로구,인의동,효성쥬얼리시티,종로1·2·3·4가동,종로구,종로1·2·3·4가동,서울특별시 종로구 종로1·2·3·4가동
종로구,창신동,MID그린(1동),창신1동,종로구,창신2동,서울특별시 종로구 창신2동
종로구,창신동,MID그린(2동),창신1동,종로구,창신2동,서울특별시 종로구 창신2동
종로구,창신동,MID그린(3동),창신1동,종로구,창신2동,서울특별시 종로구 창신2동
종로구,창신동,MID그린(4동),창신1동,종로구,창신2동,서울특별시 종로구 창신2동
종로구,창신동,MID그린(5동),창신1동,종로구,창신2동,서울특별시 종로구 창신2동
종로구,창신동,MID그린(6동),창신1동,종로구,창신2동,서울특별시 종로구 창신2동
종로구,창신동,MID그린(8동),창신1동,종로구,창신2동,서울특별시 종로구 창신2동
종로구,창신동,MID그린(9동),창신1동,종로구,창신2동,서울특별시 종로구 창신2동
종로구,창신동,그린,창신1동,종로구,창신1동,서울특별시 종로구 창신1동
종로구,창신동,덕산,창신1동,종로구,창신2동,서울특별시 종로구 창신2동
종로구,창신동,동대문,창신1동,종로구,창신1동,서울특별시 종로구 창신1동
종로구,창신동,동대문맨션,창신1동,종로구,창신2동,서울특별시 종로구 창신2동
종로구,창신동,동문상가,창신1동,종로구,창신1동,서울특별시 종로구 창신1동
종로구,창신동,두산,창신1동,종로구,창신1동,서울특별시 종로구 창신1동
종로구,창신동,미니,창신1동,종로구,창신1동,서울특별시 종로구 창신1동
종로구,창신동,브라운스톤창신,창신1동,종로구,창신3동,서울특별시 종로구 창신3동
종로구,창신동,삼흥,창신1동,종로구,창신2동,서울특별시 종로구 창신2동
종로구,창신동,성용,창신1동,종로구,창신2동,서울특별시 종로구 창신2동
종로구,창신동,유성,창신1동,종로구,창신2동,서울특별시 종로구 창신2동
종로구,창신동,일우,창신1동,종로구,창신2동,서울특별시 종로구 창신2동
종로구,창신동,창림,창신1동,종로구,창신2동,서울특별시 종로구 창신2동
종로구,창신동,창신쌍용1,창신1동,종로구,창신3동,서울특별시 종로구 창신3동
종로구,창신동,창신쌍용2,창신1동,종로구,창신3동,서울특별시 종로구 창신3동
종로구,창신동,창신이수,창신1동,종로구,창신3동,서울특별시 종로구 창신3동
종로구,창신동,흥인,창신1동,종로구,창신2동,서울특별시 종로구 창신2동
종로구,청운동,청운현대,청운효자동,종로구,청운효자동,서울특별시 종로구 청운효자동
종로구,충신동,CS타워,종로5·6가동,종로구,종로5·6가동,서울특별시 종로구 종로5·6가동
종로구,충신동,힐스테이트창경궁,종로5·6가동,종로구,종로5·6가동,서울특별시 종로구 종로5·6가동
종로구,통인동,효자,청운효자동,종로구,청운효자동,서울특별시 종로구 청운효자동
종로구,평동,경희궁자이(3단지),평창동,종로구,교남동,서울특별시 종로구 교남동
종로구,평창동,갑을아파트,평창동,종로구,평창동,서울특별시 종로구 평창동
종로구,평창동,노블레스빌,평창동,종로구,평창동,서울특별시 종로구 평창동
종로구,평창동,롯데낙천대,평창동,종로구,평창동,서울특별시 종로구 평창동
종로구,평창동,롯데캐슬로잔,평창동,종로구,평창동,서울특별시 종로구 평창동
종로구,평창동,르트랑시망,평창동,종로구,평창동,서울특별시 종로구 평창동
종로구,평창동,밀레니엄,평창동,종로구,평창동,서울특별시 종로구 평창동
종로구,평창동,벽산블루밍평창힐스,평창동,종로구,평창동,서울특별시 종로구 평창동
종로구,평창동,삼성,평창동,종로구,평창동,서울특별시 종로구 평창동
종로구,평창동,엘리시아,평창동,종로구,평창동,서울특별시 종로구 평창동
종로구,평창동,일성빌라트,평창동,종로구,평창동,서울특별시 종로구 평창동
종로구,평창동,크래스빌,평창동,종로구,평창동,서울특별시 종로구 평창동
종로구,평창동,형우럭스빌(33-1),평창동,종로구,평창동,서울특별시 종로구 평창동
종로구,필운동,두레엘리시안,사직동,종로구,사직동,서울특별시 종로구 사직동
종로구,필운동,신동아블루아광화문의꿈,사직동,종로구,사직동,서울특별시 종로구 사직동
종로구,행촌동,대성아파트,교남동,종로구,교남동,서울특별시 종로구 교남동
종로구,혜화동,혜화훼미리,혜화동,종로구,혜화동,서울특별시 종로구 혜화동
종로구,홍파동,경희궁자이(2단지),교남동,종로구,교남동,서울특별시 종로구 교남동
종로구,효제동,이지마루종로,종로5·6가동,종로구,종로5·6가동,서울특별시 종로구 종로5·6가동
종로구,효제동,포레스트힐시티,종로5·6가동,종로구,종로5·6가동,서울특별시 종로구 종로5·6가동
중구,남대문로5가,남산트라팰리스,회현동,중구,회현동,서울특별시 중구 회현동
중구,남산동2가,남산퍼시픽,명동,중구,명동,서울특별시 중구 명동
중구,남창동,경서,회현동,중구,회현동,서울특별시 중구 회현동
중구,만리동1가,LIG서울역리가,중림동,중구,중림동,서울특별시 중구 중림동
중구,만리동1가,SY파크힐,중림동,중구,중림동,서울특별시 중구 중림동
중구,만리동1가,서울역디오빌,중림동,중구,중림동,서울특별시 중구 중림동
중구,만리동2가,서울역센트럴자이,중림동,중구,중림동,서울특별시 중구 중림동
중구,만리동2가,서울역센트럴자이(임대),중림동,중구,중림동,서울특별시 중구 중림동
중구,만리동2가,서울역한라비발디센트럴,중림동,중구,중림동,서울특별시 중구 중림동
중구,묵정동,묵정,필동,중구,필동,서울특별시 중구 필동
중구,묵정동,충무,필동,중구,필동,서울특별시 중구 필동
중구,묵정동,힐스테이트남산,필동,중구,필동,서울특별시 중구 필동
중구,산림동,대림상가,을지로동,중구,을지로동,서울특별시 중구 을지로동
중구,산림동,청계상가,을지로동,중구,을지로동,서울특별시 중구 을지로동
중구,순화동,덕수궁롯데캐슬,소공동,중구,소공동,서울특별시 중구 소공동
중구,순화동,바비엥3,소공동,중구,소공동,서울특별시 중구 소공동
중구,순화동,순화동더샵,소공동,중구,소공동,서울특별시 중구 소공동
중구,신당동,(372-66),신당동,중구,신당동,서울특별시 중구 신당동
중구,신당동,(432-904),신당동,중구,신당동,서울특별시 중구 신당동
중구,신당동,그린빌,신당동,중구,약수동,서울특별시 중구 약수동
중구,신당동,글로리안(A),신당동,중구,다산동,서울특별시 중구 다산동
중구,신당동,글로리안(B),신당동,중구,다산동,서울특별시 중구 다산동
중구,신당동,남산FORESTHOUSE,신당동,중구,약수동,서울특별시 중구 약수동
중구,신당동,남산리젠트힐,신당동,중구,신당동,서울특별시 중구 신당동
중구,신당동,남산정은스카이,신당동,중구,약수동,서울특별시 중구 약수동
중구,신당동,남산타운,신당동,중구,약수동,서울특별시 중구 약수동
중구,신당동,노블레스2,신당동,중구,다산동,서울특별시 중구 다산동
중구,신당동,노블레스하우스,신당동,중구,동화동,서울특별시 중구 동화동
중구,신당동,다다아파트,신당동,중구,다산동,서울특별시 중구 다산동
중구,신당동,다오아트빌,신당동,중구,다산동,서울특별시 중구 다산동
중구,신당동,대성드림,신당동,중구,동화동,서울특별시 중구 동화동
중구,신당동,도현블랑빌,신당동,중구,다산동,서울특별시 중구 다산동
중구,신당동,동산,신당동,중구,청구동,서울특별시 중구 청구동
중구,신당동,동산빌라(2차),신당동,중구,다산동,서울특별시 중구 다산동
중구,신당동,동평화패션타운,신당동,중구,신당동,서울특별시 중구 신당동
중구,신당동,란스미어,신당동,중구,다산동,서울특별시 중구 다산동
중구,신당동,래미안하이베르,신당동,중구,신당5동,서울특별시 중구 신당5동
중구,신당동,마이스터빌,신당동,중구,다산동,서울특별시 중구 다산동
중구,신당동,명경,신당동,중구,다산동,서울특별시 중구 다산동
중구,신당동,명경아트빌,신당동,중구,다산동,서울특별시 중구 다산동
중구,신당동,벨레어카운티,신당동,중구,장충동,서울특별시 중구 장충동
중구,신당동,삼성,신당동,중구,청구동,서울특별시 중구 청구동
중구,신당동,삼성V아파트A동,신당동,중구,동화동,서울특별시 중구 동화동
중구,신당동,삼성홈타운,신당동,중구,동화동,서울특별시 중구 동화동
중구,신당동,성지,신당동,중구,신당동,서울특별시 중구 신당동
중구,신당동,수산타운(2차),신당동,중구,신당동,서울특별시 중구 신당동
중구,신당동,스위스빌라,신당동,중구,약수동,서울특별시 중구 약수동
중구,신당동,신당KCC스위첸,신당동,중구,신당5동,서울특별시 중구 신당5동
중구,신당동,신당동파라다이스,신당동,중구,동화동,서울특별시 중구 동화동
중구,신당동,신당아르브,신당동,중구,신당5동,서울특별시 중구 신당5동
중구,신당동,신당역솔하임,신당동,중구,신당5동,서울특별시 중구 신당5동
중구,신당동,신당푸르지오,신당동,중구,동화동,서울특별시 중구 동화동
중구,신당동,신신(1차),신당동,중구,다산동,서울특별시 중구 다산동
중구,신당동,신신(2차),신당동,중구,다산동,서울특별시 중구 다산동
중구,신당동,약수(372-13),신당동,중구,다산동,서울특별시 중구 다산동
중구,신당동,약수역더시티,신당동,중구,약수동,서울특별시 중구 약수동
중구,신당동,약수하이츠,신당동,중구,청구동,서울특별시 중구 청구동
중구,신당동,우석,신당동,중구,다산동,서울특별시 중구 다산동
중구,신당동,유정,신당동,중구,신당동,서울특별시 중구 신당동
중구,신당동,인성아트빌,신당동,중구,다산동,서울특별시 중구 다산동
중구,신당동,진달래,신당동,중구,청구동,서울특별시 중구 청구동
중구,신당동,청구103동,신당동,중구,청구동,서울특별시 중구 청구동
중구,신당동,청구e편한세상,신당동,중구,동화동,서울특별시 중구 동화동
중구,신당동,청구드림,신당동,중구,동화동,서울특별시 중구 동화동
중구,신당동,청구파크뷰,신당동,중구,동화동,서울특별시 중구 동화동
중구,신당동,초원,신당동,중구,약수동,서울특별시 중구 약수동
중구,신당동,타워,신당동,중구,다산동,서울특별시 중구 다산동
중구,신당동,탑힐,신당동,중구,동화동,서울특별시 중구 동화동
중구,신당동,태원팰리스,신당동,중구,다산동,서울특별시 중구 다산동
중구,신당동,태원팰리스5차(432-1132),신당동,중구,다산동,서울특별시 중구 다산동
중구,신당동,토토타워(5차),신당동,중구,다산동,서울특별시 중구 다산동
중구,신당동,푸른마을(432-921),신당동,중구,다산동,서울특별시 중구 다산동
중구,신당동,푸른마을(B),신당동,중구,다산동,서울특별시 중구 다산동
중구,신당동,프라임1,신당동,중구,다산동,서울특별시 중구 다산동
중구,신당동,프라임2,신당동,중구,다산동,서울특별시 중구 다산동
중구,신당동,하이,신당동,중구,약수동,서울특별시 중구 약수동
중구,신당동,하이1(113-5),신당동,중구,명동,서울특별시 중구 명동
중구,신당동,한진해모로,신당동,성동구,왕십리2동,서울특별시 성동구 왕십리2동
중구,신당동,현대,신당동,중구,동화동,서울특별시 중구 동화동
중구,예장동,예장동삼익,필동,중구,필동,서울특별시 중구 필동
중구,오장동,오렌지카운티을지로,광희동,중구,광희동,서울특별시 중구 광희동
중구,오장동,오장동오팰리오,광희동,중구,광희동,서울특별시 중구 광희동
중구,오장동,이지마루오장,광희동,중구,광희동,서울특별시 중구 광희동
중구,오장동,정석그라시아,광희동,중구,광희동,서울특별시 중구 광희동
중구,을지로5가,삼성파크빌,을지로동,중구,을지로동,서울특별시 중구 을지로동
중구,인현동2가,세운푸르지오헤리시티,광희동,중구,광희동,서울특별시 중구 광희동
중구,인현동2가,인현상가/신성아파트,광희동,중구,광희동,서울특별시 중구 광희동
중구,입정동,힐스테이트세운센트럴1단지,을지로동,중구,을지로동,서울특별시 중구 을지로동
중구,입정동,힐스테이트세운센트럴2단지,을지로동,중구,을지로동,서울특별시 중구 을지로동
중구,장충동1가,상지리츠빌장충동카일룸,장충동,중구,장충동,서울특별시 중구 장충동
중구,장충동1가,장충동라임카운티,장충동,중구,장충동,서울특별시 중구 장충동
중구,장충동1가,장충레지던스,장충동,중구,장충동,서울특별시 중구 장충동
중구,장충동2가,장충,장충동,중구,장충동,서울특별시 중구 장충동
중구,정동,삼정아트테라스정동,소공동,중구,소공동,서울특별시 중구 소공동
중구,정동,정동,소공동,중구,소공동,서울특별시 중구 소공동
중구,중림동,브라운스톤서울,중림동,중구,중림동,서울특별시 중구 중림동
중구,중림동,삼성사이버빌리지,중림동,중구,중림동,서울특별시 중구 중림동
중구,중림동,성요셉,중림동,중구,중림동,서울특별시 중구 중림동
중구,충무로4가,남산센트럴자이,광희동,중구,광희동,서울특별시 중구 광희동
중구,충무로4가,진양상가,광희동,중구,광희동,서울특별시 중구 광희동
중구,충무로5가,이지마루충무로,필동,중구,광희동,서울특별시 중구 광희동
중구,충무로5가,충무로엘크루메크로시티2차,필동,중구,광희동,서울특별시 중구 광희동
중구,충무로5가,충무로헤센스마트,필동,중구,필동,서울특별시 중구 필동
중구,필동1가,하니맨션,필동,중구,필동,서울특별시 중구 필동
중구,필동3가,미주,필동,중구,필동,서울특별시 중구 필동
중구,황학동,(1546-0),황학동,중구,황학동,서울특별시 중구 황학동
중구,황학동,DUO302,황학동,중구,황학동,서울특별시 중구 황학동
중구,황학동,골드캐슬Ⅲ,황학동,중구,황학동,서울특별시 중구 황학동
중구,황학동,그랜드힐오피스텔,황학동,중구,황학동,서울특별시 중구 황학동
중구,황학동,동광팰리스,황학동,중구,황학동,서울특별시 중구 황학동
중구,황학동,롯데캐슬,황학동,중구,황학동,서울특별시 중구 황학동
중구,황학동,신당블루카운티,황학동,중구,황학동,서울특별시 중구 황학동
중구,황학동,위너빌(Winnervill),황학동,중구,황학동,서울특별시 중구 황학동
중구,황학동,중구리버빌,황학동,중구,황학동,서울특별시 중구 황학동
중구,황학동,청계랜드힐아파트,황학동,중구,황학동,서울특별시 중구 황학동
중구,황학동,청계리버팰리스A,황학동,중구,황학동,서울특별시 중구 황학동
중구,황학동,청계리버팰리스B,황학동,중구,황학동,서울특별시 중구 황학동
중구,황학동,한양I-Class,황학동,중구,황학동,서울특별시 중구 황학동
중구,황학동,황학동코아루,황학동,중구,황학동,서울특별시 중구 황학동
중구,황학동,황학아크로타워,황학동,중구,황학동,서울특별시 중구 황학동
중구,회현동1가,SK리더스뷰남산,회현동,중구,회현동,서울특별시 중구 회현동
중구,회현동1가,남산롯데캐슬아이리스,회현동,중구,회현동,서울특별시 중구 회현동
중구,회현동1가,별장,회현동,중구,회현동,서울특별시 중구 회현동
중구,회현동1가,삼풍,회현동,중구,회현동,서울특별시 중구 회현동
중구,회현동1가,이지-빌,회현동,중구,회현동,서울특별시 중구 회현동
중구,회현동1가,평화,회현동,중구,회현동,서울특별시 중구 회현동
중구,회현동2가,쌍용남산플래티넘,회현동,중구,명동,서울특별시 중구 명동
중구,흥인동,동대문솔하임,신당동,중구,신당동,서울특별시 중구 신당동
중구,흥인동,동대문와이즈캐슬,신당동,중구,신당동,서울특별시 중구 신당동
중구,흥인동,우일타운,신당동,중구,신당동,서울특별시 중구 신당동
중구,흥인동,위더스하임,신당동,중구,신당동,서울특별시 중구 신당동
중구,흥인동,청계천두산위브더제니스,신당동,중구,신당동,서울특별시 중구 신당동
중랑구,망우동,EGSoulLeader,망우3동,중랑구,망우본동,서울특별시 중랑구 망우본동
중랑구,망우동,가야써니빌,망우3동,중랑구,망우본동,서울특별시 중랑구 망우본동
중랑구,망우동,개나리,망우3동,중랑구,망우본동,서울특별시 중랑구 망우본동
중랑구,망우동,경남,망우3동,중랑구,망우본동,서울특별시 중랑구 망우본동
중랑구,망우동,금호어울림(580),망우3동,중랑구,망우본동,서울특별시 중랑구 망우본동
중랑구,망우동,금호어울림(580-1),망우3동,중랑구,망우본동,서울특별시 중랑구 망우본동
중랑구,망우동,다우하임아파트,망우3동,중랑구,망우본동,서울특별시 중랑구 망우본동
중랑구,망우동,대보,망우3동,중랑구,망우본동,서울특별시 중랑구 망우본동
중랑구,망우동,더하이어,망우3동,중랑구,망우본동,서울특별시 중랑구 망우본동
중랑구,망우동,로얄팰리스주상복합아파트,망우3동,중랑구,망우본동,서울특별시 중랑구 망우본동
중랑구,망우동,망우,망우3동,중랑구,망우본동,서울특별시 중랑구 망우본동
중랑구,망우동,문수해오름,망우3동,중랑구,망우본동,서울특별시 중랑구 망우본동
중랑구,망우동,백림금호,망우3동,중랑구,망우본동,서울특별시 중랑구 망우본동
중랑구,망우동,산솔트윈,망우3동,중랑구,망우본동,서울특별시 중랑구 망우본동
중랑구,망우동,성도아트빌,망우3동,중랑구,망우본동,서울특별시 중랑구 망우본동
중랑구,망우동,세움삼익플라주,망우3동,중랑구,망우본동,서울특별시 중랑구 망우본동
중랑구,망우동,신내역금강펜테리움센트럴파크,망우3동,중랑구,망우본동,서울특별시 중랑구 망우본동
중랑구,망우동,신내역힐데스하임참좋은아파트,망우3동,중랑구,망우본동,서울특별시 중랑구 망우본동
중랑구,망우동,신원,망우3동,중랑구,망우본동,서울특별시 중랑구 망우본동
중랑구,망우동,아스테르아파트,망우3동,중랑구,망우본동,서울특별시 중랑구 망우본동
중랑구,망우동,"염광(5,8,10,11동)",망우3동,중랑구,망우본동,서울특별시 중랑구 망우본동
중랑구,망우동,예성그린캐슬,망우3동,중랑구,망우본동,서울특별시 중랑구 망우본동
중랑구,망우동,예성그린캐슬2차,망우3동,중랑구,망우본동,서울특별시 중랑구 망우본동
중랑구,망우동,예아아트월드,망우3동,중랑구,망우본동,서울특별시 중랑구 망우본동
중랑구,망우동,예원캐슬,망우3동,중랑구,망우본동,서울특별시 중랑구 망우본동
중랑구,망우동,용마프라자,망우3동,중랑구,망우본동,서울특별시 중랑구 망우본동
중랑구,망우동,월드101,망우3동,중랑구,망우본동,서울특별시 중랑구 망우본동
중랑구,망우동,월드102,망우3동,중랑구,망우본동,서울특별시 중랑구 망우본동
중랑구,망우동,주영,망우3동,중랑구,망우본동,서울특별시 중랑구 망우본동
중랑구,망우동,주영파크뷰,망우3동,중랑구,망우본동,서울특별시 중랑구 망우본동
중랑구,망우동,주함해븐(101동),망우3동,중랑구,망우3동,서울특별시 중랑구 망우3동
중랑구,망우동,중랑숲리가,망우3동,중랑구,망우본동,서울특별시 중랑구 망우본동
중랑구,망우동,중랑숲시티프라디움,망우3동,중랑구,망우본동,서울특별시 중랑구 망우본동
중랑구,망우동,진명,망우3동,중랑구,망우3동,서울특별시 중랑구 망우3동
중랑구,망우동,천보,망우3동,중랑구,망우본동,서울특별시 중랑구 망우본동
중랑구,망우동,청광,망우3동,중랑구,망우본동,서울특별시 중랑구 망우본동
중랑구,망우동,한울네세창,망우3동,중랑구,망우본동,서울특별시 중랑구 망우본동
중랑구,망우동,한일써너스빌리젠시1단지(101동),망우3동,중랑구,망우본동,서울특별시 중랑구 망우본동
중랑구,망우동,한일써너스빌리젠시2단지,망우3동,중랑구,망우본동,서울특별시 중랑구 망우본동
중랑구,망우동,한진해모로,망우3동,중랑구,망우본동,서울특별시 중랑구 망우본동
중랑구,망우동,해오름101동,망우3동,중랑구,망우본동,서울특별시 중랑구 망우본동
중랑구,망우동,해오름102동,망우3동,중랑구,망우본동,서울특별시 중랑구 망우본동
중랑구,망우동,현대,망우3동,중랑구,망우본동,서울특별시 중랑구 망우본동
중랑구,면목동,IS아파트,면목2동,중랑구,면목2동,서울특별시 중랑구 면목2동
중랑구,면목동,SM해그린,면목2동,중랑구,면목7동,서울특별시 중랑구 면목7동
중랑구,면목동,개인택시주택조합(미성아파트),면목2동,중랑구,면목7동,서울특별시 중랑구 면목7동
중랑구,면목동,건원베스트원,면목2동,중랑구,면목본동,서울특별시 중랑구 면목본동
중랑구,면목동,경남아너스빌,면목2동,중랑구,면목4동,서울특별시 중랑구 면목4동
중랑구,면목동,공감대(390-1),면목2동,중랑구,면목4동,서울특별시 중랑구 면목4동
중랑구,면목동,공감대(390-24),면목2동,중랑구,면목4동,서울특별시 중랑구 면목4동
중랑구,면목동,그린캐슬APT,면목2동,중랑구,면목2동,서울특별시 중랑구 면목2동
중랑구,면목동,글로벌파크,면목2동,중랑구,면목3·8동,서울특별시 중랑구 면목3·8동
중랑구,면목동,남청파인힐(101동),면목2동,중랑구,면목본동,서울특별시 중랑구 면목본동
중랑구,면목동,늘푸른동아,면목2동,중랑구,면목4동,서울특별시 중랑구 면목4동
중랑구,면목동,다울(178-10),면목2동,중랑구,면목2동,서울특별시 중랑구 면목2동
중랑구,면목동,다울(178-9),면목2동,중랑구,면목2동,서울특별시 중랑구 면목2동
중랑구,면목동,다울101동,면목2동,중랑구,면목2동,서울특별시 중랑구 면목2동
중랑구,면목동,대명미르테,면목2동,중랑구,면목2동,서울특별시 중랑구 면목2동
중랑구,면목동,대원칸타빌,면목2동,중랑구,면목7동,서울특별시 중랑구 면목7동
중랑구,면목동,동서그랜드맨션,면목2동,중랑구,면목5동,서울특별시 중랑구 면목5동
중랑구,면목동,동성네스트빌,면목2동,중랑구,면목4동,서울특별시 중랑구 면목4동
중랑구,면목동,동성네스트빌101,면목2동,중랑구,면목4동,서울특별시 중랑구 면목4동
중랑구,면목동,동원베네스트,면목2동,중랑구,면목3·8동,서울특별시 중랑구 면목3·8동
중랑구,면목동,동일,면목2동,중랑구,면목7동,서울특별시 중랑구 면목7동
중랑구,면목동,동일스카이씨티(37차),면목2동,중랑구,상봉1동,서울특별시 중랑구 상봉1동
중랑구,면목동,동진노블클래스,면목2동,중랑구,면목7동,서울특별시 중랑구 면목7동
중랑구,면목동,두산1,면목2동,중랑구,면목3·8동,서울특별시 중랑구 면목3·8동
중랑구,면목동,두산2,면목2동,중랑구,면목7동,서울특별시 중랑구 면목7동
중랑구,면목동,두산3,면목2동,중랑구,면목7동,서울특별시 중랑구 면목7동
중랑구,면목동,두산4,면목2동,중랑구,면목7동,서울특별시 중랑구 면목7동
중랑구,면목동,두산5,면목2동,중랑구,면목7동,서울특별시 중랑구 면목7동
중랑구,면목동,두산6,면목2동,중랑구,면목7동,서울특별시 중랑구 면목7동
중랑구,면목동,두원,면목2동,중랑구,면목4동,서울특별시 중랑구 면목4동
중랑구,면목동,라온프라이빗,면목2동,중랑구,면목5동,서울특별시 중랑구 면목5동
중랑구,면목동,리치카운티,면목2동,중랑구,면목본동,서울특별시 중랑구 면목본동
중랑구,면목동,마젤란21,면목2동,중랑구,면목본동,서울특별시 중랑구 면목본동
중랑구,면목동,면목동2차미소지움아파트,면목2동,중랑구,면목3·8동,서울특별시 중랑구 면목3·8동
중랑구,면목동,면목동금호어울림아파트,면목2동,중랑구,면목7동,서울특별시 중랑구 면목7동
중랑구,면목동,면목루브루,면목2동,중랑구,면목5동,서울특별시 중랑구 면목5동
중랑구,면목동,면목삼익아파트,면목2동,중랑구,면목4동,서울특별시 중랑구 면목4동
중랑구,면목동,면목삼호101,면목2동,중랑구,면목4동,서울특별시 중랑구 면목4동
중랑구,면목동,면목한신,면목2동,중랑구,면목2동,서울특별시 중랑구 면목2동
중랑구,면목동,미래한건아파트,면목2동,중랑구,면목2동,서울특별시 중랑구 면목2동
중랑구,면목동,미래한건아파트101동,면목2동,중랑구,면목2동,서울특별시 중랑구 면목2동
중랑구,면목동,사가정센트럴아이파크,면목2동,중랑구,면목5동,서울특별시 중랑구 면목5동
중랑구,면목동,삼성제이드아파트,면목2동,중랑구,면목5동,서울특별시 중랑구 면목5동
중랑구,면목동,삼일,면목2동,중랑구,면목3·8동,서울특별시 중랑구 면목3·8동
중랑구,면목동,성원상떼빌,면목2동,중랑구,면목7동,서울특별시 중랑구 면목7동
중랑구,면목동,세모,면목2동,중랑구,면목본동,서울특별시 중랑구 면목본동
중랑구,면목동,세모하이츠(A),면목2동,중랑구,면목2동,서울특별시 중랑구 면목2동
중랑구,면목동,세모하이츠(B),면목2동,중랑구,면목2동,서울특별시 중랑구 면목2동
중랑구,면목동,솔루테아파트,면목2동,중랑구,면목2동,서울특별시 중랑구 면목2동
중랑구,면목동,승일카이저,면목2동,중랑구,면목5동,서울특별시 중랑구 면목5동
중랑구,면목동,신성,면목2동,중랑구,면목2동,서울특별시 중랑구 면목2동
중랑구,면목동,신성미소지움,면목2동,중랑구,면목3·8동,서울특별시 중랑구 면목3·8동
중랑구,면목동,신영,면목2동,중랑구,면목2동,서울특별시 중랑구 면목2동
중랑구,면목동,신우,면목2동,중랑구,면목5동,서울특별시 중랑구 면목5동
중랑구,면목동,쌍용더플래티넘용마산,면목2동,중랑구,면목4동,서울특별시 중랑구 면목4동
중랑구,면목동,아람플러스,면목2동,중랑구,면목3·8동,서울특별시 중랑구 면목3·8동
중랑구,면목동,아이쉐르빌,면목2동,중랑구,면목본동,서울특별시 중랑구 면목본동
중랑구,면목동,영우,면목2동,중랑구,면목5동,서울특별시 중랑구 면목5동
중랑구,면목동,온세솔내움,면목2동,중랑구,면목7동,서울특별시 중랑구 면목7동
중랑구,면목동,용마,면목2동,중랑구,면목4동,서울특별시 중랑구 면목4동
중랑구,면목동,용마금호타운,면목2동,중랑구,면목3·8동,서울특별시 중랑구 면목3·8동
중랑구,면목동,용마동아,면목2동,중랑구,면목7동,서울특별시 중랑구 면목7동
중랑구,면목동,용마산금호어울림,면목2동,중랑구,면목7동,서울특별시 중랑구 면목7동
중랑구,면목동,용마산모아엘가파크포레,면목2동,중랑구,면목3·8동,서울특별시 중랑구 면목3·8동
중랑구,면목동,용마산하늘채,면목2동,중랑구,면목4동,서울특별시 중랑구 면목4동
중랑구,면목동,용마한신,면목2동,중랑구,면목3·8동,서울특별시 중랑구 면목3·8동
중랑구,면목동,용마한신2,면목2동,중랑구,면목3·8동,서울특별시 중랑구 면목3·8동
중랑구,면목동,우정아파트,면목2동,중랑구,면목2동,서울특별시 중랑구 면목2동
중랑구,면목동,유진뜨레지움,면목2동,중랑구,면목7동,서울특별시 중랑구 면목7동
중랑구,면목동,이니지오,면목2동,중랑구,면목본동,서울특별시 중랑구 면목본동
중랑구,면목동,일신강변,면목2동,중랑구,면목2동,서울특별시 중랑구 면목2동
중랑구,면목동,주함해븐,면목2동,중랑구,면목본동,서울특별시 중랑구 면목본동
중랑구,면목동,진로,면목2동,중랑구,면목3·8동,서울특별시 중랑구 면목3·8동
중랑구,면목동,진성그린건설테라스아파트,면목2동,중랑구,면목5동,서울특별시 중랑구 면목5동
중랑구,면목동,킴스아파트,면목2동,중랑구,면목본동,서울특별시 중랑구 면목본동
중랑구,면목동,킴스타워,면목2동,중랑구,면목7동,서울특별시 중랑구 면목7동
중랑구,면목동,포르투나,면목2동,중랑구,면목4동,서울특별시 중랑구 면목4동
중랑구,면목동,포인트아파트비동,면목2동,중랑구,면목2동,서울특별시 중랑구 면목2동
중랑구,면목동,포인트아파트에이동,면목2동,중랑구,면목2동,서울특별시 중랑구 면목2동
중랑구,면목동,풍림,면목2동,중랑구,면목5동,서울특별시 중랑구 면목5동
중랑구,면목동,한강훼미리(138-28),면목2동,중랑구,면목2동,서울특별시 중랑구 면목2동
중랑구,면목동,한건브리앙,면목2동,중랑구,면목7동,서울특별시 중랑구 면목7동
중랑구,면목동,한양수자인사가정파크,면목2동,중랑구,면목7동,서울특별시 중랑구 면목7동
중랑구,면목동,현대,면목2동,중랑구,면목4동,서울특별시 중랑구 면목4동
중랑구,면목동,현대휴온,면목2동,중랑구,면목2동,서울특별시 중랑구 면목2동
중랑구,면목동,형제,면목2동,중랑구,면목2동,서울특별시 중랑구 면목2동
중랑구,면목동,형진,면목2동,중랑구,면목2동,서울특별시 중랑구 면목2동
중랑구,면목동,효성,면목2동,중랑구,면목2동,서울특별시 중랑구 면목2동
중랑구,묵동,SM해그린,묵1동,중랑구,묵1동,서울특별시 중랑구 묵1동
중랑구,묵동,고덕골든빌(101동),묵1동,중랑구,묵1동,서울특별시 중랑구 묵1동
중랑구,묵동,고덕골든빌(102동),묵1동,중랑구,묵1동,서울특별시 중랑구 묵1동
중랑구,묵동,고덕골든빌(103동),묵1동,중랑구,묵1동,서울특별시 중랑구 묵1동
중랑구,묵동,공감대,묵1동,중랑구,묵1동,서울특별시 중랑구 묵1동
중랑구,묵동,극동늘푸른,묵1동,중랑구,묵2동,서울특별시 중랑구 묵2동
중랑구,묵동,금호어울림,묵1동,중랑구,묵1동,서울특별시 중랑구 묵1동
중랑구,묵동,늘봄,묵1동,중랑구,묵1동,서울특별시 중랑구 묵1동
중랑구,묵동,동구햇살,묵1동,중랑구,묵2동,서울특별시 중랑구 묵2동
중랑구,묵동,로얄,묵1동,중랑구,묵2동,서울특별시 중랑구 묵2동
중랑구,묵동,리치빌,묵1동,중랑구,묵1동,서울특별시 중랑구 묵1동
중랑구,묵동,묵동자이(1단지),묵1동,중랑구,묵1동,서울특별시 중랑구 묵1동
중랑구,묵동,묵동자이(2단지),묵1동,중랑구,묵1동,서울특별시 중랑구 묵1동
중랑구,묵동,묵동포레시타,묵1동,중랑구,묵2동,서울특별시 중랑구 묵2동
중랑구,묵동,문수해오름,묵1동,중랑구,묵1동,서울특별시 중랑구 묵1동
중랑구,묵동,백운,묵1동,중랑구,묵1동,서울특별시 중랑구 묵1동
중랑구,묵동,브라운스톤태릉,묵1동,중랑구,묵1동,서울특별시 중랑구 묵1동
중랑구,묵동,삼성,묵1동,중랑구,묵2동,서울특별시 중랑구 묵2동
중랑구,묵동,성원팰리스,묵1동,중랑구,묵2동,서울특별시 중랑구 묵2동
중랑구,묵동,세방,묵1동,중랑구,묵1동,서울특별시 중랑구 묵1동
중랑구,묵동,세원,묵1동,중랑구,묵2동,서울특별시 중랑구 묵2동
중랑구,묵동,신내,묵1동,중랑구,묵1동,서울특별시 중랑구 묵1동
중랑구,묵동,신내대림아파트,묵1동,중랑구,묵1동,서울특별시 중랑구 묵1동
중랑구,묵동,신내두산아파트,묵1동,중랑구,묵1동,서울특별시 중랑구 묵1동
중랑구,묵동,신도,묵1동,중랑구,묵1동,서울특별시 중랑구 묵1동
중랑구,묵동,신도2,묵1동,중랑구,묵1동,서울특별시 중랑구 묵1동
중랑구,묵동,신도브래뉴,묵1동,중랑구,묵1동,서울특별시 중랑구 묵1동
중랑구,묵동,신안1,묵1동,중랑구,묵1동,서울특별시 중랑구 묵1동
중랑구,묵동,신안2,묵1동,중랑구,묵1동,서울특별시 중랑구 묵1동
중랑구,묵동,신안3,묵1동,중랑구,묵1동,서울특별시 중랑구 묵1동
중랑구,묵동,우성,묵1동,중랑구,묵2동,서울특별시 중랑구 묵2동
중랑구,묵동,월드메르디앙,묵1동,중랑구,묵2동,서울특별시 중랑구 묵2동
중랑구,묵동,월등스카이뷰,묵1동,중랑구,묵1동,서울특별시 중랑구 묵1동
중랑구,묵동,위더스빌,묵1동,중랑구,묵1동,서울특별시 중랑구 묵1동
중랑구,묵동,이편한세상화랑대,묵1동,중랑구,묵1동,서울특별시 중랑구 묵1동
중랑구,묵동,장미,묵1동,중랑구,묵2동,서울특별시 중랑구 묵2동
중랑구,묵동,정은스카이빌,묵1동,중랑구,묵1동,서울특별시 중랑구 묵1동
중랑구,묵동,태창네스트빌,묵1동,중랑구,묵1동,서울특별시 중랑구 묵1동
중랑구,묵동,풀내음(A동),묵1동,중랑구,묵1동,서울특별시 중랑구 묵1동
중랑구,묵동,풀내음(B동),묵1동,중랑구,묵1동,서울특별시 중랑구 묵1동
중랑구,묵동,풍산쉐르빌,묵1동,중랑구,묵1동,서울특별시 중랑구 묵1동
중랑구,묵동,하늘빛아파트,묵1동,중랑구,묵1동,서울특별시 중랑구 묵1동
중랑구,묵동,한국,묵1동,중랑구,상봉1동,서울특별시 중랑구 상봉1동
중랑구,묵동,헤르만스테이트,묵1동,중랑구,묵1동,서울특별시 중랑구 묵1동
중랑구,묵동,현대아이파크,묵1동,중랑구,묵2동,서울특별시 중랑구 묵2동
중랑구,묵동,효산센터빌,묵1동,중랑구,묵2동,서울특별시 중랑구 묵2동
중랑구,상봉동,SG타워,상봉1동,중랑구,상봉2동,서울특별시 중랑구 상봉2동
중랑구,상봉동,e-푸른나동,상봉1동,중랑구,상봉2동,서울특별시 중랑구 상봉2동
중랑구,상봉동,건영1,상봉1동,중랑구,상봉2동,서울특별시 중랑구 상봉2동
중랑구,상봉동,건영2차아파트,상봉1동,중랑구,상봉1동,서울특별시 중랑구 상봉1동
중랑구,상봉동,건영캐스빌,상봉1동,중랑구,상봉1동,서울특별시 중랑구 상봉1동
중랑구,상봉동,그랑아파트,상봉1동,중랑구,상봉1동,서울특별시 중랑구 상봉1동
중랑구,상봉동,금강산아파트,상봉1동,중랑구,상봉2동,서울특별시 중랑구 상봉2동
중랑구,상봉동,더클래스,상봉1동,중랑구,상봉2동,서울특별시 중랑구 상봉2동
중랑구,상봉동,동부아파트,상봉1동,중랑구,상봉1동,서울특별시 중랑구 상봉1동
중랑구,상봉동,동성네스트빌1동,상봉1동,중랑구,상봉1동,서울특별시 중랑구 상봉1동
중랑구,상봉동,동일스카이시티101동,상봉1동,중랑구,상봉1동,서울특별시 중랑구 상봉1동
중랑구,상봉동,동일스카이시티102동,상봉1동,중랑구,상봉1동,서울특별시 중랑구 상봉1동
중랑구,상봉동,레그노시티,상봉1동,중랑구,상봉2동,서울특별시 중랑구 상봉2동
중랑구,상봉동,리더스,상봉1동,중랑구,상봉2동,서울특별시 중랑구 상봉2동
중랑구,상봉동,매원아파트,상봉1동,중랑구,상봉2동,서울특별시 중랑구 상봉2동
중랑구,상봉동,문수해오름,상봉1동,중랑구,상봉2동,서울특별시 중랑구 상봉2동
중랑구,상봉동,미랜드프래임빌(102동),상봉1동,중랑구,상봉2동,서울특별시 중랑구 상봉2동
중랑구,상봉동,백운아파트,상봉1동,중랑구,상봉2동,서울특별시 중랑구 상봉2동
중랑구,상봉동,상봉듀오트리스,상봉1동,중랑구,상봉2동,서울특별시 중랑구 상봉2동
중랑구,상봉동,상봉베스트원,상봉1동,중랑구,상봉2동,서울특별시 중랑구 상봉2동
중랑구,상봉동,상봉어반뷰,상봉1동,중랑구,상봉2동,서울특별시 중랑구 상봉2동
중랑구,상봉동,상봉태솔아파트101동,상봉1동,중랑구,상봉2동,서울특별시 중랑구 상봉2동
중랑구,상봉동,상봉힐스테이,상봉1동,중랑구,상봉2동,서울특별시 중랑구 상봉2동
중랑구,상봉동,센트럴파크55,상봉1동,중랑구,상봉2동,서울특별시 중랑구 상봉2동
중랑구,상봉동,솔렌시아3(85-1),상봉1동,중랑구,상봉2동,서울특별시 중랑구 상봉2동
중랑구,상봉동,솔렌시아5,상봉1동,중랑구,상봉2동,서울특별시 중랑구 상봉2동
중랑구,상봉동,스마트트라움,상봉1동,중랑구,상봉2동,서울특별시 중랑구 상봉2동
중랑구,상봉동,"엘지,쌍용아파트",상봉1동,중랑구,상봉1동,서울특별시 중랑구 상봉1동
중랑구,상봉동,와이센트럴시티상봉,상봉1동,중랑구,상봉1동,서울특별시 중랑구 상봉1동
중랑구,상봉동,우정아파트,상봉1동,중랑구,상봉1동,서울특별시 중랑구 상봉1동
중랑구,상봉동,정우아파트,상봉1동,중랑구,상봉1동,서울특별시 중랑구 상봉1동
중랑구,상봉동,주함해븐타워,상봉1동,중랑구,상봉2동,서울특별시 중랑구 상봉2동
중랑구,상봉동,청운명가프라임,상봉1동,중랑구,상봉2동,서울특별시 중랑구 상봉2동
중랑구,상봉동,태솔에버빌,상봉1동,중랑구,상봉2동,서울특별시 중랑구 상봉2동
중랑구,상봉동,태영데시앙1,상봉1동,동대문구,장안2동,서울특별시 동대문구 장안2동
중랑구,상봉동,태영데시앙2(1411동),상봉1동,동대문구,장안2동,서울특별시 동대문구 장안2동
중랑구,상봉동,포시티,상봉1동,중랑구,상봉2동,서울특별시 중랑구 상봉2동
중랑구,상봉동,풍산쉐르빌101동,상봉1동,중랑구,상봉1동,서울특별시 중랑구 상봉1동
중랑구,상봉동,풍산쉐르빌102동,상봉1동,중랑구,상봉1동,서울특별시 중랑구 상봉1동
중랑구,상봉동,프레미어스엠코,상봉1동,중랑구,상봉1동,서울특별시 중랑구 상봉1동
중랑구,상봉동,한국프라우드,상봉1동,중랑구,상봉1동,서울특별시 중랑구 상봉1동
중랑구,상봉동,한일써너스빌,상봉1동,중랑구,상봉2동,서울특별시 중랑구 상봉2동
중랑구,상봉동,해동훼미리,상봉1동,중랑구,상봉1동,서울특별시 중랑구 상봉1동
중랑구,신내동,건영2차,신내1동,중랑구,상봉1동,서울특별시 중랑구 상봉1동
중랑구,신내동,경남아너스빌,신내1동,중랑구,신내1동,서울특별시 중랑구 신내1동
중랑구,신내동,경원,신내1동,중랑구,신내1동,서울특별시 중랑구 신내1동
중랑구,신내동,광남,신내1동,중랑구,신내1동,서울특별시 중랑구 신내1동
중랑구,신내동,다우훼밀리,신내1동,중랑구,신내1동,서울특별시 중랑구 신내1동
중랑구,신내동,대성유니트,신내1동,중랑구,신내1동,서울특별시 중랑구 신내1동
중랑구,신내동,데시앙,신내1동,중랑구,신내1동,서울특별시 중랑구 신내1동
중랑구,신내동,동광오뜨빌,신내1동,중랑구,신내1동,서울특별시 중랑구 신내1동
중랑구,신내동,동성1,신내1동,중랑구,신내1동,서울특별시 중랑구 신내1동
중랑구,신내동,동성3,신내1동,중랑구,신내1동,서울특별시 중랑구 신내1동
중랑구,신내동,동성5,신내1동,중랑구,신내1동,서울특별시 중랑구 신내1동
중랑구,신내동,동성7,신내1동,중랑구,신내1동,서울특별시 중랑구 신내1동
중랑구,신내동,동성아파트,신내1동,중랑구,신내1동,서울특별시 중랑구 신내1동
중랑구,신내동,동성타워프라자,신내1동,중랑구,신내1동,서울특별시 중랑구 신내1동
중랑구,신내동,라이프미성,신내1동,중랑구,신내1동,서울특별시 중랑구 신내1동
중랑구,신내동,망우역신원아침도시,신내1동,중랑구,신내1동,서울특별시 중랑구 신내1동
중랑구,신내동,벽산,신내1동,중랑구,신내1동,서울특별시 중랑구 신내1동
중랑구,신내동,새한,신내1동,중랑구,신내1동,서울특별시 중랑구 신내1동
중랑구,신내동,석탑,신내1동,중랑구,신내1동,서울특별시 중랑구 신내1동
중랑구,신내동,성원,신내1동,중랑구,신내2동,서울특별시 중랑구 신내2동
중랑구,신내동,신내 데시앙포레,신내1동,중랑구,신내1동,서울특별시 중랑구 신내1동
중랑구,신내동,신내11대명,신내1동,중랑구,신내2동,서울특별시 중랑구 신내2동
중랑구,신내동,신내6대주,신내1동,중랑구,신내1동,서울특별시 중랑구 신내1동
중랑구,신내동,신내9진흥,신내1동,중랑구,신내2동,서울특별시 중랑구 신내2동
중랑구,신내동,신내아트빌,신내1동,중랑구,신내1동,서울특별시 중랑구 신내1동
중랑구,신내동,신내우디안1단지,신내1동,중랑구,신내1동,서울특별시 중랑구 신내1동
중랑구,신내동,신천빌리지,신내1동,중랑구,신내1동,서울특별시 중랑구 신내1동
중랑구,신내동,영풍마드레빌,신내1동,중랑구,신내1동,서울특별시 중랑구 신내1동
중랑구,신내동,우남푸르미아,신내1동,중랑구,신내1동,서울특별시 중랑구 신내1동
중랑구,신내동,원당,신내1동,중랑구,신내1동,서울특별시 중랑구 신내1동
중랑구,신내동,월드,신내1동,중랑구,신내1동,서울특별시 중랑구 신내1동
중랑구,신내동,월드크라운,신내1동,중랑구,신내1동,서울특별시 중랑구 신내1동
중랑구,신내동,조호그레이스,신내1동,중랑구,신내1동,서울특별시 중랑구 신내1동
중랑구,신내동,조호그레이스2,신내1동,중랑구,신내1동,서울특별시 중랑구 신내1동
중랑구,신내동,중앙하이츠,신내1동,중랑구,신내1동,서울특별시 중랑구 신내1동
중랑구,신내동,진로아파트,신내1동,중랑구,신내2동,서울특별시 중랑구 신내2동
중랑구,신내동,화성.두산아파트,신내1동,중랑구,신내2동,서울특별시 중랑구 신내2동
중랑구,중화동,강오(A동),중화1동,중랑구,중화2동,서울특별시 중랑구 중화2동
중랑구,중화동,강오(B동),중화1동,중랑구,중화2동,서울특별시 중랑구 중화2동
중랑구,중화동,극동,중화1동,중랑구,중화1동,서울특별시 중랑구 중화1동
중랑구,중화동,금강,중화1동,중랑구,중화2동,서울특별시 중랑구 중화2동
중랑구,중화동,남광타운,중화1동,중랑구,중화2동,서울특별시 중랑구 중화2동
중랑구,중화동,동구햇살아파트101동,중화1동,중랑구,중화2동,서울특별시 중랑구 중화2동
중랑구,중화동,동양엔파트,중화1동,중랑구,중화2동,서울특별시 중랑구 중화2동
중랑구,중화동,동양엔파트2차,중화1동,중랑구,중화2동,서울특별시 중랑구 중화2동
중랑구,중화동,로얄,중화1동,중랑구,중화2동,서울특별시 중랑구 중화2동
중랑구,중화동,미영리치타운,중화1동,중랑구,중화2동,서울특별시 중랑구 중화2동
중랑구,중화동,미영리치타운103,중화1동,중랑구,중화2동,서울특별시 중랑구 중화2동
중랑구,중화동,범양프레체,중화1동,중랑구,중화2동,서울특별시 중랑구 중화2동
중랑구,중화동,삼익아파트.상가동,중화1동,중랑구,중화2동,서울특별시 중랑구 중화2동
중랑구,중화동,중화동건영아파트,중화1동,중랑구,중화1동,서울특별시 중랑구 중화1동
중랑구,중화동,청광플러스원,중화1동,중랑구,중화1동,서울특별시 중랑구 중화1동
중랑구,중화동,청원다미소,중화1동,중랑구,중화1동,서울특별시 중랑구 중화1동
중랑구,중화동,태능에셈빌,중화1동,중랑구,중화2동,서울특별시 중랑구 중화2동
중랑구,중화동,태솔,중화1동,중랑구,중화2동,서울특별시 중랑구 중화2동
중랑구,중화동,한솔e(A동),중화1동,중랑구,중화1동,서울특별시 중랑구 중화1동
중랑구,중화동,한솔e(B동),중화1동,중랑구,중화1동,서울특별시 중랑구 중화1동
중랑구,중화동,한신아파트상가동유치원동(103~109),중화1동,중랑구,중화2동,서울특별시 중랑구 중화2동
중랑구,중화동,한영(101),중화1동,중랑구,묵1동,서울특별시 중랑구 묵1동
중랑구,중화동,한영(102),중화1동,중랑구,묵1동,서울특별시 중랑구 묵1동
중랑구,중화동,한영(103),중화1동,중랑구,묵1동,서울특별시 중랑구 묵1동
중랑구,중화동,한영(104),중화1동,중랑구,묵1동,서울특별시 중랑구 묵1동
중랑구,중화동,현대휴앤미,중화1동,중랑구,중화1동,서울특별시 중랑구 중화1동
중랑구,중화동,현대휴앤미(102동),중화1동,중랑구,중화1동,서울특별시 중랑구 중화1동
