{
  "OLS": {
    "R2": 0.586820466488045,
    "RMSE": 50735.7799290847,
    "MAE": 32872.48576228538
  },
  "RF": {
    "R2": 0.9560441454189971,
    "RMSE": 16548.29690841913,
    "MAE": 8260.535054751546
  },
  "XGBoost": {
    "R2": 0.967073380947113,
    "RMSE": 14322.492520507734,
    "MAE": 7537.5986328125,
    "best_iter": 1999,
    "CV_RMSE": 14730.166031109697,
    "CV_R2": 0.9653897586300871
  },
  "SHAP": {
    "전용면적": {
      "mean_abs": 25213.646484375,
      "pct": 22.700000762939453
    },
    "강남구분": {
      "mean_abs": 18051.38671875,
      "pct": 16.200000762939453
    },
    "건물연령": {
      "mean_abs": 13140.5693359375,
      "pct": 11.800000190734863
    },
    "백화점수": {
      "mean_abs": 13120.4580078125,
      "pct": 11.800000190734863
    },
    "M2": {
      "mean_abs": 9484.490234375,
      "pct": 8.5
    },
    "소비자물가지수": {
      "mean_abs": 7835.826171875,
      "pct": 7.0
    },
    "CCTV수": {
      "mean_abs": 5767.6552734375,
      "pct": 5.199999809265137
    },
    "초등학교수": {
      "mean_abs": 4611.92626953125,
      "pct": 4.099999904632568
    },
    "층": {
      "mean_abs": 3145.2216796875,
      "pct": 2.799999952316284
    },
    "지하철역수": {
      "mean_abs": 2992.697509765625,
      "pct": 2.700000047683716
    },
    "고등학교수": {
      "mean_abs": 2759.017333984375,
      "pct": 2.5
    },
    "CD금리": {
      "mean_abs": 1872.3857421875,
      "pct": 1.7000000476837158
    },
    "중학교수": {
      "mean_abs": 1787.607421875,
      "pct": 1.600000023841858
    },
    "기준금리": {
      "mean_abs": 1436.273193359375,
      "pct": 1.2999999523162842
    }
  },
  "gangnam_comparison": {
    "강남구분": {
      "gangnam": 56428.3984375,
      "non_gangnam": 9922.099609375
    },
    "전용면적": {
      "gangnam": 42049.30078125,
      "non_gangnam": 21647.400390625
    },
    "백화점수": {
      "gangnam": 19988.30078125,
      "non_gangnam": 11665.7001953125
    },
    "건물연령": {
      "gangnam": 16907.099609375,
      "non_gangnam": 12342.7001953125
    },
    "M2": {
      "gangnam": 13453.099609375,
      "non_gangnam": 8643.7998046875
    },
    "소비자물가지수": {
      "gangnam": 12745.7998046875,
      "non_gangnam": 6795.7998046875
    },
    "CCTV수": {
      "gangnam": 7869.2001953125,
      "non_gangnam": 5322.5
    },
    "초등학교수": {
      "gangnam": 6531.89990234375,
      "non_gangnam": 4205.2001953125
    },
    "지하철역수": {
      "gangnam": 4754.5,
      "non_gangnam": 2619.5
    },
    "층": {
      "gangnam": 4725.7001953125,
      "non_gangnam": 2810.39990234375
    },
    "고등학교수": {
      "gangnam": 4398.89990234375,
      "non_gangnam": 2411.60009765625
    },
    "중학교수": {
      "gangnam": 3033.5,
      "non_gangnam": 1523.699951171875
    },
    "CD금리": {
      "gangnam": 2671.89990234375,
      "non_gangnam": 1703.0
    },
    "기준금리": {
      "gangnam": 1885.9000244140625,
      "non_gangnam": 1341.0
    }
  }
}