{
  "OLS": {
    "R2": 0.6078817622636572,
    "RMSE": 49425.77200391831,
    "MAE": 31767.964580180407
  },
  "RF": {
    "R2": 0.9583148884154973,
    "RMSE": 16115.18978960888,
    "MAE": 8062.791828846674
  },
  "XGBoost": {
    "R2": 0.9675370454788208,
    "RMSE": 14221.281517500454,
    "MAE": 7421.880859375,
    "best_iter": 1999,
    "CV_RMSE": 14630.67078461144,
    "CV_R2": 0.965855730935497
  },
  "SHAP": {
    "전용면적": {
      "mean_abs": 25302.158203125,
      "pct": 22.200000762939453
    },
    "강남구분": {
      "mean_abs": 18202.833984375,
      "pct": 16.0
    },
    "건물연령": {
      "mean_abs": 12970.333984375,
      "pct": 11.399999618530273
    },
    "M2": {
      "mean_abs": 9407.1083984375,
      "pct": 8.300000190734863
    },
    "백화점수": {
      "mean_abs": 7723.68798828125,
      "pct": 6.800000190734863
    },
    "소비자물가지수": {
      "mean_abs": 7613.04248046875,
      "pct": 6.699999809265137
    },
    "학원수": {
      "mean_abs": 6373.359375,
      "pct": 5.599999904632568
    },
    "어린이집수": {
      "mean_abs": 5969.37548828125,
      "pct": 5.199999809265137
    },
    "CCTV수": {
      "mean_abs": 4559.439453125,
      "pct": 4.0
    },
    "층": {
      "mean_abs": 3143.500732421875,
      "pct": 2.799999952316284
    },
    "지하철역수": {
      "mean_abs": 2657.398681640625,
      "pct": 2.299999952316284
    },
    "초등학교수": {
      "mean_abs": 2112.26171875,
      "pct": 1.899999976158142
    },
    "고등학교수": {
      "mean_abs": 1898.2330322265625,
      "pct": 1.7000000476837158
    },
    "중학교수": {
      "mean_abs": 1767.84521484375,
      "pct": 1.600000023841858
    },
    "CD금리": {
      "mean_abs": 1767.6741943359375,
      "pct": 1.600000023841858
    },
    "기준금리": {
      "mean_abs": 1387.5224609375,
      "pct": 1.2000000476837158
    },
    "도서관수": {
      "mean_abs": 737.0060424804688,
      "pct": 0.6000000238418579
    },
    "공원수": {
      "mean_abs": 417.15167236328125,
      "pct": 0.4000000059604645
    }
  },
  "gangnam_comparison": {
    "강남구분": {
      "gangnam": 56952.1015625,
      "non_gangnam": 9994.7001953125
    },
    "전용면적": {
      "gangnam": 42337.6015625,
      "non_gangnam": 21693.599609375
    },
    "건물연령": {
      "gangnam": 16743.0,
      "non_gangnam": 12171.2001953125
    },
    "백화점수": {
      "gangnam": 16371.400390625,
      "non_gangnam": 5891.89990234375
    },
    "소비자물가지수": {
      "gangnam": 12861.2998046875,
      "non_gangnam": 6501.2998046875
    },
    "M2": {
      "gangnam": 12772.900390625,
      "non_gangnam": 8694.099609375
    },
    "CCTV수": {
      "gangnam": 7382.0,
      "non_gangnam": 3961.5
    },
    "초등학교수": {
      "gangnam": 5117.7998046875,
      "non_gangnam": 1475.5999755859375
    },
    "지하철역수": {
      "gangnam": 4804.89990234375,
      "non_gangnam": 2202.5
    },
    "층": {
      "gangnam": 4802.5,
      "non_gangnam": 2792.10009765625
    },
    "고등학교수": {
      "gangnam": 4103.10009765625,
      "non_gangnam": 1431.199951171875
    },
    "학원수": {
      "gangnam": 3420.300048828125,
      "non_gangnam": 6998.89990234375
    },
    "중학교수": {
      "gangnam": 3074.39990234375,
      "non_gangnam": 1491.0999755859375
    },
    "CD금리": {
      "gangnam": 2695.39990234375,
      "non_gangnam": 1571.0999755859375
    },
    "어린이집수": {
      "gangnam": 2152.199951171875,
      "non_gangnam": 6778.0
    },
    "기준금리": {
      "gangnam": 1854.0999755859375,
      "non_gangnam": 1288.699951171875
    },
    "도서관수": {
      "gangnam": 856.9000244140625,
      "non_gangnam": 711.5999755859375
    },
    "공원수": {
      "gangnam": 774.2999877929688,
      "non_gangnam": 341.5
    }
  }
}