{
  "OLS": {
    "R2": 0.590354383870201,
    "RMSE": 50325.45951749019,
    "MAE": 32754.09425241605
  },
  "RF": {
    "R2": 0.9330034268776909,
    "RMSE": 20352.13092763982,
    "MAE": 10370.081297207924
  },
  "XGBoost": {
    "R2": 0.9375429153442383,
    "RMSE": 19650.54136658835,
    "MAE": 10521.1572265625,
    "best_iter": 1999,
    "CV_RMSE": 19583.839156854643,
    "CV_R2": 0.9388072570368758
  },
  "SHAP": {
    "전용면적": {
      "mean_abs": 25775.16796875,
      "pct": 23.700000762939453
    },
    "강남구분": {
      "mean_abs": 19010.1328125,
      "pct": 17.5
    },
    "건물연령": {
      "mean_abs": 14218.2060546875,
      "pct": 13.100000381469727
    },
    "M2": {
      "mean_abs": 9313.4697265625,
      "pct": 8.600000381469727
    },
    "소비자물가지수": {
      "mean_abs": 7811.458984375,
      "pct": 7.199999809265137
    },
    "중학교수": {
      "mean_abs": 6159.2001953125,
      "pct": 5.699999809265137
    },
    "백화점수": {
      "mean_abs": 6095.251953125,
      "pct": 5.599999904632568
    },
    "초등학교수": {
      "mean_abs": 4882.15283203125,
      "pct": 4.5
    },
    "CCTV수": {
      "mean_abs": 3977.040771484375,
      "pct": 3.700000047683716
    },
    "층": {
      "mean_abs": 3727.236328125,
      "pct": 3.4000000953674316
    },
    "지하철역수": {
      "mean_abs": 2859.252685546875,
      "pct": 2.5999999046325684
    },
    "CD금리": {
      "mean_abs": 2071.822021484375,
      "pct": 1.899999976158142
    },
    "고등학교수": {
      "mean_abs": 1419.63134765625,
      "pct": 1.2999999523162842
    },
    "기준금리": {
      "mean_abs": 1292.677734375,
      "pct": 1.2000000476837158
    }
  },
  "gangnam_comparison": {
    "강남구분": {
      "gangnam": 57831.8984375,
      "non_gangnam": 11294.099609375
    },
    "전용면적": {
      "gangnam": 40586.80078125,
      "non_gangnam": 22831.30078125
    },
    "건물연령": {
      "gangnam": 22489.900390625,
      "non_gangnam": 12574.2001953125
    },
    "소비자물가지수": {
      "gangnam": 12776.400390625,
      "non_gangnam": 6824.7001953125
    },
    "백화점수": {
      "gangnam": 12571.2001953125,
      "non_gangnam": 4808.10009765625
    },
    "M2": {
      "gangnam": 12173.2998046875,
      "non_gangnam": 8745.099609375
    },
    "CCTV수": {
      "gangnam": 8652.900390625,
      "non_gangnam": 3047.699951171875
    },
    "초등학교수": {
      "gangnam": 8018.60009765625,
      "non_gangnam": 4258.7998046875
    },
    "층": {
      "gangnam": 6203.5,
      "non_gangnam": 3235.10009765625
    },
    "중학교수": {
      "gangnam": 3060.800048828125,
      "non_gangnam": 6775.0
    },
    "CD금리": {
      "gangnam": 3010.300048828125,
      "non_gangnam": 1885.300048828125
    },
    "고등학교수": {
      "gangnam": 2026.5,
      "non_gangnam": 1299.0
    },
    "기준금리": {
      "gangnam": 1885.699951171875,
      "non_gangnam": 1174.800048828125
    },
    "지하철역수": {
      "gangnam": 1771.4000244140625,
      "non_gangnam": 3075.5
    }
  }
}